year,month,day,hour,minute,lat1,lon1,lat2,lon2,lat3,lon3,lat4,lon4,lat5,lon5,wp1,wp2,wp3,wp4,wp5,size1,size2,size3,size4,size5,ds1,ds2,ds3,ds4,ds5
2015,7,27,9,0,13.487959,-17.79259,14,-5,14,-5,14,-5,14,-5,2266.0,0,0,0,0,5000.0,0,0,0,0,45.5412,430,430,430,430
2010,7,21,0,0,14.3973,-14.517421,14,-5,14,-5,14,-5,14,-5,2266.0,0,0,0,0,5000.0,0,0,0,0,98.5089,430,430,430,430
2006,9,18,23,0,13.362942,-15.357321,14,-5,14,-5,14,-5,14,-5,2266.0,0,0,0,0,5000.0,0,0,0,0,80.4487,430,430,430,430
2017,6,23,2,0,11.637189,-13.045832,14,-5,14,-5,14,-5,14,-5,2266.0,0,0,0,0,5000.0,0,0,0,0,177.2005,430,430,430,430
2005,6,25,4,0,12.397237,-15.865382,14,-5,14,-5,14,-5,14,-5,2266.0,0,0,0,0,5000.0,0,0,0,0,92.7847,430,430,430,430
2014,9,16,22,0,14.969071,-13.766863,14,-5,14,-5,14,-5,14,-5,2266.0,0,0,0,0,5000.0,0,0,0,0,125.4831,430,430,430,430
2008,9,2,14,0,11.07664,-13.891375,14,-5,14,-5,14,-5,14,-5,2266.0,0,0,0,0,5000.0,0,0,0,0,167.9196,430,430,430,430
2013,7,17,1,0,11.475519,-11.717319,14,-5,14,-5,14,-5,14,-5,2266.0,0,0,0,0,5000.0,0,0,0,0,218.8333,430,430,430,430
2016,9,12,20,0,16.831802,-14.046105,14,-5,14,-5,14,-5,14,-5,2266.0,0,0,0,0,5000.0,0,0,0,0,141.5097,430,430,430,430
2010,8,17,17,0,16.772492,-17.362836,14,-5,14,-5,14,-5,14,-5,2266.0,0,0,0,0,5000.0,0,0,0,0,71.7008,430,430,430,430
2013,9,11,12,0,14.041969,-17.477708,14,-5,14,-5,14,-5,14,-5,2266.0,0,0,0,0,5000.0,0,0,0,0,24.1868,430,430,430,430
2015,6,21,6,0,13.424979,-17.227753,14,-5,14,-5,14,-5,14,-5,2266.0,0,0,0,0,5000.0,0,0,0,0,45.1774,430,430,430,430
2013,8,26,16,0,11.01728,-13.226038,14,-5,14,-5,14,-5,14,-5,2266.0,0,0,0,0,5000.0,0,0,0,0,185.3106,430,430,430,430
2016,7,23,2,0,11.808096,-17.144435,14,-5,14,-5,14,-5,14,-5,2266.0,0,0,0,0,5000.0,0,0,0,0,102.0196,430,430,430,430
2015,9,13,0,0,11.76245,-15.20139,14,-5,14,-5,14,-5,14,-5,2266.0,0,0,0,0,5000.0,0,0,0,0,123.422,430,430,430,430
2015,6,4,12,0,13.7423,-16.386054,14,-5,14,-5,14,-5,14,-5,2266.0,0,0,0,0,5000.0,0,0,0,0,46.669,430,430,430,430
2009,6,5,2,0,15.123254,-14.135441,14,-5,14,-5,14,-5,14,-5,2266.0,0,0,0,0,5000.0,0,0,0,0,114.1271,430,430,430,430
2015,7,19,6,0,14.041894,-14.904859,14,-5,14,-5,14,-5,14,-5,2266.0,0,0,0,0,5000.0,0,0,0,0,86.8332,430,430,430,430
2018,7,30,13,0,16.3491,-13.359967,14,-5,14,-5,14,-5,14,-5,2266.0,0,0,0,0,5000.0,0,0,0,0,153.7693,430,430,430,430
2008,8,8,1,0,11.298389,-12.393981,14,-5,14,-5,14,-5,14,-5,2266.0,0,0,0,0,5000.0,0,0,0,0,202.0396,430,430,430,430
2009,7,7,21,0,17.716409,-13.999933,14,-5,14,-5,14,-5,14,-5,2266.0,0,0,0,0,5000.0,0,0,0,0,163.2483,430,430,430,430
2005,8,11,17,0,17.116161,-15.267091,14,-5,14,-5,14,-5,14,-5,2266.0,0,0,0,0,5000.0,0,0,0,0,116.0,430,430,430,430
2013,7,4,23,0,14.537153,-14.579632,14,-5,14,-5,14,-5,14,-5,2266.0,0,0,0,0,5000.0,0,0,0,0,96.1301,430,430,430,430
2008,9,19,23,0,13.493978,-11.787527,14,-5,14,-5,14,-5,14,-5,2266.0,0,0,0,0,5000.0,0,0,0,0,193.1864,430,430,430,430
2018,8,28,16,0,14.284833,-10.370062,14,-5,14,-5,14,-5,14,-5,2266.0,0,0,0,0,5000.0,0,0,0,0,240.2998,430,430,430,430
2004,7,30,6,0,14.353665,-17.343241,14,-5,14,-5,14,-5,14,-5,2266.0,0,0,0,0,5000.0,0,0,0,0,13.3417,430,430,430,430
2009,9,23,21,0,12.930739,-11.193196,14,-5,14,-5,14,-5,14,-5,2266.0,0,0,0,0,5000.0,0,0,0,0,217.4419,430,430,430,430
2017,7,20,5,0,13.2502,-17.782381,14,-5,14,-5,14,-5,14,-5,2266.0,0,0,0,0,5000.0,0,0,0,0,53.1601,430,430,430,430
2015,9,5,5,0,11.977418,-17.462845,14,-5,14,-5,14,-5,14,-5,2266.0,0,0,0,0,5000.0,0,0,0,0,96.3328,430,430,430,430
2007,7,22,22,0,17.950816,-10.235357,14,-5,14,-5,14,-5,14,-5,2266.0,0,0,0,0,5000.0,0,0,0,0,277.9101,430,430,430,430
2010,8,5,20,0,16.402067,-13.185463,14,-5,14,-5,14,-5,14,-5,2266.0,0,0,0,0,5000.0,0,0,0,0,160.0781,430,430,430,430
2016,9,25,8,0,16.119679,-16.646196,14,-5,14,-5,14,-5,14,-5,2266.0,0,0,0,0,5000.0,0,0,0,0,57.9828,430,430,430,430
2004,9,12,21,0,12.344186,-13.807465,14,-5,14,-5,14,-5,14,-5,2266.0,0,0,0,0,5000.0,0,0,0,0,142.3025,430,430,430,430
2015,7,31,16,0,12.852994,-17.634568,14,-5,14,-5,14,-5,14,-5,2266.0,0,0,0,0,5000.0,0,0,0,0,66.0984,430,430,430,430
2016,6,30,11,0,17.865228,-14.469161,14,-5,14,-5,14,-5,14,-5,2266.0,0,0,0,0,5000.0,0,0,0,0,154.858,430,430,430,430
2016,6,7,0,0,14.032004,-15.411669,14,-5,14,-5,14,-5,14,-5,2266.0,0,0,0,0,5000.0,0,0,0,0,69.8928,430,430,430,430
2016,6,1,10,0,12.077958,-14.904881,14,-5,14,-5,14,-5,14,-5,2266.0,0,0,0,0,5000.0,0,0,0,0,120.5073,430,430,430,430
2013,9,13,1,0,16.656135,-12.106024,14,-5,14,-5,14,-5,14,-5,2266.0,0,0,0,0,5000.0,0,0,0,0,198.736,430,430,430,430
2006,6,1,2,0,13.033685,-17.895861,14,-5,14,-5,14,-5,14,-5,2266.0,0,0,0,0,5000.0,0,0,0,0,62.2977,430,430,430,430
2018,6,13,11,0,16.37924,-15.84489,14,-5,14,-5,14,-5,14,-5,2266.0,0,0,0,0,5000.0,0,0,0,0,82.7345,430,430,430,430
2009,6,28,9,0,14.661479,-17.795592,14,-5,14,-5,14,-5,14,-5,2266.0,0,0,0,0,5000.0,0,0,0,0,11.1803,430,430,430,430
2012,9,30,5,0,15.297616,-14.899813,14,-5,14,-5,14,-5,14,-5,2266.0,0,0,0,0,5000.0,0,0,0,0,89.7385,430,430,430,430
2019,9,18,7,0,13.97659,-14.680753,14,-5,14,-5,14,-5,14,-5,2266.0,0,0,0,0,5000.0,0,0,0,0,94.1116,430,430,430,430
2016,8,26,15,0,12.806975,-13.592177,14,-5,14,-5,14,-5,14,-5,2266.0,0,0,0,0,5000.0,0,0,0,0,140.89,430,430,430,430
2018,7,11,9,0,17.783286,-17.09779,14,-5,14,-5,14,-5,14,-5,2266.0,0,0,0,0,5000.0,0,0,0,0,107.28,430,430,430,430
2013,6,20,3,0,12.506068,-17.665618,14,-5,14,-5,14,-5,14,-5,2266.0,0,0,0,0,5000.0,0,0,0,0,78.2624,430,430,430,430
2005,9,13,4,0,15.907198,-12.739901,14,-5,14,-5,14,-5,14,-5,2266.0,0,0,0,0,5000.0,0,0,0,0,167.6097,430,430,430,430
2005,9,2,17,0,11.717086,-14.665972,14,-5,14,-5,14,-5,14,-5,2266.0,0,0,0,0,5000.0,0,0,0,0,134.9518,430,430,430,430
2017,6,19,15,0,15.150735,-12.708149,14,-5,14,-5,14,-5,14,-5,2266.0,0,0,0,0,5000.0,0,0,0,0,162.0031,430,430,430,430
2007,7,24,13,0,11.363817,-10.946782,14,-5,14,-5,14,-5,14,-5,2266.0,0,0,0,0,5000.0,0,0,0,0,243.8237,430,430,430,430
2019,6,20,0,0,16.224065,-16.928366,14,-5,14,-5,14,-5,14,-5,2266.0,0,0,0,0,5000.0,0,0,0,0,57.3847,430,430,430,430
2006,7,7,1,0,16.951333,-12.009777,14,-5,14,-5,14,-5,14,-5,2266.0,0,0,0,0,5000.0,0,0,0,0,206.1553,430,430,430,430
2006,6,27,3,0,16.388685,-13.653238,14,-5,14,-5,14,-5,14,-5,2266.0,0,0,0,0,5000.0,0,0,0,0,144.9966,430,430,430,430
2019,6,24,3,0,11.766703,-10.652331,14,-5,14,-5,14,-5,14,-5,2266.0,0,0,0,0,5000.0,0,0,0,0,247.5419,430,430,430,430
2015,8,31,3,0,14.736677,-15.230097,14,-5,14,-5,14,-5,14,-5,2266.0,0,0,0,0,5000.0,0,0,0,0,74.027,430,430,430,430
2014,9,11,15,0,12.110228,-10.688676,14,-5,14,-5,14,-5,14,-5,2266.0,0,0,0,0,5000.0,0,0,0,0,241.5968,430,430,430,430
2015,6,9,9,0,13.357884,-13.678468,14,-5,14,-5,14,-5,14,-5,2266.0,0,0,0,0,5000.0,0,0,0,0,132.2573,430,430,430,430
2008,6,18,14,0,14.867537,-11.390001,14,-5,14,-5,14,-5,14,-5,2266.0,0,0,0,0,5000.0,0,0,0,0,206.1553,430,430,430,430
2006,8,27,5,0,14.988505,-16.586303,14,-5,14,-5,14,-5,14,-5,2266.0,0,0,0,0,5000.0,0,0,0,0,31.6228,430,430,430,430
2016,6,28,22,0,14.730059,-14.085871,14,-5,14,-5,14,-5,14,-5,2266.0,0,0,0,0,5000.0,0,0,0,0,113.0398,430,430,430,430
2010,6,9,22,0,14.383262,-12.403835,14,-5,14,-5,14,-5,14,-5,2266.0,0,0,0,0,5000.0,0,0,0,0,170.2381,430,430,430,430
2004,6,25,4,0,11.966489,-16.506983,14,-5,14,-5,14,-5,14,-5,2266.0,0,0,0,0,5000.0,0,0,0,0,98.9545,430,430,430,430
2016,6,13,1,0,10.884665,-15.807526,14,-5,14,-5,14,-5,14,-5,2266.0,0,0,0,0,5000.0,0,0,0,0,140.4066,430,430,430,430
2006,7,24,5,0,10.082,-12.965122,14,-5,14,-5,14,-5,14,-5,2266.0,0,0,0,0,5000.0,0,0,0,0,215.4252,430,430,430,430
2018,7,5,11,0,12.361378,-16.501708,14,-5,14,-5,14,-5,14,-5,2266.0,0,0,0,0,5000.0,0,0,0,0,85.7263,430,430,430,430
2019,8,18,10,0,10.762304,-15.729954,14,-5,14,-5,14,-5,14,-5,2266.0,0,0,0,0,5000.0,0,0,0,0,145.7841,430,430,430,430
2017,7,2,11,0,11.719395,-15.71517,14,-5,14,-5,14,-5,14,-5,2266.0,0,0,0,0,5000.0,0,0,0,0,115.395,430,430,430,430
2010,9,19,22,0,13.771279,-13.604025,14,-5,14,-5,14,-5,14,-5,2266.0,0,0,0,0,5000.0,0,0,0,0,130.7287,430,430,430,430
2008,8,27,18,0,16.760905,-10.091922,14,-5,14,-5,14,-5,14,-5,2266.0,0,0,0,0,5000.0,0,0,0,0,265.5202,430,430,430,430
2014,9,9,17,0,10.390945,-16.143054,14,-5,14,-5,14,-5,14,-5,2266.0,0,0,0,0,5000.0,0,0,0,0,155.541,430,430,430,430
2019,8,23,21,0,15.146491,-16.708267,14,-5,14,-5,14,-5,14,-5,2266.0,0,0,0,0,5000.0,0,0,0,0,30.5287,430,430,430,430
2011,9,18,7,0,16.961167,-16.260781,14,-5,14,-5,14,-5,14,-5,2266.0,0,0,0,0,5000.0,0,0,0,0,91.0659,430,430,430,430
2011,7,2,13,0,15.93404,-12.775836,14,-5,14,-5,14,-5,14,-5,2266.0,0,0,0,0,5000.0,0,0,0,0,166.9042,430,430,430,430
2005,8,6,14,0,16.391084,-17.75002,14,-5,14,-5,14,-5,14,-5,2266.0,0,0,0,0,5000.0,0,0,0,0,58.1378,430,430,430,430
2004,6,18,18,0,11.836592,-12.36298,14,-5,14,-5,14,-5,14,-5,2266.0,0,0,0,0,5000.0,0,0,0,0,193.2796,430,430,430,430
2008,8,30,8,0,10.7005,-17.755284,14,-5,14,-5,14,-5,14,-5,2266.0,0,0,0,0,5000.0,0,0,0,0,142.5553,430,430,430,430
2012,6,5,11,0,12.857079,-13.281744,14,-5,14,-5,14,-5,14,-5,2266.0,0,0,0,0,5000.0,0,0,0,0,149.8833,430,430,430,430
2011,8,5,11,0,10.417782,-17.474691,14,-5,14,-5,14,-5,14,-5,2266.0,0,0,0,0,5000.0,0,0,0,0,151.5586,430,430,430,430
2007,8,5,21,0,10.348009,-14.838794,14,-5,14,-5,14,-5,14,-5,2266.0,0,0,0,0,5000.0,0,0,0,0,171.2834,430,430,430,430
2014,9,6,22,0,15.347416,-16.415783,14,-5,14,-5,14,-5,14,-5,2266.0,0,0,0,0,5000.0,0,0,0,0,43.0465,430,430,430,430
2009,7,22,21,0,17.010132,-14.540887,14,-5,14,-5,14,-5,14,-5,2266.0,0,0,0,0,5000.0,0,0,0,0,131.8218,430,430,430,430
2017,9,26,12,0,14.957132,-15.676586,14,-5,14,-5,14,-5,14,-5,2266.0,0,0,0,0,5000.0,0,0,0,0,60.6712,430,430,430,430
2019,7,6,23,0,14.922037,-10.37072,14,-5,14,-5,14,-5,14,-5,2266.0,0,0,0,0,5000.0,0,0,0,0,241.2074,430,430,430,430
2009,6,10,3,0,13.584118,-16.343601,14,-5,14,-5,14,-5,14,-5,2266.0,0,0,0,0,5000.0,0,0,0,0,51.7397,430,430,430,430
2012,8,31,2,0,13.402938,-14.443406,14,-5,14,-5,14,-5,14,-5,2266.0,0,0,0,0,5000.0,0,0,0,0,107.4244,430,430,430,430
2013,8,2,8,0,14.06094,-13.794134,14,-5,14,-5,14,-5,14,-5,2266.0,0,0,0,0,5000.0,0,0,0,0,122.8088,430,430,430,430
2011,6,16,2,0,10.339434,-16.684647,14,-5,14,-5,14,-5,14,-5,2266.0,0,0,0,0,5000.0,0,0,0,0,154.6351,430,430,430,430
2007,6,7,10,0,13.601817,-12.336231,14,-5,14,-5,14,-5,14,-5,2266.0,0,0,0,0,5000.0,0,0,0,0,173.9799,430,430,430,430
2005,6,31,19,0,16.220703,-11.783176,14,-5,14,-5,14,-5,14,-5,2266.0,0,0,0,0,5000.0,0,0,0,0,202.608,430,430,430,430
2006,8,9,2,0,14.02223,-10.346019,14,-5,14,-5,14,-5,14,-5,2266.0,0,0,0,0,5000.0,0,0,0,0,240.917,430,430,430,430
2011,7,16,22,0,12.65499,-14.148335,14,-5,14,-5,14,-5,14,-5,2266.0,0,0,0,0,5000.0,0,0,0,0,127.5813,430,430,430,430
2014,6,15,9,0,15.986992,-11.137284,14,-5,14,-5,14,-5,14,-5,2266.0,0,0,0,0,5000.0,0,0,0,0,222.0315,430,430,430,430
2018,9,20,11,0,13.31568,-11.210524,14,-5,14,-5,14,-5,14,-5,2266.0,0,0,0,0,5000.0,0,0,0,0,214.0023,430,430,430,430
2018,9,2,11,0,13.556568,-12.274023,14,-5,14,-5,14,-5,14,-5,2266.0,0,0,0,0,5000.0,0,0,0,0,176.1477,430,430,430,430
2009,7,16,16,0,10.067587,-17.798389,14,-5,14,-5,14,-5,14,-5,2266.0,0,0,0,0,5000.0,0,0,0,0,165.7468,430,430,430,430
2012,6,12,16,0,17.523604,-17.182896,14,-5,14,-5,14,-5,14,-5,2266.0,0,0,0,0,5000.0,0,0,0,0,98.8433,430,430,430,430
2011,8,25,21,0,15.295742,-15.73393,14,-5,14,-5,14,-5,14,-5,2266.0,0,0,0,0,5000.0,0,0,0,0,62.6259,430,430,430,430
2016,9,20,4,0,11.606739,-14.893327,14,-5,14,-5,14,-5,14,-5,2266.0,0,0,0,0,5000.0,0,0,0,0,133.2216,430,430,430,430
2015,6,21,5,0,17.407213,-13.437806,14,-5,14,-5,14,-5,14,-5,2266.0,0,0,0,0,5000.0,0,0,0,0,171.6799,430,430,430,430
2016,7,3,11,0,17.333717,-12.381886,14,-5,14,-5,14,-5,14,-5,2266.0,0,0,0,0,5000.0,0,0,0,0,200.8308,430,430,430,430
2008,7,21,12,0,14.009732,-13.951305,14,-5,14,-5,14,-5,14,-5,2266.0,0,0,0,0,5000.0,0,0,0,0,118.2582,430,430,430,430
2017,9,26,13,0,11.750566,-17.962692,14,-5,14,-5,14,-5,14,-5,2266.0,0,0,0,0,5000.0,0,0,0,0,107.2007,430,430,430,430
2018,8,22,4,0,13.34269,-13.492991,14,-5,14,-5,14,-5,14,-5,2266.0,0,0,0,0,5000.0,0,0,0,0,137.8985,430,430,430,430
2015,9,13,0,0,17.012495,-12.579321,14,-5,14,-5,14,-5,14,-5,2266.0,0,0,0,0,5000.0,0,0,0,0,188.7432,430,430,430,430
2015,8,30,18,0,16.738664,-10.59071,14,-5,14,-5,14,-5,14,-5,2266.0,0,0,0,0,5000.0,0,0,0,0,248.9438,430,430,430,430
2006,8,4,6,0,17.528927,-11.471847,14,-5,14,-5,14,-5,14,-5,2266.0,0,0,0,0,5000.0,0,0,0,0,231.6916,430,430,430,430
2015,8,29,3,0,11.051157,-15.22696,14,-5,14,-5,14,-5,14,-5,2266.0,0,0,0,0,5000.0,0,0,0,0,143.5584,430,430,430,430
2018,9,5,7,0,11.66802,-11.060948,14,-5,14,-5,14,-5,14,-5,2266.0,0,0,0,0,5000.0,0,0,0,0,235.682,430,430,430,430
2007,7,7,11,0,16.338642,-15.207987,14,-5,14,-5,14,-5,14,-5,2266.0,0,0,0,0,5000.0,0,0,0,0,98.2293,430,430,430,430
2017,8,25,5,0,14.553124,-11.558948,14,-5,14,-5,14,-5,14,-5,2266.0,0,0,0,0,5000.0,0,0,0,0,199.0226,430,430,430,430
2004,6,16,1,0,16.66529,-16.353651,14,-5,14,-5,14,-5,14,-5,2266.0,0,0,0,0,5000.0,0,0,0,0,80.455,430,430,430,430
2012,7,15,2,0,15.845442,-11.572687,14,-5,14,-5,14,-5,14,-5,2266.0,0,0,0,0,5000.0,0,0,0,0,206.3201,430,430,430,430
2012,7,23,22,0,10.345032,-17.142501,14,-5,14,-5,14,-5,14,-5,2266.0,0,0,0,0,5000.0,0,0,0,0,154.013,430,430,430,430
2015,7,17,23,0,13.480669,-16.23295,14,-5,14,-5,14,-5,14,-5,2266.0,0,0,0,0,5000.0,0,0,0,0,56.7274,430,430,430,430
2019,8,22,0,0,17.044977,-12.2425,14,-5,14,-5,14,-5,14,-5,2266.0,0,0,0,0,5000.0,0,0,0,0,200.0325,430,430,430,430
2008,7,28,18,0,15.704058,-11.841123,14,-5,14,-5,14,-5,14,-5,2266.0,0,0,0,0,5000.0,0,0,0,0,195.5326,430,430,430,430
2004,8,18,22,0,12.645976,-16.171118,14,-5,14,-5,14,-5,14,-5,2266.0,0,0,0,0,5000.0,0,0,0,0,80.9506,430,430,430,430
2013,6,22,4,0,15.010752,-14.684166,14,-5,14,-5,14,-5,14,-5,2266.0,0,0,0,0,5000.0,0,0,0,0,94.7629,430,430,430,430
2006,6,11,1,0,17.494249,-12.860381,14,-5,14,-5,14,-5,14,-5,2266.0,0,0,0,0,5000.0,0,0,0,0,189.3357,430,430,430,430
2008,8,22,15,0,13.095203,-11.159043,14,-5,14,-5,14,-5,14,-5,2266.0,0,0,0,0,5000.0,0,0,0,0,216.8317,430,430,430,430
2013,9,31,16,0,13.046341,-16.573521,14,-5,14,-5,14,-5,14,-5,2266.0,0,0,0,0,5000.0,0,0,0,0,62.7694,430,430,430,430
2013,7,31,10,0,16.253275,-14.222331,14,-5,14,-5,14,-5,14,-5,2266.0,0,0,0,0,5000.0,0,0,0,0,125.6742,430,430,430,430
2005,6,6,19,0,12.075843,-12.460806,14,-5,14,-5,14,-5,14,-5,2266.0,0,0,0,0,5000.0,0,0,0,0,186.1961,430,430,430,430
2009,8,16,14,0,17.843881,-16.029971,14,-5,14,-5,14,-5,14,-5,2266.0,0,0,0,0,5000.0,0,0,0,0,122.5887,430,430,430,430
2019,9,7,20,0,16.32195,-11.901318,14,-5,14,-5,14,-5,14,-5,2266.0,0,0,0,0,5000.0,0,0,0,0,200.5692,430,430,430,430
2013,7,24,17,0,10.960318,-11.288779,14,-5,14,-5,14,-5,14,-5,2266.0,0,0,0,0,5000.0,0,0,0,0,239.6769,430,430,430,430
2009,6,30,4,0,13.693911,-16.993749,14,-5,14,-5,14,-5,14,-5,2266.0,0,0,0,0,5000.0,0,0,0,0,37.0,430,430,430,430
2014,9,8,9,0,14.290748,-15.627898,14,-5,14,-5,14,-5,14,-5,2266.0,0,0,0,0,5000.0,0,0,0,0,61.6117,430,430,430,430
2010,9,11,16,0,11.405794,-17.366095,14,-5,14,-5,14,-5,14,-5,2266.0,0,0,0,0,5000.0,0,0,0,0,116.211,430,430,430,430
2004,6,3,22,0,11.591193,-14.563291,14,-5,14,-5,14,-5,14,-5,2266.0,0,0,0,0,5000.0,0,0,0,0,139.9464,430,430,430,430
2014,6,17,18,0,15.134494,-17.300967,14,-5,14,-5,14,-5,14,-5,2266.0,0,0,0,0,5000.0,0,0,0,0,16.1555,430,430,430,430
2009,9,10,9,0,15.725845,-17.186042,14,-5,14,-5,14,-5,14,-5,2266.0,0,0,0,0,5000.0,0,0,0,0,37.0,430,430,430,430
2017,6,22,21,0,11.404793,-12.293428,14,-5,14,-5,14,-5,14,-5,2266.0,0,0,0,0,5000.0,0,0,0,0,203.0271,430,430,430,430
2012,6,28,12,0,17.082109,-10.134893,14,-5,14,-5,14,-5,14,-5,2266.0,0,0,0,0,5000.0,0,0,0,0,267.8451,430,430,430,430
2019,8,31,15,0,15.223256,-14.178109,14,-5,14,-5,14,-5,14,-5,2266.0,0,0,0,0,5000.0,0,0,0,0,112.6144,430,430,430,430
2012,9,10,19,0,10.7023,-13.528394,14,-5,14,-5,14,-5,14,-5,2266.0,0,0,0,0,5000.0,0,0,0,0,186.3572,430,430,430,430
2008,9,17,16,0,11.449202,-13.884784,14,-5,14,-5,14,-5,14,-5,2266.0,0,0,0,0,5000.0,0,0,0,0,159.1006,430,430,430,430
2013,8,30,4,0,14.871441,-11.3343,14,-5,14,-5,14,-5,14,-5,2266.0,0,0,0,0,5000.0,0,0,0,0,208.1538,430,430,430,430
2004,8,19,15,0,12.590005,-10.089103,14,-5,14,-5,14,-5,14,-5,2266.0,0,0,0,0,5000.0,0,0,0,0,257.28,430,430,430,430
2012,7,5,8,0,17.959602,-11.390793,14,-5,14,-5,14,-5,14,-5,2266.0,0,0,0,0,5000.0,0,0,0,0,242.062,430,430,430,430
2016,8,22,4,0,15.55322,-12.130642,14,-5,14,-5,14,-5,14,-5,2266.0,0,0,0,0,5000.0,0,0,0,0,184.7918,430,430,430,430
2014,6,3,9,0,17.00215,-10.387919,14,-5,14,-5,14,-5,14,-5,2266.0,0,0,0,0,5000.0,0,0,0,0,258.6774,430,430,430,430
2013,6,12,4,0,16.818103,-12.872491,14,-5,14,-5,14,-5,14,-5,2266.0,0,0,0,0,5000.0,0,0,0,0,176.706,430,430,430,430
2006,7,3,18,0,10.587987,-13.012922,14,-5,14,-5,14,-5,14,-5,2266.0,0,0,0,0,5000.0,0,0,0,0,201.5366,430,430,430,430
2006,7,30,23,0,12.825711,-16.681771,14,-5,14,-5,14,-5,14,-5,2266.0,0,0,0,0,5000.0,0,0,0,0,68.0074,430,430,430,430
2007,9,31,0,0,17.145329,-11.400876,14,-5,14,-5,14,-5,14,-5,2266.0,0,0,0,0,5000.0,0,0,0,0,228.2323,430,430,430,430
2006,9,15,0,0,14.213107,-14.292406,14,-5,14,-5,14,-5,14,-5,2266.0,0,0,0,0,5000.0,0,0,0,0,106.2121,430,430,430,430
2014,6,11,14,0,13.91441,-15.91424,14,-5,14,-5,14,-5,14,-5,2266.0,0,0,0,0,5000.0,0,0,0,0,55.9464,430,430,430,430
2009,7,14,10,0,13.221103,-14.506641,14,-5,14,-5,14,-5,14,-5,2266.0,0,0,0,0,5000.0,0,0,0,0,107.8239,430,430,430,430
2015,7,26,8,0,10.120449,-10.856753,14,-5,14,-5,14,-5,14,-5,2266.0,0,0,0,0,5000.0,0,0,0,0,268.2107,430,430,430,430
2018,8,30,15,0,10.233195,-15.016857,14,-5,14,-5,14,-5,14,-5,2266.0,0,0,0,0,5000.0,0,0,0,0,172.3079,430,430,430,430
2006,7,14,15,0,10.766987,-16.424285,14,-5,14,-5,14,-5,14,-5,2266.0,0,0,0,0,5000.0,0,0,0,0,140.0714,430,430,430,430
2013,8,11,15,0,17.539365,-15.029831,14,-5,14,-5,14,-5,14,-5,2266.0,0,0,0,0,5000.0,0,0,0,0,133.0564,430,430,430,430
2012,6,24,14,0,15.832006,-16.990719,14,-5,14,-5,14,-5,14,-5,2266.0,0,0,0,0,5000.0,0,0,0,0,43.382,430,430,430,430
2016,7,10,20,0,12.010263,-10.950118,14,-5,14,-5,14,-5,14,-5,2266.0,0,0,0,0,5000.0,0,0,0,0,234.7765,430,430,430,430
2005,8,29,18,0,17.226369,-15.698918,14,-5,14,-5,14,-5,14,-5,2266.0,0,0,0,0,5000.0,0,0,0,0,109.8089,430,430,430,430
2010,8,9,12,0,17.736905,-12.655205,14,-5,14,-5,14,-5,14,-5,2266.0,0,0,0,0,5000.0,0,0,0,0,200.3397,430,430,430,430
2014,6,27,21,0,14.024054,-14.975981,14,-5,14,-5,14,-5,14,-5,2266.0,0,0,0,0,5000.0,0,0,0,0,84.2021,430,430,430,430
2009,8,14,5,0,12.698946,-10.383914,14,-5,14,-5,14,-5,14,-5,2266.0,0,0,0,0,5000.0,0,0,0,0,246.5624,430,430,430,430
2008,8,23,4,0,15.546671,-13.727186,14,-5,14,-5,14,-5,14,-5,2266.0,0,0,0,0,5000.0,0,0,0,0,131.7004,430,430,430,430
2006,7,27,6,0,10.347918,-16.019593,14,-5,14,-5,14,-5,14,-5,2266.0,0,0,0,0,5000.0,0,0,0,0,157.4103,430,430,430,430
2005,9,13,7,0,17.545366,-13.545119,14,-5,14,-5,14,-5,14,-5,2266.0,0,0,0,0,5000.0,0,0,0,0,170.6517,430,430,430,430
2007,7,24,19,0,12.860146,-17.924397,14,-5,14,-5,14,-5,14,-5,2266.0,0,0,0,0,5000.0,0,0,0,0,68.3081,430,430,430,430
2018,8,21,11,0,12.028386,-15.966186,14,-5,14,-5,14,-5,14,-5,2266.0,0,0,0,0,5000.0,0,0,0,0,102.0441,430,430,430,430
2009,7,30,3,0,11.365484,-15.24016,14,-5,14,-5,14,-5,14,-5,2266.0,0,0,0,0,5000.0,0,0,0,0,134.3317,430,430,430,430
2015,6,16,7,0,11.621192,-17.496788,14,-5,14,-5,14,-5,14,-5,2266.0,0,0,0,0,5000.0,0,0,0,0,109.4578,430,430,430,430
2009,8,29,5,0,10.783683,-14.02618,14,-5,14,-5,14,-5,14,-5,2266.0,0,0,0,0,5000.0,0,0,0,0,172.4297,430,430,430,430
2007,9,9,21,0,10.557285,-10.518771,14,-5,14,-5,14,-5,14,-5,2266.0,0,0,0,0,5000.0,0,0,0,0,270.5125,430,430,430,430
2007,7,7,15,0,11.648781,-14.286301,14,-5,14,-5,14,-5,14,-5,2266.0,0,0,0,0,5000.0,0,0,0,0,145.0414,430,430,430,430
2017,6,18,17,0,13.317346,-15.669298,14,-5,14,-5,14,-5,14,-5,2266.0,0,0,0,0,5000.0,0,0,0,0,73.7564,430,430,430,430
2013,7,4,14,0,12.588228,-16.307219,14,-5,14,-5,14,-5,14,-5,2266.0,0,0,0,0,5000.0,0,0,0,0,79.7057,430,430,430,430
2015,8,25,12,0,12.242146,-17.06316,14,-5,14,-5,14,-5,14,-5,2266.0,0,0,0,0,5000.0,0,0,0,0,86.209,430,430,430,430
2011,6,12,5,0,15.514015,-12.84379,14,-5,14,-5,14,-5,14,-5,2266.0,0,0,0,0,5000.0,0,0,0,0,159.8405,430,430,430,430
2019,9,2,0,0,12.492235,-10.957608,14,-5,14,-5,14,-5,14,-5,2266.0,0,0,0,0,5000.0,0,0,0,0,228.6504,430,430,430,430
2013,6,23,21,0,13.091006,-13.111286,14,-5,14,-5,14,-5,14,-5,2266.0,0,0,0,0,5000.0,0,0,0,0,153.2123,430,430,430,430
2013,9,29,0,0,14.185355,-15.399546,14,-5,14,-5,14,-5,14,-5,2266.0,0,0,0,0,5000.0,0,0,0,0,69.1231,430,430,430,430
2013,7,23,14,0,17.438323,-11.214389,14,-5,14,-5,14,-5,14,-5,2266.0,0,0,0,0,5000.0,0,0,0,0,238.6064,430,430,430,430
2006,9,23,2,0,16.728984,-10.365691,14,-5,14,-5,14,-5,14,-5,2266.0,0,0,0,0,5000.0,0,0,0,0,255.6443,430,430,430,430
2006,7,26,23,0,10.019859,-14.063047,14,-5,14,-5,14,-5,14,-5,2266.0,0,0,0,0,5000.0,0,0,0,0,193.6621,430,430,430,430
2019,9,15,7,0,17.503305,-16.924586,14,-5,14,-5,14,-5,14,-5,2266.0,0,0,0,0,5000.0,0,0,0,0,99.7246,430,430,430,430
2009,6,29,23,0,11.959953,-13.959505,14,-5,14,-5,14,-5,14,-5,2266.0,0,0,0,0,5000.0,0,0,0,0,146.1027,430,430,430,430
2007,9,4,16,0,15.427372,-15.33792,14,-5,14,-5,14,-5,14,-5,2266.0,0,0,0,0,5000.0,0,0,0,0,77.4919,430,430,430,430
2004,9,23,16,0,12.450917,-11.793617,14,-5,14,-5,14,-5,14,-5,2266.0,0,0,0,0,5000.0,0,0,0,0,202.2325,430,430,430,430
2007,9,27,14,0,10.262832,-11.713617,14,-5,14,-5,14,-5,14,-5,2266.0,0,0,0,0,5000.0,0,0,0,0,241.4788,430,430,430,430
2006,6,24,6,0,13.428322,-12.967924,14,-5,14,-5,14,-5,14,-5,2266.0,0,0,0,0,5000.0,0,0,0,0,154.1201,430,430,430,430
2011,9,17,13,0,15.644024,-17.212251,14,-5,14,-5,14,-5,14,-5,2266.0,0,0,0,0,5000.0,0,0,0,0,33.8378,430,430,430,430
2013,6,23,12,0,17.230769,-11.4215,14,-5,14,-5,14,-5,14,-5,2266.0,0,0,0,0,5000.0,0,0,0,0,228.4732,430,430,430,430
2015,7,7,19,0,13.003051,-16.441645,14,-5,14,-5,14,-5,14,-5,2266.0,0,0,0,0,5000.0,0,0,0,0,65.7419,430,430,430,430
2015,9,2,2,0,10.502444,-15.531129,14,-5,14,-5,14,-5,14,-5,2266.0,0,0,0,0,5000.0,0,0,0,0,156.6046,430,430,430,430
2015,9,29,22,0,15.705536,-11.494546,14,-5,14,-5,14,-5,14,-5,2266.0,0,0,0,0,5000.0,0,0,0,0,207.3282,430,430,430,430
2014,6,24,15,0,12.612706,-16.237681,14,-5,14,-5,14,-5,14,-5,2266.0,0,0,0,0,5000.0,0,0,0,0,80.9568,430,430,430,430
2016,6,6,1,0,12.619153,-10.285065,14,-5,14,-5,14,-5,14,-5,2266.0,0,0,0,0,5000.0,0,0,0,0,250.0,430,430,430,430
2009,8,28,17,0,10.768726,-16.702532,14,-5,14,-5,14,-5,14,-5,2266.0,0,0,0,0,5000.0,0,0,0,0,138.7083,430,430,430,430
2008,8,11,23,0,15.553913,-16.881892,14,-5,14,-5,14,-5,14,-5,2266.0,0,0,0,0,5000.0,0,0,0,0,36.4005,430,430,430,430
2011,8,11,0,0,12.133007,-11.574593,14,-5,14,-5,14,-5,14,-5,2266.0,0,0,0,0,5000.0,0,0,0,0,213.0258,430,430,430,430
2011,8,16,10,0,12.404894,-13.223868,14,-5,14,-5,14,-5,14,-5,2266.0,0,0,0,0,5000.0,0,0,0,0,158.1455,430,430,430,430
2010,9,7,12,0,14.582498,-15.876452,14,-5,14,-5,14,-5,14,-5,2266.0,0,0,0,0,5000.0,0,0,0,0,52.0865,430,430,430,430
2007,7,7,20,0,11.989874,-15.682596,14,-5,14,-5,14,-5,14,-5,2266.0,0,0,0,0,5000.0,0,0,0,0,108.3005,430,430,430,430
2017,9,3,3,0,17.007521,-17.849935,14,-5,14,-5,14,-5,14,-5,2266.0,0,0,0,0,5000.0,0,0,0,0,79.1581,430,430,430,430
2009,7,29,1,0,10.733091,-15.27032,14,-5,14,-5,14,-5,14,-5,2266.0,0,0,0,0,5000.0,0,0,0,0,152.6106,430,430,430,430
2016,8,15,1,0,11.762413,-13.497141,14,-5,14,-5,14,-5,14,-5,2266.0,0,0,0,0,5000.0,0,0,0,0,162.1111,430,430,430,430
2016,9,15,1,0,14.315689,-14.037104,14,-5,14,-5,14,-5,14,-5,2266.0,0,0,0,0,5000.0,0,0,0,0,114.6298,430,430,430,430
2006,7,13,4,0,12.406025,-13.90841,14,-5,14,-5,14,-5,14,-5,2266.0,0,0,0,0,5000.0,0,0,0,0,138.6975,430,430,430,430
2017,7,23,1,0,16.289828,-11.499955,14,-5,14,-5,14,-5,14,-5,2266.0,0,0,0,0,5000.0,0,0,0,0,212.7769,430,430,430,430
2010,7,26,5,0,14.262727,-11.549318,14,-5,14,-5,14,-5,14,-5,2266.0,0,0,0,0,5000.0,0,0,0,0,199.4242,430,430,430,430
2004,8,24,14,0,10.274204,-16.767471,14,-5,14,-5,14,-5,14,-5,2266.0,0,0,0,0,5000.0,0,0,0,0,156.3873,430,430,430,430
2004,6,27,8,0,15.98548,-14.921041,14,-5,14,-5,14,-5,14,-5,2266.0,0,0,0,0,5000.0,0,0,0,0,99.7296,430,430,430,430
2008,6,9,11,0,12.543188,-13.423929,14,-5,14,-5,14,-5,14,-5,2266.0,0,0,0,0,5000.0,0,0,0,0,150.456,430,430,430,430
2009,7,22,17,0,12.979364,-10.723761,14,-5,14,-5,14,-5,14,-5,2266.0,0,0,0,0,5000.0,0,0,0,0,232.3553,430,430,430,430
2004,8,23,19,0,13.09577,-11.310006,14,-5,14,-5,14,-5,14,-5,2266.0,0,0,0,0,5000.0,0,0,0,0,211.9929,430,430,430,430
2007,8,4,6,0,14.81411,-10.70385,14,-5,14,-5,14,-5,14,-5,2266.0,0,0,0,0,5000.0,0,0,0,0,230.0782,430,430,430,430
2017,7,30,22,0,13.872429,-10.331887,14,-5,14,-5,14,-5,14,-5,2266.0,0,0,0,0,5000.0,0,0,0,0,242.3984,430,430,430,430
2006,8,22,1,0,14.613677,-17.778046,14,-5,14,-5,14,-5,14,-5,2266.0,0,0,0,0,5000.0,0,0,0,0,11.7047,430,430,430,430
2017,6,30,7,0,15.910967,-11.108794,14,-5,14,-5,14,-5,14,-5,2266.0,0,0,0,0,5000.0,0,0,0,0,222.396,430,430,430,430
2015,7,23,13,0,10.7884,-10.292456,14,-5,14,-5,14,-5,14,-5,2266.0,0,0,0,0,5000.0,0,0,0,0,272.7526,430,430,430,430
2019,9,13,22,0,14.507408,-12.074385,14,-5,14,-5,14,-5,14,-5,2266.0,0,0,0,0,5000.0,0,0,0,0,182.0687,430,430,430,430
2014,8,30,6,0,11.792011,-10.47054,14,-5,14,-5,14,-5,14,-5,2266.0,0,0,0,0,5000.0,0,0,0,0,252.6341,430,430,430,430
2016,8,17,11,0,15.146628,-13.653451,14,-5,14,-5,14,-5,14,-5,2266.0,0,0,0,0,5000.0,0,0,0,0,130.1153,430,430,430,430
2018,8,3,4,0,17.691122,-13.54425,14,-5,14,-5,14,-5,14,-5,2266.0,0,0,0,0,5000.0,0,0,0,0,174.4018,430,430,430,430
2011,6,12,23,0,14.253347,-17.641864,14,-5,14,-5,14,-5,14,-5,2266.0,0,0,0,0,5000.0,0,0,0,0,17.8885,430,430,430,430
2017,8,17,0,0,14.371112,-12.045113,14,-5,14,-5,14,-5,14,-5,2266.0,0,0,0,0,5000.0,0,0,0,0,182.2224,430,430,430,430
2017,9,8,4,0,12.947226,-12.565392,14,-5,14,-5,14,-5,14,-5,2266.0,0,0,0,0,5000.0,0,0,0,0,171.4701,430,430,430,430
2011,9,7,1,0,14.512862,-16.3362,14,-5,14,-5,14,-5,14,-5,2266.0,0,0,0,0,5000.0,0,0,0,0,37.6563,430,430,430,430
2014,9,3,16,0,14.374511,-14.19209,14,-5,14,-5,14,-5,14,-5,2266.0,0,0,0,0,5000.0,0,0,0,0,109.4578,430,430,430,430
2006,9,22,13,0,12.701757,-12.698918,14,-5,14,-5,14,-5,14,-5,2266.0,0,0,0,0,5000.0,0,0,0,0,170.1764,430,430,430,430
2010,8,21,3,0,10.48923,-15.017829,14,-5,14,-5,14,-5,14,-5,2266.0,0,0,0,0,5000.0,0,0,0,0,164.1493,430,430,430,430
2006,8,27,0,0,13.472875,-10.209059,14,-5,14,-5,14,-5,14,-5,2266.0,0,0,0,0,5000.0,0,0,0,0,247.257,430,430,430,430
2012,8,15,4,0,15.585595,-12.993691,14,-5,14,-5,14,-5,14,-5,2266.0,0,0,0,0,5000.0,0,0,0,0,156.3106,430,430,430,430
2010,6,29,13,0,11.247556,-14.519261,14,-5,14,-5,14,-5,14,-5,2266.0,0,0,0,0,5000.0,0,0,0,0,150.0,430,430,430,430
2015,7,18,3,0,12.969881,-10.47682,14,-5,14,-5,14,-5,14,-5,2266.0,0,0,0,0,5000.0,0,0,0,0,241.0809,430,430,430,430
2015,9,13,20,0,13.622541,-11.1592,14,-5,14,-5,14,-5,14,-5,2266.0,0,0,0,0,5000.0,0,0,0,0,213.8831,430,430,430,430
2009,7,27,23,0,15.228895,-10.965704,14,-5,14,-5,14,-5,14,-5,2266.0,0,0,0,0,5000.0,0,0,0,0,221.9955,430,430,430,430
2014,6,1,0,0,10.026684,-10.601694,14,-5,14,-5,14,-5,14,-5,2266.0,0,0,0,0,5000.0,0,0,0,0,277.8381,430,430,430,430
2014,7,5,4,0,17.61035,-16.760516,14,-5,14,-5,14,-5,14,-5,2266.0,0,0,0,0,5000.0,0,0,0,0,105.3043,430,430,430,430
2019,8,3,11,0,10.525685,-15.461733,14,-5,14,-5,14,-5,14,-5,2266.0,0,0,0,0,5000.0,0,0,0,0,156.3714,430,430,430,430
2004,6,19,19,0,14.684444,-13.806949,14,-5,14,-5,14,-5,14,-5,2266.0,0,0,0,0,5000.0,0,0,0,0,123.0041,430,430,430,430
2007,6,8,17,0,13.480981,-10.698583,14,-5,14,-5,14,-5,14,-5,2266.0,0,0,0,0,5000.0,0,0,0,0,230.4973,430,430,430,430
2019,7,25,0,0,14.559813,-10.526906,14,-5,14,-5,14,-5,14,-5,2266.0,0,0,0,0,5000.0,0,0,0,0,235.0085,430,430,430,430
2008,9,3,4,0,14.609235,-16.518558,14,-5,14,-5,14,-5,14,-5,2266.0,0,0,0,0,5000.0,0,0,0,0,31.1448,430,430,430,430
2005,8,19,2,0,17.85663,-10.011974,14,-5,14,-5,14,-5,14,-5,2266.0,0,0,0,0,5000.0,0,0,0,0,282.703,430,430,430,430
2015,9,16,15,0,13.571745,-11.900556,14,-5,14,-5,14,-5,14,-5,2266.0,0,0,0,0,5000.0,0,0,0,0,188.8624,430,430,430,430
2011,7,4,20,0,15.092507,-16.518048,14,-5,14,-5,14,-5,14,-5,2266.0,0,0,0,0,5000.0,0,0,0,0,34.9285,430,430,430,430
2018,8,27,14,0,14.633616,-12.766065,14,-5,14,-5,14,-5,14,-5,2266.0,0,0,0,0,5000.0,0,0,0,0,158.0032,430,430,430,430
2008,8,25,1,0,14.749923,-13.668187,14,-5,14,-5,14,-5,14,-5,2266.0,0,0,0,0,5000.0,0,0,0,0,127.0354,430,430,430,430
2005,8,2,10,0,14.735033,-12.328071,14,-5,14,-5,14,-5,14,-5,2266.0,0,0,0,0,5000.0,0,0,0,0,173.026,430,430,430,430
2008,6,22,18,0,16.167824,-17.287598,14,-5,14,-5,14,-5,14,-5,2266.0,0,0,0,0,5000.0,0,0,0,0,51.9711,430,430,430,430
2010,6,28,10,0,17.307964,-14.403,14,-5,14,-5,14,-5,14,-5,2266.0,0,0,0,0,5000.0,0,0,0,0,142.762,430,430,430,430
2010,6,4,3,0,15.572969,-14.898888,14,-5,14,-5,14,-5,14,-5,2266.0,0,0,0,0,5000.0,0,0,0,0,93.3006,430,430,430,430
2011,9,22,5,0,10.408457,-12.69087,14,-5,14,-5,14,-5,14,-5,2266.0,0,0,0,0,5000.0,0,0,0,0,213.5509,430,430,430,430
2007,9,15,0,0,12.925285,-13.57776,14,-5,14,-5,14,-5,14,-5,2266.0,0,0,0,0,5000.0,0,0,0,0,139.5564,430,430,430,430
2006,7,11,21,0,12.132719,-16.368991,14,-5,14,-5,14,-5,14,-5,2266.0,0,0,0,0,5000.0,0,0,0,0,94.5569,430,430,430,430
2010,6,28,6,0,12.36964,-11.265059,14,-5,14,-5,14,-5,14,-5,2266.0,0,0,0,0,5000.0,0,0,0,0,220.0568,430,430,430,430
2016,7,27,16,0,17.392122,-10.171331,14,-5,14,-5,14,-5,14,-5,2266.0,0,0,0,0,5000.0,0,0,0,0,270.6012,430,430,430,430
2010,6,20,14,0,13.314648,-11.814507,14,-5,14,-5,14,-5,14,-5,2266.0,0,0,0,0,5000.0,0,0,0,0,193.786,430,430,430,430
2012,9,31,3,0,11.344425,-12.045953,14,-5,14,-5,14,-5,14,-5,2266.0,0,0,0,0,5000.0,0,0,0,0,210.789,430,430,430,430
2018,9,24,14,0,13.393651,-11.247263,14,-5,14,-5,14,-5,14,-5,2266.0,0,0,0,0,5000.0,0,0,0,0,212.6029,430,430,430,430
2012,9,23,3,0,11.576162,-11.448676,14,-5,14,-5,14,-5,14,-5,2266.0,0,0,0,0,5000.0,0,0,0,0,224.662,430,430,430,430
2010,6,24,17,0,10.578603,-11.231138,14,-5,14,-5,14,-5,14,-5,2266.0,0,0,0,0,5000.0,0,0,0,0,248.3103,430,430,430,430
2013,8,23,7,0,13.389191,-16.874069,14,-5,14,-5,14,-5,14,-5,2266.0,0,0,0,0,5000.0,0,0,0,0,48.3839,430,430,430,430
2005,7,12,6,0,12.447337,-12.325105,14,-5,14,-5,14,-5,14,-5,2266.0,0,0,0,0,5000.0,0,0,0,0,184.8053,430,430,430,430
2007,9,21,21,0,13.57028,-16.133885,14,-5,14,-5,14,-5,14,-5,2266.0,0,0,0,0,5000.0,0,0,0,0,56.5862,430,430,430,430
2012,6,28,21,0,11.910124,-12.454614,14,-5,14,-5,14,-5,14,-5,2266.0,0,0,0,0,5000.0,0,0,0,0,189.1692,430,430,430,430
2006,8,5,8,0,15.182156,-17.488599,14,-5,14,-5,14,-5,14,-5,2266.0,0,0,0,0,5000.0,0,0,0,0,16.0,430,430,430,430
2009,6,31,16,0,16.500142,-16.878527,14,-5,14,-5,14,-5,14,-5,2266.0,0,0,0,0,5000.0,0,0,0,0,66.8506,430,430,430,430
2008,7,2,22,0,11.924514,-17.888769,14,-5,14,-5,14,-5,14,-5,2266.0,0,0,0,0,5000.0,0,0,0,0,99.6895,430,430,430,430
2008,9,12,12,0,14.050039,-11.192544,14,-5,14,-5,14,-5,14,-5,2266.0,0,0,0,0,5000.0,0,0,0,0,211.9457,430,430,430,430
2009,7,18,11,0,17.437897,-14.293522,14,-5,14,-5,14,-5,14,-5,2266.0,0,0,0,0,5000.0,0,0,0,0,148.3947,430,430,430,430
2005,6,5,4,0,10.821994,-14.205559,14,-5,14,-5,14,-5,14,-5,2266.0,0,0,0,0,5000.0,0,0,0,0,168.8076,430,430,430,430
2007,6,7,12,0,12.323666,-15.524822,14,-5,14,-5,14,-5,14,-5,2266.0,0,0,0,0,5000.0,0,0,0,0,101.2571,430,430,430,430
2016,8,24,7,0,11.943673,-10.370468,14,-5,14,-5,14,-5,14,-5,2266.0,0,0,0,0,5000.0,0,0,0,0,254.4032,430,430,430,430
2011,7,21,3,0,13.179283,-17.971413,14,-5,14,-5,14,-5,14,-5,2266.0,0,0,0,0,5000.0,0,0,0,0,58.3095,430,430,430,430
2015,9,15,0,0,13.962097,-12.398418,14,-5,14,-5,14,-5,14,-5,2266.0,0,0,0,0,5000.0,0,0,0,0,170.6956,430,430,430,430
2011,9,5,3,0,16.522163,-11.972905,14,-5,14,-5,14,-5,14,-5,2266.0,0,0,0,0,5000.0,0,0,0,0,200.8109,430,430,430,430
2008,9,30,3,0,15.617298,-16.415235,14,-5,14,-5,14,-5,14,-5,2266.0,0,0,0,0,5000.0,0,0,0,0,48.9183,430,430,430,430
2014,7,26,13,0,12.800843,-14.324223,14,-5,14,-5,14,-5,14,-5,2266.0,0,0,0,0,5000.0,0,0,0,0,119.2686,430,430,430,430
2009,9,24,0,0,11.095699,-14.58098,14,-5,14,-5,14,-5,14,-5,2266.0,0,0,0,0,5000.0,0,0,0,0,153.688,430,430,430,430
2014,7,17,18,0,10.811905,-17.301955,14,-5,14,-5,14,-5,14,-5,2266.0,0,0,0,0,5000.0,0,0,0,0,137.1313,430,430,430,430
2009,9,11,5,0,16.689486,-16.64842,14,-5,14,-5,14,-5,14,-5,2266.0,0,0,0,0,5000.0,0,0,0,0,76.4853,430,430,430,430
2009,9,9,15,0,13.782947,-13.000701,14,-5,14,-5,14,-5,14,-5,2266.0,0,0,0,0,5000.0,0,0,0,0,151.2118,430,430,430,430
2018,6,4,13,0,17.511751,-15.549414,14,-5,14,-5,14,-5,14,-5,2266.0,0,0,0,0,5000.0,0,0,0,0,120.8015,430,430,430,430
2004,7,14,4,0,11.448972,-10.996629,14,-5,14,-5,14,-5,14,-5,2266.0,0,0,0,0,5000.0,0,0,0,0,240.6512,430,430,430,430
2007,7,8,7,0,12.428686,-15.778775,14,-5,14,-5,14,-5,14,-5,2266.0,0,0,0,0,5000.0,0,0,0,0,93.4933,430,430,430,430
2010,7,27,20,0,11.201023,-14.442545,14,-5,14,-5,14,-5,14,-5,2266.0,0,0,0,0,5000.0,0,0,0,0,153.4047,430,430,430,430
2008,6,29,2,0,11.851798,-15.129107,14,-5,14,-5,14,-5,14,-5,2266.0,0,0,0,0,5000.0,0,0,0,0,121.2477,430,430,430,430
2019,8,9,5,0,12.669173,-13.000899,14,-5,14,-5,14,-5,14,-5,2266.0,0,0,0,0,5000.0,0,0,0,0,161.0124,430,430,430,430
2018,6,29,1,0,13.565618,-12.576452,14,-5,14,-5,14,-5,14,-5,2266.0,0,0,0,0,5000.0,0,0,0,0,166.3971,430,430,430,430
2007,6,12,8,0,12.406855,-15.420946,14,-5,14,-5,14,-5,14,-5,2266.0,0,0,0,0,5000.0,0,0,0,0,101.2126,430,430,430,430
2005,7,14,20,0,17.986236,-16.093809,14,-5,14,-5,14,-5,14,-5,2266.0,0,0,0,0,5000.0,0,0,0,0,126.115,430,430,430,430
2006,6,6,4,0,16.102892,-12.403307,14,-5,14,-5,14,-5,14,-5,2266.0,0,0,0,0,5000.0,0,0,0,0,181.0414,430,430,430,430
2010,7,1,10,0,15.182725,-17.027507,14,-5,14,-5,14,-5,14,-5,2266.0,0,0,0,0,5000.0,0,0,0,0,22.6274,430,430,430,430
2014,6,21,22,0,10.044579,-12.035574,14,-5,14,-5,14,-5,14,-5,2266.0,0,0,0,0,5000.0,0,0,0,0,238.4219,430,430,430,430
2014,8,9,1,0,10.664228,-16.058247,14,-5,14,-5,14,-5,14,-5,2266.0,0,0,0,0,5000.0,0,0,0,0,146.4923,430,430,430,430
2008,7,28,12,0,17.913821,-10.271087,14,-5,14,-5,14,-5,14,-5,2266.0,0,0,0,0,5000.0,0,0,0,0,275.6755,430,430,430,430
2010,7,18,9,0,17.370598,-13.333884,14,-5,14,-5,14,-5,14,-5,2266.0,0,0,0,0,5000.0,0,0,0,0,173.104,430,430,430,430
2016,7,11,8,0,13.649856,-14.301299,14,-5,14,-5,14,-5,14,-5,2266.0,0,0,0,0,5000.0,0,0,0,0,109.11,430,430,430,430
2017,8,17,14,0,12.717913,-10.261174,14,-5,14,-5,14,-5,14,-5,2266.0,0,0,0,0,5000.0,0,0,0,0,250.14,430,430,430,430
2017,6,19,1,0,16.527836,-10.064598,14,-5,14,-5,14,-5,14,-5,2266.0,0,0,0,0,5000.0,0,0,0,0,263.4027,430,430,430,430
2015,8,13,10,0,12.407054,-13.361194,14,-5,14,-5,14,-5,14,-5,2266.0,0,0,0,0,5000.0,0,0,0,0,153.8343,430,430,430,430
2013,9,6,5,0,15.456543,-14.930967,14,-5,14,-5,14,-5,14,-5,2266.0,0,0,0,0,5000.0,0,0,0,0,91.0934,430,430,430,430
2015,9,17,23,0,14.673424,-16.427862,14,-5,14,-5,14,-5,14,-5,2266.0,0,0,0,0,5000.0,0,0,0,0,34.0147,430,430,430,430
2008,8,22,0,0,12.510946,-16.920425,14,-5,14,-5,14,-5,14,-5,2266.0,0,0,0,0,5000.0,0,0,0,0,76.7919,430,430,430,430
2015,6,11,6,0,15.14223,-15.326856,14,-5,14,-5,14,-5,14,-5,2266.0,0,0,0,0,5000.0,0,0,0,0,73.7564,430,430,430,430
2016,8,5,19,0,13.39869,-14.95547,14,-5,14,-5,14,-5,14,-5,2266.0,0,0,0,0,5000.0,0,0,0,0,91.3017,430,430,430,430
2012,7,7,8,0,10.421999,-10.833169,14,-5,14,-5,14,-5,14,-5,2266.0,0,0,0,0,5000.0,0,0,0,0,263.2299,430,430,430,430
2010,8,1,7,0,15.819797,-15.407734,14,-5,14,-5,14,-5,14,-5,2266.0,0,0,0,0,5000.0,0,0,0,0,81.8841,430,430,430,430
2014,7,10,4,0,17.189595,-12.595014,14,-5,14,-5,14,-5,14,-5,2266.0,0,0,0,0,5000.0,0,0,0,0,191.4262,430,430,430,430
2017,6,14,20,0,17.933369,-14.294296,14,-5,14,-5,14,-5,14,-5,2266.0,0,0,0,0,5000.0,0,0,0,0,161.2452,430,430,430,430
2013,8,2,1,0,10.876863,-17.027212,14,-5,14,-5,14,-5,14,-5,2266.0,0,0,0,0,5000.0,0,0,0,0,135.0592,430,430,430,430
2017,8,24,12,0,15.971773,-13.370018,14,-5,14,-5,14,-5,14,-5,2266.0,0,0,0,0,5000.0,0,0,0,0,148.0068,430,430,430,430
2007,6,1,23,0,11.734476,-13.619233,14,-5,14,-5,14,-5,14,-5,2266.0,0,0,0,0,5000.0,0,0,0,0,159.022,430,430,430,430
2018,8,3,18,0,14.238431,-11.137789,14,-5,14,-5,14,-5,14,-5,2266.0,0,0,0,0,5000.0,0,0,0,0,213.4596,430,430,430,430
2013,9,20,6,0,10.42461,-17.095589,14,-5,14,-5,14,-5,14,-5,2266.0,0,0,0,0,5000.0,0,0,0,0,150.0,430,430,430,430
2014,9,4,12,0,13.540809,-16.884663,14,-5,14,-5,14,-5,14,-5,2266.0,0,0,0,0,5000.0,0,0,0,0,43.6578,430,430,430,430
2012,9,17,6,0,17.90994,-16.413979,14,-5,14,-5,14,-5,14,-5,2266.0,0,0,0,0,5000.0,0,0,0,0,118.8486,430,430,430,430
2013,6,8,13,0,14.957064,-14.450744,14,-5,14,-5,14,-5,14,-5,2266.0,0,0,0,0,5000.0,0,0,0,0,101.4938,430,430,430,430
2014,6,27,5,0,16.253395,-17.578963,14,-5,14,-5,14,-5,14,-5,2266.0,0,0,0,0,5000.0,0,0,0,0,53.0094,430,430,430,430
2018,7,3,5,0,12.595161,-14.241819,14,-5,14,-5,14,-5,14,-5,2266.0,0,0,0,0,5000.0,0,0,0,0,126.2458,430,430,430,430
2019,9,29,14,0,10.909071,-12.870582,14,-5,14,-5,14,-5,14,-5,2266.0,0,0,0,0,5000.0,0,0,0,0,197.5677,430,430,430,430
2007,8,2,13,0,14.273717,-11.385531,14,-5,14,-5,14,-5,14,-5,2266.0,0,0,0,0,5000.0,0,0,0,0,205.4118,430,430,430,430
2012,9,22,8,0,13.53828,-15.639834,14,-5,14,-5,14,-5,14,-5,2266.0,0,0,0,0,5000.0,0,0,0,0,69.6348,430,430,430,430
2008,9,19,11,0,12.527137,-16.1148,14,-5,14,-5,14,-5,14,-5,2266.0,0,0,0,0,5000.0,0,0,0,0,85.4225,430,430,430,430
2009,6,2,21,0,17.463882,-11.610299,14,-5,14,-5,14,-5,14,-5,2266.0,0,0,0,0,5000.0,0,0,0,0,226.7907,430,430,430,430
2015,8,8,4,0,12.747666,-14.401329,14,-5,14,-5,14,-5,14,-5,2266.0,0,0,0,0,5000.0,0,0,0,0,117.8898,430,430,430,430
2013,7,10,17,0,10.80888,-13.284963,14,-5,14,-5,14,-5,14,-5,2266.0,0,0,0,0,5000.0,0,0,0,0,189.5257,430,430,430,430
2017,6,2,8,0,15.831252,-16.176378,14,-5,14,-5,14,-5,14,-5,2266.0,0,0,0,0,5000.0,0,0,0,0,60.3075,430,430,430,430
2019,7,3,16,0,13.536123,-12.601219,14,-5,14,-5,14,-5,14,-5,2266.0,0,0,0,0,5000.0,0,0,0,0,165.6563,430,430,430,430
2016,7,22,14,0,13.541148,-13.595636,14,-5,14,-5,14,-5,14,-5,2266.0,0,0,0,0,5000.0,0,0,0,0,132.8533,430,430,430,430
2015,7,2,20,0,11.558794,-11.640015,14,-5,14,-5,14,-5,14,-5,2266.0,0,0,0,0,5000.0,0,0,0,0,219.9136,430,430,430,430
2017,9,2,14,0,10.876901,-14.234282,14,-5,14,-5,14,-5,14,-5,2266.0,0,0,0,0,5000.0,0,0,0,0,165.8011,430,430,430,430
2006,8,27,19,0,12.328929,-17.156881,14,-5,14,-5,14,-5,14,-5,2266.0,0,0,0,0,5000.0,0,0,0,0,83.0542,430,430,430,430
2007,9,18,22,0,16.844344,-16.398429,14,-5,14,-5,14,-5,14,-5,2266.0,0,0,0,0,5000.0,0,0,0,0,85.0882,430,430,430,430
2006,7,3,0,0,13.754142,-13.097929,14,-5,14,-5,14,-5,14,-5,2266.0,0,0,0,0,5000.0,0,0,0,0,148.4891,430,430,430,430
2019,6,4,1,0,12.156898,-14.162691,14,-5,14,-5,14,-5,14,-5,2266.0,0,0,0,0,5000.0,0,0,0,0,136.2351,430,430,430,430
2016,8,23,17,0,14.243751,-14.441465,14,-5,14,-5,14,-5,14,-5,2266.0,0,0,0,0,5000.0,0,0,0,0,101.1187,430,430,430,430
2008,9,29,11,0,12.905269,-15.951829,14,-5,14,-5,14,-5,14,-5,2266.0,0,0,0,0,5000.0,0,0,0,0,77.4209,430,430,430,430
2019,8,26,3,0,17.249387,-13.924159,14,-5,14,-5,14,-5,14,-5,2266.0,0,0,0,0,5000.0,0,0,0,0,154.2628,430,430,430,430
2017,7,23,14,0,15.610736,-13.727883,14,-5,14,-5,14,-5,14,-5,2266.0,0,0,0,0,5000.0,0,0,0,0,132.1855,430,430,430,430
2007,6,18,18,0,12.288498,-14.170842,14,-5,14,-5,14,-5,14,-5,2266.0,0,0,0,0,5000.0,0,0,0,0,133.6862,430,430,430,430
2009,9,19,15,0,16.585711,-10.992057,14,-5,14,-5,14,-5,14,-5,2266.0,0,0,0,0,5000.0,0,0,0,0,233.1373,430,430,430,430
2019,8,23,4,0,17.526363,-16.27267,14,-5,14,-5,14,-5,14,-5,2266.0,0,0,0,0,5000.0,0,0,0,0,108.6738,430,430,430,430
2010,6,18,12,0,12.761724,-17.048416,14,-5,14,-5,14,-5,14,-5,2266.0,0,0,0,0,5000.0,0,0,0,0,68.469,430,430,430,430
2011,7,4,14,0,17.906042,-12.951909,14,-5,14,-5,14,-5,14,-5,2266.0,0,0,0,0,5000.0,0,0,0,0,195.3049,430,430,430,430
2006,9,11,6,0,15.638999,-14.554096,14,-5,14,-5,14,-5,14,-5,2266.0,0,0,0,0,5000.0,0,0,0,0,105.3043,430,430,430,430
2015,8,7,13,0,11.948406,-14.902167,14,-5,14,-5,14,-5,14,-5,2266.0,0,0,0,0,5000.0,0,0,0,0,123.6932,430,430,430,430
2005,7,20,5,0,12.309507,-13.740768,14,-5,14,-5,14,-5,14,-5,2266.0,0,0,0,0,5000.0,0,0,0,0,144.5164,430,430,430,430
2004,8,8,23,0,16.529767,-11.345731,14,-5,14,-5,14,-5,14,-5,2266.0,0,0,0,0,5000.0,0,0,0,0,221.0814,430,430,430,430
2013,8,9,8,0,12.289762,-16.579343,14,-5,14,-5,14,-5,14,-5,2266.0,0,0,0,0,5000.0,0,0,0,0,86.8332,430,430,430,430
2014,7,7,20,0,15.785007,-14.663788,14,-5,14,-5,14,-5,14,-5,2266.0,0,0,0,0,5000.0,0,0,0,0,104.1777,430,430,430,430
2010,6,10,3,0,11.455613,-13.165225,14,-5,14,-5,14,-5,14,-5,2266.0,0,0,0,0,5000.0,0,0,0,0,177.5894,430,430,430,430
2014,8,21,10,0,10.900284,-17.235859,14,-5,14,-5,14,-5,14,-5,2266.0,0,0,0,0,5000.0,0,0,0,0,134.0336,430,430,430,430
2014,8,14,18,0,10.09641,-16.343307,14,-5,14,-5,14,-5,14,-5,2266.0,0,0,0,0,5000.0,0,0,0,0,163.9177,430,430,430,430
2004,6,4,8,0,13.832066,-16.701523,14,-5,14,-5,14,-5,14,-5,2266.0,0,0,0,0,5000.0,0,0,0,0,37.2022,430,430,430,430
2006,6,15,22,0,10.5495,-14.059908,14,-5,14,-5,14,-5,14,-5,2266.0,0,0,0,0,5000.0,0,0,0,0,179.0251,430,430,430,430
2004,9,22,11,0,17.225164,-17.907993,14,-5,14,-5,14,-5,14,-5,2266.0,0,0,0,0,5000.0,0,0,0,0,86.209,430,430,430,430
2009,7,25,20,0,11.824626,-10.789439,14,-5,14,-5,14,-5,14,-5,2266.0,0,0,0,0,5000.0,0,0,0,0,241.754,430,430,430,430
2012,8,7,4,0,15.07391,-11.356216,14,-5,14,-5,14,-5,14,-5,2266.0,0,0,0,0,5000.0,0,0,0,0,208.5402,430,430,430,430
2005,9,1,8,0,17.274476,-16.250026,14,-5,14,-5,14,-5,14,-5,2266.0,0,0,0,0,5000.0,0,0,0,0,101.1187,430,430,430,430
2007,8,21,0,0,15.916277,-15.911869,14,-5,14,-5,14,-5,14,-5,2266.0,0,0,0,0,5000.0,0,0,0,0,69.2026,430,430,430,430
2019,9,13,10,0,17.507448,-10.342804,14,-5,14,-5,14,-5,14,-5,2266.0,0,0,0,0,5000.0,0,0,0,0,267.03,430,430,430,430
2017,8,6,20,0,11.281699,-11.501967,14,-5,14,-5,14,-5,14,-5,2266.0,0,0,0,0,5000.0,0,0,0,0,227.9232,430,430,430,430
2006,6,14,15,0,10.377037,-13.204799,14,-5,14,-5,14,-5,14,-5,2266.0,0,0,0,0,5000.0,0,0,0,0,201.8836,430,430,430,430
2007,7,28,17,0,13.855431,-13.203366,14,-5,14,-5,14,-5,14,-5,2266.0,0,0,0,0,5000.0,0,0,0,0,143.7533,430,430,430,430
2014,7,31,10,0,16.079349,-11.039794,14,-5,14,-5,14,-5,14,-5,2266.0,0,0,0,0,5000.0,0,0,0,0,226.5855,430,430,430,430
2006,8,22,10,0,14.024171,-17.410712,14,-5,14,-5,14,-5,14,-5,2266.0,0,0,0,0,5000.0,0,0,0,0,24.0208,430,430,430,430
2013,6,1,20,0,17.310112,-17.513745,14,-5,14,-5,14,-5,14,-5,2266.0,0,0,0,0,5000.0,0,0,0,0,89.2749,430,430,430,430
2009,8,2,23,0,16.35577,-17.03009,14,-5,14,-5,14,-5,14,-5,2266.0,0,0,0,0,5000.0,0,0,0,0,60.407,430,430,430,430
2016,8,6,5,0,17.221055,-12.924496,14,-5,14,-5,14,-5,14,-5,2266.0,0,0,0,0,5000.0,0,0,0,0,182.2142,430,430,430,430
2005,9,30,10,0,12.4814,-11.078844,14,-5,14,-5,14,-5,14,-5,2266.0,0,0,0,0,5000.0,0,0,0,0,224.8755,430,430,430,430
2007,7,26,0,0,11.443125,-16.275454,14,-5,14,-5,14,-5,14,-5,2266.0,0,0,0,0,5000.0,0,0,0,0,117.8813,430,430,430,430
2012,7,17,10,0,12.607127,-14.68932,14,-5,14,-5,14,-5,14,-5,2266.0,0,0,0,0,5000.0,0,0,0,0,112.9292,430,430,430,430
2015,8,13,5,0,11.749374,-10.642317,14,-5,14,-5,14,-5,14,-5,2266.0,0,0,0,0,5000.0,0,0,0,0,247.5419,430,430,430,430
2009,7,9,1,0,13.523298,-10.385392,14,-5,14,-5,14,-5,14,-5,2266.0,0,0,0,0,5000.0,0,0,0,0,241.1742,430,430,430,430
2019,6,16,12,0,12.026008,-14.251579,14,-5,14,-5,14,-5,14,-5,2266.0,0,0,0,0,5000.0,0,0,0,0,137.2953,430,430,430,430
2019,6,19,15,0,16.412814,-10.085319,14,-5,14,-5,14,-5,14,-5,2266.0,0,0,0,0,5000.0,0,0,0,0,261.4575,430,430,430,430
2019,7,1,3,0,13.597937,-14.239923,14,-5,14,-5,14,-5,14,-5,2266.0,0,0,0,0,5000.0,0,0,0,0,111.6647,430,430,430,430
2013,6,16,11,0,17.525352,-14.542376,14,-5,14,-5,14,-5,14,-5,2266.0,0,0,0,0,5000.0,0,0,0,0,144.3607,430,430,430,430
2017,8,24,3,0,13.523558,-10.374813,14,-5,14,-5,14,-5,14,-5,2266.0,0,0,0,0,5000.0,0,0,0,0,242.1611,430,430,430,430
2012,6,1,11,0,13.975104,-16.990139,14,-5,14,-5,14,-5,14,-5,2266.0,0,0,0,0,5000.0,0,0,0,0,29.0689,430,430,430,430
2010,6,6,17,0,17.531652,-13.988194,14,-5,14,-5,14,-5,14,-5,2266.0,0,0,0,0,5000.0,0,0,0,0,158.6726,430,430,430,430
2016,6,15,6,0,12.88565,-10.794416,14,-5,14,-5,14,-5,14,-5,2266.0,0,0,0,0,5000.0,0,0,0,0,231.1926,430,430,430,430
2005,6,12,5,0,10.137126,-10.419,14,-5,14,-5,14,-5,14,-5,2266.0,0,0,0,0,5000.0,0,0,0,0,281.2561,430,430,430,430
2005,8,20,19,0,10.700052,-17.396002,14,-5,14,-5,14,-5,14,-5,2266.0,0,0,0,0,5000.0,0,0,0,0,141.2869,430,430,430,430
2010,8,21,4,0,17.538074,-14.176272,14,-5,14,-5,14,-5,14,-5,2266.0,0,0,0,0,5000.0,0,0,0,0,154.0292,430,430,430,430
2015,9,6,9,0,11.437646,-10.141883,14,-5,14,-5,14,-5,14,-5,2266.0,0,0,0,0,5000.0,0,0,0,0,267.5687,430,430,430,430
2018,7,27,18,0,12.681729,-10.469285,14,-5,14,-5,14,-5,14,-5,2266.0,0,0,0,0,5000.0,0,0,0,0,243.6801,430,430,430,430
2008,7,15,12,0,13.67593,-15.056533,14,-5,14,-5,14,-5,14,-5,2266.0,0,0,0,0,5000.0,0,0,0,0,84.5813,430,430,430,430
2010,6,30,1,0,14.586686,-10.715825,14,-5,14,-5,14,-5,14,-5,2266.0,0,0,0,0,5000.0,0,0,0,0,229.0087,430,430,430,430
2016,9,13,23,0,17.840689,-12.434184,14,-5,14,-5,14,-5,14,-5,2266.0,0,0,0,0,5000.0,0,0,0,0,209.2463,430,430,430,430
2006,6,30,15,0,12.946446,-11.091247,14,-5,14,-5,14,-5,14,-5,2266.0,0,0,0,0,5000.0,0,0,0,0,220.0568,430,430,430,430
2007,9,15,1,0,17.394555,-13.656617,14,-5,14,-5,14,-5,14,-5,2266.0,0,0,0,0,5000.0,0,0,0,0,164.5023,430,430,430,430
2007,8,21,2,0,15.692406,-11.028009,14,-5,14,-5,14,-5,14,-5,2266.0,0,0,0,0,5000.0,0,0,0,0,223.0897,430,430,430,430
2012,9,14,11,0,15.475851,-12.796541,14,-5,14,-5,14,-5,14,-5,2266.0,0,0,0,0,5000.0,0,0,0,0,161.623,430,430,430,430
2007,7,26,7,0,13.045737,-13.196724,14,-5,14,-5,14,-5,14,-5,2266.0,0,0,0,0,5000.0,0,0,0,0,150.2332,430,430,430,430
2019,8,25,2,0,11.945458,-17.040955,14,-5,14,-5,14,-5,14,-5,2266.0,0,0,0,0,5000.0,0,0,0,0,97.1854,430,430,430,430
2014,9,11,22,0,12.06826,-14.430102,14,-5,14,-5,14,-5,14,-5,2266.0,0,0,0,0,5000.0,0,0,0,0,131.5523,430,430,430,430
2004,7,15,20,0,12.756512,-12.384181,14,-5,14,-5,14,-5,14,-5,2266.0,0,0,0,0,5000.0,0,0,0,0,179.5689,430,430,430,430
2007,8,1,2,0,13.060222,-13.961107,14,-5,14,-5,14,-5,14,-5,2266.0,0,0,0,0,5000.0,0,0,0,0,126.115,430,430,430,430
2016,7,30,21,0,12.326846,-17.28779,14,-5,14,-5,14,-5,14,-5,2266.0,0,0,0,0,5000.0,0,0,0,0,84.0238,430,430,430,430
2012,7,4,6,0,15.734363,-16.207117,14,-5,14,-5,14,-5,14,-5,2266.0,0,0,0,0,5000.0,0,0,0,0,57.6281,430,430,430,430
2015,7,20,13,0,13.723531,-13.248351,14,-5,14,-5,14,-5,14,-5,2266.0,0,0,0,0,5000.0,0,0,0,0,142.8636,430,430,430,430
2010,9,2,23,0,15.380979,-14.682055,14,-5,14,-5,14,-5,14,-5,2266.0,0,0,0,0,5000.0,0,0,0,0,97.9847,430,430,430,430
2016,7,22,3,0,12.232801,-10.857774,14,-5,14,-5,14,-5,14,-5,2266.0,0,0,0,0,5000.0,0,0,0,0,234.557,430,430,430,430
2006,8,28,13,0,15.154195,-16.015775,14,-5,14,-5,14,-5,14,-5,2266.0,0,0,0,0,5000.0,0,0,0,0,51.5461,430,430,430,430
2007,9,28,2,0,16.14475,-13.705528,14,-5,14,-5,14,-5,14,-5,2266.0,0,0,0,0,5000.0,0,0,0,0,139.646,430,430,430,430
2004,6,16,8,0,13.358152,-17.220873,14,-5,14,-5,14,-5,14,-5,2266.0,0,0,0,0,5000.0,0,0,0,0,47.1699,430,430,430,430
2017,9,12,10,0,11.777292,-17.156604,14,-5,14,-5,14,-5,14,-5,2266.0,0,0,0,0,5000.0,0,0,0,0,103.0049,430,430,430,430
2013,6,20,13,0,15.577835,-12.018953,14,-5,14,-5,14,-5,14,-5,2266.0,0,0,0,0,5000.0,0,0,0,0,188.7326,430,430,430,430
2015,7,20,23,0,13.485974,-17.565644,14,-5,14,-5,14,-5,14,-5,2266.0,0,0,0,0,5000.0,0,0,0,0,43.566,430,430,430,430
2012,8,22,19,0,11.359492,-10.440754,14,-5,14,-5,14,-5,14,-5,2266.0,0,0,0,0,5000.0,0,0,0,0,259.8346,430,430,430,430
2010,9,22,14,0,17.135325,-14.813919,14,-5,14,-5,14,-5,14,-5,2266.0,0,0,0,0,5000.0,0,0,0,0,128.2225,430,430,430,430
2010,9,28,22,0,11.131486,-14.45222,14,-5,14,-5,14,-5,14,-5,2266.0,0,0,0,0,5000.0,0,0,0,0,154.4021,430,430,430,430
2012,9,3,16,0,13.468184,-17.84369,14,-5,14,-5,14,-5,14,-5,2266.0,0,0,0,0,5000.0,0,0,0,0,46.2385,430,430,430,430
2006,8,20,4,0,15.751933,-12.740496,14,-5,14,-5,14,-5,14,-5,2266.0,0,0,0,0,5000.0,0,0,0,0,166.3971,430,430,430,430
2013,9,11,22,0,14.692676,-11.544458,14,-5,14,-5,14,-5,14,-5,2266.0,0,0,0,0,5000.0,0,0,0,0,200.01,430,430,430,430
2009,8,21,23,0,16.566541,-16.286825,14,-5,14,-5,14,-5,14,-5,2266.0,0,0,0,0,5000.0,0,0,0,0,78.2368,430,430,430,430
2008,7,25,2,0,10.562061,-15.049793,14,-5,14,-5,14,-5,14,-5,2266.0,0,0,0,0,5000.0,0,0,0,0,161.0124,430,430,430,430
2010,8,26,19,0,17.050358,-11.79583,14,-5,14,-5,14,-5,14,-5,2266.0,0,0,0,0,5000.0,0,0,0,0,214.1612,430,430,430,430
2008,9,11,5,0,12.042954,-12.132384,14,-5,14,-5,14,-5,14,-5,2266.0,0,0,0,0,5000.0,0,0,0,0,196.8248,430,430,430,430
2019,6,14,19,0,14.533308,-15.788043,14,-5,14,-5,14,-5,14,-5,2266.0,0,0,0,0,5000.0,0,0,0,0,55.3263,430,430,430,430
2008,7,18,12,0,15.765179,-15.731627,14,-5,14,-5,14,-5,14,-5,2266.0,0,0,0,0,5000.0,0,0,0,0,71.3442,430,430,430,430
2015,7,14,8,0,12.732557,-16.380604,14,-5,14,-5,14,-5,14,-5,2266.0,0,0,0,0,5000.0,0,0,0,0,75.2396,430,430,430,430
2016,7,26,17,0,14.462888,-14.413251,14,-5,14,-5,14,-5,14,-5,2266.0,0,0,0,0,5000.0,0,0,0,0,101.2423,430,430,430,430
2004,6,29,0,0,15.058487,-17.915903,14,-5,14,-5,14,-5,14,-5,2266.0,0,0,0,0,5000.0,0,0,0,0,18.4391,430,430,430,430
2013,7,10,11,0,13.245874,-17.699589,14,-5,14,-5,14,-5,14,-5,2266.0,0,0,0,0,5000.0,0,0,0,0,52.6308,430,430,430,430
2018,6,15,1,0,12.440424,-17.309868,14,-5,14,-5,14,-5,14,-5,2266.0,0,0,0,0,5000.0,0,0,0,0,80.025,430,430,430,430
2008,9,9,21,0,14.364316,-10.636428,14,-5,14,-5,14,-5,14,-5,2266.0,0,0,0,0,5000.0,0,0,0,0,231.1753,430,430,430,430
2013,8,14,18,0,16.834837,-14.069949,14,-5,14,-5,14,-5,14,-5,2266.0,0,0,0,0,5000.0,0,0,0,0,141.5097,430,430,430,430
2012,9,15,6,0,12.753481,-17.982328,14,-5,14,-5,14,-5,14,-5,2266.0,0,0,0,0,5000.0,0,0,0,0,73.0548,430,430,430,430
2009,8,12,17,0,15.156883,-15.423779,14,-5,14,-5,14,-5,14,-5,2266.0,0,0,0,0,5000.0,0,0,0,0,71.0634,430,430,430,430
2005,7,6,1,0,13.128016,-13.022518,14,-5,14,-5,14,-5,14,-5,2266.0,0,0,0,0,5000.0,0,0,0,0,155.6663,430,430,430,430
2008,7,3,17,0,11.476034,-13.510946,14,-5,14,-5,14,-5,14,-5,2266.0,0,0,0,0,5000.0,0,0,0,0,167.8362,430,430,430,430
2004,6,12,15,0,13.597912,-14.987626,14,-5,14,-5,14,-5,14,-5,2266.0,0,0,0,0,5000.0,0,0,0,0,88.5664,430,430,430,430
2012,6,27,23,0,16.702191,-12.151237,14,-5,14,-5,14,-5,14,-5,2266.0,0,0,0,0,5000.0,0,0,0,0,197.5854,430,430,430,430
2010,9,10,12,0,11.265116,-10.706975,14,-5,14,-5,14,-5,14,-5,2266.0,0,0,0,0,5000.0,0,0,0,0,252.2955,430,430,430,430
2004,7,31,8,0,10.015392,-16.05454,14,-5,14,-5,14,-5,14,-5,2266.0,0,0,0,0,5000.0,0,0,0,0,168.6713,430,430,430,430
2005,8,27,16,0,11.096566,-15.269015,14,-5,14,-5,14,-5,14,-5,2266.0,0,0,0,0,5000.0,0,0,0,0,141.3223,430,430,430,430
2006,8,21,11,0,11.183913,-15.750612,14,-5,14,-5,14,-5,14,-5,2266.0,0,0,0,0,5000.0,0,0,0,0,132.0341,430,430,430,430
2009,6,3,18,0,13.203634,-14.212912,14,-5,14,-5,14,-5,14,-5,2266.0,0,0,0,0,5000.0,0,0,0,0,116.7305,430,430,430,430
2006,8,30,22,0,12.158791,-17.456175,14,-5,14,-5,14,-5,14,-5,2266.0,0,0,0,0,5000.0,0,0,0,0,90.3549,430,430,430,430
2014,7,29,7,0,14.324472,-12.932923,14,-5,14,-5,14,-5,14,-5,2266.0,0,0,0,0,5000.0,0,0,0,0,152.4729,430,430,430,430
2015,6,25,13,0,15.247578,-17.77057,14,-5,14,-5,14,-5,14,-5,2266.0,0,0,0,0,5000.0,0,0,0,0,21.0238,430,430,430,430
2009,8,18,13,0,10.846901,-12.653892,14,-5,14,-5,14,-5,14,-5,2266.0,0,0,0,0,5000.0,0,0,0,0,204.1372,430,430,430,430
2015,9,16,1,0,10.82056,-17.467275,14,-5,14,-5,14,-5,14,-5,2266.0,0,0,0,0,5000.0,0,0,0,0,137.4409,430,430,430,430
2005,6,23,5,0,13.613494,-15.082068,14,-5,14,-5,14,-5,14,-5,2266.0,0,0,0,0,5000.0,0,0,0,0,84.5281,430,430,430,430
2004,8,25,18,0,15.386743,-17.677509,14,-5,14,-5,14,-5,14,-5,2266.0,0,0,0,0,5000.0,0,0,0,0,23.5372,430,430,430,430
2012,7,31,23,0,11.802494,-15.718517,14,-5,14,-5,14,-5,14,-5,2266.0,0,0,0,0,5000.0,0,0,0,0,112.6987,430,430,430,430
2004,7,1,10,0,12.602145,-17.936529,14,-5,14,-5,14,-5,14,-5,2266.0,0,0,0,0,5000.0,0,0,0,0,77.201,430,430,430,430
2010,9,14,21,0,14.407063,-17.895984,14,-5,14,-5,14,-5,14,-5,2266.0,0,0,0,0,5000.0,0,0,0,0,19.4165,430,430,430,430
2011,6,26,16,0,12.404508,-10.721391,14,-5,14,-5,14,-5,14,-5,2266.0,0,0,0,0,5000.0,0,0,0,0,237.1919,430,430,430,430
2007,9,5,17,0,11.265562,-12.893104,14,-5,14,-5,14,-5,14,-5,2266.0,0,0,0,0,5000.0,0,0,0,0,188.3534,430,430,430,430
2007,7,25,5,0,13.652319,-10.600512,14,-5,14,-5,14,-5,14,-5,2266.0,0,0,0,0,5000.0,0,0,0,0,233.4888,430,430,430,430
2015,6,10,2,0,13.525557,-16.378796,14,-5,14,-5,14,-5,14,-5,2266.0,0,0,0,0,5000.0,0,0,0,0,52.0096,430,430,430,430
2018,9,6,15,0,17.965256,-12.208452,14,-5,14,-5,14,-5,14,-5,2266.0,0,0,0,0,5000.0,0,0,0,0,218.1559,430,430,430,430
2008,8,5,22,0,11.037361,-13.774348,14,-5,14,-5,14,-5,14,-5,2266.0,0,0,0,0,5000.0,0,0,0,0,172.0727,430,430,430,430
2015,8,6,9,0,12.450034,-10.944713,14,-5,14,-5,14,-5,14,-5,2266.0,0,0,0,0,5000.0,0,0,0,0,230.2564,430,430,430,430
2005,8,3,19,0,11.287636,-12.848851,14,-5,14,-5,14,-5,14,-5,2266.0,0,0,0,0,5000.0,0,0,0,0,189.9079,430,430,430,430
2015,9,31,20,0,17.660653,-10.72937,14,-5,14,-5,14,-5,14,-5,2266.0,0,0,0,0,5000.0,0,0,0,0,256.9844,430,430,430,430
2015,9,5,0,0,17.203933,-12.691289,14,-5,14,-5,14,-5,14,-5,2266.0,0,0,0,0,5000.0,0,0,0,0,188.7671,430,430,430,430
2009,7,22,11,0,12.42437,-17.400774,14,-5,14,-5,14,-5,14,-5,2266.0,0,0,0,0,5000.0,0,0,0,0,80.1561,430,430,430,430
2006,9,22,13,0,11.374851,-10.851252,14,-5,14,-5,14,-5,14,-5,2266.0,0,0,0,0,5000.0,0,0,0,0,246.4731,430,430,430,430
2019,6,16,11,0,15.663275,-17.165129,14,-5,14,-5,14,-5,14,-5,2266.0,0,0,0,0,5000.0,0,0,0,0,35.4683,430,430,430,430
2017,8,18,9,0,17.776268,-13.92086,14,-5,14,-5,14,-5,14,-5,2266.0,0,0,0,0,5000.0,0,0,0,0,166.0663,430,430,430,430
2015,6,2,23,0,11.37444,-14.163166,14,-5,14,-5,14,-5,14,-5,2266.0,0,0,0,0,5000.0,0,0,0,0,155.129,430,430,430,430
2015,6,14,20,0,13.193458,-16.28896,14,-5,14,-5,14,-5,14,-5,2266.0,0,0,0,0,5000.0,0,0,0,0,62.9682,430,430,430,430
2007,6,9,7,0,15.063496,-13.791249,14,-5,14,-5,14,-5,14,-5,2266.0,0,0,0,0,5000.0,0,0,0,0,124.7878,430,430,430,430
2010,9,27,21,0,12.19294,-11.577822,14,-5,14,-5,14,-5,14,-5,2266.0,0,0,0,0,5000.0,0,0,0,0,212.2074,430,430,430,430
2011,9,15,11,0,14.310472,-15.284516,14,-5,14,-5,14,-5,14,-5,2266.0,0,0,0,0,5000.0,0,0,0,0,72.1803,430,430,430,430
2009,9,27,5,0,11.262506,-14.004341,14,-5,14,-5,14,-5,14,-5,2266.0,0,0,0,0,5000.0,0,0,0,0,161.4435,430,430,430,430
2011,9,17,20,0,11.231707,-10.675399,14,-5,14,-5,14,-5,14,-5,2266.0,0,0,0,0,5000.0,0,0,0,0,254.1181,430,430,430,430
2009,7,4,13,0,13.95937,-10.698154,14,-5,14,-5,14,-5,14,-5,2266.0,0,0,0,0,5000.0,0,0,0,0,229.1572,430,430,430,430
2019,8,8,5,0,12.559008,-14.31796,14,-5,14,-5,14,-5,14,-5,2266.0,0,0,0,0,5000.0,0,0,0,0,124.4026,430,430,430,430
2013,8,8,2,0,14.170924,-10.813248,14,-5,14,-5,14,-5,14,-5,2266.0,0,0,0,0,5000.0,0,0,0,0,224.5707,430,430,430,430
2013,8,17,21,0,11.015588,-14.811004,14,-5,14,-5,14,-5,14,-5,2266.0,0,0,0,0,5000.0,0,0,0,0,151.7926,430,430,430,430
2014,6,9,16,0,10.674961,-10.685303,14,-5,14,-5,14,-5,14,-5,2266.0,0,0,0,0,5000.0,0,0,0,0,263.304,430,430,430,430
2004,8,17,23,0,16.532447,-14.795497,14,-5,14,-5,14,-5,14,-5,2266.0,0,0,0,0,5000.0,0,0,0,0,113.719,430,430,430,430
2014,9,12,14,0,15.350718,-13.65569,14,-5,14,-5,14,-5,14,-5,2266.0,0,0,0,0,5000.0,0,0,0,0,131.2136,430,430,430,430
2018,9,30,11,0,14.894275,-11.182533,14,-5,14,-5,14,-5,14,-5,2266.0,0,0,0,0,5000.0,0,0,0,0,213.1901,430,430,430,430
2018,9,8,13,0,17.891829,-17.352882,14,-5,14,-5,14,-5,14,-5,2266.0,0,0,0,0,5000.0,0,0,0,0,110.0273,430,430,430,430
2010,9,15,8,0,14.54312,-10.77396,14,-5,14,-5,14,-5,14,-5,2266.0,0,0,0,0,5000.0,0,0,0,0,227.0198,430,430,430,430
2013,8,30,21,0,13.172164,-15.962988,14,-5,14,-5,14,-5,14,-5,2266.0,0,0,0,0,5000.0,0,0,0,0,69.527,430,430,430,430
2006,9,13,4,0,11.049454,-12.998236,14,-5,14,-5,14,-5,14,-5,2266.0,0,0,0,0,5000.0,0,0,0,0,190.5072,430,430,430,430
2008,7,18,22,0,11.688166,-14.973307,14,-5,14,-5,14,-5,14,-5,2266.0,0,0,0,0,5000.0,0,0,0,0,129.0349,430,430,430,430
2014,9,26,5,0,13.20999,-13.004421,14,-5,14,-5,14,-5,14,-5,2266.0,0,0,0,0,5000.0,0,0,0,0,155.5956,430,430,430,430
2006,8,5,18,0,17.642121,-10.091421,14,-5,14,-5,14,-5,14,-5,2266.0,0,0,0,0,5000.0,0,0,0,0,277.2454,430,430,430,430
2015,8,7,18,0,12.391473,-15.883875,14,-5,14,-5,14,-5,14,-5,2266.0,0,0,0,0,5000.0,0,0,0,0,93.1504,430,430,430,430
2010,7,24,17,0,15.762064,-12.483204,14,-5,14,-5,14,-5,14,-5,2266.0,0,0,0,0,5000.0,0,0,0,0,174.4162,430,430,430,430
2014,9,12,2,0,12.170848,-10.432183,14,-5,14,-5,14,-5,14,-5,2266.0,0,0,0,0,5000.0,0,0,0,0,249.6498,430,430,430,430
2013,7,24,11,0,16.411002,-16.410991,14,-5,14,-5,14,-5,14,-5,2266.0,0,0,0,0,5000.0,0,0,0,0,71.2811,430,430,430,430
2016,9,10,9,0,13.972407,-17.261635,14,-5,14,-5,14,-5,14,-5,2266.0,0,0,0,0,5000.0,0,0,0,0,26.3059,430,430,430,430
2013,8,1,4,0,14.199603,-13.444708,14,-5,14,-5,14,-5,14,-5,2266.0,0,0,0,0,5000.0,0,0,0,0,134.9518,430,430,430,430
2005,9,6,15,0,11.450684,-17.403377,14,-5,14,-5,14,-5,14,-5,2266.0,0,0,0,0,5000.0,0,0,0,0,114.2804,430,430,430,430
2013,8,31,12,0,11.440639,-14.097561,14,-5,14,-5,14,-5,14,-5,2266.0,0,0,0,0,5000.0,0,0,0,0,154.9871,430,430,430,430
2012,8,18,3,0,10.447468,-16.607709,14,-5,14,-5,14,-5,14,-5,2266.0,0,0,0,0,5000.0,0,0,0,0,150.9603,430,430,430,430
2014,6,27,3,0,11.55288,-14.567169,14,-5,14,-5,14,-5,14,-5,2266.0,0,0,0,0,5000.0,0,0,0,0,140.7196,430,430,430,430
2004,7,5,5,0,14.289724,-15.05987,14,-5,14,-5,14,-5,14,-5,2266.0,0,0,0,0,5000.0,0,0,0,0,80.2309,430,430,430,430
2005,6,10,20,0,15.163151,-10.543595,14,-5,14,-5,14,-5,14,-5,2266.0,0,0,0,0,5000.0,0,0,0,0,236.7636,430,430,430,430
2017,9,24,11,0,11.863382,-10.079838,14,-5,14,-5,14,-5,14,-5,2266.0,0,0,0,0,5000.0,0,0,0,0,264.4334,430,430,430,430
2007,7,8,17,0,12.669374,-13.211963,14,-5,14,-5,14,-5,14,-5,2266.0,0,0,0,0,5000.0,0,0,0,0,154.2887,430,430,430,430
2012,9,24,7,0,12.871361,-12.556868,14,-5,14,-5,14,-5,14,-5,2266.0,0,0,0,0,5000.0,0,0,0,0,172.5254,430,430,430,430
2016,8,25,16,0,16.825598,-11.65726,14,-5,14,-5,14,-5,14,-5,2266.0,0,0,0,0,5000.0,0,0,0,0,214.8883,430,430,430,430
2007,7,4,9,0,14.974741,-13.475368,14,-5,14,-5,14,-5,14,-5,2266.0,0,0,0,0,5000.0,0,0,0,0,135.4474,430,430,430,430
2008,7,1,2,0,11.221368,-11.492505,14,-5,14,-5,14,-5,14,-5,2266.0,0,0,0,0,5000.0,0,0,0,0,229.4907,430,430,430,430
2016,8,3,1,0,17.867696,-12.931399,14,-5,14,-5,14,-5,14,-5,2266.0,0,0,0,0,5000.0,0,0,0,0,195.5556,430,430,430,430
2017,8,16,12,0,14.6515,-16.81127,14,-5,14,-5,14,-5,14,-5,2266.0,0,0,0,0,5000.0,0,0,0,0,21.095,430,430,430,430
2014,7,10,15,0,12.213387,-15.115818,14,-5,14,-5,14,-5,14,-5,2266.0,0,0,0,0,5000.0,0,0,0,0,112.9292,430,430,430,430
2011,9,31,18,0,11.53368,-10.07685,14,-5,14,-5,14,-5,14,-5,2266.0,0,0,0,0,5000.0,0,0,0,0,269.0669,430,430,430,430
2005,7,15,20,0,17.386152,-15.023397,14,-5,14,-5,14,-5,14,-5,2266.0,0,0,0,0,5000.0,0,0,0,0,129.4179,430,430,430,430
2008,7,1,11,0,11.161245,-14.835412,14,-5,14,-5,14,-5,14,-5,2266.0,0,0,0,0,5000.0,0,0,0,0,147.0272,430,430,430,430
2013,7,13,12,0,11.314436,-13.694248,14,-5,14,-5,14,-5,14,-5,2266.0,0,0,0,0,5000.0,0,0,0,0,167.5858,430,430,430,430
2004,8,12,22,0,11.426834,-17.607645,14,-5,14,-5,14,-5,14,-5,2266.0,0,0,0,0,5000.0,0,0,0,0,115.9741,430,430,430,430
2004,7,13,15,0,14.914714,-14.951956,14,-5,14,-5,14,-5,14,-5,2266.0,0,0,0,0,5000.0,0,0,0,0,84.4808,430,430,430,430
2004,9,2,1,0,15.467799,-13.819974,14,-5,14,-5,14,-5,14,-5,2266.0,0,0,0,0,5000.0,0,0,0,0,127.122,430,430,430,430
2015,6,22,21,0,15.021049,-15.45206,14,-5,14,-5,14,-5,14,-5,2266.0,0,0,0,0,5000.0,0,0,0,0,69.0507,430,430,430,430
2007,9,6,22,0,14.657821,-14.043416,14,-5,14,-5,14,-5,14,-5,2266.0,0,0,0,0,5000.0,0,0,0,0,114.0,430,430,430,430
2012,7,26,20,0,14.754536,-17.938531,14,-5,14,-5,14,-5,14,-5,2266.0,0,0,0,0,5000.0,0,0,0,0,16.0312,430,430,430,430
2013,9,5,17,0,17.719183,-16.11914,14,-5,14,-5,14,-5,14,-5,2266.0,0,0,0,0,5000.0,0,0,0,0,117.1836,430,430,430,430
2004,8,23,12,0,10.613485,-15.64142,14,-5,14,-5,14,-5,14,-5,2266.0,0,0,0,0,5000.0,0,0,0,0,151.4893,430,430,430,430
2015,7,3,6,0,15.543477,-10.538132,14,-5,14,-5,14,-5,14,-5,2266.0,0,0,0,0,5000.0,0,0,0,0,239.1506,430,430,430,430
2017,7,23,15,0,16.753208,-15.386451,14,-5,14,-5,14,-5,14,-5,2266.0,0,0,0,0,5000.0,0,0,0,0,103.9663,430,430,430,430
2011,6,14,2,0,16.657367,-17.564833,14,-5,14,-5,14,-5,14,-5,2266.0,0,0,0,0,5000.0,0,0,0,0,67.0671,430,430,430,430
2005,9,14,5,0,10.742644,-16.50922,14,-5,14,-5,14,-5,14,-5,2266.0,0,0,0,0,5000.0,0,0,0,0,140.5774,430,430,430,430
2016,6,18,8,0,16.302131,-12.206049,14,-5,14,-5,14,-5,14,-5,2266.0,0,0,0,0,5000.0,0,0,0,0,190.0658,430,430,430,430
2016,7,24,4,0,11.049103,-12.334971,14,-5,14,-5,14,-5,14,-5,2266.0,0,0,0,0,5000.0,0,0,0,0,209.0096,430,430,430,430
2012,9,18,18,0,16.094225,-16.473116,14,-5,14,-5,14,-5,14,-5,2266.0,0,0,0,0,5000.0,0,0,0,0,60.6053,430,430,430,430
2006,7,22,19,0,15.365577,-14.755195,14,-5,14,-5,14,-5,14,-5,2266.0,0,0,0,0,5000.0,0,0,0,0,95.0789,430,430,430,430
2009,9,25,6,0,10.587264,-13.860364,14,-5,14,-5,14,-5,14,-5,2266.0,0,0,0,0,5000.0,0,0,0,0,182.4281,430,430,430,430
2004,6,7,3,0,13.940538,-10.94473,14,-5,14,-5,14,-5,14,-5,2266.0,0,0,0,0,5000.0,0,0,0,0,220.3111,430,430,430,430
2019,6,22,14,0,14.481534,-11.27801,14,-5,14,-5,14,-5,14,-5,2266.0,0,0,0,0,5000.0,0,0,0,0,209.0598,430,430,430,430
2008,9,3,4,0,13.626053,-12.275683,14,-5,14,-5,14,-5,14,-5,2266.0,0,0,0,0,5000.0,0,0,0,0,176.706,430,430,430,430
2017,8,5,16,0,17.758912,-17.831076,14,-5,14,-5,14,-5,14,-5,2266.0,0,0,0,0,5000.0,0,0,0,0,104.0048,430,430,430,430
2009,6,15,11,0,13.610452,-14.561166,14,-5,14,-5,14,-5,14,-5,2266.0,0,0,0,0,5000.0,0,0,0,0,101.0198,430,430,430,430
2010,8,22,1,0,16.24056,-17.851692,14,-5,14,-5,14,-5,14,-5,2266.0,0,0,0,0,5000.0,0,0,0,0,52.6118,430,430,430,430
2012,9,14,7,0,14.638823,-15.769405,14,-5,14,-5,14,-5,14,-5,2266.0,0,0,0,0,5000.0,0,0,0,0,56.0357,430,430,430,430
2007,8,21,7,0,13.812628,-12.261965,14,-5,14,-5,14,-5,14,-5,2266.0,0,0,0,0,5000.0,0,0,0,0,175.4138,430,430,430,430
2013,6,4,4,0,15.039168,-16.030429,14,-5,14,-5,14,-5,14,-5,2266.0,0,0,0,0,5000.0,0,0,0,0,49.4773,430,430,430,430
2013,9,20,20,0,11.643248,-11.194749,14,-5,14,-5,14,-5,14,-5,2266.0,0,0,0,0,5000.0,0,0,0,0,231.2163,430,430,430,430
2012,8,15,4,0,14.060284,-10.16352,14,-5,14,-5,14,-5,14,-5,2266.0,0,0,0,0,5000.0,0,0,0,0,247.8084,430,430,430,430
2011,9,26,9,0,15.308166,-16.194627,14,-5,14,-5,14,-5,14,-5,2266.0,0,0,0,0,5000.0,0,0,0,0,48.7545,430,430,430,430
2014,8,24,18,0,11.354889,-15.405901,14,-5,14,-5,14,-5,14,-5,2266.0,0,0,0,0,5000.0,0,0,0,0,131.4876,430,430,430,430
2006,6,11,18,0,16.10948,-14.317932,14,-5,14,-5,14,-5,14,-5,2266.0,0,0,0,0,5000.0,0,0,0,0,119.9208,430,430,430,430
2017,6,24,4,0,14.543429,-13.238353,14,-5,14,-5,14,-5,14,-5,2266.0,0,0,0,0,5000.0,0,0,0,0,142.0563,430,430,430,430
2015,8,3,8,0,11.39651,-15.254646,14,-5,14,-5,14,-5,14,-5,2266.0,0,0,0,0,5000.0,0,0,0,0,132.0984,430,430,430,430
2013,9,10,11,0,12.356029,-10.509753,14,-5,14,-5,14,-5,14,-5,2266.0,0,0,0,0,5000.0,0,0,0,0,245.4058,430,430,430,430
2017,9,3,4,0,10.060438,-10.35057,14,-5,14,-5,14,-5,14,-5,2266.0,0,0,0,0,5000.0,0,0,0,0,284.605,430,430,430,430
2012,7,31,23,0,11.129456,-13.646941,14,-5,14,-5,14,-5,14,-5,2266.0,0,0,0,0,5000.0,0,0,0,0,172.5572,430,430,430,430
2013,9,5,14,0,12.100455,-15.564667,14,-5,14,-5,14,-5,14,-5,2266.0,0,0,0,0,5000.0,0,0,0,0,106.0,430,430,430,430
2006,7,13,12,0,16.101319,-12.471555,14,-5,14,-5,14,-5,14,-5,2266.0,0,0,0,0,5000.0,0,0,0,0,179.1201,430,430,430,430
2008,7,4,12,0,16.123169,-16.487626,14,-5,14,-5,14,-5,14,-5,2266.0,0,0,0,0,5000.0,0,0,0,0,61.4003,430,430,430,430
2007,8,27,8,0,11.622087,-11.938288,14,-5,14,-5,14,-5,14,-5,2266.0,0,0,0,0,5000.0,0,0,0,0,208.8923,430,430,430,430
2019,7,25,3,0,10.970283,-10.742398,14,-5,14,-5,14,-5,14,-5,2266.0,0,0,0,0,5000.0,0,0,0,0,255.8945,430,430,430,430
2010,8,9,2,0,17.389823,-13.958843,14,-5,14,-5,14,-5,14,-5,2266.0,0,0,0,0,5000.0,0,0,0,0,156.4001,430,430,430,430
2012,7,10,13,0,15.626353,-15.324099,14,-5,14,-5,14,-5,14,-5,2266.0,0,0,0,0,5000.0,0,0,0,0,81.0247,430,430,430,430
2011,9,13,18,0,15.094178,-17.799833,14,-5,14,-5,14,-5,14,-5,2266.0,0,0,0,0,5000.0,0,0,0,0,16.4012,430,430,430,430
2006,8,6,19,0,11.754247,-14.370332,14,-5,14,-5,14,-5,14,-5,2266.0,0,0,0,0,5000.0,0,0,0,0,140.8013,430,430,430,430
2013,8,15,18,0,13.921747,-10.114144,14,-5,14,-5,14,-5,14,-5,2266.0,0,0,0,0,5000.0,0,0,0,0,249.2569,430,430,430,430
2005,7,6,3,0,17.991211,-17.015221,14,-5,14,-5,14,-5,14,-5,2266.0,0,0,0,0,5000.0,0,0,0,0,114.9783,430,430,430,430
2007,7,9,23,0,12.209242,-17.339313,14,-5,14,-5,14,-5,14,-5,2266.0,0,0,0,0,5000.0,0,0,0,0,88.0909,430,430,430,430
2010,7,23,2,0,12.731335,-10.408656,14,-5,14,-5,14,-5,14,-5,2266.0,0,0,0,0,5000.0,0,0,0,0,245.3263,430,430,430,430
2013,8,9,2,0,14.558261,-17.680372,14,-5,14,-5,14,-5,14,-5,2266.0,0,0,0,0,5000.0,0,0,0,0,10.0,430,430,430,430
2017,7,21,2,0,14.165049,-10.535222,14,-5,14,-5,14,-5,14,-5,2266.0,0,0,0,0,5000.0,0,0,0,0,234.5464,430,430,430,430
2006,6,3,0,0,17.782351,-10.705133,14,-5,14,-5,14,-5,14,-5,2266.0,0,0,0,0,5000.0,0,0,0,0,259.9558,430,430,430,430
2011,6,30,1,0,16.074102,-15.987488,14,-5,14,-5,14,-5,14,-5,2266.0,0,0,0,0,5000.0,0,0,0,0,71.5052,430,430,430,430
2018,7,21,14,0,17.204445,-15.622634,14,-5,14,-5,14,-5,14,-5,2266.0,0,0,0,0,5000.0,0,0,0,0,111.0405,430,430,430,430
2014,9,18,11,0,17.021031,-17.668816,14,-5,14,-5,14,-5,14,-5,2266.0,0,0,0,0,5000.0,0,0,0,0,79.0063,430,430,430,430
2009,8,13,11,0,10.451289,-11.574728,14,-5,14,-5,14,-5,14,-5,2266.0,0,0,0,0,5000.0,0,0,0,0,242.4211,430,430,430,430
2007,6,6,18,0,10.853669,-14.486342,14,-5,14,-5,14,-5,14,-5,2266.0,0,0,0,0,5000.0,0,0,0,0,162.2498,430,430,430,430
2019,8,3,19,0,12.745244,-15.77674,14,-5,14,-5,14,-5,14,-5,2266.0,0,0,0,0,5000.0,0,0,0,0,85.0,430,430,430,430
2008,7,10,22,0,12.89641,-14.114706,14,-5,14,-5,14,-5,14,-5,2266.0,0,0,0,0,5000.0,0,0,0,0,124.5311,430,430,430,430
2011,6,17,6,0,16.691453,-13.06253,14,-5,14,-5,14,-5,14,-5,2266.0,0,0,0,0,5000.0,0,0,0,0,168.6713,430,430,430,430
2019,8,23,18,0,17.258946,-11.306324,14,-5,14,-5,14,-5,14,-5,2266.0,0,0,0,0,5000.0,0,0,0,0,232.5446,430,430,430,430
2010,6,11,6,0,11.169049,-14.617885,14,-5,14,-5,14,-5,14,-5,2266.0,0,0,0,0,5000.0,0,0,0,0,150.0833,430,430,430,430
2007,7,20,2,0,14.264105,-15.953938,14,-5,14,-5,14,-5,14,-5,2266.0,0,0,0,0,5000.0,0,0,0,0,51.2445,430,430,430,430
2011,8,10,6,0,14.53029,-10.206233,14,-5,14,-5,14,-5,14,-5,2266.0,0,0,0,0,5000.0,0,0,0,0,246.0183,430,430,430,430
2015,8,5,14,0,11.801763,-11.723498,14,-5,14,-5,14,-5,14,-5,2266.0,0,0,0,0,5000.0,0,0,0,0,212.9413,430,430,430,430
2005,7,30,7,0,17.95959,-15.967546,14,-5,14,-5,14,-5,14,-5,2266.0,0,0,0,0,5000.0,0,0,0,0,127.059,430,430,430,430
2004,6,23,20,0,16.848492,-16.608784,14,-5,14,-5,14,-5,14,-5,2266.0,0,0,0,0,5000.0,0,0,0,0,81.8596,430,430,430,430
2006,6,24,17,0,17.376062,-15.566289,14,-5,14,-5,14,-5,14,-5,2266.0,0,0,0,0,5000.0,0,0,0,0,117.0043,430,430,430,430
2014,7,18,10,0,12.224083,-10.76212,14,-5,14,-5,14,-5,14,-5,2266.0,0,0,0,0,5000.0,0,0,0,0,238.6504,430,430,430,430
2005,6,5,10,0,12.329336,-16.223236,14,-5,14,-5,14,-5,14,-5,2266.0,0,0,0,0,5000.0,0,0,0,0,89.6939,430,430,430,430
2008,9,31,22,0,12.474685,-12.612281,14,-5,14,-5,14,-5,14,-5,2266.0,0,0,0,0,5000.0,0,0,0,0,176.23,430,430,430,430
2013,8,5,18,0,10.172948,-16.769469,14,-5,14,-5,14,-5,14,-5,2266.0,0,0,0,0,5000.0,0,0,0,0,160.3777,430,430,430,430
2005,9,11,3,0,10.887449,-13.813399,14,-5,14,-5,14,-5,14,-5,2266.0,0,0,0,0,5000.0,0,0,0,0,175.1713,430,430,430,430
2013,6,9,3,0,10.410292,-10.634808,14,-5,14,-5,14,-5,14,-5,2266.0,0,0,0,0,5000.0,0,0,0,0,269.0297,430,430,430,430
2004,6,11,10,0,13.746495,-13.078287,14,-5,14,-5,14,-5,14,-5,2266.0,0,0,0,0,5000.0,0,0,0,0,148.2768,430,430,430,430
2013,8,7,9,0,11.605406,-12.433164,14,-5,14,-5,14,-5,14,-5,2266.0,0,0,0,0,5000.0,0,0,0,0,194.9821,430,430,430,430
2005,8,24,23,0,10.191833,-17.371908,14,-5,14,-5,14,-5,14,-5,2266.0,0,0,0,0,5000.0,0,0,0,0,159.3142,430,430,430,430
2013,6,5,5,0,17.301007,-16.279603,14,-5,14,-5,14,-5,14,-5,2266.0,0,0,0,0,5000.0,0,0,0,0,101.1187,430,430,430,430
2013,9,12,12,0,13.922591,-13.815089,14,-5,14,-5,14,-5,14,-5,2266.0,0,0,0,0,5000.0,0,0,0,0,122.7844,430,430,430,430
2010,9,14,9,0,11.482951,-13.284022,14,-5,14,-5,14,-5,14,-5,2266.0,0,0,0,0,5000.0,0,0,0,0,173.8764,430,430,430,430
2013,9,7,0,0,12.090237,-12.7542,14,-5,14,-5,14,-5,14,-5,2266.0,0,0,0,0,5000.0,0,0,0,0,177.5077,430,430,430,430
2011,8,18,19,0,12.057893,-14.539984,14,-5,14,-5,14,-5,14,-5,2266.0,0,0,0,0,5000.0,0,0,0,0,128.6934,430,430,430,430
2005,7,15,16,0,14.006078,-17.844911,14,-5,14,-5,14,-5,14,-5,2266.0,0,0,0,0,5000.0,0,0,0,0,29.1548,430,430,430,430
2004,7,13,9,0,10.869227,-17.292464,14,-5,14,-5,14,-5,14,-5,2266.0,0,0,0,0,5000.0,0,0,0,0,135.0926,430,430,430,430
2016,6,7,19,0,13.602959,-13.699814,14,-5,14,-5,14,-5,14,-5,2266.0,0,0,0,0,5000.0,0,0,0,0,128.4445,430,430,430,430
2015,8,19,2,0,17.814186,-15.240437,14,-5,14,-5,14,-5,14,-5,2266.0,0,0,0,0,5000.0,0,0,0,0,136.8211,430,430,430,430
2007,9,19,9,0,11.430843,-10.262457,14,-5,14,-5,14,-5,14,-5,2266.0,0,0,0,0,5000.0,0,0,0,0,263.9413,430,430,430,430
2005,6,21,21,0,14.284811,-10.29875,14,-5,14,-5,14,-5,14,-5,2266.0,0,0,0,0,5000.0,0,0,0,0,243.2961,430,430,430,430
2004,6,6,16,0,12.813673,-17.404295,14,-5,14,-5,14,-5,14,-5,2266.0,0,0,0,0,5000.0,0,0,0,0,66.1211,430,430,430,430
2010,7,15,9,0,13.63207,-10.168751,14,-5,14,-5,14,-5,14,-5,2266.0,0,0,0,0,5000.0,0,0,0,0,248.4774,430,430,430,430
2011,8,31,3,0,10.572336,-14.193429,14,-5,14,-5,14,-5,14,-5,2266.0,0,0,0,0,5000.0,0,0,0,0,176.1391,430,430,430,430
2017,7,3,12,0,16.790384,-16.312106,14,-5,14,-5,14,-5,14,-5,2266.0,0,0,0,0,5000.0,0,0,0,0,84.9058,430,430,430,430
2007,6,24,5,0,16.33728,-17.482795,14,-5,14,-5,14,-5,14,-5,2266.0,0,0,0,0,5000.0,0,0,0,0,56.2228,430,430,430,430
2005,6,5,15,0,12.517745,-16.634612,14,-5,14,-5,14,-5,14,-5,2266.0,0,0,0,0,5000.0,0,0,0,0,79.8123,430,430,430,430
2008,6,14,13,0,17.794808,-13.145174,14,-5,14,-5,14,-5,14,-5,2266.0,0,0,0,0,5000.0,0,0,0,0,188.0957,430,430,430,430
2004,9,28,10,0,12.23136,-10.620151,14,-5,14,-5,14,-5,14,-5,2266.0,0,0,0,0,5000.0,0,0,0,0,242.9815,430,430,430,430
2006,8,11,3,0,14.430983,-15.151453,14,-5,14,-5,14,-5,14,-5,2266.0,0,0,0,0,5000.0,0,0,0,0,76.4199,430,430,430,430
2007,6,27,20,0,15.669754,-12.600087,14,-5,14,-5,14,-5,14,-5,2266.0,0,0,0,0,5000.0,0,0,0,0,169.8588,430,430,430,430
2015,7,20,14,0,17.69794,-17.510249,14,-5,14,-5,14,-5,14,-5,2266.0,0,0,0,0,5000.0,0,0,0,0,102.3963,430,430,430,430
2006,8,24,7,0,17.017977,-12.785286,14,-5,14,-5,14,-5,14,-5,2266.0,0,0,0,0,5000.0,0,0,0,0,182.4637,430,430,430,430
2014,8,15,21,0,11.228358,-14.739167,14,-5,14,-5,14,-5,14,-5,2266.0,0,0,0,0,5000.0,0,0,0,0,146.1677,430,430,430,430
2010,7,26,14,0,10.454983,-11.035915,14,-5,14,-5,14,-5,14,-5,2266.0,0,0,0,0,5000.0,0,0,0,0,256.9124,430,430,430,430
2008,9,2,23,0,10.801741,-16.245775,14,-5,14,-5,14,-5,14,-5,2266.0,0,0,0,0,5000.0,0,0,0,0,140.2462,430,430,430,430
2012,8,23,9,0,15.669438,-11.912314,14,-5,14,-5,14,-5,14,-5,2266.0,0,0,0,0,5000.0,0,0,0,0,193.3805,430,430,430,430
2011,9,30,12,0,11.736267,-16.75785,14,-5,14,-5,14,-5,14,-5,2266.0,0,0,0,0,5000.0,0,0,0,0,105.0762,430,430,430,430
2004,9,19,20,0,10.201395,-17.360914,14,-5,14,-5,14,-5,14,-5,2266.0,0,0,0,0,5000.0,0,0,0,0,159.2545,430,430,430,430
2018,8,4,21,0,17.05882,-16.567024,14,-5,14,-5,14,-5,14,-5,2266.0,0,0,0,0,5000.0,0,0,0,0,89.0505,430,430,430,430
2006,8,31,15,0,13.228632,-11.839717,14,-5,14,-5,14,-5,14,-5,2266.0,0,0,0,0,5000.0,0,0,0,0,193.5691,430,430,430,430
2019,7,15,18,0,17.864625,-11.019904,14,-5,14,-5,14,-5,14,-5,2266.0,0,0,0,0,5000.0,0,0,0,0,251.7876,430,430,430,430
2007,7,4,4,0,17.382243,-11.344049,14,-5,14,-5,14,-5,14,-5,2266.0,0,0,0,0,5000.0,0,0,0,0,233.2252,430,430,430,430
2007,9,28,12,0,12.790837,-12.902631,14,-5,14,-5,14,-5,14,-5,2266.0,0,0,0,0,5000.0,0,0,0,0,162.5608,430,430,430,430
2012,6,16,15,0,15.658326,-14.697622,14,-5,14,-5,14,-5,14,-5,2266.0,0,0,0,0,5000.0,0,0,0,0,100.9009,430,430,430,430
2006,7,31,11,0,14.826926,-10.233075,14,-5,14,-5,14,-5,14,-5,2266.0,0,0,0,0,5000.0,0,0,0,0,246.0996,430,430,430,430
2016,7,2,3,0,12.612957,-10.6358,14,-5,14,-5,14,-5,14,-5,2266.0,0,0,0,0,5000.0,0,0,0,0,238.7991,430,430,430,430
2016,7,17,9,0,17.898674,-13.304402,14,-5,14,-5,14,-5,14,-5,2266.0,0,0,0,0,5000.0,0,0,0,0,185.801,430,430,430,430
2013,6,4,5,0,17.320388,-12.050665,14,-5,14,-5,14,-5,14,-5,2266.0,0,0,0,0,5000.0,0,0,0,0,210.6419,430,430,430,430
2007,7,8,22,0,15.749933,-17.094842,14,-5,14,-5,14,-5,14,-5,2266.0,0,0,0,0,5000.0,0,0,0,0,39.0,430,430,430,430
2007,8,13,1,0,15.970244,-16.568352,14,-5,14,-5,14,-5,14,-5,2266.0,0,0,0,0,5000.0,0,0,0,0,55.0,430,430,430,430
2009,8,21,10,0,16.05603,-17.521761,14,-5,14,-5,14,-5,14,-5,2266.0,0,0,0,0,5000.0,0,0,0,0,47.0425,430,430,430,430
2004,6,31,18,0,17.008197,-16.504761,14,-5,14,-5,14,-5,14,-5,2266.0,0,0,0,0,5000.0,0,0,0,0,88.1022,430,430,430,430
2004,7,26,20,0,16.865227,-10.835809,14,-5,14,-5,14,-5,14,-5,2266.0,0,0,0,0,5000.0,0,0,0,0,241.5988,430,430,430,430
2009,8,17,0,0,10.819496,-17.073369,14,-5,14,-5,14,-5,14,-5,2266.0,0,0,0,0,5000.0,0,0,0,0,137.0146,430,430,430,430
2013,9,17,4,0,17.800855,-10.126268,14,-5,14,-5,14,-5,14,-5,2266.0,0,0,0,0,5000.0,0,0,0,0,278.6324,430,430,430,430
2011,6,6,1,0,10.770332,-12.911927,14,-5,14,-5,14,-5,14,-5,2266.0,0,0,0,0,5000.0,0,0,0,0,199.4843,430,430,430,430
2006,7,11,5,0,12.954341,-17.528215,14,-5,14,-5,14,-5,14,-5,2266.0,0,0,0,0,5000.0,0,0,0,0,61.5224,430,430,430,430
2017,7,22,6,0,16.814185,-12.691339,14,-5,14,-5,14,-5,14,-5,2266.0,0,0,0,0,5000.0,0,0,0,0,182.1565,430,430,430,430
2005,7,4,22,0,10.484377,-14.37349,14,-5,14,-5,14,-5,14,-5,2266.0,0,0,0,0,5000.0,0,0,0,0,175.3283,430,430,430,430
2018,9,13,9,0,13.254396,-10.120056,14,-5,14,-5,14,-5,14,-5,2266.0,0,0,0,0,5000.0,0,0,0,0,251.6207,430,430,430,430
2014,7,26,12,0,17.956411,-16.187145,14,-5,14,-5,14,-5,14,-5,2266.0,0,0,0,0,5000.0,0,0,0,0,123.9072,430,430,430,430
2019,8,27,23,0,16.104634,-12.698109,14,-5,14,-5,14,-5,14,-5,2266.0,0,0,0,0,5000.0,0,0,0,0,171.4526,430,430,430,430
2007,8,5,11,0,13.474588,-13.39381,14,-5,14,-5,14,-5,14,-5,2266.0,0,0,0,0,5000.0,0,0,0,0,140.1321,430,430,430,430
2011,9,3,1,0,13.281569,-17.686166,14,-5,14,-5,14,-5,14,-5,2266.0,0,0,0,0,5000.0,0,0,0,0,51.4198,430,430,430,430
2015,8,11,23,0,16.038993,-11.634517,14,-5,14,-5,14,-5,14,-5,2266.0,0,0,0,0,5000.0,0,0,0,0,205.915,430,430,430,430
2011,8,15,7,0,17.480936,-13.831335,14,-5,14,-5,14,-5,14,-5,2266.0,0,0,0,0,5000.0,0,0,0,0,162.2005,430,430,430,430
2004,7,13,9,0,10.532736,-10.58671,14,-5,14,-5,14,-5,14,-5,2266.0,0,0,0,0,5000.0,0,0,0,0,268.5163,430,430,430,430
2004,6,21,16,0,12.008474,-16.945313,14,-5,14,-5,14,-5,14,-5,2266.0,0,0,0,0,5000.0,0,0,0,0,94.4299,430,430,430,430
2010,6,6,12,0,11.162083,-13.270686,14,-5,14,-5,14,-5,14,-5,2266.0,0,0,0,0,5000.0,0,0,0,0,181.1574,430,430,430,430
2006,6,20,22,0,13.126096,-12.335686,14,-5,14,-5,14,-5,14,-5,2266.0,0,0,0,0,5000.0,0,0,0,0,177.1158,430,430,430,430
2004,6,21,22,0,10.666944,-17.868291,14,-5,14,-5,14,-5,14,-5,2266.0,0,0,0,0,5000.0,0,0,0,0,145.1689,430,430,430,430
2004,8,15,20,0,17.682113,-17.273652,14,-5,14,-5,14,-5,14,-5,2266.0,0,0,0,0,5000.0,0,0,0,0,103.2473,430,430,430,430
2008,7,15,13,0,12.765066,-17.849707,14,-5,14,-5,14,-5,14,-5,2266.0,0,0,0,0,5000.0,0,0,0,0,70.6045,430,430,430,430
2014,8,16,23,0,17.067717,-11.225266,14,-5,14,-5,14,-5,14,-5,2266.0,0,0,0,0,5000.0,0,0,0,0,232.6908,430,430,430,430
2008,8,2,8,0,14.708398,-16.730973,14,-5,14,-5,14,-5,14,-5,2266.0,0,0,0,0,5000.0,0,0,0,0,24.0,430,430,430,430
2013,7,8,15,0,16.412137,-17.458865,14,-5,14,-5,14,-5,14,-5,2266.0,0,0,0,0,5000.0,0,0,0,0,58.3095,430,430,430,430
2014,9,2,5,0,13.656896,-15.473376,14,-5,14,-5,14,-5,14,-5,2266.0,0,0,0,0,5000.0,0,0,0,0,72.5603,430,430,430,430
2005,8,9,18,0,17.977083,-10.17807,14,-5,14,-5,14,-5,14,-5,2266.0,0,0,0,0,5000.0,0,0,0,0,279.732,430,430,430,430
2015,9,31,14,0,16.648634,-14.391529,14,-5,14,-5,14,-5,14,-5,2266.0,0,0,0,0,5000.0,0,0,0,0,128.1601,430,430,430,430
2012,6,26,7,0,14.020799,-13.587241,14,-5,14,-5,14,-5,14,-5,2266.0,0,0,0,0,5000.0,0,0,0,0,129.8769,430,430,430,430
2017,9,28,0,0,14.472204,-16.543316,14,-5,14,-5,14,-5,14,-5,2266.0,0,0,0,0,5000.0,0,0,0,0,31.0483,430,430,430,430
2019,7,5,20,0,11.610256,-12.350892,14,-5,14,-5,14,-5,14,-5,2266.0,0,0,0,0,5000.0,0,0,0,0,197.4968,430,430,430,430
2011,9,28,16,0,16.7693,-10.323913,14,-5,14,-5,14,-5,14,-5,2266.0,0,0,0,0,5000.0,0,0,0,0,257.8469,430,430,430,430
2007,9,3,15,0,16.086763,-13.561322,14,-5,14,-5,14,-5,14,-5,2266.0,0,0,0,0,5000.0,0,0,0,0,143.6175,430,430,430,430
2010,9,21,2,0,10.684616,-17.315723,14,-5,14,-5,14,-5,14,-5,2266.0,0,0,0,0,5000.0,0,0,0,0,142.1724,430,430,430,430
2011,6,12,13,0,11.220619,-12.350536,14,-5,14,-5,14,-5,14,-5,2266.0,0,0,0,0,5000.0,0,0,0,0,204.6118,430,430,430,430
2006,7,23,13,0,12.225305,-14.613986,14,-5,14,-5,14,-5,14,-5,2266.0,0,0,0,0,5000.0,0,0,0,0,123.7619,430,430,430,430
2016,6,26,14,0,11.219365,-16.105432,14,-5,14,-5,14,-5,14,-5,2266.0,0,0,0,0,5000.0,0,0,0,0,127.2006,430,430,430,430
2006,6,1,4,0,12.966837,-13.092548,14,-5,14,-5,14,-5,14,-5,2266.0,0,0,0,0,5000.0,0,0,0,0,154.6932,430,430,430,430
2010,9,30,20,0,17.821659,-16.982506,14,-5,14,-5,14,-5,14,-5,2266.0,0,0,0,0,5000.0,0,0,0,0,110.1136,430,430,430,430
2008,8,27,6,0,12.346207,-10.027162,14,-5,14,-5,14,-5,14,-5,2266.0,0,0,0,0,5000.0,0,0,0,0,261.5358,430,430,430,430
2008,7,15,23,0,17.065035,-10.355825,14,-5,14,-5,14,-5,14,-5,2266.0,0,0,0,0,5000.0,0,0,0,0,259.9461,430,430,430,430
2014,8,10,1,0,14.233158,-16.113825,14,-5,14,-5,14,-5,14,-5,2266.0,0,0,0,0,5000.0,0,0,0,0,45.8803,430,430,430,430
2006,6,23,13,0,11.61171,-11.568989,14,-5,14,-5,14,-5,14,-5,2266.0,0,0,0,0,5000.0,0,0,0,0,220.6762,430,430,430,430
2013,6,3,0,0,17.45132,-13.0648,14,-5,14,-5,14,-5,14,-5,2266.0,0,0,0,0,5000.0,0,0,0,0,182.8497,430,430,430,430
2010,9,20,7,0,15.491282,-10.930428,14,-5,14,-5,14,-5,14,-5,2266.0,0,0,0,0,5000.0,0,0,0,0,225.0089,430,430,430,430
2013,7,29,16,0,12.05887,-13.348199,14,-5,14,-5,14,-5,14,-5,2266.0,0,0,0,0,5000.0,0,0,0,0,160.3278,430,430,430,430
2005,6,26,19,0,14.533236,-10.61688,14,-5,14,-5,14,-5,14,-5,2266.0,0,0,0,0,5000.0,0,0,0,0,232.0194,430,430,430,430
2005,9,11,2,0,12.590107,-16.895979,14,-5,14,-5,14,-5,14,-5,2266.0,0,0,0,0,5000.0,0,0,0,0,74.9667,430,430,430,430
2006,8,1,17,0,10.830191,-15.735151,14,-5,14,-5,14,-5,14,-5,2266.0,0,0,0,0,5000.0,0,0,0,0,143.8923,430,430,430,430
2013,7,16,1,0,10.519888,-15.549241,14,-5,14,-5,14,-5,14,-5,2266.0,0,0,0,0,5000.0,0,0,0,0,155.3222,430,430,430,430
2012,8,8,2,0,14.628042,-14.432406,14,-5,14,-5,14,-5,14,-5,2266.0,0,0,0,0,5000.0,0,0,0,0,101.005,430,430,430,430
2016,6,3,8,0,15.161941,-13.80747,14,-5,14,-5,14,-5,14,-5,2266.0,0,0,0,0,5000.0,0,0,0,0,125.1599,430,430,430,430
2009,6,19,1,0,16.054638,-14.379455,14,-5,14,-5,14,-5,14,-5,2266.0,0,0,0,0,5000.0,0,0,0,0,117.2732,430,430,430,430
2005,9,4,21,0,16.190025,-14.209047,14,-5,14,-5,14,-5,14,-5,2266.0,0,0,0,0,5000.0,0,0,0,0,124.8119,430,430,430,430
2013,6,18,17,0,15.809704,-11.800028,14,-5,14,-5,14,-5,14,-5,2266.0,0,0,0,0,5000.0,0,0,0,0,198.2851,430,430,430,430
2012,8,9,22,0,16.834734,-16.711326,14,-5,14,-5,14,-5,14,-5,2266.0,0,0,0,0,5000.0,0,0,0,0,79.7057,430,430,430,430
2014,9,9,4,0,15.786428,-17.912156,14,-5,14,-5,14,-5,14,-5,2266.0,0,0,0,0,5000.0,0,0,0,0,38.6005,430,430,430,430
2012,6,16,4,0,13.199443,-13.475132,14,-5,14,-5,14,-5,14,-5,2266.0,0,0,0,0,5000.0,0,0,0,0,139.646,430,430,430,430
2015,9,26,15,0,10.236068,-17.692874,14,-5,14,-5,14,-5,14,-5,2266.0,0,0,0,0,5000.0,0,0,0,0,159.2608,430,430,430,430
2014,7,9,4,0,11.914155,-15.158917,14,-5,14,-5,14,-5,14,-5,2266.0,0,0,0,0,5000.0,0,0,0,0,119.6202,430,430,430,430
2007,9,26,1,0,15.603577,-16.475199,14,-5,14,-5,14,-5,14,-5,2266.0,0,0,0,0,5000.0,0,0,0,0,47.4236,430,430,430,430
2019,6,15,14,0,13.169886,-10.757399,14,-5,14,-5,14,-5,14,-5,2266.0,0,0,0,0,5000.0,0,0,0,0,229.7325,430,430,430,430
2013,8,28,23,0,12.581116,-11.874595,14,-5,14,-5,14,-5,14,-5,2266.0,0,0,0,0,5000.0,0,0,0,0,197.5854,430,430,430,430
2012,8,22,23,0,14.684717,-17.573592,14,-5,14,-5,14,-5,14,-5,2266.0,0,0,0,0,5000.0,0,0,0,0,4.1231,430,430,430,430
2007,8,15,4,0,17.782008,-17.117651,14,-5,14,-5,14,-5,14,-5,2266.0,0,0,0,0,5000.0,0,0,0,0,107.28,430,430,430,430
2008,9,22,20,0,12.733877,-10.384753,14,-5,14,-5,14,-5,14,-5,2266.0,0,0,0,0,5000.0,0,0,0,0,246.2884,430,430,430,430
2016,6,8,5,0,11.946033,-10.405388,14,-5,14,-5,14,-5,14,-5,2266.0,0,0,0,0,5000.0,0,0,0,0,253.1027,430,430,430,430
2017,6,18,4,0,15.284033,-16.462138,14,-5,14,-5,14,-5,14,-5,2266.0,0,0,0,0,5000.0,0,0,0,0,40.3113,430,430,430,430
2011,6,31,12,0,11.129993,-10.1436,14,-5,14,-5,14,-5,14,-5,2266.0,0,0,0,0,5000.0,0,0,0,0,272.3564,430,430,430,430
2013,9,7,3,0,13.586453,-12.156021,14,-5,14,-5,14,-5,14,-5,2266.0,0,0,0,0,5000.0,0,0,0,0,180.8259,430,430,430,430
2015,7,24,21,0,11.062026,-13.945751,14,-5,14,-5,14,-5,14,-5,2266.0,0,0,0,0,5000.0,0,0,0,0,168.0149,430,430,430,430
2016,7,3,10,0,10.756452,-14.030894,14,-5,14,-5,14,-5,14,-5,2266.0,0,0,0,0,5000.0,0,0,0,0,174.0115,430,430,430,430
2006,8,19,6,0,10.078586,-17.665698,14,-5,14,-5,14,-5,14,-5,2266.0,0,0,0,0,5000.0,0,0,0,0,164.2224,430,430,430,430
2007,6,14,10,0,17.312469,-10.883345,14,-5,14,-5,14,-5,14,-5,2266.0,0,0,0,0,5000.0,0,0,0,0,247.1639,430,430,430,430
2011,8,5,6,0,16.180571,-13.763664,14,-5,14,-5,14,-5,14,-5,2266.0,0,0,0,0,5000.0,0,0,0,0,138.1593,430,430,430,430
2010,8,9,19,0,11.330815,-12.094345,14,-5,14,-5,14,-5,14,-5,2266.0,0,0,0,0,5000.0,0,0,0,0,209.6783,430,430,430,430
2007,9,21,12,0,11.712792,-17.535871,14,-5,14,-5,14,-5,14,-5,2266.0,0,0,0,0,5000.0,0,0,0,0,105.5746,430,430,430,430
2014,8,1,20,0,12.525446,-13.315789,14,-5,14,-5,14,-5,14,-5,2266.0,0,0,0,0,5000.0,0,0,0,0,153.5611,430,430,430,430
2010,6,3,2,0,14.654618,-11.350004,14,-5,14,-5,14,-5,14,-5,2266.0,0,0,0,0,5000.0,0,0,0,0,207.0024,430,430,430,430
2012,7,10,4,0,13.135595,-16.803018,14,-5,14,-5,14,-5,14,-5,2266.0,0,0,0,0,5000.0,0,0,0,0,57.5674,430,430,430,430
2012,9,23,14,0,10.317926,-16.415892,14,-5,14,-5,14,-5,14,-5,2266.0,0,0,0,0,5000.0,0,0,0,0,155.7081,430,430,430,430
2013,8,15,22,0,17.473746,-17.702247,14,-5,14,-5,14,-5,14,-5,2266.0,0,0,0,0,5000.0,0,0,0,0,94.0053,430,430,430,430
2014,9,19,23,0,15.106096,-14.508288,14,-5,14,-5,14,-5,14,-5,2266.0,0,0,0,0,5000.0,0,0,0,0,101.1187,430,430,430,430
2018,9,16,2,0,11.496391,-12.610453,14,-5,14,-5,14,-5,14,-5,2266.0,0,0,0,0,5000.0,0,0,0,0,192.2758,430,430,430,430
2007,7,7,19,0,14.758591,-17.465233,14,-5,14,-5,14,-5,14,-5,2266.0,0,0,0,0,5000.0,0,0,0,0,1.0,430,430,430,430
2008,7,23,5,0,15.311288,-17.388798,14,-5,14,-5,14,-5,14,-5,2266.0,0,0,0,0,5000.0,0,0,0,0,21.3776,430,430,430,430
2008,9,21,8,0,11.789901,-13.44295,14,-5,14,-5,14,-5,14,-5,2266.0,0,0,0,0,5000.0,0,0,0,0,163.0491,430,430,430,430
2015,7,16,9,0,15.730574,-13.373467,14,-5,14,-5,14,-5,14,-5,2266.0,0,0,0,0,5000.0,0,0,0,0,144.8068,430,430,430,430
2011,8,29,13,0,17.181345,-12.39698,14,-5,14,-5,14,-5,14,-5,2266.0,0,0,0,0,5000.0,0,0,0,0,197.2258,430,430,430,430
2007,9,7,9,0,17.760187,-15.805374,14,-5,14,-5,14,-5,14,-5,2266.0,0,0,0,0,5000.0,0,0,0,0,123.4909,430,430,430,430
2019,8,11,6,0,17.878639,-16.443525,14,-5,14,-5,14,-5,14,-5,2266.0,0,0,0,0,5000.0,0,0,0,0,117.5457,430,430,430,430
2012,8,9,21,0,11.541171,-16.481758,14,-5,14,-5,14,-5,14,-5,2266.0,0,0,0,0,5000.0,0,0,0,0,113.565,430,430,430,430
2011,7,31,21,0,10.94445,-12.995669,14,-5,14,-5,14,-5,14,-5,2266.0,0,0,0,0,5000.0,0,0,0,0,193.1968,430,430,430,430
2011,7,20,8,0,10.036225,-11.539429,14,-5,14,-5,14,-5,14,-5,2266.0,0,0,0,0,5000.0,0,0,0,0,251.8591,430,430,430,430
2004,9,11,7,0,14.792323,-15.577063,14,-5,14,-5,14,-5,14,-5,2266.0,0,0,0,0,5000.0,0,0,0,0,63.1269,430,430,430,430
2006,6,23,5,0,17.126892,-11.257397,14,-5,14,-5,14,-5,14,-5,2266.0,0,0,0,0,5000.0,0,0,0,0,232.4909,430,430,430,430
2017,8,18,3,0,15.053761,-17.394794,14,-5,14,-5,14,-5,14,-5,2266.0,0,0,0,0,5000.0,0,0,0,0,12.3693,430,430,430,430
2012,9,22,4,0,17.718692,-13.050919,14,-5,14,-5,14,-5,14,-5,2266.0,0,0,0,0,5000.0,0,0,0,0,188.8756,430,430,430,430
2013,6,27,21,0,17.151862,-16.696123,14,-5,14,-5,14,-5,14,-5,2266.0,0,0,0,0,5000.0,0,0,0,0,91.1811,430,430,430,430
2012,9,7,20,0,10.217367,-15.60633,14,-5,14,-5,14,-5,14,-5,2266.0,0,0,0,0,5000.0,0,0,0,0,166.0271,430,430,430,430
2013,9,23,13,0,16.269611,-11.413031,14,-5,14,-5,14,-5,14,-5,2266.0,0,0,0,0,5000.0,0,0,0,0,215.6687,430,430,430,430
2008,7,12,23,0,17.115563,-15.179468,14,-5,14,-5,14,-5,14,-5,2266.0,0,0,0,0,5000.0,0,0,0,0,118.0889,430,430,430,430
2016,7,3,12,0,16.544875,-16.759834,14,-5,14,-5,14,-5,14,-5,2266.0,0,0,0,0,5000.0,0,0,0,0,69.3542,430,430,430,430
2010,7,29,18,0,14.396582,-17.594863,14,-5,14,-5,14,-5,14,-5,2266.0,0,0,0,0,5000.0,0,0,0,0,12.53,430,430,430,430
2004,9,26,11,0,15.760074,-15.103923,14,-5,14,-5,14,-5,14,-5,2266.0,0,0,0,0,5000.0,0,0,0,0,89.9611,430,430,430,430
2007,7,17,0,0,10.863037,-12.680467,14,-5,14,-5,14,-5,14,-5,2266.0,0,0,0,0,5000.0,0,0,0,0,202.7264,430,430,430,430
2018,6,2,17,0,13.408037,-15.445764,14,-5,14,-5,14,-5,14,-5,2266.0,0,0,0,0,5000.0,0,0,0,0,78.2368,430,430,430,430
2017,8,24,15,0,12.919915,-11.880399,14,-5,14,-5,14,-5,14,-5,2266.0,0,0,0,0,5000.0,0,0,0,0,194.4865,430,430,430,430
2009,8,28,5,0,13.263339,-10.953986,14,-5,14,-5,14,-5,14,-5,2266.0,0,0,0,0,5000.0,0,0,0,0,223.2219,430,430,430,430
2018,9,11,9,0,11.221512,-14.904137,14,-5,14,-5,14,-5,14,-5,2266.0,0,0,0,0,5000.0,0,0,0,0,144.2671,430,430,430,430
2016,7,10,23,0,16.952956,-13.222555,14,-5,14,-5,14,-5,14,-5,2266.0,0,0,0,0,5000.0,0,0,0,0,168.6476,430,430,430,430
2008,8,6,16,0,15.798993,-11.275892,14,-5,14,-5,14,-5,14,-5,2266.0,0,0,0,0,5000.0,0,0,0,0,215.7406,430,430,430,430
2011,7,10,4,0,14.200743,-17.013981,14,-5,14,-5,14,-5,14,-5,2266.0,0,0,0,0,5000.0,0,0,0,0,22.2036,430,430,430,430
2011,9,13,2,0,12.585853,-15.87971,14,-5,14,-5,14,-5,14,-5,2266.0,0,0,0,0,5000.0,0,0,0,0,87.6641,430,430,430,430
2017,7,17,12,0,11.242546,-13.156772,14,-5,14,-5,14,-5,14,-5,2266.0,0,0,0,0,5000.0,0,0,0,0,182.1236,430,430,430,430
2008,6,23,9,0,11.709857,-11.106152,14,-5,14,-5,14,-5,14,-5,2266.0,0,0,0,0,5000.0,0,0,0,0,233.8996,430,430,430,430
2013,6,19,5,0,13.640708,-11.579776,14,-5,14,-5,14,-5,14,-5,2266.0,0,0,0,0,5000.0,0,0,0,0,200.085,430,430,430,430
2005,7,12,0,0,16.770826,-12.718242,14,-5,14,-5,14,-5,14,-5,2266.0,0,0,0,0,5000.0,0,0,0,0,180.4273,430,430,430,430
2012,7,24,11,0,16.551508,-11.68413,14,-5,14,-5,14,-5,14,-5,2266.0,0,0,0,0,5000.0,0,0,0,0,210.6086,430,430,430,430
2011,7,20,5,0,14.634185,-15.38198,14,-5,14,-5,14,-5,14,-5,2266.0,0,0,0,0,5000.0,0,0,0,0,69.029,430,430,430,430
2015,9,21,1,0,13.298135,-15.571431,14,-5,14,-5,14,-5,14,-5,2266.0,0,0,0,0,5000.0,0,0,0,0,76.6942,430,430,430,430
2005,9,14,8,0,13.871513,-14.778206,14,-5,14,-5,14,-5,14,-5,2266.0,0,0,0,0,5000.0,0,0,0,0,91.3947,430,430,430,430
2014,8,21,16,0,12.660084,-17.105515,14,-5,14,-5,14,-5,14,-5,2266.0,0,0,0,0,5000.0,0,0,0,0,72.2496,430,430,430,430
2008,6,8,15,0,13.307332,-16.882223,14,-5,14,-5,14,-5,14,-5,2266.0,0,0,0,0,5000.0,0,0,0,0,51.2445,430,430,430,430
2009,6,18,23,0,12.91107,-17.139254,14,-5,14,-5,14,-5,14,-5,2266.0,0,0,0,0,5000.0,0,0,0,0,63.1981,430,430,430,430
2009,6,4,11,0,13.065895,-13.698463,14,-5,14,-5,14,-5,14,-5,2266.0,0,0,0,0,5000.0,0,0,0,0,134.2386,430,430,430,430
2009,8,8,0,0,10.596126,-15.945172,14,-5,14,-5,14,-5,14,-5,2266.0,0,0,0,0,5000.0,0,0,0,0,149.4523,430,430,430,430
2009,6,14,5,0,13.412369,-15.818891,14,-5,14,-5,14,-5,14,-5,2266.0,0,0,0,0,5000.0,0,0,0,0,68.0147,430,430,430,430
2015,9,17,4,0,14.505019,-11.510881,14,-5,14,-5,14,-5,14,-5,2266.0,0,0,0,0,5000.0,0,0,0,0,201.0622,430,430,430,430
2018,6,13,3,0,16.259929,-16.331601,14,-5,14,-5,14,-5,14,-5,2266.0,0,0,0,0,5000.0,0,0,0,0,68.4105,430,430,430,430
2011,6,16,10,0,11.589299,-13.535309,14,-5,14,-5,14,-5,14,-5,2266.0,0,0,0,0,5000.0,0,0,0,0,165.1938,430,430,430,430
2010,9,15,18,0,12.933855,-17.62518,14,-5,14,-5,14,-5,14,-5,2266.0,0,0,0,0,5000.0,0,0,0,0,62.9682,430,430,430,430
2016,9,22,1,0,11.853079,-10.284034,14,-5,14,-5,14,-5,14,-5,2266.0,0,0,0,0,5000.0,0,0,0,0,258.3118,430,430,430,430
2015,8,17,23,0,17.760611,-15.1458,14,-5,14,-5,14,-5,14,-5,2266.0,0,0,0,0,5000.0,0,0,0,0,137.1313,430,430,430,430
2014,7,28,17,0,10.33417,-11.601004,14,-5,14,-5,14,-5,14,-5,2266.0,0,0,0,0,5000.0,0,0,0,0,243.3187,430,430,430,430
2017,7,5,13,0,12.245277,-17.585414,14,-5,14,-5,14,-5,14,-5,2266.0,0,0,0,0,5000.0,0,0,0,0,86.8332,430,430,430,430
2010,7,14,11,0,11.956203,-16.781915,14,-5,14,-5,14,-5,14,-5,2266.0,0,0,0,0,5000.0,0,0,0,0,97.1648,430,430,430,430
2008,6,7,4,0,17.279424,-16.440645,14,-5,14,-5,14,-5,14,-5,2266.0,0,0,0,0,5000.0,0,0,0,0,98.4124,430,430,430,430
2016,8,1,23,0,15.99471,-16.868096,14,-5,14,-5,14,-5,14,-5,2266.0,0,0,0,0,5000.0,0,0,0,0,50.1199,430,430,430,430
2007,7,10,8,0,10.610694,-15.028262,14,-5,14,-5,14,-5,14,-5,2266.0,0,0,0,0,5000.0,0,0,0,0,159.6559,430,430,430,430
2011,7,1,20,0,14.880958,-13.749207,14,-5,14,-5,14,-5,14,-5,2266.0,0,0,0,0,5000.0,0,0,0,0,125.1958,430,430,430,430
2011,8,28,20,0,16.731185,-14.508901,14,-5,14,-5,14,-5,14,-5,2266.0,0,0,0,0,5000.0,0,0,0,0,126.7517,430,430,430,430
2015,9,3,22,0,14.893277,-17.523037,14,-5,14,-5,14,-5,14,-5,2266.0,0,0,0,0,5000.0,0,0,0,0,6.3246,430,430,430,430
2016,9,10,20,0,15.961881,-12.438337,14,-5,14,-5,14,-5,14,-5,2266.0,0,0,0,0,5000.0,0,0,0,0,178.0449,430,430,430,430
2004,6,20,13,0,16.49536,-17.166262,14,-5,14,-5,14,-5,14,-5,2266.0,0,0,0,0,5000.0,0,0,0,0,63.0635,430,430,430,430
2013,6,21,10,0,13.695882,-12.766082,14,-5,14,-5,14,-5,14,-5,2266.0,0,0,0,0,5000.0,0,0,0,0,159.4522,430,430,430,430
2019,8,14,6,0,10.066438,-11.190471,14,-5,14,-5,14,-5,14,-5,2266.0,0,0,0,0,5000.0,0,0,0,0,260.4995,430,430,430,430
2006,6,28,21,0,16.565744,-13.896161,14,-5,14,-5,14,-5,14,-5,2266.0,0,0,0,0,5000.0,0,0,0,0,141.3542,430,430,430,430
2012,9,5,6,0,12.767897,-12.167608,14,-5,14,-5,14,-5,14,-5,2266.0,0,0,0,0,5000.0,0,0,0,0,187.0321,430,430,430,430
2012,7,30,18,0,17.117288,-14.044281,14,-5,14,-5,14,-5,14,-5,2266.0,0,0,0,0,5000.0,0,0,0,0,147.8716,430,430,430,430
2019,8,1,20,0,17.081787,-16.81786,14,-5,14,-5,14,-5,14,-5,2266.0,0,0,0,0,5000.0,0,0,0,0,86.977,430,430,430,430
2014,8,8,11,0,12.646416,-12.257249,14,-5,14,-5,14,-5,14,-5,2266.0,0,0,0,0,5000.0,0,0,0,0,184.7728,430,430,430,430
2014,8,12,14,0,12.879469,-13.820713,14,-5,14,-5,14,-5,14,-5,2266.0,0,0,0,0,5000.0,0,0,0,0,133.7647,430,430,430,430
2004,6,4,9,0,15.238296,-13.28615,14,-5,14,-5,14,-5,14,-5,2266.0,0,0,0,0,5000.0,0,0,0,0,143.4015,430,430,430,430
2006,7,10,6,0,13.425561,-16.875837,14,-5,14,-5,14,-5,14,-5,2266.0,0,0,0,0,5000.0,0,0,0,0,46.4866,430,430,430,430
2007,6,25,14,0,13.290518,-16.18926,14,-5,14,-5,14,-5,14,-5,2266.0,0,0,0,0,5000.0,0,0,0,0,62.0081,430,430,430,430
2018,7,28,21,0,16.500247,-11.679691,14,-5,14,-5,14,-5,14,-5,2266.0,0,0,0,0,5000.0,0,0,0,0,209.9905,430,430,430,430
2018,6,11,14,0,11.723644,-13.335396,14,-5,14,-5,14,-5,14,-5,2266.0,0,0,0,0,5000.0,0,0,0,0,167.4306,430,430,430,430
2014,8,24,5,0,15.279773,-14.577114,14,-5,14,-5,14,-5,14,-5,2266.0,0,0,0,0,5000.0,0,0,0,0,100.2247,430,430,430,430
2012,7,28,5,0,10.687232,-12.193757,14,-5,14,-5,14,-5,14,-5,2266.0,0,0,0,0,5000.0,0,0,0,0,220.2272,430,430,430,430
2008,8,9,10,0,10.682623,-12.550088,14,-5,14,-5,14,-5,14,-5,2266.0,0,0,0,0,5000.0,0,0,0,0,210.3545,430,430,430,430
2016,8,6,18,0,10.6429,-13.271628,14,-5,14,-5,14,-5,14,-5,2266.0,0,0,0,0,5000.0,0,0,0,0,193.145,430,430,430,430
2011,8,17,20,0,12.217819,-14.766947,14,-5,14,-5,14,-5,14,-5,2266.0,0,0,0,0,5000.0,0,0,0,0,120.2165,430,430,430,430
2008,8,16,6,0,17.887199,-10.397745,14,-5,14,-5,14,-5,14,-5,2266.0,0,0,0,0,5000.0,0,0,0,0,271.2066,430,430,430,430
2011,6,11,0,0,14.620125,-12.490068,14,-5,14,-5,14,-5,14,-5,2266.0,0,0,0,0,5000.0,0,0,0,0,167.003,430,430,430,430
2011,7,18,13,0,16.439406,-12.247637,14,-5,14,-5,14,-5,14,-5,2266.0,0,0,0,0,5000.0,0,0,0,0,190.3786,430,430,430,430
2005,6,28,21,0,11.041716,-14.338344,14,-5,14,-5,14,-5,14,-5,2266.0,0,0,0,0,5000.0,0,0,0,0,160.0,430,430,430,430
2019,7,20,10,0,16.668522,-12.017892,14,-5,14,-5,14,-5,14,-5,2266.0,0,0,0,0,5000.0,0,0,0,0,201.5465,430,430,430,430
2017,9,8,23,0,11.901674,-11.096708,14,-5,14,-5,14,-5,14,-5,2266.0,0,0,0,0,5000.0,0,0,0,0,230.9026,430,430,430,430
2010,8,26,20,0,14.902622,-15.713229,14,-5,14,-5,14,-5,14,-5,2266.0,0,0,0,0,5000.0,0,0,0,0,59.4138,430,430,430,430
2017,7,8,0,0,10.458521,-12.06344,14,-5,14,-5,14,-5,14,-5,2266.0,0,0,0,0,5000.0,0,0,0,0,227.7828,430,430,430,430
2016,6,11,12,0,13.47751,-10.205194,14,-5,14,-5,14,-5,14,-5,2266.0,0,0,0,0,5000.0,0,0,0,0,247.257,430,430,430,430
2018,8,23,22,0,12.117625,-17.451132,14,-5,14,-5,14,-5,14,-5,2266.0,0,0,0,0,5000.0,0,0,0,0,91.351,430,430,430,430
2014,9,24,12,0,11.981545,-14.767887,14,-5,14,-5,14,-5,14,-5,2266.0,0,0,0,0,5000.0,0,0,0,0,125.3994,430,430,430,430
2019,8,9,0,0,10.296544,-14.895623,14,-5,14,-5,14,-5,14,-5,2266.0,0,0,0,0,5000.0,0,0,0,0,171.2921,430,430,430,430
2017,6,24,5,0,11.94665,-10.077965,14,-5,14,-5,14,-5,14,-5,2266.0,0,0,0,0,5000.0,0,0,0,0,263.3477,430,430,430,430
2005,8,15,12,0,11.37193,-11.245148,14,-5,14,-5,14,-5,14,-5,2266.0,0,0,0,0,5000.0,0,0,0,0,234.1816,430,430,430,430
2013,6,26,6,0,11.343456,-13.364665,14,-5,14,-5,14,-5,14,-5,2266.0,0,0,0,0,5000.0,0,0,0,0,174.2297,430,430,430,430
2019,9,19,21,0,15.273008,-13.720678,14,-5,14,-5,14,-5,14,-5,2266.0,0,0,0,0,5000.0,0,0,0,0,128.7245,430,430,430,430
2009,8,10,5,0,17.571653,-14.543178,14,-5,14,-5,14,-5,14,-5,2266.0,0,0,0,0,5000.0,0,0,0,0,145.7258,430,430,430,430
2006,7,8,5,0,15.206411,-11.040814,14,-5,14,-5,14,-5,14,-5,2266.0,0,0,0,0,5000.0,0,0,0,0,219.9113,430,430,430,430
2012,8,3,12,0,11.871769,-13.664263,14,-5,14,-5,14,-5,14,-5,2266.0,0,0,0,0,5000.0,0,0,0,0,155.7081,430,430,430,430
2010,7,7,1,0,17.873465,-11.909329,14,-5,14,-5,14,-5,14,-5,2266.0,0,0,0,0,5000.0,0,0,0,0,224.3791,430,430,430,430
2005,7,2,18,0,15.651844,-14.86742,14,-5,14,-5,14,-5,14,-5,2266.0,0,0,0,0,5000.0,0,0,0,0,95.2733,430,430,430,430
2006,8,14,13,0,16.809768,-11.27863,14,-5,14,-5,14,-5,14,-5,2266.0,0,0,0,0,5000.0,0,0,0,0,227.0947,430,430,430,430
2004,7,14,4,0,13.503874,-13.434978,14,-5,14,-5,14,-5,14,-5,2266.0,0,0,0,0,5000.0,0,0,0,0,137.9275,430,430,430,430
2013,8,2,1,0,15.433749,-11.689279,14,-5,14,-5,14,-5,14,-5,2266.0,0,0,0,0,5000.0,0,0,0,0,198.9799,430,430,430,430
2018,9,2,0,0,13.564301,-15.346459,14,-5,14,-5,14,-5,14,-5,2266.0,0,0,0,0,5000.0,0,0,0,0,77.5242,430,430,430,430
2013,9,17,4,0,11.119201,-12.226526,14,-5,14,-5,14,-5,14,-5,2266.0,0,0,0,0,5000.0,0,0,0,0,209.6115,430,430,430,430
2005,6,7,9,0,15.977027,-16.458906,14,-5,14,-5,14,-5,14,-5,2266.0,0,0,0,0,5000.0,0,0,0,0,57.4891,430,430,430,430
2013,6,22,16,0,16.857951,-16.696497,14,-5,14,-5,14,-5,14,-5,2266.0,0,0,0,0,5000.0,0,0,0,0,81.5414,430,430,430,430
2011,6,17,0,0,16.615829,-16.968267,14,-5,14,-5,14,-5,14,-5,2266.0,0,0,0,0,5000.0,0,0,0,0,69.5701,430,430,430,430
2018,6,13,16,0,15.137289,-13.842126,14,-5,14,-5,14,-5,14,-5,2266.0,0,0,0,0,5000.0,0,0,0,0,124.0363,430,430,430,430
2010,8,2,13,0,11.070485,-12.27767,14,-5,14,-5,14,-5,14,-5,2266.0,0,0,0,0,5000.0,0,0,0,0,210.0,430,430,430,430
2015,9,31,14,0,16.137642,-10.87372,14,-5,14,-5,14,-5,14,-5,2266.0,0,0,0,0,5000.0,0,0,0,0,232.8798,430,430,430,430
2011,9,25,4,0,13.938489,-13.856271,14,-5,14,-5,14,-5,14,-5,2266.0,0,0,0,0,5000.0,0,0,0,0,121.5977,430,430,430,430
2019,7,5,9,0,15.23628,-10.745367,14,-5,14,-5,14,-5,14,-5,2266.0,0,0,0,0,5000.0,0,0,0,0,229.9609,430,430,430,430
2016,9,30,3,0,13.052957,-12.569351,14,-5,14,-5,14,-5,14,-5,2266.0,0,0,0,0,5000.0,0,0,0,0,171.406,430,430,430,430
2011,7,25,5,0,14.742071,-16.554649,14,-5,14,-5,14,-5,14,-5,2266.0,0,0,0,0,5000.0,0,0,0,0,30.0167,430,430,430,430
2004,8,24,14,0,15.488995,-11.179382,14,-5,14,-5,14,-5,14,-5,2266.0,0,0,0,0,5000.0,0,0,0,0,217.0829,430,430,430,430
2010,6,1,17,0,13.766262,-10.394643,14,-5,14,-5,14,-5,14,-5,2266.0,0,0,0,0,5000.0,0,0,0,0,239.8833,430,430,430,430
2011,6,10,8,0,14.403529,-10.936173,14,-5,14,-5,14,-5,14,-5,2266.0,0,0,0,0,5000.0,0,0,0,0,221.1447,430,430,430,430
2004,7,20,22,0,16.071094,-14.703665,14,-5,14,-5,14,-5,14,-5,2266.0,0,0,0,0,5000.0,0,0,0,0,107.3313,430,430,430,430
2011,8,13,6,0,12.453135,-14.830593,14,-5,14,-5,14,-5,14,-5,2266.0,0,0,0,0,5000.0,0,0,0,0,113.1724,430,430,430,430
2007,7,16,0,0,12.755338,-17.624441,14,-5,14,-5,14,-5,14,-5,2266.0,0,0,0,0,5000.0,0,0,0,0,70.0357,430,430,430,430
2019,7,18,21,0,10.173021,-14.797588,14,-5,14,-5,14,-5,14,-5,2266.0,0,0,0,0,5000.0,0,0,0,0,177.1017,430,430,430,430
2007,6,12,10,0,11.503287,-11.199419,14,-5,14,-5,14,-5,14,-5,2266.0,0,0,0,0,5000.0,0,0,0,0,233.5294,430,430,430,430
2008,8,12,14,0,17.709545,-15.70203,14,-5,14,-5,14,-5,14,-5,2266.0,0,0,0,0,5000.0,0,0,0,0,124.2578,430,430,430,430
2006,6,9,12,0,15.727118,-15.068102,14,-5,14,-5,14,-5,14,-5,2266.0,0,0,0,0,5000.0,0,0,0,0,90.471,430,430,430,430
2007,7,18,17,0,16.906042,-14.45557,14,-5,14,-5,14,-5,14,-5,2266.0,0,0,0,0,5000.0,0,0,0,0,131.8256,430,430,430,430
2011,6,13,15,0,17.517373,-12.728765,14,-5,14,-5,14,-5,14,-5,2266.0,0,0,0,0,5000.0,0,0,0,0,194.1391,430,430,430,430
2015,6,19,18,0,10.8553,-16.983079,14,-5,14,-5,14,-5,14,-5,2266.0,0,0,0,0,5000.0,0,0,0,0,135.0926,430,430,430,430
2014,9,25,12,0,13.282102,-13.401786,14,-5,14,-5,14,-5,14,-5,2266.0,0,0,0,0,5000.0,0,0,0,0,141.3966,430,430,430,430
2005,6,13,22,0,14.172267,-11.098778,14,-5,14,-5,14,-5,14,-5,2266.0,0,0,0,0,5000.0,0,0,0,0,215.5945,430,430,430,430
2008,8,5,5,0,10.041063,-17.037336,14,-5,14,-5,14,-5,14,-5,2266.0,0,0,0,0,5000.0,0,0,0,0,164.003,430,430,430,430
2014,9,27,21,0,12.569944,-11.200735,14,-5,14,-5,14,-5,14,-5,2266.0,0,0,0,0,5000.0,0,0,0,0,220.4382,430,430,430,430
2017,9,12,6,0,10.031911,-13.733262,14,-5,14,-5,14,-5,14,-5,2266.0,0,0,0,0,5000.0,0,0,0,0,200.3023,430,430,430,430
2007,8,26,0,0,10.007215,-13.675217,14,-5,14,-5,14,-5,14,-5,2266.0,0,0,0,0,5000.0,0,0,0,0,202.2721,430,430,430,430
2012,6,24,22,0,13.834514,-16.949379,14,-5,14,-5,14,-5,14,-5,2266.0,0,0,0,0,5000.0,0,0,0,0,33.1059,430,430,430,430
2017,8,29,16,0,14.676042,-13.038914,14,-5,14,-5,14,-5,14,-5,2266.0,0,0,0,0,5000.0,0,0,0,0,149.0034,430,430,430,430
2017,8,29,8,0,13.621772,-11.618092,14,-5,14,-5,14,-5,14,-5,2266.0,0,0,0,0,5000.0,0,0,0,0,198.2952,430,430,430,430
2015,8,14,17,0,10.480422,-15.386647,14,-5,14,-5,14,-5,14,-5,2266.0,0,0,0,0,5000.0,0,0,0,0,159.3267,430,430,430,430
2018,6,22,7,0,13.84176,-15.365195,14,-5,14,-5,14,-5,14,-5,2266.0,0,0,0,0,5000.0,0,0,0,0,73.0068,430,430,430,430
2008,8,12,6,0,10.967593,-17.082915,14,-5,14,-5,14,-5,14,-5,2266.0,0,0,0,0,5000.0,0,0,0,0,132.0152,430,430,430,430
2014,9,5,23,0,16.190859,-15.863319,14,-5,14,-5,14,-5,14,-5,2266.0,0,0,0,0,5000.0,0,0,0,0,77.8974,430,430,430,430
2016,9,18,15,0,15.307449,-11.226675,14,-5,14,-5,14,-5,14,-5,2266.0,0,0,0,0,5000.0,0,0,0,0,214.2382,430,430,430,430
2005,7,15,22,0,12.334594,-16.505975,14,-5,14,-5,14,-5,14,-5,2266.0,0,0,0,0,5000.0,0,0,0,0,86.6833,430,430,430,430
2016,8,24,2,0,14.586438,-11.592789,14,-5,14,-5,14,-5,14,-5,2266.0,0,0,0,0,5000.0,0,0,0,0,198.0101,430,430,430,430
2005,8,28,5,0,12.815432,-11.297129,14,-5,14,-5,14,-5,14,-5,2266.0,0,0,0,0,5000.0,0,0,0,0,214.758,430,430,430,430
2014,9,28,3,0,17.842304,-12.768609,14,-5,14,-5,14,-5,14,-5,2266.0,0,0,0,0,5000.0,0,0,0,0,199.1381,430,430,430,430
2016,6,17,15,0,17.152128,-17.266132,14,-5,14,-5,14,-5,14,-5,2266.0,0,0,0,0,5000.0,0,0,0,0,85.3288,430,430,430,430
2011,9,30,8,0,13.031413,-11.073305,14,-5,14,-5,14,-5,14,-5,2266.0,0,0,0,0,5000.0,0,0,0,0,220.2385,430,430,430,430
2013,7,22,10,0,15.838275,-17.216716,14,-5,14,-5,14,-5,14,-5,2266.0,0,0,0,0,5000.0,0,0,0,0,40.8044,430,430,430,430
2019,9,13,23,0,11.855907,-15.346613,14,-5,14,-5,14,-5,14,-5,2266.0,0,0,0,0,5000.0,0,0,0,0,117.3456,430,430,430,430
2011,8,3,21,0,15.012602,-12.020102,14,-5,14,-5,14,-5,14,-5,2266.0,0,0,0,0,5000.0,0,0,0,0,184.4587,430,430,430,430
2018,9,23,17,0,13.8606,-17.783344,14,-5,14,-5,14,-5,14,-5,2266.0,0,0,0,0,5000.0,0,0,0,0,33.1059,430,430,430,430
2019,8,20,1,0,16.980294,-10.549472,14,-5,14,-5,14,-5,14,-5,2266.0,0,0,0,0,5000.0,0,0,0,0,253.3002,430,430,430,430
2007,6,17,6,0,12.888222,-11.520792,14,-5,14,-5,14,-5,14,-5,2266.0,0,0,0,0,5000.0,0,0,0,0,206.228,430,430,430,430
2010,7,16,12,0,14.176228,-14.187707,14,-5,14,-5,14,-5,14,-5,2266.0,0,0,0,0,5000.0,0,0,0,0,109.3298,430,430,430,430
2019,6,15,0,0,17.473588,-17.935304,14,-5,14,-5,14,-5,14,-5,2266.0,0,0,0,0,5000.0,0,0,0,0,94.1913,430,430,430,430
2013,7,6,14,0,13.343651,-16.11462,14,-5,14,-5,14,-5,14,-5,2266.0,0,0,0,0,5000.0,0,0,0,0,62.3699,430,430,430,430
2018,6,5,2,0,13.745785,-14.253278,14,-5,14,-5,14,-5,14,-5,2266.0,0,0,0,0,5000.0,0,0,0,0,109.7679,430,430,430,430
2008,8,9,9,0,11.541836,-13.385924,14,-5,14,-5,14,-5,14,-5,2266.0,0,0,0,0,5000.0,0,0,0,0,170.2939,430,430,430,430
2007,7,20,23,0,13.123455,-10.512677,14,-5,14,-5,14,-5,14,-5,2266.0,0,0,0,0,5000.0,0,0,0,0,238.9519,430,430,430,430
2010,9,13,13,0,17.488919,-14.941661,14,-5,14,-5,14,-5,14,-5,2266.0,0,0,0,0,5000.0,0,0,0,0,134.3801,430,430,430,430
2008,8,4,0,0,16.043394,-13.01999,14,-5,14,-5,14,-5,14,-5,2266.0,0,0,0,0,5000.0,0,0,0,0,160.3527,430,430,430,430
2016,8,13,5,0,12.974949,-15.898952,14,-5,14,-5,14,-5,14,-5,2266.0,0,0,0,0,5000.0,0,0,0,0,76.2168,430,430,430,430
2016,9,22,9,0,17.381089,-16.486331,14,-5,14,-5,14,-5,14,-5,2266.0,0,0,0,0,5000.0,0,0,0,0,100.7224,430,430,430,430
2012,9,9,2,0,16.318011,-11.966105,14,-5,14,-5,14,-5,14,-5,2266.0,0,0,0,0,5000.0,0,0,0,0,197.6993,430,430,430,430
2010,6,26,20,0,11.665829,-15.01648,14,-5,14,-5,14,-5,14,-5,2266.0,0,0,0,0,5000.0,0,0,0,0,129.2749,430,430,430,430
2014,9,4,2,0,13.576352,-13.999592,14,-5,14,-5,14,-5,14,-5,2266.0,0,0,0,0,5000.0,0,0,0,0,119.2183,430,430,430,430
2016,8,15,8,0,14.802109,-15.200217,14,-5,14,-5,14,-5,14,-5,2266.0,0,0,0,0,5000.0,0,0,0,0,76.1052,430,430,430,430
2013,8,23,16,0,14.78653,-14.497584,14,-5,14,-5,14,-5,14,-5,2266.0,0,0,0,0,5000.0,0,0,0,0,99.0808,430,430,430,430
2005,7,30,5,0,17.601863,-12.462108,14,-5,14,-5,14,-5,14,-5,2266.0,0,0,0,0,5000.0,0,0,0,0,203.4207,430,430,430,430
2018,7,30,3,0,14.168049,-13.495494,14,-5,14,-5,14,-5,14,-5,2266.0,0,0,0,0,5000.0,0,0,0,0,133.0902,430,430,430,430
2014,8,20,16,0,10.870799,-15.795948,14,-5,14,-5,14,-5,14,-5,2266.0,0,0,0,0,5000.0,0,0,0,0,141.3542,430,430,430,430
2008,6,20,23,0,15.646397,-10.122965,14,-5,14,-5,14,-5,14,-5,2266.0,0,0,0,0,5000.0,0,0,0,0,253.4285,430,430,430,430
2009,8,15,11,0,12.423165,-10.073907,14,-5,14,-5,14,-5,14,-5,2266.0,0,0,0,0,5000.0,0,0,0,0,258.7238,430,430,430,430
2007,7,22,0,0,12.817749,-14.369411,14,-5,14,-5,14,-5,14,-5,2266.0,0,0,0,0,5000.0,0,0,0,0,118.4314,430,430,430,430
2006,7,23,21,0,17.795303,-11.391205,14,-5,14,-5,14,-5,14,-5,2266.0,0,0,0,0,5000.0,0,0,0,0,239.2697,430,430,430,430
2006,8,6,9,0,14.217941,-10.138985,14,-5,14,-5,14,-5,14,-5,2266.0,0,0,0,0,5000.0,0,0,0,0,248.3948,430,430,430,430
2004,7,16,20,0,17.894381,-16.74787,14,-5,14,-5,14,-5,14,-5,2266.0,0,0,0,0,5000.0,0,0,0,0,115.1347,430,430,430,430
2011,8,6,15,0,16.29659,-15.830346,14,-5,14,-5,14,-5,14,-5,2266.0,0,0,0,0,5000.0,0,0,0,0,80.6598,430,430,430,430
2015,8,14,13,0,12.427038,-14.542214,14,-5,14,-5,14,-5,14,-5,2266.0,0,0,0,0,5000.0,0,0,0,0,121.2642,430,430,430,430
2012,6,27,0,0,13.816154,-16.916835,14,-5,14,-5,14,-5,14,-5,2266.0,0,0,0,0,5000.0,0,0,0,0,34.4384,430,430,430,430
2005,8,17,10,0,16.111136,-17.736904,14,-5,14,-5,14,-5,14,-5,2266.0,0,0,0,0,5000.0,0,0,0,0,48.2597,430,430,430,430
2013,6,15,17,0,17.687511,-15.863934,14,-5,14,-5,14,-5,14,-5,2266.0,0,0,0,0,5000.0,0,0,0,0,120.7394,430,430,430,430
2015,7,1,17,0,15.652301,-13.736864,14,-5,14,-5,14,-5,14,-5,2266.0,0,0,0,0,5000.0,0,0,0,0,132.4387,430,430,430,430
2006,7,28,21,0,16.712304,-16.368258,14,-5,14,-5,14,-5,14,-5,2266.0,0,0,0,0,5000.0,0,0,0,0,81.3019,430,430,430,430
2018,6,2,6,0,10.242869,-16.589344,14,-5,14,-5,14,-5,14,-5,2266.0,0,0,0,0,5000.0,0,0,0,0,157.9177,430,430,430,430
2009,6,12,21,0,15.446258,-11.492244,14,-5,14,-5,14,-5,14,-5,2266.0,0,0,0,0,5000.0,0,0,0,0,205.9126,430,430,430,430
2008,8,5,7,0,11.272734,-13.387915,14,-5,14,-5,14,-5,14,-5,2266.0,0,0,0,0,5000.0,0,0,0,0,175.505,430,430,430,430
2015,6,7,7,0,10.430038,-11.382846,14,-5,14,-5,14,-5,14,-5,2266.0,0,0,0,0,5000.0,0,0,0,0,247.8003,430,430,430,430
2010,9,20,1,0,10.720304,-16.593066,14,-5,14,-5,14,-5,14,-5,2266.0,0,0,0,0,5000.0,0,0,0,0,141.1524,430,430,430,430
2009,6,26,7,0,15.203669,-14.241356,14,-5,14,-5,14,-5,14,-5,2266.0,0,0,0,0,5000.0,0,0,0,0,110.6436,430,430,430,430
2005,6,2,1,0,12.195608,-10.457759,14,-5,14,-5,14,-5,14,-5,2266.0,0,0,0,0,5000.0,0,0,0,0,248.3647,430,430,430,430
2005,9,15,19,0,14.485445,-16.715605,14,-5,14,-5,14,-5,14,-5,2266.0,0,0,0,0,5000.0,0,0,0,0,25.2982,430,430,430,430
2017,7,8,5,0,13.378668,-12.33899,14,-5,14,-5,14,-5,14,-5,2266.0,0,0,0,0,5000.0,0,0,0,0,175.6018,430,430,430,430
2007,6,7,3,0,13.6592,-17.15372,14,-5,14,-5,14,-5,14,-5,2266.0,0,0,0,0,5000.0,0,0,0,0,37.6563,430,430,430,430
2015,8,9,20,0,11.388379,-16.003092,14,-5,14,-5,14,-5,14,-5,2266.0,0,0,0,0,5000.0,0,0,0,0,122.7029,430,430,430,430
2018,9,8,9,0,14.372045,-12.917086,14,-5,14,-5,14,-5,14,-5,2266.0,0,0,0,0,5000.0,0,0,0,0,152.2662,430,430,430,430
2010,9,7,18,0,13.810011,-16.302502,14,-5,14,-5,14,-5,14,-5,2266.0,0,0,0,0,5000.0,0,0,0,0,47.5079,430,430,430,430
2009,9,17,11,0,12.747815,-11.033521,14,-5,14,-5,14,-5,14,-5,2266.0,0,0,0,0,5000.0,0,0,0,0,223.9464,430,430,430,430
2016,9,18,10,0,11.937491,-12.717776,14,-5,14,-5,14,-5,14,-5,2266.0,0,0,0,0,5000.0,0,0,0,0,180.9447,430,430,430,430
2006,8,22,7,0,13.074052,-10.32964,14,-5,14,-5,14,-5,14,-5,2266.0,0,0,0,0,5000.0,0,0,0,0,245.2468,430,430,430,430
2018,6,27,18,0,10.065228,-15.479003,14,-5,14,-5,14,-5,14,-5,2266.0,0,0,0,0,5000.0,0,0,0,0,172.0291,430,430,430,430
2014,7,9,18,0,16.067308,-17.775848,14,-5,14,-5,14,-5,14,-5,2266.0,0,0,0,0,5000.0,0,0,0,0,46.3897,430,430,430,430
2010,8,25,21,0,13.079848,-10.369602,14,-5,14,-5,14,-5,14,-5,2266.0,0,0,0,0,5000.0,0,0,0,0,244.0492,430,430,430,430
2004,7,29,21,0,15.401248,-17.112907,14,-5,14,-5,14,-5,14,-5,2266.0,0,0,0,0,5000.0,0,0,0,0,27.7849,430,430,430,430
2012,9,19,6,0,10.744921,-10.463012,14,-5,14,-5,14,-5,14,-5,2266.0,0,0,0,0,5000.0,0,0,0,0,268.5703,430,430,430,430
2009,7,24,10,0,17.374529,-16.643625,14,-5,14,-5,14,-5,14,-5,2266.0,0,0,0,0,5000.0,0,0,0,0,98.7927,430,430,430,430
2009,9,27,8,0,16.930508,-12.014266,14,-5,14,-5,14,-5,14,-5,2266.0,0,0,0,0,5000.0,0,0,0,0,204.8463,430,430,430,430
2015,6,19,17,0,13.185996,-16.053041,14,-5,14,-5,14,-5,14,-5,2266.0,0,0,0,0,5000.0,0,0,0,0,67.624,430,430,430,430
2007,9,29,15,0,11.089197,-16.435052,14,-5,14,-5,14,-5,14,-5,2266.0,0,0,0,0,5000.0,0,0,0,0,128.2653,430,430,430,430
2006,6,2,0,0,14.154023,-17.809998,14,-5,14,-5,14,-5,14,-5,2266.0,0,0,0,0,5000.0,0,0,0,0,24.4131,430,430,430,430
2018,6,17,9,0,15.057701,-13.174592,14,-5,14,-5,14,-5,14,-5,2266.0,0,0,0,0,5000.0,0,0,0,0,145.6743,430,430,430,430
2017,6,15,1,0,15.118258,-11.425322,14,-5,14,-5,14,-5,14,-5,2266.0,0,0,0,0,5000.0,0,0,0,0,205.7037,430,430,430,430
2009,7,30,13,0,10.463924,-10.278141,14,-5,14,-5,14,-5,14,-5,2266.0,0,0,0,0,5000.0,0,0,0,0,278.8871,430,430,430,430
2005,9,27,4,0,13.953194,-14.215653,14,-5,14,-5,14,-5,14,-5,2266.0,0,0,0,0,5000.0,0,0,0,0,109.8818,430,430,430,430
2012,8,22,20,0,11.315855,-12.730509,14,-5,14,-5,14,-5,14,-5,2266.0,0,0,0,0,5000.0,0,0,0,0,192.4266,430,430,430,430
2007,6,2,0,0,16.974816,-17.387226,14,-5,14,-5,14,-5,14,-5,2266.0,0,0,0,0,5000.0,0,0,0,0,78.6384,430,430,430,430
2004,9,6,23,0,12.479824,-11.824091,14,-5,14,-5,14,-5,14,-5,2266.0,0,0,0,0,5000.0,0,0,0,0,200.9278,430,430,430,430
2012,7,22,7,0,10.309186,-13.359957,14,-5,14,-5,14,-5,14,-5,2266.0,0,0,0,0,5000.0,0,0,0,0,200.2498,430,430,430,430
2009,7,29,8,0,11.773233,-13.710716,14,-5,14,-5,14,-5,14,-5,2266.0,0,0,0,0,5000.0,0,0,0,0,156.0833,430,430,430,430
2017,7,16,23,0,11.109289,-15.175508,14,-5,14,-5,14,-5,14,-5,2266.0,0,0,0,0,5000.0,0,0,0,0,141.8238,430,430,430,430
2005,7,18,17,0,12.860575,-14.779593,14,-5,14,-5,14,-5,14,-5,2266.0,0,0,0,0,5000.0,0,0,0,0,106.4002,430,430,430,430
2013,9,1,17,0,17.782983,-16.919917,14,-5,14,-5,14,-5,14,-5,2266.0,0,0,0,0,5000.0,0,0,0,0,109.6358,430,430,430,430
2006,8,21,17,0,12.181781,-12.601414,14,-5,14,-5,14,-5,14,-5,2266.0,0,0,0,0,5000.0,0,0,0,0,180.3691,430,430,430,430
2015,9,14,13,0,12.847685,-10.625367,14,-5,14,-5,14,-5,14,-5,2266.0,0,0,0,0,5000.0,0,0,0,0,237.5079,430,430,430,430
2015,7,3,19,0,12.985087,-10.285752,14,-5,14,-5,14,-5,14,-5,2266.0,0,0,0,0,5000.0,0,0,0,0,247.881,430,430,430,430
2004,7,14,21,0,11.494149,-14.259406,14,-5,14,-5,14,-5,14,-5,2266.0,0,0,0,0,5000.0,0,0,0,0,150.1466,430,430,430,430
2011,8,26,10,0,14.218306,-13.410088,14,-5,14,-5,14,-5,14,-5,2266.0,0,0,0,0,5000.0,0,0,0,0,135.8308,430,430,430,430
2005,8,16,0,0,13.193297,-13.690189,14,-5,14,-5,14,-5,14,-5,2266.0,0,0,0,0,5000.0,0,0,0,0,133.154,430,430,430,430
2013,6,4,14,0,11.901578,-15.973676,14,-5,14,-5,14,-5,14,-5,2266.0,0,0,0,0,5000.0,0,0,0,0,106.6208,430,430,430,430
2016,6,24,4,0,10.605014,-13.672563,14,-5,14,-5,14,-5,14,-5,2266.0,0,0,0,0,5000.0,0,0,0,0,185.3996,430,430,430,430
2019,6,21,13,0,13.910709,-10.256894,14,-5,14,-5,14,-5,14,-5,2266.0,0,0,0,0,5000.0,0,0,0,0,244.2826,430,430,430,430
2007,8,14,20,0,16.289079,-12.44982,14,-5,14,-5,14,-5,14,-5,2266.0,0,0,0,0,5000.0,0,0,0,0,182.1483,430,430,430,430
2005,7,28,11,0,12.279313,-16.210105,14,-5,14,-5,14,-5,14,-5,2266.0,0,0,0,0,5000.0,0,0,0,0,91.9239,430,430,430,430
2014,6,9,15,0,15.524335,-16.227249,14,-5,14,-5,14,-5,14,-5,2266.0,0,0,0,0,5000.0,0,0,0,0,51.8652,430,430,430,430
2008,8,8,9,0,10.595183,-15.339296,14,-5,14,-5,14,-5,14,-5,2266.0,0,0,0,0,5000.0,0,0,0,0,156.0,430,430,430,430
2006,7,14,7,0,14.4071,-16.398402,14,-5,14,-5,14,-5,14,-5,2266.0,0,0,0,0,5000.0,0,0,0,0,35.4401,430,430,430,430
2004,8,15,23,0,10.894299,-11.079799,14,-5,14,-5,14,-5,14,-5,2266.0,0,0,0,0,5000.0,0,0,0,0,247.1943,430,430,430,430
2016,8,5,3,0,13.66776,-17.965989,14,-5,14,-5,14,-5,14,-5,2266.0,0,0,0,0,5000.0,0,0,0,0,42.0595,430,430,430,430
2019,6,6,13,0,11.9835,-17.638814,14,-5,14,-5,14,-5,14,-5,2266.0,0,0,0,0,5000.0,0,0,0,0,97.0155,430,430,430,430
2011,8,24,18,0,12.038378,-14.602316,14,-5,14,-5,14,-5,14,-5,2266.0,0,0,0,0,5000.0,0,0,0,0,128.7245,430,430,430,430
2009,6,31,19,0,11.149022,-10.504184,14,-5,14,-5,14,-5,14,-5,2266.0,0,0,0,0,5000.0,0,0,0,0,260.3536,430,430,430,430
2011,9,17,1,0,13.699683,-11.118572,14,-5,14,-5,14,-5,14,-5,2266.0,0,0,0,0,5000.0,0,0,0,0,215.5412,430,430,430,430
2011,6,24,18,0,16.589462,-17.066256,14,-5,14,-5,14,-5,14,-5,2266.0,0,0,0,0,5000.0,0,0,0,0,67.72,430,430,430,430
2007,6,29,16,0,10.727305,-13.498056,14,-5,14,-5,14,-5,14,-5,2266.0,0,0,0,0,5000.0,0,0,0,0,186.2713,430,430,430,430
2004,9,30,1,0,10.247629,-11.682622,14,-5,14,-5,14,-5,14,-5,2266.0,0,0,0,0,5000.0,0,0,0,0,242.8868,430,430,430,430
2017,6,10,23,0,12.633358,-12.248886,14,-5,14,-5,14,-5,14,-5,2266.0,0,0,0,0,5000.0,0,0,0,0,185.154,430,430,430,430
2017,9,1,18,0,11.537988,-15.443097,14,-5,14,-5,14,-5,14,-5,2266.0,0,0,0,0,5000.0,0,0,0,0,125.706,430,430,430,430
2016,6,11,11,0,15.158302,-16.192681,14,-5,14,-5,14,-5,14,-5,2266.0,0,0,0,0,5000.0,0,0,0,0,45.8803,430,430,430,430
2010,8,5,1,0,11.646744,-15.191356,14,-5,14,-5,14,-5,14,-5,2266.0,0,0,0,0,5000.0,0,0,0,0,126.7793,430,430,430,430
2015,6,1,0,0,10.063427,-12.370253,14,-5,14,-5,14,-5,14,-5,2266.0,0,0,0,0,5000.0,0,0,0,0,229.8108,430,430,430,430
2013,7,31,1,0,10.906878,-16.132278,14,-5,14,-5,14,-5,14,-5,2266.0,0,0,0,0,5000.0,0,0,0,0,137.2771,430,430,430,430
2017,8,19,15,0,10.492796,-14.43829,14,-5,14,-5,14,-5,14,-5,2266.0,0,0,0,0,5000.0,0,0,0,0,172.8872,430,430,430,430
2013,9,26,8,0,12.180707,-13.881669,14,-5,14,-5,14,-5,14,-5,2266.0,0,0,0,0,5000.0,0,0,0,0,143.405,430,430,430,430
2014,6,21,20,0,15.396668,-16.444633,14,-5,14,-5,14,-5,14,-5,2266.0,0,0,0,0,5000.0,0,0,0,0,43.2666,430,430,430,430
2007,7,11,9,0,12.655499,-13.491749,14,-5,14,-5,14,-5,14,-5,2266.0,0,0,0,0,5000.0,0,0,0,0,145.8904,430,430,430,430
2018,8,22,21,0,11.929974,-10.679887,14,-5,14,-5,14,-5,14,-5,2266.0,0,0,0,0,5000.0,0,0,0,0,244.2335,430,430,430,430
2009,9,1,11,0,10.311293,-16.802083,14,-5,14,-5,14,-5,14,-5,2266.0,0,0,0,0,5000.0,0,0,0,0,155.3222,430,430,430,430
2009,6,16,20,0,12.354831,-12.55162,14,-5,14,-5,14,-5,14,-5,2266.0,0,0,0,0,5000.0,0,0,0,0,179.3349,430,430,430,430
2007,9,21,20,0,10.722267,-10.911555,14,-5,14,-5,14,-5,14,-5,2266.0,0,0,0,0,5000.0,0,0,0,0,255.478,430,430,430,430
2004,6,15,7,0,17.23728,-12.820253,14,-5,14,-5,14,-5,14,-5,2266.0,0,0,0,0,5000.0,0,0,0,0,185.7148,430,430,430,430
2012,9,30,0,0,13.072354,-15.773917,14,-5,14,-5,14,-5,14,-5,2266.0,0,0,0,0,5000.0,0,0,0,0,77.1557,430,430,430,430
2012,7,24,3,0,12.749235,-10.962214,14,-5,14,-5,14,-5,14,-5,2266.0,0,0,0,0,5000.0,0,0,0,0,226.8149,430,430,430,430
2012,8,21,14,0,14.245409,-10.572975,14,-5,14,-5,14,-5,14,-5,2266.0,0,0,0,0,5000.0,0,0,0,0,233.3624,430,430,430,430
2011,8,19,12,0,13.996692,-16.316484,14,-5,14,-5,14,-5,14,-5,2266.0,0,0,0,0,5000.0,0,0,0,0,43.2666,430,430,430,430
2012,6,8,20,0,10.76373,-12.619841,14,-5,14,-5,14,-5,14,-5,2266.0,0,0,0,0,5000.0,0,0,0,0,206.8671,430,430,430,430
2004,7,26,15,0,12.350262,-12.929946,14,-5,14,-5,14,-5,14,-5,2266.0,0,0,0,0,5000.0,0,0,0,0,167.8392,430,430,430,430
2009,6,8,18,0,17.446655,-17.860875,14,-5,14,-5,14,-5,14,-5,2266.0,0,0,0,0,5000.0,0,0,0,0,94.0851,430,430,430,430
2013,8,2,13,0,10.434912,-15.322007,14,-5,14,-5,14,-5,14,-5,2266.0,0,0,0,0,5000.0,0,0,0,0,161.929,430,430,430,430
2013,8,10,10,0,12.463629,-14.903484,14,-5,14,-5,14,-5,14,-5,2266.0,0,0,0,0,5000.0,0,0,0,0,111.7318,430,430,430,430
2014,8,16,21,0,13.555931,-14.712592,14,-5,14,-5,14,-5,14,-5,2266.0,0,0,0,0,5000.0,0,0,0,0,97.17,430,430,430,430
2013,9,11,21,0,10.764972,-15.334917,14,-5,14,-5,14,-5,14,-5,2266.0,0,0,0,0,5000.0,0,0,0,0,150.8807,430,430,430,430
2009,6,21,2,0,10.962872,-16.336565,14,-5,14,-5,14,-5,14,-5,2266.0,0,0,0,0,5000.0,0,0,0,0,133.7535,430,430,430,430
2009,8,7,11,0,14.755898,-17.604755,14,-5,14,-5,14,-5,14,-5,2266.0,0,0,0,0,5000.0,0,0,0,0,5.099,430,430,430,430
2019,9,30,20,0,12.314582,-13.215701,14,-5,14,-5,14,-5,14,-5,2266.0,0,0,0,0,5000.0,0,0,0,0,159.6653,430,430,430,430
2013,7,25,1,0,12.131501,-13.834885,14,-5,14,-5,14,-5,14,-5,2266.0,0,0,0,0,5000.0,0,0,0,0,146.2088,430,430,430,430
2012,7,20,21,0,13.541746,-13.063351,14,-5,14,-5,14,-5,14,-5,2266.0,0,0,0,0,5000.0,0,0,0,0,151.1192,430,430,430,430
2013,7,1,13,0,16.75378,-15.741826,14,-5,14,-5,14,-5,14,-5,2266.0,0,0,0,0,5000.0,0,0,0,0,95.5877,430,430,430,430
2008,7,15,19,0,17.063277,-12.828623,14,-5,14,-5,14,-5,14,-5,2266.0,0,0,0,0,5000.0,0,0,0,0,182.4829,430,430,430,430
2006,6,30,6,0,13.287352,-11.604188,14,-5,14,-5,14,-5,14,-5,2266.0,0,0,0,0,5000.0,0,0,0,0,200.5841,430,430,430,430
2009,9,6,22,0,13.468978,-12.638706,14,-5,14,-5,14,-5,14,-5,2266.0,0,0,0,0,5000.0,0,0,0,0,165.1696,430,430,430,430
2017,6,10,8,0,16.990015,-15.421143,14,-5,14,-5,14,-5,14,-5,2266.0,0,0,0,0,5000.0,0,0,0,0,108.9312,430,430,430,430
2004,6,1,14,0,13.767283,-14.787953,14,-5,14,-5,14,-5,14,-5,2266.0,0,0,0,0,5000.0,0,0,0,0,92.6984,430,430,430,430
2006,7,19,17,0,10.928428,-17.166562,14,-5,14,-5,14,-5,14,-5,2266.0,0,0,0,0,5000.0,0,0,0,0,133.0038,430,430,430,430
2006,6,2,16,0,10.835251,-11.006646,14,-5,14,-5,14,-5,14,-5,2266.0,0,0,0,0,5000.0,0,0,0,0,250.7987,430,430,430,430
2015,9,28,5,0,17.164378,-15.28084,14,-5,14,-5,14,-5,14,-5,2266.0,0,0,0,0,5000.0,0,0,0,0,117.4564,430,430,430,430
2017,9,21,0,0,17.076065,-10.47644,14,-5,14,-5,14,-5,14,-5,2266.0,0,0,0,0,5000.0,0,0,0,0,256.4937,430,430,430,430
2009,8,22,15,0,16.076667,-16.111155,14,-5,14,-5,14,-5,14,-5,2266.0,0,0,0,0,5000.0,0,0,0,0,68.593,430,430,430,430
