year,month,day,hour,minute,lat1,lon1,lat2,lon2,lat3,lon3,lat4,lon4,lat5,lon5,wp1,wp2,wp3,wp4,wp5,size1,size2,size3,size4,size5,ds1,ds2,ds3,ds4,ds5
2004,6,21,6,0,14.34724,-15.773045,13.396141,-11.241791,14,-5,14,-5,14,-5,2266.0,2266.0,0,0,0,5000.0,5000.0,0,0,0,56.2939,212.3982,430,430,430
2005,6,26,1,0,10.037751,-17.027447,15.365993,-11.393178,14,-5,14,-5,14,-5,2266.0,2266.0,0,0,0,5000.0,5000.0,0,0,0,165.0121,208.5042,430,430,430
2010,8,17,19,0,11.093653,-13.399253,17.130576,-16.326383,14,-5,14,-5,14,-5,2266.0,2266.0,0,0,0,5000.0,5000.0,0,0,0,179.6107,95.2943,430,430,430
2013,6,3,8,0,11.482626,-17.132985,11.75758,-10.17101,14,-5,14,-5,14,-5,2266.0,2266.0,0,0,0,5000.0,5000.0,0,0,0,113.0044,263.1539,430,430,430
2008,7,19,17,0,16.493465,-16.624472,16.529798,-15.80741,14,-5,14,-5,14,-5,2266.0,2266.0,0,0,0,5000.0,5000.0,0,0,0,70.2353,87.6926,430,430,430
2007,6,5,3,0,13.453633,-10.479761,16.541195,-15.311104,14,-5,14,-5,14,-5,2266.0,2266.0,0,0,0,5000.0,5000.0,0,0,0,238.5498,100.1249,430,430,430
2017,7,16,3,0,11.403284,-15.017344,10.045508,-15.980589,14,-5,14,-5,14,-5,2266.0,2266.0,0,0,0,5000.0,5000.0,0,0,0,136.2131,168.122,430,430,430
2004,8,7,22,0,16.3653,-17.87796,14.790747,-13.169564,14,-5,14,-5,14,-5,2266.0,2266.0,0,0,0,5000.0,5000.0,0,0,0,57.5587,145.0862,430,430,430
2013,7,26,12,0,10.841181,-14.944452,10.291808,-10.876707,14,-5,14,-5,14,-5,2266.0,2266.0,0,0,0,5000.0,5000.0,0,0,0,154.4345,265.2772,430,430,430
2015,8,1,13,0,17.847367,-17.520464,17.124368,-13.384788,14,-5,14,-5,14,-5,2266.0,2266.0,0,0,0,5000.0,5000.0,0,0,0,107.3778,166.355,430,430,430
2017,7,27,14,0,15.939838,-12.958529,14.654738,-17.836487,14,-5,14,-5,14,-5,2266.0,2266.0,0,0,0,5000.0,5000.0,0,0,0,161.4001,13.1529,430,430,430
2008,6,25,14,0,11.680213,-13.642521,16.152921,-15.994438,14,-5,14,-5,14,-5,2266.0,2266.0,0,0,0,5000.0,5000.0,0,0,0,160.2061,72.8629,430,430,430
2017,7,28,0,0,12.287166,-11.180839,17.800052,-10.921174,14,-5,14,-5,14,-5,2266.0,2266.0,0,0,0,5000.0,5000.0,0,0,0,223.58,253.6178,430,430,430
2010,6,23,21,0,12.876063,-13.209128,12.838365,-15.278478,14,-5,14,-5,14,-5,2266.0,2266.0,0,0,0,5000.0,5000.0,0,0,0,152.2005,94.0691,430,430,430
2012,8,3,0,0,11.424648,-16.098446,10.358898,-13.956549,14,-5,14,-5,14,-5,2266.0,2266.0,0,0,0,5000.0,5000.0,0,0,0,120.5031,186.4618,430,430,430
2011,8,19,15,0,13.01002,-13.257557,15.039535,-16.859197,14,-5,14,-5,14,-5,2266.0,2266.0,0,0,0,5000.0,5000.0,0,0,0,148.7716,23.7065,430,430,430
2012,7,17,14,0,17.47073,-10.428961,14.818373,-14.89787,14,-5,14,-5,14,-5,2266.0,2266.0,0,0,0,5000.0,5000.0,0,0,0,263.8731,86.1452,430,430,430
2018,7,16,14,0,12.905504,-16.365238,12.21412,-16.027713,14,-5,14,-5,14,-5,2266.0,2266.0,0,0,0,5000.0,5000.0,0,0,0,70.214,96.1769,430,430,430
2004,7,22,2,0,11.388864,-10.267122,17.656101,-13.216211,14,-5,14,-5,14,-5,2266.0,2266.0,0,0,0,5000.0,5000.0,0,0,0,264.7961,182.784,430,430,430
2013,6,23,11,0,15.850406,-15.276918,10.736445,-14.292016,14,-5,14,-5,14,-5,2266.0,2266.0,0,0,0,5000.0,5000.0,0,0,0,86.3539,169.4993,430,430,430
2008,8,3,13,0,14.069591,-17.292319,14.224282,-10.062736,14,-5,14,-5,14,-5,2266.0,2266.0,0,0,0,5000.0,5000.0,0,0,0,22.2036,251.3901,430,430,430
2010,6,14,6,0,13.160287,-15.315228,16.443604,-11.965208,14,-5,14,-5,14,-5,2266.0,2266.0,0,0,0,5000.0,5000.0,0,0,0,85.4283,199.86,430,430,430
2012,6,19,22,0,12.504532,-12.927707,14.323237,-15.62565,14,-5,14,-5,14,-5,2266.0,2266.0,0,0,0,5000.0,5000.0,0,0,0,165.9187,61.3922,430,430,430
2005,7,14,16,0,10.886303,-15.498878,13.655833,-12.728479,14,-5,14,-5,14,-5,2266.0,2266.0,0,0,0,5000.0,5000.0,0,0,0,145.2309,160.854,430,430,430
2014,8,15,5,0,12.03406,-12.87119,11.600989,-12.739002,14,-5,14,-5,14,-5,2266.0,2266.0,0,0,0,5000.0,5000.0,0,0,0,175.1142,185.8844,430,430,430
2010,6,15,9,0,16.226314,-11.763213,14.882625,-15.527997,14,-5,14,-5,14,-5,2266.0,2266.0,0,0,0,5000.0,5000.0,0,0,0,203.5706,65.3758,430,430,430
2015,8,14,9,0,15.581879,-11.123054,15.00259,-10.140737,14,-5,14,-5,14,-5,2266.0,2266.0,0,0,0,5000.0,5000.0,0,0,0,219.4949,249.3391,430,430,430
2016,6,3,7,0,17.812001,-16.666447,10.185425,-16.714044,14,-5,14,-5,14,-5,2266.0,2266.0,0,0,0,5000.0,5000.0,0,0,0,113.2166,159.5306,430,430,430
2011,7,1,19,0,17.387975,-10.371601,11.687827,-15.115798,14,-5,14,-5,14,-5,2266.0,2266.0,0,0,0,5000.0,5000.0,0,0,0,264.6394,126.7517,430,430,430
2008,6,30,5,0,14.395002,-15.825353,13.684813,-12.430707,14,-5,14,-5,14,-5,2266.0,2266.0,0,0,0,5000.0,5000.0,0,0,0,53.9351,170.4259,430,430,430
2016,6,5,4,0,14.002847,-12.271432,14.207647,-17.988808,14,-5,14,-5,14,-5,2266.0,2266.0,0,0,0,5000.0,5000.0,0,0,0,175.5135,26.1725,430,430,430
2011,7,2,18,0,13.157602,-14.062664,13.223043,-15.165614,14,-5,14,-5,14,-5,2266.0,2266.0,0,0,0,5000.0,5000.0,0,0,0,122.1024,88.2326,430,430,430
2018,6,19,1,0,14.004915,-14.438587,10.723462,-15.811497,14,-5,14,-5,14,-5,2266.0,2266.0,0,0,0,5000.0,5000.0,0,0,0,101.6366,147.0544,430,430,430
2011,6,16,15,0,17.547817,-17.787643,10.31999,-15.734877,14,-5,14,-5,14,-5,2266.0,2266.0,0,0,0,5000.0,5000.0,0,0,0,97.0052,161.0124,430,430,430
2012,6,14,8,0,14.658753,-10.072858,17.941138,-10.055061,14,-5,14,-5,14,-5,2266.0,2266.0,0,0,0,5000.0,5000.0,0,0,0,251.002,282.9788,430,430,430
2015,6,15,5,0,10.880387,-12.684148,14.191895,-16.614801,14,-5,14,-5,14,-5,2266.0,2266.0,0,0,0,5000.0,5000.0,0,0,0,202.7264,31.0644,430,430,430
2006,6,8,10,0,17.543682,-16.065119,17.991458,-13.338449,14,-5,14,-5,14,-5,2266.0,2266.0,0,0,0,5000.0,5000.0,0,0,0,112.3788,187.4273,430,430,430
2008,6,16,8,0,11.466232,-14.905237,11.517388,-14.713835,14,-5,14,-5,14,-5,2266.0,2266.0,0,0,0,5000.0,5000.0,0,0,0,136.7406,139.2013,430,430,430
2008,6,8,2,0,14.757441,-12.267311,13.895132,-15.523281,14,-5,14,-5,14,-5,2266.0,2266.0,0,0,0,5000.0,5000.0,0,0,0,175.0457,67.624,430,430,430
2018,6,4,20,0,14.619531,-14.466337,12.877425,-15.429345,14,-5,14,-5,14,-5,2266.0,2266.0,0,0,0,5000.0,5000.0,0,0,0,100.02,89.0955,430,430,430
2006,8,5,21,0,11.665658,-14.389931,13.934743,-10.807389,14,-5,14,-5,14,-5,2266.0,2266.0,0,0,0,5000.0,5000.0,0,0,0,142.3411,225.282,430,430,430
2015,8,21,6,0,15.834884,-11.839282,13.003514,-15.250084,14,-5,14,-5,14,-5,2266.0,2266.0,0,0,0,5000.0,5000.0,0,0,0,197.3069,90.1388,430,430,430
2009,6,6,16,0,15.240282,-12.311696,10.908301,-16.93577,14,-5,14,-5,14,-5,2266.0,2266.0,0,0,0,5000.0,5000.0,0,0,0,176.2555,134.1827,430,430,430
2006,7,6,11,0,13.648312,-16.72211,17.693135,-11.299074,14,-5,14,-5,14,-5,2266.0,2266.0,0,0,0,5000.0,5000.0,0,0,0,41.6773,240.1687,430,430,430
2005,8,26,22,0,14.161285,-16.253822,11.07935,-10.167437,14,-5,14,-5,14,-5,2266.0,2266.0,0,0,0,5000.0,5000.0,0,0,0,42.0476,272.3766,430,430,430
2009,6,25,3,0,15.656348,-11.120196,13.097381,-15.993328,14,-5,14,-5,14,-5,2266.0,2266.0,0,0,0,5000.0,5000.0,0,0,0,219.8045,70.4344,430,430,430
2014,8,11,2,0,12.395504,-11.144836,13.783872,-12.693784,14,-5,14,-5,14,-5,2266.0,2266.0,0,0,0,5000.0,5000.0,0,0,0,224.368,161.8054,430,430,430
2009,6,7,4,0,16.445829,-15.976156,10.636588,-12.137915,14,-5,14,-5,14,-5,2266.0,2266.0,0,0,0,5000.0,5000.0,0,0,0,81.3941,223.0426,430,430,430
2010,6,19,22,0,17.69118,-10.369562,13.923992,-12.942463,14,-5,14,-5,14,-5,2266.0,2266.0,0,0,0,5000.0,5000.0,0,0,0,268.7843,152.2367,430,430,430
2015,7,23,9,0,15.86396,-10.780724,11.297975,-14.752949,14,-5,14,-5,14,-5,2266.0,2266.0,0,0,0,5000.0,5000.0,0,0,0,233.0021,143.6941,430,430,430
2016,6,23,13,0,13.336726,-12.435272,13.398778,-11.135086,14,-5,14,-5,14,-5,2266.0,2266.0,0,0,0,5000.0,5000.0,0,0,0,172.2556,216.3169,430,430,430
2018,7,10,11,0,16.77546,-17.438407,12.414019,-10.163011,14,-5,14,-5,14,-5,2266.0,2266.0,0,0,0,5000.0,5000.0,0,0,0,71.4493,255.8613,430,430,430
2018,6,2,15,0,10.285016,-14.060859,17.619015,-11.51541,14,-5,14,-5,14,-5,2266.0,2266.0,0,0,0,5000.0,5000.0,0,0,0,186.6574,232.1056,430,430,430
2013,8,29,3,0,12.354644,-13.230132,13.449423,-13.26082,14,-5,14,-5,14,-5,2266.0,2266.0,0,0,0,5000.0,5000.0,0,0,0,159.154,144.2498,430,430,430
2018,8,10,9,0,17.150017,-13.56783,13.942932,-15.445836,14,-5,14,-5,14,-5,2266.0,2266.0,0,0,0,5000.0,5000.0,0,0,0,161.756,70.0071,430,430,430
2005,7,20,15,0,12.106926,-13.661755,10.658116,-12.914906,14,-5,14,-5,14,-5,2266.0,2266.0,0,0,0,5000.0,5000.0,0,0,0,150.8012,202.2523,430,430,430
2016,6,9,8,0,16.371242,-10.36202,15.476994,-14.093655,14,-5,14,-5,14,-5,2266.0,2266.0,0,0,0,5000.0,5000.0,0,0,0,252.24,118.3596,430,430,430
2017,7,8,1,0,13.883314,-10.266457,11.690783,-14.706815,14,-5,14,-5,14,-5,2266.0,2266.0,0,0,0,5000.0,5000.0,0,0,0,244.387,135.0926,430,430,430
2012,7,13,2,0,17.917325,-17.772705,15.610612,-17.798627,14,-5,14,-5,14,-5,2266.0,2266.0,0,0,0,5000.0,5000.0,0,0,0,110.0045,32.0156,430,430,430
2016,8,17,11,0,12.567054,-17.411784,10.487077,-17.108749,14,-5,14,-5,14,-5,2266.0,2266.0,0,0,0,5000.0,5000.0,0,0,0,75.1665,149.0,430,430,430
2015,6,25,13,0,11.354151,-12.97851,13.507145,-11.35277,14,-5,14,-5,14,-5,2266.0,2266.0,0,0,0,5000.0,5000.0,0,0,0,184.9108,207.8846,430,430,430
2006,6,8,4,0,11.918338,-16.479578,15.695197,-11.133641,14,-5,14,-5,14,-5,2266.0,2266.0,0,0,0,5000.0,5000.0,0,0,0,101.1385,220.1318,430,430,430
2007,7,27,0,0,14.472447,-12.364637,14.840896,-13.526262,14,-5,14,-5,14,-5,2266.0,2266.0,0,0,0,5000.0,5000.0,0,0,0,171.1052,133.1353,430,430,430
2010,6,11,20,0,16.883154,-10.641957,16.796859,-15.964268,14,-5,14,-5,14,-5,2266.0,2266.0,0,0,0,5000.0,5000.0,0,0,0,248.5558,92.0054,430,430,430
2014,8,15,15,0,17.020444,-14.518958,15.835955,-14.698874,14,-5,14,-5,14,-5,2266.0,2266.0,0,0,0,5000.0,5000.0,0,0,0,132.6122,104.0,430,430,430
2009,7,22,22,0,11.526688,-12.351844,11.925063,-11.189405,14,-5,14,-5,14,-5,2266.0,2266.0,0,0,0,5000.0,5000.0,0,0,0,199.1381,227.7586,430,430,430
2015,6,28,7,0,16.592818,-13.798306,13.090726,-13.272954,14,-5,14,-5,14,-5,2266.0,2266.0,0,0,0,5000.0,5000.0,0,0,0,144.4749,147.6279,430,430,430
2015,8,27,1,0,11.100189,-11.533837,17.726607,-11.761634,14,-5,14,-5,14,-5,2266.0,2266.0,0,0,0,5000.0,5000.0,0,0,0,230.7834,226.3537,430,430,430
2004,8,10,8,0,11.914681,-11.061917,16.46492,-17.490551,14,-5,14,-5,14,-5,2266.0,2266.0,0,0,0,5000.0,5000.0,0,0,0,232.723,60.208,430,430,430
2011,6,23,8,0,11.849826,-13.282516,11.099896,-12.572474,14,-5,14,-5,14,-5,2266.0,2266.0,0,0,0,5000.0,5000.0,0,0,0,166.012,200.6838,430,430,430
2010,8,20,21,0,17.937526,-15.713984,16.087302,-17.627783,14,-5,14,-5,14,-5,2266.0,2266.0,0,0,0,5000.0,5000.0,0,0,0,130.173,47.0106,430,430,430
2011,6,8,1,0,12.660287,-10.443578,15.092136,-13.185211,14,-5,14,-5,14,-5,2266.0,2266.0,0,0,0,5000.0,5000.0,0,0,0,244.9204,145.7738,430,430,430
2018,6,30,8,0,17.425477,-16.546565,10.142585,-16.479423,14,-5,14,-5,14,-5,2266.0,2266.0,0,0,0,5000.0,5000.0,0,0,0,101.7693,162.3638,430,430,430
2009,7,9,1,0,14.174974,-14.033424,16.40393,-11.12451,14,-5,14,-5,14,-5,2266.0,2266.0,0,0,0,5000.0,5000.0,0,0,0,114.2716,227.3368,430,430,430
2018,7,6,20,0,11.703648,-14.501849,13.37294,-17.562261,14,-5,14,-5,14,-5,2266.0,2266.0,0,0,0,5000.0,5000.0,0,0,0,138.8524,46.6905,430,430,430
2008,7,24,11,0,10.07947,-11.681875,12.202506,-12.25808,14,-5,14,-5,14,-5,2266.0,2266.0,0,0,0,5000.0,5000.0,0,0,0,246.759,190.5151,430,430,430
2007,6,9,21,0,13.370847,-16.853313,11.540173,-15.489478,14,-5,14,-5,14,-5,2266.0,2266.0,0,0,0,5000.0,5000.0,0,0,0,49.6488,124.7798,430,430,430
2004,8,13,15,0,16.441361,-17.898993,10.392848,-13.471997,14,-5,14,-5,14,-5,2266.0,2266.0,0,0,0,5000.0,5000.0,0,0,0,60.6712,196.0255,430,430,430
2013,6,11,22,0,15.494486,-12.185513,13.83755,-15.058746,14,-5,14,-5,14,-5,2266.0,2266.0,0,0,0,5000.0,5000.0,0,0,0,182.3211,83.2166,430,430,430
2006,7,13,21,0,16.719761,-14.366692,12.570927,-17.258241,14,-5,14,-5,14,-5,2266.0,2266.0,0,0,0,5000.0,5000.0,0,0,0,130.0846,74.0,430,430,430
2016,8,23,6,0,10.483503,-17.272391,15.461652,-12.554114,14,-5,14,-5,14,-5,2266.0,2266.0,0,0,0,5000.0,5000.0,0,0,0,149.1208,169.331,430,430,430
2006,7,27,9,0,11.945393,-12.876308,10.553113,-11.01664,14,-5,14,-5,14,-5,2266.0,2266.0,0,0,0,5000.0,5000.0,0,0,0,175.8664,255.4545,430,430,430
2012,7,27,21,0,10.876856,-16.647554,13.739024,-11.792406,14,-5,14,-5,14,-5,2266.0,2266.0,0,0,0,5000.0,5000.0,0,0,0,135.9448,192.6759,430,430,430
2004,6,15,1,0,16.835556,-16.316908,10.613135,-11.688682,14,-5,14,-5,14,-5,2266.0,2266.0,0,0,0,5000.0,5000.0,0,0,0,86.6083,234.8042,430,430,430
2004,8,13,18,0,14.38,-11.709961,17.360376,-14.152218,14,-5,14,-5,14,-5,2266.0,2266.0,0,0,0,5000.0,5000.0,0,0,0,194.2087,150.2431,430,430,430
2004,7,30,11,0,13.676429,-13.208167,14.79455,-13.965012,14,-5,14,-5,14,-5,2266.0,2266.0,0,0,0,5000.0,5000.0,0,0,0,145.0414,117.0684,430,430,430
2018,6,4,18,0,12.455028,-13.669176,17.399416,-10.235594,14,-5,14,-5,14,-5,2266.0,2266.0,0,0,0,5000.0,5000.0,0,0,0,144.8033,268.7322,430,430,430
2008,8,21,19,0,13.166357,-11.610038,15.080705,-16.160247,14,-5,14,-5,14,-5,2266.0,2266.0,0,0,0,5000.0,5000.0,0,0,0,201.8143,46.1736,430,430,430
2010,8,24,17,0,10.409657,-17.77229,10.982782,-16.2383,14,-5,14,-5,14,-5,2266.0,2266.0,0,0,0,5000.0,5000.0,0,0,0,153.7303,134.618,430,430,430
2011,7,27,4,0,16.632182,-15.716065,16.248513,-13.962673,14,-5,14,-5,14,-5,2266.0,2266.0,0,0,0,5000.0,5000.0,0,0,0,92.6553,133.8245,430,430,430
2017,7,16,18,0,11.107591,-11.775708,17.370654,-10.455851,14,-5,14,-5,14,-5,2266.0,2266.0,0,0,0,5000.0,5000.0,0,0,0,223.2711,261.8416,430,430,430
2014,8,27,6,0,15.635486,-12.448668,14.372415,-15.046262,14,-5,14,-5,14,-5,2266.0,2266.0,0,0,0,5000.0,5000.0,0,0,0,174.3474,80.7527,430,430,430
2006,8,20,17,0,17.859741,-17.475126,17.181426,-15.888552,14,-5,14,-5,14,-5,2266.0,2266.0,0,0,0,5000.0,5000.0,0,0,0,108.5587,104.8618,430,430,430
2013,7,12,7,0,14.595807,-13.89707,14.435814,-12.822661,14,-5,14,-5,14,-5,2266.0,2266.0,0,0,0,5000.0,5000.0,0,0,0,119.0168,156.205,430,430,430
2009,7,19,18,0,11.483793,-15.824174,11.187509,-17.757567,14,-5,14,-5,14,-5,2266.0,2266.0,0,0,0,5000.0,5000.0,0,0,0,122.0041,125.6025,430,430,430
2011,7,2,11,0,17.514045,-15.225967,10.876517,-14.973384,14,-5,14,-5,14,-5,2266.0,2266.0,0,0,0,5000.0,5000.0,0,0,0,128.4251,153.0751,430,430,430
2015,7,5,13,0,13.072636,-12.67661,11.955927,-12.708152,14,-5,14,-5,14,-5,2266.0,2266.0,0,0,0,5000.0,5000.0,0,0,0,167.2991,180.4217,430,430,430
2010,7,30,10,0,10.787943,-13.353098,10.854924,-13.613964,14,-5,14,-5,14,-5,2266.0,2266.0,0,0,0,5000.0,5000.0,0,0,0,188.8624,180.5464,430,430,430
2011,6,24,9,0,14.158014,-15.630127,13.645832,-17.690668,14,-5,14,-5,14,-5,2266.0,2266.0,0,0,0,5000.0,5000.0,0,0,0,61.6847,38.6005,430,430,430
2006,8,14,21,0,14.792024,-17.996106,14.014509,-13.986191,14,-5,14,-5,14,-5,2266.0,2266.0,0,0,0,5000.0,5000.0,0,0,0,18.2483,117.2774,430,430,430
2009,8,17,10,0,10.485358,-10.401304,14.869272,-12.623979,14,-5,14,-5,14,-5,2266.0,2266.0,0,0,0,5000.0,5000.0,0,0,0,275.4959,163.1962,430,430,430
2016,7,17,0,0,13.702188,-12.365815,11.448537,-12.819343,14,-5,14,-5,14,-5,2266.0,2266.0,0,0,0,5000.0,5000.0,0,0,0,173.1733,187.0027,430,430,430
2018,6,2,12,0,14.54487,-10.366893,16.373522,-13.317517,14,-5,14,-5,14,-5,2266.0,2266.0,0,0,0,5000.0,5000.0,0,0,0,241.0187,155.6181,430,430,430
2015,6,15,0,0,13.64284,-12.092388,16.49789,-10.581671,14,-5,14,-5,14,-5,2266.0,2266.0,0,0,0,5000.0,5000.0,0,0,0,182.3897,245.7519,430,430,430
2014,6,14,14,0,16.611005,-17.760347,16.182423,-13.825781,14,-5,14,-5,14,-5,2266.0,2266.0,0,0,0,5000.0,5000.0,0,0,0,65.123,136.3085,430,430,430
2004,8,19,3,0,17.083099,-14.331507,14.325781,-10.73788,14,-5,14,-5,14,-5,2266.0,2266.0,0,0,0,5000.0,5000.0,0,0,0,139.4023,227.2664,430,430,430
2005,8,10,20,0,14.45048,-16.503082,15.448891,-17.889227,14,-5,14,-5,14,-5,2266.0,2266.0,0,0,0,5000.0,5000.0,0,0,0,32.28,27.7308,430,430,430
2010,7,18,8,0,13.040733,-11.530524,14.609003,-16.785724,14,-5,14,-5,14,-5,2266.0,2266.0,0,0,0,5000.0,5000.0,0,0,0,204.8048,22.2036,430,430,430
2017,8,27,10,0,12.638838,-10.385815,10.243078,-11.774612,14,-5,14,-5,14,-5,2266.0,2266.0,0,0,0,5000.0,5000.0,0,0,0,247.1214,241.2302,430,430,430
2012,6,29,12,0,11.451071,-16.290745,15.22077,-16.847264,14,-5,14,-5,14,-5,2266.0,2266.0,0,0,0,5000.0,5000.0,0,0,0,117.8813,28.4253,430,430,430
2010,8,10,22,0,13.048058,-14.754124,15.271723,-13.905419,14,-5,14,-5,14,-5,2266.0,2266.0,0,0,0,5000.0,5000.0,0,0,0,103.1746,122.8088,430,430,430
2008,7,30,2,0,13.860681,-13.807826,16.450287,-11.564871,14,-5,14,-5,14,-5,2266.0,2266.0,0,0,0,5000.0,5000.0,0,0,0,123.2234,213.5064,430,430,430
2013,6,18,7,0,11.181603,-10.052371,10.542142,-10.033474,14,-5,14,-5,14,-5,2266.0,2266.0,0,0,0,5000.0,5000.0,0,0,0,274.1478,285.0474,430,430,430
2013,6,20,7,0,10.987598,-17.504566,15.632284,-10.312163,14,-5,14,-5,14,-5,2266.0,2266.0,0,0,0,5000.0,5000.0,0,0,0,131.5485,247.4874,430,430,430
2005,7,30,9,0,15.697208,-12.695349,11.0694,-16.557239,14,-5,14,-5,14,-5,2266.0,2266.0,0,0,0,5000.0,5000.0,0,0,0,166.9281,129.5531,430,430,430
2009,8,10,12,0,11.253727,-17.276212,17.774929,-13.921111,14,-5,14,-5,14,-5,2266.0,2266.0,0,0,0,5000.0,5000.0,0,0,0,121.0661,166.0663,430,430,430
2017,6,26,13,0,13.60702,-15.362392,13.948096,-16.851192,14,-5,14,-5,14,-5,2266.0,2266.0,0,0,0,5000.0,5000.0,0,0,0,77.026,31.6228,430,430,430
2006,8,9,20,0,11.207362,-11.477291,11.690255,-17.307661,14,-5,14,-5,14,-5,2266.0,2266.0,0,0,0,5000.0,5000.0,0,0,0,230.3411,106.0754,430,430,430
2004,6,25,0,0,13.098059,-10.852773,13.429146,-11.869568,14,-5,14,-5,14,-5,2266.0,2266.0,0,0,0,5000.0,5000.0,0,0,0,227.2664,190.9057,430,430,430
2014,8,2,10,0,17.962123,-17.839497,10.865586,-12.442059,14,-5,14,-5,14,-5,2266.0,2266.0,0,0,0,5000.0,5000.0,0,0,0,111.0045,209.4684,430,430,430
2010,7,7,4,0,17.125312,-14.060189,10.562144,-17.292501,14,-5,14,-5,14,-5,2266.0,2266.0,0,0,0,5000.0,5000.0,0,0,0,147.8716,146.1232,430,430,430
2009,8,8,14,0,10.849665,-16.389929,17.018912,-10.45422,14,-5,14,-5,14,-5,2266.0,2266.0,0,0,0,5000.0,5000.0,0,0,0,137.2953,256.784,430,430,430
2016,6,23,20,0,11.085089,-11.130184,16.057266,-12.510627,14,-5,14,-5,14,-5,2266.0,2266.0,0,0,0,5000.0,5000.0,0,0,0,242.6706,176.9209,430,430,430
2008,7,29,0,0,16.851147,-16.152978,14.154704,-15.253332,14,-5,14,-5,14,-5,2266.0,2266.0,0,0,0,5000.0,5000.0,0,0,0,90.1388,74.2159,430,430,430
2014,6,27,6,0,15.270183,-15.737678,14.019731,-15.57378,14,-5,14,-5,14,-5,2266.0,2266.0,0,0,0,5000.0,5000.0,0,0,0,62.2977,65.192,430,430,430
2009,6,2,21,0,14.420235,-16.710983,14.548392,-14.114321,14,-5,14,-5,14,-5,2266.0,2266.0,0,0,0,5000.0,5000.0,0,0,0,26.0,112.0714,430,430,430
2013,6,7,14,0,11.020156,-13.650463,11.603925,-12.638713,14,-5,14,-5,14,-5,2266.0,2266.0,0,0,0,5000.0,5000.0,0,0,0,175.4537,189.1692,430,430,430
2008,6,15,10,0,14.464898,-16.140973,14.124708,-15.480064,14,-5,14,-5,14,-5,2266.0,2266.0,0,0,0,5000.0,5000.0,0,0,0,43.7379,66.7608,430,430,430
2012,8,1,2,0,16.77274,-14.42099,10.800682,-10.787263,14,-5,14,-5,14,-5,2266.0,2266.0,0,0,0,5000.0,5000.0,0,0,0,129.7998,257.2664,430,430,430
2018,8,4,5,0,16.848706,-15.709361,12.072118,-17.469029,14,-5,14,-5,14,-5,2266.0,2266.0,0,0,0,5000.0,5000.0,0,0,0,98.4937,93.3435,430,430,430
2011,8,3,17,0,12.541053,-17.585256,17.553507,-12.262262,14,-5,14,-5,14,-5,2266.0,2266.0,0,0,0,5000.0,5000.0,0,0,0,76.7919,208.5402,430,430,430
2007,8,27,1,0,14.429274,-15.122042,11.273458,-14.536336,14,-5,14,-5,14,-5,2266.0,2266.0,0,0,0,5000.0,5000.0,0,0,0,77.4145,150.0,430,430,430
2007,7,25,3,0,12.234897,-10.311699,10.785057,-14.744036,14,-5,14,-5,14,-5,2266.0,2266.0,0,0,0,5000.0,5000.0,0,0,0,252.3886,159.154,430,430,430
2008,6,8,5,0,10.067012,-13.455529,14.612878,-16.902846,14,-5,14,-5,14,-5,2266.0,2266.0,0,0,0,5000.0,5000.0,0,0,0,204.6192,18.2483,430,430,430
2016,8,1,19,0,15.377749,-16.85701,14.073852,-15.049904,14,-5,14,-5,14,-5,2266.0,2266.0,0,0,0,5000.0,5000.0,0,0,0,31.8277,81.7435,430,430,430
2006,7,22,14,0,11.992859,-16.909743,10.954329,-17.580895,14,-5,14,-5,14,-5,2266.0,2266.0,0,0,0,5000.0,5000.0,0,0,0,95.5249,132.8495,430,430,430
2004,7,11,20,0,13.479195,-11.834357,16.807313,-13.029739,14,-5,14,-5,14,-5,2266.0,2266.0,0,0,0,5000.0,5000.0,0,0,0,192.4188,171.7586,430,430,430
2016,7,10,2,0,13.039102,-12.560712,12.510124,-12.186896,14,-5,14,-5,14,-5,2266.0,2266.0,0,0,0,5000.0,5000.0,0,0,0,170.4611,189.4756,430,430,430
2015,6,22,8,0,17.315866,-17.240836,15.319816,-15.145018,14,-5,14,-5,14,-5,2266.0,2266.0,0,0,0,5000.0,5000.0,0,0,0,90.4268,82.0061,430,430,430
2018,6,24,2,0,16.098327,-10.439954,11.789938,-17.541974,14,-5,14,-5,14,-5,2266.0,2266.0,0,0,0,5000.0,5000.0,0,0,0,246.3372,103.5857,430,430,430
2005,6,14,13,0,15.142415,-17.289783,15.343507,-13.142229,14,-5,14,-5,14,-5,2266.0,2266.0,0,0,0,5000.0,5000.0,0,0,0,16.5529,148.9463,430,430,430
2011,6,3,22,0,10.156799,-14.849653,13.676058,-17.830912,14,-5,14,-5,14,-5,2266.0,2266.0,0,0,0,5000.0,5000.0,0,0,0,177.1327,39.3954,430,430,430
2015,7,15,21,0,12.989527,-13.475463,10.071001,-16.697237,14,-5,14,-5,14,-5,2266.0,2266.0,0,0,0,5000.0,5000.0,0,0,0,142.762,163.5176,430,430,430
2004,7,23,14,0,17.185054,-15.156533,12.478028,-13.342747,14,-5,14,-5,14,-5,2266.0,2266.0,0,0,0,5000.0,5000.0,0,0,0,120.9339,153.6815,430,430,430
2018,7,22,1,0,14.177317,-10.940354,12.178756,-15.60144,14,-5,14,-5,14,-5,2266.0,2266.0,0,0,0,5000.0,5000.0,0,0,0,220.5108,103.7738,430,430,430
2005,6,27,5,0,12.467094,-17.191966,12.360174,-12.168762,14,-5,14,-5,14,-5,2266.0,2266.0,0,0,0,5000.0,5000.0,0,0,0,79.0253,191.5098,430,430,430
2014,8,27,12,0,12.735031,-15.711455,17.650781,-10.004167,14,-5,14,-5,14,-5,2266.0,2266.0,0,0,0,5000.0,5000.0,0,0,0,86.2148,280.0286,430,430,430
2005,6,22,21,0,12.698815,-14.199028,16.637197,-17.204759,14,-5,14,-5,14,-5,2266.0,2266.0,0,0,0,5000.0,5000.0,0,0,0,124.8079,67.6831,430,430,430
2017,8,27,9,0,14.064917,-11.329307,16.160984,-11.471997,14,-5,14,-5,14,-5,2266.0,2266.0,0,0,0,5000.0,5000.0,0,0,0,206.9686,212.7087,430,430,430
2007,6,23,9,0,10.4124,-12.54941,17.706349,-12.39242,14,-5,14,-5,14,-5,2266.0,2266.0,0,0,0,5000.0,5000.0,0,0,0,217.1382,207.5235,430,430,430
2005,7,26,2,0,13.278772,-16.343675,17.648181,-14.751911,14,-5,14,-5,14,-5,2266.0,2266.0,0,0,0,5000.0,5000.0,0,0,0,59.9083,142.8636,430,430,430
2017,8,14,5,0,15.735041,-12.621349,16.737097,-10.474077,14,-5,14,-5,14,-5,2266.0,2266.0,0,0,0,5000.0,5000.0,0,0,0,170.2939,252.7706,430,430,430
2014,8,21,16,0,13.758409,-17.138268,14.533483,-10.161784,14,-5,14,-5,14,-5,2266.0,2266.0,0,0,0,5000.0,5000.0,0,0,0,33.9559,248.0181,430,430,430
2009,8,8,3,0,13.471318,-11.455725,13.497997,-11.515726,14,-5,14,-5,14,-5,2266.0,2266.0,0,0,0,5000.0,5000.0,0,0,0,205.139,202.9803,430,430,430
2011,7,20,8,0,11.836868,-14.712175,15.847609,-12.901485,14,-5,14,-5,14,-5,2266.0,2266.0,0,0,0,5000.0,5000.0,0,0,0,131.244,161.2979,430,430,430
2013,8,30,6,0,16.153141,-10.350208,13.008053,-10.834389,14,-5,14,-5,14,-5,2266.0,2266.0,0,0,0,5000.0,5000.0,0,0,0,250.6671,229.2008,430,430,430
2014,6,19,22,0,11.667844,-17.494428,11.915373,-11.758406,14,-5,14,-5,14,-5,2266.0,2266.0,0,0,0,5000.0,5000.0,0,0,0,107.4663,210.2023,430,430,430
2009,8,13,12,0,13.008604,-13.34813,11.933617,-14.491563,14,-5,14,-5,14,-5,2266.0,2266.0,0,0,0,5000.0,5000.0,0,0,0,146.0137,132.9662,430,430,430
2015,7,10,17,0,11.443618,-15.015036,16.911467,-11.152051,14,-5,14,-5,14,-5,2266.0,2266.0,0,0,0,5000.0,5000.0,0,0,0,135.3699,232.8132,430,430,430
2016,7,7,22,0,17.520636,-14.75408,17.858482,-14.139168,14,-5,14,-5,14,-5,2266.0,2266.0,0,0,0,5000.0,5000.0,0,0,0,139.3018,162.7882,430,430,430
2018,8,3,6,0,17.016966,-14.728966,12.558186,-12.860251,14,-5,14,-5,14,-5,2266.0,2266.0,0,0,0,5000.0,5000.0,0,0,0,127.1417,166.8203,430,430,430
2010,8,14,21,0,15.674924,-12.061225,14.836117,-11.132468,14,-5,14,-5,14,-5,2266.0,2266.0,0,0,0,5000.0,5000.0,0,0,0,188.4702,215.1139,430,430,430
2017,6,6,17,0,15.199255,-15.836113,16.867799,-16.5534,14,-5,14,-5,14,-5,2266.0,2266.0,0,0,0,5000.0,5000.0,0,0,0,57.8705,83.6301,430,430,430
2013,7,13,17,0,14.301641,-14.904561,14.956682,-13.61131,14,-5,14,-5,14,-5,2266.0,2266.0,0,0,0,5000.0,5000.0,0,0,0,85.0,130.384,430,430,430
2015,8,19,18,0,13.711152,-11.388441,13.207983,-13.043974,14,-5,14,-5,14,-5,2266.0,2266.0,0,0,0,5000.0,5000.0,0,0,0,206.4946,153.3786,430,430,430
2013,6,26,21,0,14.005673,-13.992884,14.871225,-10.037078,14,-5,14,-5,14,-5,2266.0,2266.0,0,0,0,5000.0,5000.0,0,0,0,116.297,253.16,430,430,430
2016,6,22,20,0,11.983596,-12.092533,17.440351,-13.324703,14,-5,14,-5,14,-5,2266.0,2266.0,0,0,0,5000.0,5000.0,0,0,0,199.5294,174.7341,430,430,430
2017,6,25,21,0,17.045177,-12.463527,12.811346,-11.434404,14,-5,14,-5,14,-5,2266.0,2266.0,0,0,0,5000.0,5000.0,0,0,0,192.7823,209.9905,430,430,430
2011,6,26,2,0,11.89668,-10.626451,17.350791,-12.963754,14,-5,14,-5,14,-5,2266.0,2266.0,0,0,0,5000.0,5000.0,0,0,0,246.465,183.3385,430,430,430
2005,7,17,5,0,14.097785,-15.601188,13.608497,-12.262851,14,-5,14,-5,14,-5,2266.0,2266.0,0,0,0,5000.0,5000.0,0,0,0,63.5689,176.706,430,430,430
2010,8,13,13,0,12.317686,-16.329247,12.532295,-13.414123,14,-5,14,-5,14,-5,2266.0,2266.0,0,0,0,5000.0,5000.0,0,0,0,88.6002,150.9503,430,430,430
2007,6,12,20,0,13.70021,-13.979051,13.897932,-11.766182,14,-5,14,-5,14,-5,2266.0,2266.0,0,0,0,5000.0,5000.0,0,0,0,118.6802,192.7615,430,430,430
2005,8,18,12,0,13.121087,-11.851719,16.891746,-16.772396,14,-5,14,-5,14,-5,2266.0,2266.0,0,0,0,5000.0,5000.0,0,0,0,193.4037,80.7775,430,430,430
2015,7,20,21,0,14.922836,-13.894148,17.914125,-17.337398,14,-5,14,-5,14,-5,2266.0,2266.0,0,0,0,5000.0,5000.0,0,0,0,120.337,111.018,430,430,430
2007,8,22,3,0,15.691759,-15.814765,17.959531,-15.162177,14,-5,14,-5,14,-5,2266.0,2266.0,0,0,0,5000.0,5000.0,0,0,0,67.7422,142.6114,430,430,430
2010,7,14,9,0,10.709003,-10.133997,13.833944,-14.142664,14,-5,14,-5,14,-5,2266.0,2266.0,0,0,0,5000.0,5000.0,0,0,0,278.5821,112.7918,430,430,430
2010,8,2,21,0,14.212363,-10.455405,13.925631,-17.758957,14,-5,14,-5,14,-5,2266.0,2266.0,0,0,0,5000.0,5000.0,0,0,0,237.4742,29.9666,430,430,430
2011,6,1,6,0,17.483763,-12.02176,15.843292,-17.157751,14,-5,14,-5,14,-5,2266.0,2266.0,0,0,0,5000.0,5000.0,0,0,0,214.6742,41.4367,430,430,430
2018,8,7,5,0,16.124821,-12.336968,17.380305,-13.927429,14,-5,14,-5,14,-5,2266.0,2266.0,0,0,0,5000.0,5000.0,0,0,0,183.2403,156.6046,430,430,430
2018,8,11,1,0,15.69688,-11.031613,13.445295,-14.10297,14,-5,14,-5,14,-5,2266.0,2266.0,0,0,0,5000.0,5000.0,0,0,0,223.0897,117.1751,430,430,430
2005,6,6,9,0,10.977854,-16.479871,14.797924,-15.615379,14,-5,14,-5,14,-5,2266.0,2266.0,0,0,0,5000.0,5000.0,0,0,0,132.8345,62.1289,430,430,430
2006,6,2,12,0,11.461467,-13.975778,17.605357,-16.139359,14,-5,14,-5,14,-5,2266.0,2266.0,0,0,0,5000.0,5000.0,0,0,0,157.0032,113.1769,430,430,430
2014,8,21,21,0,15.912656,-11.906629,16.128452,-10.604034,14,-5,14,-5,14,-5,2266.0,2266.0,0,0,0,5000.0,5000.0,0,0,0,195.0282,241.6609,430,430,430
2009,7,8,2,0,12.58247,-12.568457,11.37456,-12.323408,14,-5,14,-5,14,-5,2266.0,2266.0,0,0,0,5000.0,5000.0,0,0,0,175.8664,201.9431,430,430,430
2005,7,5,12,0,13.914587,-14.46463,15.172606,-14.172531,14,-5,14,-5,14,-5,2266.0,2266.0,0,0,0,5000.0,5000.0,0,0,0,101.3903,112.2943,430,430,430
2014,6,23,10,0,16.247869,-13.489724,16.793283,-15.3401,14,-5,14,-5,14,-5,2266.0,2266.0,0,0,0,5000.0,5000.0,0,0,0,147.6279,106.1037,430,430,430
2014,8,16,6,0,15.501107,-15.517393,15.286364,-15.164203,14,-5,14,-5,14,-5,2266.0,2266.0,0,0,0,5000.0,5000.0,0,0,0,72.6154,80.7775,430,430,430
2015,7,13,19,0,10.4905,-14.448732,15.666607,-15.940651,14,-5,14,-5,14,-5,2266.0,2266.0,0,0,0,5000.0,5000.0,0,0,0,173.7383,62.9682,430,430,430
2014,7,11,7,0,14.946904,-17.026998,15.098594,-17.533666,14,-5,14,-5,14,-5,2266.0,2266.0,0,0,0,5000.0,5000.0,0,0,0,17.0,13.0384,430,430,430
2011,8,30,18,0,10.380993,-13.904444,12.39452,-15.228511,14,-5,14,-5,14,-5,2266.0,2266.0,0,0,0,5000.0,5000.0,0,0,0,186.8181,104.9952,430,430,430
2004,7,7,6,0,15.193739,-10.408894,14.129935,-12.291652,14,-5,14,-5,14,-5,2266.0,2266.0,0,0,0,5000.0,5000.0,0,0,0,241.8285,173.9339,430,430,430
2010,6,18,18,0,14.68929,-14.840513,15.374532,-16.102635,14,-5,14,-5,14,-5,2266.0,2266.0,0,0,0,5000.0,5000.0,0,0,0,87.0,52.3259,430,430,430
2012,8,5,21,0,16.785673,-15.660215,10.965251,-14.550526,14,-5,14,-5,14,-5,2266.0,2266.0,0,0,0,5000.0,5000.0,0,0,0,98.4124,157.8132,430,430,430
2017,7,28,11,0,12.175612,-15.81019,15.137621,-14.400701,14,-5,14,-5,14,-5,2266.0,2266.0,0,0,0,5000.0,5000.0,0,0,0,100.2397,105.2236,430,430,430
2010,6,25,5,0,17.267878,-11.796823,12.7129,-12.370075,14,-5,14,-5,14,-5,2266.0,2266.0,0,0,0,5000.0,5000.0,0,0,0,217.9105,180.3136,430,430,430
2011,8,4,16,0,11.912949,-16.358711,15.471749,-14.666438,14,-5,14,-5,14,-5,2266.0,2266.0,0,0,0,5000.0,5000.0,0,0,0,102.2008,100.0,430,430,430
2010,7,22,13,0,11.561692,-14.877363,10.788187,-15.419645,14,-5,14,-5,14,-5,2266.0,2266.0,0,0,0,5000.0,5000.0,0,0,0,134.8481,148.7716,430,430,430
2012,7,1,13,0,17.115825,-10.461825,15.259766,-16.43497,14,-5,14,-5,14,-5,2266.0,2266.0,0,0,0,5000.0,5000.0,0,0,0,257.7693,40.7063,430,430,430
2009,7,24,21,0,14.20543,-15.513527,14.442787,-13.715762,14,-5,14,-5,14,-5,2266.0,2266.0,0,0,0,5000.0,5000.0,0,0,0,65.2534,125.2557,430,430,430
2014,6,22,1,0,13.720903,-11.857083,17.095576,-11.361525,14,-5,14,-5,14,-5,2266.0,2266.0,0,0,0,5000.0,5000.0,0,0,0,189.7182,228.4053,430,430,430
2017,7,12,5,0,17.670745,-10.711488,10.957398,-17.084251,14,-5,14,-5,14,-5,2266.0,2266.0,0,0,0,5000.0,5000.0,0,0,0,258.3041,132.0152,430,430,430
2010,8,5,0,0,17.97572,-17.679933,16.87651,-14.27596,14,-5,14,-5,14,-5,2266.0,2266.0,0,0,0,5000.0,5000.0,0,0,0,112.0714,136.18,430,430,430
2018,7,19,8,0,12.311987,-12.133888,13.77754,-15.07173,14,-5,14,-5,14,-5,2266.0,2266.0,0,0,0,5000.0,5000.0,0,0,0,193.2589,83.006,430,430,430
2008,7,3,18,0,10.589945,-11.430358,13.904135,-11.943503,14,-5,14,-5,14,-5,2266.0,2266.0,0,0,0,5000.0,5000.0,0,0,0,243.4297,186.8181,430,430,430
2017,6,8,13,0,12.968625,-15.843961,15.876757,-11.227484,14,-5,14,-5,14,-5,2266.0,2266.0,0,0,0,5000.0,5000.0,0,0,0,77.4661,218.2773,430,430,430
2011,6,12,19,0,16.185278,-17.221895,12.503078,-17.565621,14,-5,14,-5,14,-5,2266.0,2266.0,0,0,0,5000.0,5000.0,0,0,0,52.6308,77.6466,430,430,430
2015,6,9,10,0,17.971343,-16.57841,12.969848,-15.128539,14,-5,14,-5,14,-5,2266.0,2266.0,0,0,0,5000.0,5000.0,0,0,0,118.9285,93.8616,430,430,430
2016,6,16,5,0,11.913448,-16.447004,15.777255,-10.029201,14,-5,14,-5,14,-5,2266.0,2266.0,0,0,0,5000.0,5000.0,0,0,0,101.3903,258.1182,430,430,430
2009,8,30,17,0,15.263048,-16.482875,16.3684,-12.934809,14,-5,14,-5,14,-5,2266.0,2266.0,0,0,0,5000.0,5000.0,0,0,0,38.9487,167.72,430,430,430
2008,6,29,0,0,10.479797,-14.390104,13.185245,-14.340098,14,-5,14,-5,14,-5,2266.0,2266.0,0,0,0,5000.0,5000.0,0,0,0,174.7942,113.6002,430,430,430
2012,6,1,0,0,11.386363,-13.558718,15.404606,-11.388577,14,-5,14,-5,14,-5,2266.0,2266.0,0,0,0,5000.0,5000.0,0,0,0,169.1183,208.7534,430,430,430
2006,8,13,22,0,16.031803,-17.69547,16.360909,-12.768546,14,-5,14,-5,14,-5,2266.0,2266.0,0,0,0,5000.0,5000.0,0,0,0,45.0999,172.7542,430,430,430
2011,6,21,8,0,14.839946,-17.993607,10.104918,-16.823161,14,-5,14,-5,14,-5,2266.0,2266.0,0,0,0,5000.0,5000.0,0,0,0,17.4642,162.2498,430,430,430
2015,6,1,8,0,12.124991,-17.516044,12.062925,-16.167509,14,-5,14,-5,14,-5,2266.0,2266.0,0,0,0,5000.0,5000.0,0,0,0,90.5539,98.7927,430,430,430
2009,8,2,18,0,16.59267,-16.385164,17.048739,-16.285084,14,-5,14,-5,14,-5,2266.0,2266.0,0,0,0,5000.0,5000.0,0,0,0,77.3886,93.6483,430,430,430
2009,7,17,6,0,10.72998,-12.033554,14.03472,-13.310384,14,-5,14,-5,14,-5,2266.0,2266.0,0,0,0,5000.0,5000.0,0,0,0,222.8654,139.7426,430,430,430
2005,7,26,21,0,12.913249,-13.573968,16.502758,-16.879414,14,-5,14,-5,14,-5,2266.0,2266.0,0,0,0,5000.0,5000.0,0,0,0,139.9893,66.8506,430,430,430
2016,8,10,9,0,12.141001,-12.083612,12.190369,-13.225108,14,-5,14,-5,14,-5,2266.0,2266.0,0,0,0,5000.0,5000.0,0,0,0,196.774,162.2899,430,430,430
2011,6,29,6,0,12.70898,-17.42717,13.988775,-12.28407,14,-5,14,-5,14,-5,2266.0,2266.0,0,0,0,5000.0,5000.0,0,0,0,70.1783,174.5222,430,430,430
2004,8,17,13,0,17.925074,-15.550686,13.454552,-13.614532,14,-5,14,-5,14,-5,2266.0,2266.0,0,0,0,5000.0,5000.0,0,0,0,133.4054,132.8157,430,430,430
2014,6,29,7,0,14.738231,-17.136525,15.774424,-15.697481,14,-5,14,-5,14,-5,2266.0,2266.0,0,0,0,5000.0,5000.0,0,0,0,11.0454,72.7186,430,430,430
2014,8,8,6,0,15.681564,-15.880661,12.634334,-16.768486,14,-5,14,-5,14,-5,2266.0,2266.0,0,0,0,5000.0,5000.0,0,0,0,64.6607,73.9797,430,430,430
2018,6,13,4,0,12.44589,-11.859251,14.590784,-10.226318,14,-5,14,-5,14,-5,2266.0,2266.0,0,0,0,5000.0,5000.0,0,0,0,200.3846,246.002,430,430,430
2015,6,30,18,0,15.534795,-14.069102,13.351631,-10.376973,14,-5,14,-5,14,-5,2266.0,2266.0,0,0,0,5000.0,5000.0,0,0,0,119.8165,242.0331,430,430,430
2007,8,22,7,0,11.15378,-13.830318,17.113196,-12.205471,14,-5,14,-5,14,-5,2266.0,2266.0,0,0,0,5000.0,5000.0,0,0,0,168.4399,201.7771,430,430,430
2008,7,4,21,0,15.219418,-13.414313,11.480662,-13.088953,14,-5,14,-5,14,-5,2266.0,2266.0,0,0,0,5000.0,5000.0,0,0,0,138.4522,178.6645,430,430,430
2009,6,20,15,0,10.615602,-12.655244,11.851838,-16.210092,14,-5,14,-5,14,-5,2266.0,2266.0,0,0,0,5000.0,5000.0,0,0,0,209.423,105.622,430,430,430
2014,8,8,12,0,10.634525,-13.767575,12.337658,-13.722045,14,-5,14,-5,14,-5,2266.0,2266.0,0,0,0,5000.0,5000.0,0,0,0,182.7266,145.341,430,430,430
2011,7,7,5,0,13.973116,-14.49029,13.277337,-15.915112,14,-5,14,-5,14,-5,2266.0,2266.0,0,0,0,5000.0,5000.0,0,0,0,99.925,67.897,430,430,430
2011,6,4,3,0,10.714999,-11.546507,11.252603,-10.688591,14,-5,14,-5,14,-5,2266.0,2266.0,0,0,0,5000.0,5000.0,0,0,0,237.8445,253.6474,430,430,430
2008,6,4,12,0,13.573323,-14.404793,10.654355,-12.428053,14,-5,14,-5,14,-5,2266.0,2266.0,0,0,0,5000.0,5000.0,0,0,0,106.0424,214.7673,430,430,430
2007,7,19,5,0,11.652577,-17.234375,15.776086,-14.850759,14,-5,14,-5,14,-5,2266.0,2266.0,0,0,0,5000.0,5000.0,0,0,0,107.0187,97.6934,430,430,430
2013,6,5,21,0,14.728905,-13.897883,10.19834,-11.897643,14,-5,14,-5,14,-5,2266.0,2266.0,0,0,0,5000.0,5000.0,0,0,0,120.0167,238.0966,430,430,430
2007,6,7,11,0,12.126094,-10.169385,17.589488,-12.19464,14,-5,14,-5,14,-5,2266.0,2266.0,0,0,0,5000.0,5000.0,0,0,0,258.4434,210.7748,430,430,430
2011,7,27,19,0,15.80404,-17.593402,14.752529,-12.262987,14,-5,14,-5,14,-5,2266.0,2266.0,0,0,0,5000.0,5000.0,0,0,0,37.0135,176.0454,430,430,430
2005,7,4,8,0,10.334984,-14.113213,17.894594,-17.617389,14,-5,14,-5,14,-5,2266.0,2266.0,0,0,0,5000.0,5000.0,0,0,0,183.8831,109.165,430,430,430
2016,6,21,20,0,14.630816,-17.427525,12.241134,-12.385425,14,-5,14,-5,14,-5,2266.0,2266.0,0,0,0,5000.0,5000.0,0,0,0,3.1623,186.4966,430,430,430
2017,8,8,21,0,11.298576,-14.061708,17.636366,-13.285159,14,-5,14,-5,14,-5,2266.0,2266.0,0,0,0,5000.0,5000.0,0,0,0,159.3644,180.3136,430,430,430
2004,8,9,12,0,14.853015,-11.056108,17.492383,-16.846716,14,-5,14,-5,14,-5,2266.0,2266.0,0,0,0,5000.0,5000.0,0,0,0,217.1474,100.5783,430,430,430
2011,6,27,15,0,12.216058,-16.997425,17.077766,-11.386098,14,-5,14,-5,14,-5,2266.0,2266.0,0,0,0,5000.0,5000.0,0,0,0,87.367,227.4775,430,430,430
2014,6,15,11,0,17.962871,-11.489043,10.953166,-10.547706,14,-5,14,-5,14,-5,2266.0,2266.0,0,0,0,5000.0,5000.0,0,0,0,238.9477,262.4576,430,430,430
2009,7,1,4,0,10.055894,-13.69283,16.260012,-10.889046,14,-5,14,-5,14,-5,2266.0,2266.0,0,0,0,5000.0,5000.0,0,0,0,200.0625,232.8347,430,430,430
2010,6,19,5,0,12.443005,-12.84258,10.999355,-13.131326,14,-5,14,-5,14,-5,2266.0,2266.0,0,0,0,5000.0,5000.0,0,0,0,169.068,188.9047,430,430,430
2016,7,24,17,0,11.515988,-14.487473,17.763301,-17.455258,14,-5,14,-5,14,-5,2266.0,2266.0,0,0,0,5000.0,5000.0,0,0,0,144.17,104.5801,430,430,430
2004,8,17,2,0,11.641383,-13.939424,11.124001,-10.530093,14,-5,14,-5,14,-5,2266.0,2266.0,0,0,0,5000.0,5000.0,0,0,0,153.4829,259.9423,430,430,430
2008,7,23,0,0,14.852363,-14.307748,16.412017,-12.410342,14,-5,14,-5,14,-5,2266.0,2266.0,0,0,0,5000.0,5000.0,0,0,0,106.1697,185.3267,430,430,430
2017,8,15,11,0,15.956459,-15.39869,11.427606,-17.885188,14,-5,14,-5,14,-5,2266.0,2266.0,0,0,0,5000.0,5000.0,0,0,0,84.3801,118.4567,430,430,430
2009,7,8,2,0,10.856398,-15.815586,14.932174,-10.419366,14,-5,14,-5,14,-5,2266.0,2266.0,0,0,0,5000.0,5000.0,0,0,0,142.3025,240.252,430,430,430
2010,8,30,9,0,17.251779,-10.279248,12.700969,-12.748775,14,-5,14,-5,14,-5,2266.0,2266.0,0,0,0,5000.0,5000.0,0,0,0,265.1075,168.3449,430,430,430
2010,6,5,0,0,12.331646,-16.793046,10.295457,-13.21629,14,-5,14,-5,14,-5,2266.0,2266.0,0,0,0,5000.0,5000.0,0,0,0,84.3445,203.4822,430,430,430
2013,8,19,9,0,10.221858,-14.942102,17.626007,-16.222412,14,-5,14,-5,14,-5,2266.0,2266.0,0,0,0,5000.0,5000.0,0,0,0,173.1416,113.1459,430,430,430
2018,6,27,3,0,12.441009,-11.445442,14.627759,-17.779063,14,-5,14,-5,14,-5,2266.0,2266.0,0,0,0,5000.0,5000.0,0,0,0,213.3776,11.4018,430,430,430
2004,6,22,19,0,17.635102,-15.502889,11.472583,-17.868243,14,-5,14,-5,14,-5,2266.0,2266.0,0,0,0,5000.0,5000.0,0,0,0,126.0159,116.297,430,430,430
2006,6,19,14,0,14.192488,-16.664346,16.503536,-17.97733,14,-5,14,-5,14,-5,2266.0,2266.0,0,0,0,5000.0,5000.0,0,0,0,30.8058,61.9839,430,430,430
2006,8,28,2,0,10.793901,-14.613034,10.046473,-12.848573,14,-5,14,-5,14,-5,2266.0,2266.0,0,0,0,5000.0,5000.0,0,0,0,161.756,218.8264,430,430,430
2013,6,29,16,0,14.207117,-16.007289,12.16956,-17.529549,14,-5,14,-5,14,-5,2266.0,2266.0,0,0,0,5000.0,5000.0,0,0,0,49.98,89.56,430,430,430
2004,7,13,5,0,17.681518,-16.712705,16.356461,-14.676688,14,-5,14,-5,14,-5,2266.0,2266.0,0,0,0,5000.0,5000.0,0,0,0,107.8378,113.8771,430,430,430
2009,8,27,20,0,11.037239,-17.546903,11.57565,-17.625602,14,-5,14,-5,14,-5,2266.0,2266.0,0,0,0,5000.0,5000.0,0,0,0,129.7575,111.018,430,430,430
2011,6,6,22,0,17.217778,-11.301027,13.826257,-16.978205,14,-5,14,-5,14,-5,2266.0,2266.0,0,0,0,5000.0,5000.0,0,0,0,231.7693,33.6155,430,430,430
2006,8,8,10,0,12.726106,-14.31278,11.439032,-13.831911,14,-5,14,-5,14,-5,2266.0,2266.0,0,0,0,5000.0,5000.0,0,0,0,120.9297,160.5148,430,430,430
2013,8,14,3,0,16.155399,-12.022182,16.917433,-11.887025,14,-5,14,-5,14,-5,2266.0,2266.0,0,0,0,5000.0,5000.0,0,0,0,194.3656,209.4684,430,430,430
2017,7,2,16,0,16.820188,-15.856821,15.833523,-12.498837,14,-5,14,-5,14,-5,2266.0,2266.0,0,0,0,5000.0,5000.0,0,0,0,94.4934,174.8742,430,430,430
2013,6,17,20,0,12.807046,-12.964807,13.124449,-13.884571,14,-5,14,-5,14,-5,2266.0,2266.0,0,0,0,5000.0,5000.0,0,0,0,160.7296,127.9531,430,430,430
2013,6,6,10,0,12.431708,-11.624002,10.862585,-12.019883,14,-5,14,-5,14,-5,2266.0,2266.0,0,0,0,5000.0,5000.0,0,0,0,208.1658,220.6015,430,430,430
2009,6,21,13,0,17.735269,-16.742748,16.983167,-12.284465,14,-5,14,-5,14,-5,2266.0,2266.0,0,0,0,5000.0,5000.0,0,0,0,109.4166,197.3854,430,430,430
2014,8,7,1,0,12.794591,-16.495376,17.133424,-15.237416,14,-5,14,-5,14,-5,2266.0,2266.0,0,0,0,5000.0,5000.0,0,0,0,71.8679,117.3882,430,430,430
2017,8,17,19,0,11.643527,-17.124826,15.519468,-17.725315,14,-5,14,-5,14,-5,2266.0,2266.0,0,0,0,5000.0,5000.0,0,0,0,107.0187,28.6356,430,430,430
2013,8,25,11,0,13.838169,-13.853547,14.473476,-10.345227,14,-5,14,-5,14,-5,2266.0,2266.0,0,0,0,5000.0,5000.0,0,0,0,122.4827,241.0519,430,430,430
2011,8,30,17,0,16.183493,-12.21358,17.026519,-10.273611,14,-5,14,-5,14,-5,2266.0,2266.0,0,0,0,5000.0,5000.0,0,0,0,188.6001,262.469,430,430,430
2004,8,7,6,0,12.717606,-12.184918,15.00991,-11.524976,14,-5,14,-5,14,-5,2266.0,2266.0,0,0,0,5000.0,5000.0,0,0,0,186.8154,202.4179,430,430,430
2015,8,29,15,0,16.651832,-10.616221,16.512836,-15.719491,14,-5,14,-5,14,-5,2266.0,2266.0,0,0,0,5000.0,5000.0,0,0,0,246.1625,89.0955,430,430,430
2005,6,9,4,0,14.846926,-15.912022,16.517168,-14.28426,14,-5,14,-5,14,-5,2266.0,2266.0,0,0,0,5000.0,5000.0,0,0,0,52.2398,128.1288,430,430,430
2007,8,3,6,0,12.186263,-16.924055,11.157711,-16.42637,14,-5,14,-5,14,-5,2266.0,2266.0,0,0,0,5000.0,5000.0,0,0,0,88.5664,127.4755,430,430,430
2009,6,19,11,0,13.98242,-16.350479,16.138956,-15.946948,14,-5,14,-5,14,-5,2266.0,2266.0,0,0,0,5000.0,5000.0,0,0,0,43.0116,74.3303,430,430,430
2009,7,11,0,0,12.10103,-12.858741,17.961848,-13.659921,14,-5,14,-5,14,-5,2266.0,2266.0,0,0,0,5000.0,5000.0,0,0,0,174.0718,177.5894,430,430,430
2016,8,23,4,0,15.860828,-15.069615,10.59575,-16.438392,14,-5,14,-5,14,-5,2266.0,2266.0,0,0,0,5000.0,5000.0,0,0,0,92.5743,145.8252,430,430,430
2006,6,21,5,0,17.799635,-13.96639,17.885095,-15.324619,14,-5,14,-5,14,-5,2266.0,2266.0,0,0,0,5000.0,5000.0,0,0,0,165.9518,136.6053,430,430,430
2018,6,13,11,0,16.935549,-15.743766,13.908349,-13.550623,14,-5,14,-5,14,-5,2266.0,2266.0,0,0,0,5000.0,5000.0,0,0,0,100.1249,131.5941,430,430,430
2006,8,3,2,0,16.497445,-11.177024,13.946642,-10.325664,14,-5,14,-5,14,-5,2266.0,2266.0,0,0,0,5000.0,5000.0,0,0,0,226.241,242.095,430,430,430
2010,8,12,2,0,11.270116,-17.712365,13.251842,-15.257452,14,-5,14,-5,14,-5,2266.0,2266.0,0,0,0,5000.0,5000.0,0,0,0,122.4827,85.2115,430,430,430
2008,6,13,9,0,12.206546,-13.418574,15.355433,-10.765462,14,-5,14,-5,14,-5,2266.0,2266.0,0,0,0,5000.0,5000.0,0,0,0,155.8717,230.3606,430,430,430
2014,8,30,15,0,16.911642,-12.029929,17.593974,-14.250023,14,-5,14,-5,14,-5,2266.0,2266.0,0,0,0,5000.0,5000.0,0,0,0,204.4627,153.8083,430,430,430
2012,6,12,20,0,14.561399,-16.819213,10.77225,-10.12889,14,-5,14,-5,14,-5,2266.0,2266.0,0,0,0,5000.0,5000.0,0,0,0,21.587,278.469,430,430,430
2006,7,2,2,0,17.56686,-10.569,17.895671,-11.524235,14,-5,14,-5,14,-5,2266.0,2266.0,0,0,0,5000.0,5000.0,0,0,0,260.7758,237.1181,430,430,430
2016,7,23,4,0,10.912736,-13.674081,15.455505,-14.135633,14,-5,14,-5,14,-5,2266.0,2266.0,0,0,0,5000.0,5000.0,0,0,0,177.7217,116.1809,430,430,430
2014,6,8,17,0,10.036762,-11.141674,11.871614,-13.109661,14,-5,14,-5,14,-5,2266.0,2266.0,0,0,0,5000.0,5000.0,0,0,0,262.688,170.3203,430,430,430
2008,8,23,6,0,15.458759,-15.584531,14.778344,-14.872064,14,-5,14,-5,14,-5,2266.0,2266.0,0,0,0,5000.0,5000.0,0,0,0,70.3847,87.0517,430,430,430
2012,6,14,18,0,14.443666,-17.173407,10.237287,-15.331514,14,-5,14,-5,14,-5,2266.0,2266.0,0,0,0,5000.0,5000.0,0,0,0,12.0416,168.0744,430,430,430
2017,7,9,19,0,14.443345,-13.905092,14.721655,-12.836298,14,-5,14,-5,14,-5,2266.0,2266.0,0,0,0,5000.0,5000.0,0,0,0,119.2686,156.0128,430,430,430
2010,8,29,11,0,13.98727,-15.174967,13.104078,-11.570142,14,-5,14,-5,14,-5,2266.0,2266.0,0,0,0,5000.0,5000.0,0,0,0,77.7946,203.0394,430,430,430
2011,7,30,17,0,14.143576,-12.732823,10.705615,-14.221048,14,-5,14,-5,14,-5,2266.0,2266.0,0,0,0,5000.0,5000.0,0,0,0,159.022,171.4672,430,430,430
2010,8,18,18,0,17.208155,-14.432021,11.155847,-17.48955,14,-5,14,-5,14,-5,2266.0,2266.0,0,0,0,5000.0,5000.0,0,0,0,139.4633,125.4831,430,430,430
2004,8,26,2,0,11.569017,-10.651776,15.559076,-17.75546,14,-5,14,-5,14,-5,2266.0,2266.0,0,0,0,5000.0,5000.0,0,0,0,249.5776,29.8329,430,430,430
2006,6,5,8,0,10.543315,-14.510632,14.872765,-12.589998,14,-5,14,-5,14,-5,2266.0,2266.0,0,0,0,5000.0,5000.0,0,0,0,170.9883,165.1938,430,430,430
2009,6,21,7,0,16.697513,-16.090991,11.99308,-17.581223,14,-5,14,-5,14,-5,2266.0,2266.0,0,0,0,5000.0,5000.0,0,0,0,86.4002,95.7549,430,430,430
2013,8,9,16,0,16.777923,-16.067822,10.603267,-10.667464,14,-5,14,-5,14,-5,2266.0,2266.0,0,0,0,5000.0,5000.0,0,0,0,89.4036,264.3728,430,430,430
2013,8,22,1,0,13.787081,-17.326511,12.909213,-13.355577,14,-5,14,-5,14,-5,2266.0,2266.0,0,0,0,5000.0,5000.0,0,0,0,32.0156,147.2311,430,430,430
2011,6,5,7,0,11.394326,-16.586657,12.753022,-15.428804,14,-5,14,-5,14,-5,2266.0,2266.0,0,0,0,5000.0,5000.0,0,0,0,117.7115,92.0217,430,430,430
2005,7,24,15,0,13.44796,-15.500048,13.782204,-13.660968,14,-5,14,-5,14,-5,2266.0,2266.0,0,0,0,5000.0,5000.0,0,0,0,75.452,128.7866,430,430,430
2012,6,11,4,0,17.716763,-13.956654,10.372047,-15.2654,14,-5,14,-5,14,-5,2266.0,2266.0,0,0,0,5000.0,5000.0,0,0,0,164.0152,164.5387,430,430,430
2018,8,14,14,0,10.34502,-10.585209,13.437413,-12.952111,14,-5,14,-5,14,-5,2266.0,2266.0,0,0,0,5000.0,5000.0,0,0,0,272.3601,155.0806,430,430,430
2008,8,13,9,0,10.76579,-15.54222,11.180198,-15.093453,14,-5,14,-5,14,-5,2266.0,2266.0,0,0,0,5000.0,5000.0,0,0,0,148.1891,141.5238,430,430,430
2010,6,13,11,0,12.904666,-15.814811,13.234676,-15.404472,14,-5,14,-5,14,-5,2266.0,2266.0,0,0,0,5000.0,5000.0,0,0,0,80.4301,81.8352,430,430,430
2012,6,2,5,0,15.956753,-13.302399,17.894473,-16.481419,14,-5,14,-5,14,-5,2266.0,2266.0,0,0,0,5000.0,5000.0,0,0,0,149.9133,118.1059,430,430,430
2018,8,9,0,0,12.625762,-12.653964,14.038091,-15.435217,14,-5,14,-5,14,-5,2266.0,2266.0,0,0,0,5000.0,5000.0,0,0,0,172.3079,69.8928,430,430,430
2010,8,15,8,0,14.727194,-17.639891,16.452275,-12.333245,14,-5,14,-5,14,-5,2266.0,2266.0,0,0,0,5000.0,5000.0,0,0,0,6.0,187.5447,430,430,430
2012,8,10,7,0,13.231251,-12.492651,17.73281,-14.483955,14,-5,14,-5,14,-5,2266.0,2266.0,0,0,0,5000.0,5000.0,0,0,0,171.4526,151.3473,430,430,430
2010,6,2,15,0,11.784539,-12.543605,11.617565,-11.142954,14,-5,14,-5,14,-5,2266.0,2266.0,0,0,0,5000.0,5000.0,0,0,0,189.2115,233.4524,430,430,430
2004,6,18,6,0,17.754571,-17.100565,10.609598,-17.215454,14,-5,14,-5,14,-5,2266.0,2266.0,0,0,0,5000.0,5000.0,0,0,0,107.28,144.0312,430,430,430
2018,7,26,6,0,14.225712,-11.293553,17.541276,-17.977313,14,-5,14,-5,14,-5,2266.0,2266.0,0,0,0,5000.0,5000.0,0,0,0,208.4706,97.2522,430,430,430
2012,8,6,21,0,17.718343,-16.681531,13.656278,-15.07687,14,-5,14,-5,14,-5,2266.0,2266.0,0,0,0,5000.0,5000.0,0,0,0,109.11,85.0,430,430,430
2006,6,29,10,0,15.408527,-15.408284,12.500395,-16.151498,14,-5,14,-5,14,-5,2266.0,2266.0,0,0,0,5000.0,5000.0,0,0,0,74.3303,84.5281,430,430,430
2004,6,23,19,0,12.490233,-16.697642,11.023342,-16.744838,14,-5,14,-5,14,-5,2266.0,2266.0,0,0,0,5000.0,5000.0,0,0,0,80.2808,129.6534,430,430,430
2015,7,28,0,0,12.188665,-10.834229,10.643415,-10.207931,14,-5,14,-5,14,-5,2266.0,2266.0,0,0,0,5000.0,5000.0,0,0,0,235.8495,278.3541,430,430,430
2008,8,28,13,0,16.408645,-13.355018,17.88524,-15.609389,14,-5,14,-5,14,-5,2266.0,2266.0,0,0,0,5000.0,5000.0,0,0,0,154.1558,131.4686,430,430,430
2012,8,9,10,0,16.291291,-10.825898,13.964108,-11.071824,14,-5,14,-5,14,-5,2266.0,2266.0,0,0,0,5000.0,5000.0,0,0,0,235.2616,216.2267,430,430,430
2014,8,23,14,0,12.726765,-12.554436,11.892181,-12.544291,14,-5,14,-5,14,-5,2266.0,2266.0,0,0,0,5000.0,5000.0,0,0,0,174.3846,187.1069,430,430,430
2013,6,15,11,0,16.183992,-14.441141,10.946765,-17.434108,14,-5,14,-5,14,-5,2266.0,2266.0,0,0,0,5000.0,5000.0,0,0,0,117.618,132.3782,430,430,430
2010,6,1,6,0,15.603626,-13.876875,10.919007,-16.064081,14,-5,14,-5,14,-5,2266.0,2266.0,0,0,0,5000.0,5000.0,0,0,0,127.0945,137.7861,430,430,430
2014,7,16,19,0,13.729202,-14.750561,11.697568,-14.974498,14,-5,14,-5,14,-5,2266.0,2266.0,0,0,0,5000.0,5000.0,0,0,0,93.984,129.0349,430,430,430
2014,6,1,13,0,15.333588,-16.534099,14.197167,-12.110595,14,-5,14,-5,14,-5,2266.0,2266.0,0,0,0,5000.0,5000.0,0,0,0,39.6611,180.7097,430,430,430
2013,8,16,10,0,16.153445,-17.005595,10.400276,-10.893788,14,-5,14,-5,14,-5,2266.0,2266.0,0,0,0,5000.0,5000.0,0,0,0,53.8516,262.1545,430,430,430
2004,8,9,13,0,11.717632,-11.890896,15.190721,-12.296331,14,-5,14,-5,14,-5,2266.0,2266.0,0,0,0,5000.0,5000.0,0,0,0,209.1244,176.0284,430,430,430
2006,8,20,17,0,16.512104,-13.597006,10.632008,-15.049171,14,-5,14,-5,14,-5,2266.0,2266.0,0,0,0,5000.0,5000.0,0,0,0,149.4021,159.6559,430,430,430
2017,7,6,2,0,10.525579,-16.211218,12.008103,-10.466013,14,-5,14,-5,14,-5,2266.0,2266.0,0,0,0,5000.0,5000.0,0,0,0,150.2332,250.5055,430,430,430
2008,8,14,16,0,10.945638,-11.487422,12.724464,-11.605181,14,-5,14,-5,14,-5,2266.0,2266.0,0,0,0,5000.0,5000.0,0,0,0,234.3608,205.2438,430,430,430
2008,8,7,8,0,17.589823,-10.844907,12.409328,-11.912351,14,-5,14,-5,14,-5,2266.0,2266.0,0,0,0,5000.0,5000.0,0,0,0,252.5173,199.3239,430,430,430
2018,8,8,22,0,14.702678,-13.356626,10.456873,-13.863589,14,-5,14,-5,14,-5,2266.0,2266.0,0,0,0,5000.0,5000.0,0,0,0,138.0036,185.0,430,430,430
2018,8,5,12,0,11.702549,-10.295663,13.453786,-13.115893,14,-5,14,-5,14,-5,2266.0,2266.0,0,0,0,5000.0,5000.0,0,0,0,259.3318,149.0403,430,430,430
2013,6,23,6,0,14.537052,-14.240465,15.104385,-17.256032,14,-5,14,-5,14,-5,2266.0,2266.0,0,0,0,5000.0,5000.0,0,0,0,107.1168,16.1245,430,430,430
2015,7,9,21,0,11.165327,-16.184764,10.674329,-11.313314,14,-5,14,-5,14,-5,2266.0,2266.0,0,0,0,5000.0,5000.0,0,0,0,128.316,244.951,430,430,430
2017,7,9,22,0,16.758599,-10.11031,14.374264,-10.486022,14,-5,14,-5,14,-5,2266.0,2266.0,0,0,0,5000.0,5000.0,0,0,0,264.56,236.1715,430,430,430
2013,6,18,13,0,10.63455,-14.381187,13.537246,-12.829255,14,-5,14,-5,14,-5,2266.0,2266.0,0,0,0,5000.0,5000.0,0,0,0,170.2939,157.8924,430,430,430
2014,7,25,3,0,14.256763,-11.353376,10.798314,-17.261462,14,-5,14,-5,14,-5,2266.0,2266.0,0,0,0,5000.0,5000.0,0,0,0,206.4098,138.058,430,430,430
2008,8,4,8,0,10.155505,-11.644219,11.20912,-17.355458,14,-5,14,-5,14,-5,2266.0,2266.0,0,0,0,5000.0,5000.0,0,0,0,246.2214,123.199,430,430,430
2014,6,12,16,0,15.595096,-17.641044,12.122807,-13.966487,14,-5,14,-5,14,-5,2266.0,2266.0,0,0,0,5000.0,5000.0,0,0,0,30.1496,142.2744,430,430,430
2017,8,5,1,0,10.29803,-13.347926,14.141286,-14.586394,14,-5,14,-5,14,-5,2266.0,2266.0,0,0,0,5000.0,5000.0,0,0,0,200.8905,96.8814,430,430,430
2010,6,2,19,0,17.322128,-14.593682,16.473526,-17.521056,14,-5,14,-5,14,-5,2266.0,2266.0,0,0,0,5000.0,5000.0,0,0,0,138.1919,61.131,430,430,430
2005,8,6,13,0,10.70694,-15.157723,11.181504,-12.462153,14,-5,14,-5,14,-5,2266.0,2266.0,0,0,0,5000.0,5000.0,0,0,0,155.2063,202.0025,430,430,430
2016,6,12,14,0,16.282337,-14.662896,12.586782,-10.671144,14,-5,14,-5,14,-5,2266.0,2266.0,0,0,0,5000.0,5000.0,0,0,0,112.8716,237.1919,430,430,430
2014,6,11,1,0,16.699302,-13.224319,15.970462,-12.955783,14,-5,14,-5,14,-5,2266.0,2266.0,0,0,0,5000.0,5000.0,0,0,0,164.1493,161.6818,430,430,430
2014,6,22,3,0,10.116517,-16.696328,14.71841,-17.903455,14,-5,14,-5,14,-5,2266.0,2266.0,0,0,0,5000.0,5000.0,0,0,0,161.524,15.0,430,430,430
2014,7,16,14,0,15.719252,-15.043244,11.012045,-14.636618,14,-5,14,-5,14,-5,2266.0,2266.0,0,0,0,5000.0,5000.0,0,0,0,91.3893,155.0387,430,430,430
2015,6,20,2,0,16.0705,-15.224342,10.297213,-16.075594,14,-5,14,-5,14,-5,2266.0,2266.0,0,0,0,5000.0,5000.0,0,0,0,92.4392,158.9025,430,430,430
2005,6,14,8,0,12.746491,-16.346774,11.079795,-13.241978,14,-5,14,-5,14,-5,2266.0,2266.0,0,0,0,5000.0,5000.0,0,0,0,74.7329,183.9348,430,430,430
2011,7,18,19,0,10.968687,-11.289473,14.100899,-11.930999,14,-5,14,-5,14,-5,2266.0,2266.0,0,0,0,5000.0,5000.0,0,0,0,239.6769,186.9679,430,430,430
2007,6,27,21,0,13.075774,-17.549829,10.780084,-14.545698,14,-5,14,-5,14,-5,2266.0,2266.0,0,0,0,5000.0,5000.0,0,0,0,57.5587,162.8281,430,430,430
2011,7,29,1,0,16.351082,-17.246928,11.287441,-10.342418,14,-5,14,-5,14,-5,2266.0,2266.0,0,0,0,5000.0,5000.0,0,0,0,58.2495,263.856,430,430,430
2011,6,28,17,0,16.711112,-11.281512,10.82367,-12.514872,14,-5,14,-5,14,-5,2266.0,2266.0,0,0,0,5000.0,5000.0,0,0,0,225.7875,208.5809,430,430,430
2009,6,10,2,0,10.782824,-14.445429,17.712735,-13.395091,14,-5,14,-5,14,-5,2266.0,2266.0,0,0,0,5000.0,5000.0,0,0,0,165.0242,179.0251,430,430,430
2014,7,11,0,0,13.646787,-14.557678,13.245345,-10.429116,14,-5,14,-5,14,-5,2266.0,2266.0,0,0,0,5000.0,5000.0,0,0,0,100.6578,240.8319,430,430,430
2005,6,24,8,0,11.379378,-15.618297,10.613421,-12.90903,14,-5,14,-5,14,-5,2266.0,2266.0,0,0,0,5000.0,5000.0,0,0,0,127.5343,203.6517,430,430,430
2007,6,16,11,0,11.882909,-12.472547,15.612269,-14.196784,14,-5,14,-5,14,-5,2266.0,2266.0,0,0,0,5000.0,5000.0,0,0,0,188.82,116.7604,430,430,430
2004,8,6,11,0,15.514729,-17.321988,11.059698,-17.425421,14,-5,14,-5,14,-5,2266.0,2266.0,0,0,0,5000.0,5000.0,0,0,0,28.8617,128.316,430,430,430
2011,8,4,5,0,17.164824,-11.944862,13.92068,-16.101558,14,-5,14,-5,14,-5,2266.0,2266.0,0,0,0,5000.0,5000.0,0,0,0,210.7914,50.774,430,430,430
2015,6,29,10,0,11.716238,-17.499942,14.742224,-17.442813,14,-5,14,-5,14,-5,2266.0,2266.0,0,0,0,5000.0,5000.0,0,0,0,105.4751,1.0,430,430,430
2005,6,27,9,0,17.379074,-16.099749,13.238365,-16.970863,14,-5,14,-5,14,-5,2266.0,2266.0,0,0,0,5000.0,5000.0,0,0,0,106.6771,52.3927,430,430,430
2012,7,27,22,0,14.670025,-11.917739,16.95829,-14.521485,14,-5,14,-5,14,-5,2266.0,2266.0,0,0,0,5000.0,5000.0,0,0,0,187.0027,131.4002,430,430,430
2012,7,15,4,0,15.906076,-15.135646,12.313626,-14.157388,14,-5,14,-5,14,-5,2266.0,2266.0,0,0,0,5000.0,5000.0,0,0,0,91.2414,133.8432,430,430,430
2018,6,29,0,0,13.933197,-17.506951,11.586542,-12.693289,14,-5,14,-5,14,-5,2266.0,2266.0,0,0,0,5000.0,5000.0,0,0,0,27.2947,188.0957,430,430,430
2005,7,4,14,0,15.038024,-10.681815,14.742005,-17.133866,14,-5,14,-5,14,-5,2266.0,2266.0,0,0,0,5000.0,5000.0,0,0,0,231.4239,11.0454,430,430,430
2004,6,25,21,0,13.441167,-14.352306,14.675671,-12.361183,14,-5,14,-5,14,-5,2266.0,2266.0,0,0,0,5000.0,5000.0,0,0,0,109.7725,172.0029,430,430,430
2004,7,8,18,0,13.354302,-11.87787,10.682883,-17.667684,14,-5,14,-5,14,-5,2266.0,2266.0,0,0,0,5000.0,5000.0,0,0,0,191.3661,143.1363,430,430,430
2004,6,28,5,0,15.739378,-12.008912,11.597084,-11.793824,14,-5,14,-5,14,-5,2266.0,2266.0,0,0,0,5000.0,5000.0,0,0,0,190.8219,213.7148,430,430,430
2009,6,30,7,0,10.701715,-10.524591,11.508363,-16.356626,14,-5,14,-5,14,-5,2266.0,2266.0,0,0,0,5000.0,5000.0,0,0,0,267.8843,115.447,430,430,430
2015,8,21,15,0,13.92474,-16.294751,16.232871,-13.058945,14,-5,14,-5,14,-5,2266.0,2266.0,0,0,0,5000.0,5000.0,0,0,0,45.0,161.6447,430,430,430
2006,6,30,10,0,16.658884,-12.354174,16.16739,-13.922819,14,-5,14,-5,14,-5,2266.0,2266.0,0,0,0,5000.0,5000.0,0,0,0,190.3392,133.5403,430,430,430
2011,8,20,2,0,11.582037,-10.141826,11.634409,-16.141705,14,-5,14,-5,14,-5,2266.0,2266.0,0,0,0,5000.0,5000.0,0,0,0,265.5146,112.5789,430,430,430
2010,8,20,15,0,14.94762,-14.48386,11.020698,-16.993255,14,-5,14,-5,14,-5,2266.0,2266.0,0,0,0,5000.0,5000.0,0,0,0,100.4988,130.0961,430,430,430
2015,8,6,12,0,12.081646,-10.7185,17.165816,-11.49906,14,-5,14,-5,14,-5,2266.0,2266.0,0,0,0,5000.0,5000.0,0,0,0,241.4042,225.4617,430,430,430
2011,8,12,16,0,15.054048,-13.208509,14.794295,-14.137165,14,-5,14,-5,14,-5,2266.0,2266.0,0,0,0,5000.0,5000.0,0,0,0,144.679,112.0714,430,430,430
2011,7,14,21,0,10.698158,-11.070534,15.412943,-13.548544,14,-5,14,-5,14,-5,2266.0,2266.0,0,0,0,5000.0,5000.0,0,0,0,251.002,136.4991,430,430,430
2009,6,8,2,0,11.403542,-16.708542,12.232493,-12.776936,14,-5,14,-5,14,-5,2266.0,2266.0,0,0,0,5000.0,5000.0,0,0,0,117.0982,174.1522,430,430,430
2016,6,15,14,0,13.063987,-14.320662,10.936611,-11.436015,14,-5,14,-5,14,-5,2266.0,2266.0,0,0,0,5000.0,5000.0,0,0,0,115.4859,236.5798,430,430,430
2006,6,15,5,0,10.212434,-12.098349,16.866521,-12.044349,14,-5,14,-5,14,-5,2266.0,2266.0,0,0,0,5000.0,5000.0,0,0,0,232.8798,203.1576,430,430,430
2009,7,13,1,0,10.852081,-14.712803,12.696287,-17.201304,14,-5,14,-5,14,-5,2266.0,2266.0,0,0,0,5000.0,5000.0,0,0,0,158.474,70.0286,430,430,430
2018,6,26,21,0,17.384733,-11.358544,14.430275,-10.164148,14,-5,14,-5,14,-5,2266.0,2266.0,0,0,0,5000.0,5000.0,0,0,0,233.2252,248.0988,430,430,430
2017,8,30,3,0,16.585721,-14.176962,10.927653,-14.656979,14,-5,14,-5,14,-5,2266.0,2266.0,0,0,0,5000.0,5000.0,0,0,0,133.094,157.0,430,430,430
2007,8,26,19,0,12.815425,-16.973739,16.293371,-11.772344,14,-5,14,-5,14,-5,2266.0,2266.0,0,0,0,5000.0,5000.0,0,0,0,66.7533,204.1201,430,430,430
2015,6,8,3,0,11.570749,-16.814668,11.946345,-17.848738,14,-5,14,-5,14,-5,2266.0,2266.0,0,0,0,5000.0,5000.0,0,0,0,110.7655,99.2472,430,430,430
2012,6,17,1,0,16.309789,-13.264794,16.175955,-17.228288,14,-5,14,-5,14,-5,2266.0,2266.0,0,0,0,5000.0,5000.0,0,0,0,156.1698,52.3927,430,430,430
2013,6,19,10,0,11.859043,-13.127479,16.985337,-16.182686,14,-5,14,-5,14,-5,2266.0,2266.0,0,0,0,5000.0,5000.0,0,0,0,170.0735,93.4933,430,430,430
2015,6,20,10,0,12.286986,-17.228845,11.723462,-15.297653,14,-5,14,-5,14,-5,2266.0,2266.0,0,0,0,5000.0,5000.0,0,0,0,85.0,122.1147,430,430,430
2012,8,26,9,0,10.014004,-15.571657,14.408755,-16.8044,14,-5,14,-5,14,-5,2266.0,2266.0,0,0,0,5000.0,5000.0,0,0,0,172.7021,23.2594,430,430,430
2016,7,14,6,0,16.939471,-14.158686,11.871343,-17.841302,14,-5,14,-5,14,-5,2266.0,2266.0,0,0,0,5000.0,5000.0,0,0,0,140.6165,102.1812,430,430,430
2012,6,24,16,0,12.34657,-17.052657,17.223176,-16.344019,14,-5,14,-5,14,-5,2266.0,2266.0,0,0,0,5000.0,5000.0,0,0,0,83.2166,97.949,430,430,430
2010,6,26,20,0,14.602452,-12.510366,15.941427,-14.293318,14,-5,14,-5,14,-5,2266.0,2266.0,0,0,0,5000.0,5000.0,0,0,0,167.012,117.5457,430,430,430
2015,8,15,14,0,15.947597,-15.393161,11.459639,-17.595817,14,-5,14,-5,14,-5,2266.0,2266.0,0,0,0,5000.0,5000.0,0,0,0,85.235,114.8564,430,430,430
2012,6,20,10,0,12.020522,-10.567399,15.518787,-15.44729,14,-5,14,-5,14,-5,2266.0,2266.0,0,0,0,5000.0,5000.0,0,0,0,246.7894,74.8465,430,430,430
2016,8,5,1,0,13.933909,-15.180894,16.83173,-15.973731,14,-5,14,-5,14,-5,2266.0,2266.0,0,0,0,5000.0,5000.0,0,0,0,78.4347,92.8009,430,430,430
2010,6,16,22,0,12.270047,-16.473818,14.399209,-13.824301,14,-5,14,-5,14,-5,2266.0,2266.0,0,0,0,5000.0,5000.0,0,0,0,88.8876,121.3342,430,430,430
2007,6,24,11,0,11.191511,-12.491964,17.283843,-14.149132,14,-5,14,-5,14,-5,2266.0,2266.0,0,0,0,5000.0,5000.0,0,0,0,201.2064,148.4049,430,430,430
2018,6,30,3,0,14.601939,-13.528717,16.980406,-17.890282,14,-5,14,-5,14,-5,2266.0,2266.0,0,0,0,5000.0,5000.0,0,0,0,132.0152,78.2304,430,430,430
2013,7,18,2,0,10.133115,-11.054453,14.73832,-13.383515,14,-5,14,-5,14,-5,2266.0,2266.0,0,0,0,5000.0,5000.0,0,0,0,262.6062,137.0328,430,430,430
2013,7,15,12,0,10.229474,-10.444929,14.545076,-10.907395,14,-5,14,-5,14,-5,2266.0,2266.0,0,0,0,5000.0,5000.0,0,0,0,278.7418,222.0203,430,430,430
2016,8,12,20,0,16.029608,-12.89602,17.882848,-16.472538,14,-5,14,-5,14,-5,2266.0,2266.0,0,0,0,5000.0,5000.0,0,0,0,164.1737,118.1059,430,430,430
2005,7,7,22,0,11.019192,-12.572112,15.043576,-13.523607,14,-5,14,-5,14,-5,2266.0,2266.0,0,0,0,5000.0,5000.0,0,0,0,202.566,133.7348,430,430,430
2012,7,15,3,0,15.873704,-13.302173,12.840746,-10.177862,14,-5,14,-5,14,-5,2266.0,2266.0,0,0,0,5000.0,5000.0,0,0,0,149.0403,252.002,430,430,430
2018,8,28,10,0,12.926058,-10.654405,14.363381,-15.18652,14,-5,14,-5,14,-5,2266.0,2266.0,0,0,0,5000.0,5000.0,0,0,0,235.7626,75.8024,430,430,430
2010,8,6,13,0,16.965839,-16.961356,13.828299,-14.95735,14,-5,14,-5,14,-5,2266.0,2266.0,0,0,0,5000.0,5000.0,0,0,0,81.6088,86.0349,430,430,430
2017,6,8,6,0,17.095247,-17.509348,12.937769,-11.222804,14,-5,14,-5,14,-5,2266.0,2266.0,0,0,0,5000.0,5000.0,0,0,0,82.2192,216.4809,430,430,430
2004,6,2,16,0,13.968752,-17.491581,10.742982,-12.46126,14,-5,14,-5,14,-5,2266.0,2266.0,0,0,0,5000.0,5000.0,0,0,0,26.3059,212.0495,430,430,430
2018,7,12,17,0,14.352339,-13.303193,13.56073,-11.443578,14,-5,14,-5,14,-5,2266.0,2266.0,0,0,0,5000.0,5000.0,0,0,0,139.4346,204.5605,430,430,430
2007,6,18,18,0,12.589745,-13.757077,11.401534,-12.283026,14,-5,14,-5,14,-5,2266.0,2266.0,0,0,0,5000.0,5000.0,0,0,0,139.0863,203.0271,430,430,430
2008,7,19,12,0,14.430033,-17.35746,10.985334,-14.935831,14,-5,14,-5,14,-5,2266.0,2266.0,0,0,0,5000.0,5000.0,0,0,0,9.2195,150.0833,430,430,430
2006,7,7,18,0,11.260334,-11.788884,10.210645,-15.79319,14,-5,14,-5,14,-5,2266.0,2266.0,0,0,0,5000.0,5000.0,0,0,0,219.9682,163.0491,430,430,430
2015,8,23,20,0,12.925427,-11.949231,13.58641,-16.852158,14,-5,14,-5,14,-5,2266.0,2266.0,0,0,0,5000.0,5000.0,0,0,0,191.6351,42.5441,430,430,430
2010,6,28,5,0,12.742177,-11.481522,13.296686,-14.114138,14,-5,14,-5,14,-5,2266.0,2266.0,0,0,0,5000.0,5000.0,0,0,0,209.0287,119.1008,430,430,430
2008,6,16,7,0,17.133436,-12.887386,10.323338,-12.663895,14,-5,14,-5,14,-5,2266.0,2266.0,0,0,0,5000.0,5000.0,0,0,0,181.648,216.3747,430,430,430
2014,8,2,4,0,12.593319,-17.341713,14.361559,-16.22947,14,-5,14,-5,14,-5,2266.0,2266.0,0,0,0,5000.0,5000.0,0,0,0,74.0608,41.7612,430,430,430
2008,8,16,12,0,12.920168,-15.614081,16.667333,-17.369386,14,-5,14,-5,14,-5,2266.0,2266.0,0,0,0,5000.0,5000.0,0,0,0,84.22,67.6018,430,430,430
2016,8,25,21,0,14.655758,-13.501085,12.014665,-16.755542,14,-5,14,-5,14,-5,2266.0,2266.0,0,0,0,5000.0,5000.0,0,0,0,133.0,95.352,430,430,430
2014,7,14,8,0,14.706354,-13.145252,15.838958,-15.551002,14,-5,14,-5,14,-5,2266.0,2266.0,0,0,0,5000.0,5000.0,0,0,0,145.0138,78.032,430,430,430
2004,7,4,21,0,16.088624,-10.514408,13.177703,-11.228411,14,-5,14,-5,14,-5,2266.0,2266.0,0,0,0,5000.0,5000.0,0,0,0,244.3809,214.1612,430,430,430
2016,7,11,10,0,15.196506,-13.495883,16.361436,-15.586979,14,-5,14,-5,14,-5,2266.0,2266.0,0,0,0,5000.0,5000.0,0,0,0,135.3403,88.6172,430,430,430
2007,7,10,5,0,12.207387,-13.558869,10.512554,-14.0279,14,-5,14,-5,14,-5,2266.0,2266.0,0,0,0,5000.0,5000.0,0,0,0,151.7267,181.2319,430,430,430
2004,8,23,2,0,13.017341,-11.939979,12.393001,-17.631659,14,-5,14,-5,14,-5,2266.0,2266.0,0,0,0,5000.0,5000.0,0,0,0,191.6716,82.0366,430,430,430
2012,6,5,18,0,12.88023,-14.220276,14.519104,-10.780399,14,-5,14,-5,14,-5,2266.0,2266.0,0,0,0,5000.0,5000.0,0,0,0,121.5936,226.0354,430,430,430
2013,6,5,13,0,13.130179,-11.634175,16.75831,-12.043398,14,-5,14,-5,14,-5,2266.0,2266.0,0,0,0,5000.0,5000.0,0,0,0,201.1094,201.6755,430,430,430
2016,6,8,7,0,12.660262,-15.896303,15.893328,-12.183576,14,-5,14,-5,14,-5,2266.0,2266.0,0,0,0,5000.0,5000.0,0,0,0,84.5991,186.0376,430,430,430
2013,7,19,15,0,13.132705,-13.624942,13.743185,-14.957887,14,-5,14,-5,14,-5,2266.0,2266.0,0,0,0,5000.0,5000.0,0,0,0,136.1653,87.4643,430,430,430
2013,6,6,14,0,14.034451,-13.449537,15.449754,-14.492815,14,-5,14,-5,14,-5,2266.0,2266.0,0,0,0,5000.0,5000.0,0,0,0,134.6477,104.5466,430,430,430
2011,7,4,18,0,11.619191,-13.731791,12.440545,-14.303956,14,-5,14,-5,14,-5,2266.0,2266.0,0,0,0,5000.0,5000.0,0,0,0,159.289,126.8227,430,430,430
2008,7,22,0,0,15.444968,-13.387672,15.212518,-10.668158,14,-5,14,-5,14,-5,2266.0,2266.0,0,0,0,5000.0,5000.0,0,0,0,141.598,232.8605,430,430,430
2012,8,30,11,0,11.647129,-12.765966,16.572313,-17.804384,14,-5,14,-5,14,-5,2266.0,2266.0,0,0,0,5000.0,5000.0,0,0,0,185.3106,64.195,430,430,430
2009,8,29,8,0,12.367338,-10.674787,13.254946,-11.096789,14,-5,14,-5,14,-5,2266.0,2266.0,0,0,0,5000.0,5000.0,0,0,0,239.7415,218.3415,430,430,430
2017,7,23,9,0,10.326877,-17.349945,11.756465,-16.262495,14,-5,14,-5,14,-5,2266.0,2266.0,0,0,0,5000.0,5000.0,0,0,0,154.2628,107.8564,430,430,430
2014,7,5,6,0,13.795456,-13.519115,10.640386,-10.60048,14,-5,14,-5,14,-5,2266.0,2266.0,0,0,0,5000.0,5000.0,0,0,0,133.4166,266.3776,430,430,430
2017,7,28,3,0,12.465496,-11.462505,11.313138,-15.56714,14,-5,14,-5,14,-5,2266.0,2266.0,0,0,0,5000.0,5000.0,0,0,0,213.0188,129.769,430,430,430
2009,7,3,20,0,17.588662,-17.116362,12.929178,-12.264377,14,-5,14,-5,14,-5,2266.0,2266.0,0,0,0,5000.0,5000.0,0,0,0,101.2028,182.1648,430,430,430
2004,8,17,5,0,14.363257,-17.970066,12.40625,-17.318246,14,-5,14,-5,14,-5,2266.0,2266.0,0,0,0,5000.0,5000.0,0,0,0,22.2036,81.0247,430,430,430
2009,6,1,2,0,10.04057,-17.551707,13.774409,-12.952066,14,-5,14,-5,14,-5,2266.0,2266.0,0,0,0,5000.0,5000.0,0,0,0,165.7739,153.1698,430,430,430
2008,7,11,18,0,13.711666,-14.74118,17.9313,-16.248809,14,-5,14,-5,14,-5,2266.0,2266.0,0,0,0,5000.0,5000.0,0,0,0,93.984,122.1556,430,430,430
2018,6,11,0,0,14.711525,-12.043779,11.757383,-15.465479,14,-5,14,-5,14,-5,2266.0,2266.0,0,0,0,5000.0,5000.0,0,0,0,183.0109,118.7013,430,430,430
2013,8,15,14,0,13.736323,-11.696102,13.09315,-10.697273,14,-5,14,-5,14,-5,2266.0,2266.0,0,0,0,5000.0,5000.0,0,0,0,195.6349,232.3618,430,430,430
2015,7,5,10,0,10.166135,-15.008184,15.109935,-11.920331,14,-5,14,-5,14,-5,2266.0,2266.0,0,0,0,5000.0,5000.0,0,0,0,174.1321,188.7671,430,430,430
2005,6,17,10,0,16.601694,-17.677059,16.27631,-11.222195,14,-5,14,-5,14,-5,2266.0,2266.0,0,0,0,5000.0,5000.0,0,0,0,65.0077,222.4275,430,430,430
2011,6,17,0,0,12.42607,-10.348968,17.15842,-15.504093,14,-5,14,-5,14,-5,2266.0,2266.0,0,0,0,5000.0,5000.0,0,0,0,250.146,112.0446,430,430,430
2013,8,27,2,0,13.13025,-16.741472,13.471365,-11.590821,14,-5,14,-5,14,-5,2266.0,2266.0,0,0,0,5000.0,5000.0,0,0,0,58.1893,200.04,430,430,430
2010,8,3,6,0,17.708319,-14.600332,12.872857,-12.333341,14,-5,14,-5,14,-5,2266.0,2266.0,0,0,0,5000.0,5000.0,0,0,0,147.787,180.0139,430,430,430
2017,6,21,22,0,14.563353,-16.942123,13.884359,-17.563135,14,-5,14,-5,14,-5,2266.0,2266.0,0,0,0,5000.0,5000.0,0,0,0,17.72,29.6142,430,430,430
2007,7,2,9,0,13.408152,-15.098437,10.584673,-12.605411,14,-5,14,-5,14,-5,2266.0,2266.0,0,0,0,5000.0,5000.0,0,0,0,86.954,211.568,430,430,430
2007,8,29,19,0,16.501305,-16.397888,10.633338,-16.401515,14,-5,14,-5,14,-5,2266.0,2266.0,0,0,0,5000.0,5000.0,0,0,0,74.3303,145.0,430,430,430
2010,8,22,15,0,12.945763,-13.945703,11.124682,-17.59376,14,-5,14,-5,14,-5,2266.0,2266.0,0,0,0,5000.0,5000.0,0,0,0,128.8255,126.8897,430,430,430
2017,6,4,21,0,11.970881,-12.862637,14.800648,-11.758421,14,-5,14,-5,14,-5,2266.0,2266.0,0,0,0,5000.0,5000.0,0,0,0,176.1732,193.0932,430,430,430
2016,6,8,8,0,15.586058,-17.85429,16.443866,-14.462055,14,-5,14,-5,14,-5,2266.0,2266.0,0,0,0,5000.0,5000.0,0,0,0,31.6228,121.9385,430,430,430
2010,6,14,22,0,14.372712,-12.839775,14.583348,-17.007968,14,-5,14,-5,14,-5,2266.0,2266.0,0,0,0,5000.0,5000.0,0,0,0,155.3222,14.5602,430,430,430
2012,6,10,8,0,11.854102,-13.708506,15.0498,-16.588425,14,-5,14,-5,14,-5,2266.0,2266.0,0,0,0,5000.0,5000.0,0,0,0,154.7966,32.311,430,430,430
2009,7,8,14,0,14.317473,-13.572291,12.408421,-11.386664,14,-5,14,-5,14,-5,2266.0,2266.0,0,0,0,5000.0,5000.0,0,0,0,130.5527,215.6038,430,430,430
2017,7,20,3,0,17.65134,-15.889079,11.221981,-16.420077,14,-5,14,-5,14,-5,2266.0,2266.0,0,0,0,5000.0,5000.0,0,0,0,119.365,124.5351,430,430,430
2005,8,21,11,0,13.231719,-13.279168,13.992789,-12.72137,14,-5,14,-5,14,-5,2266.0,2266.0,0,0,0,5000.0,5000.0,0,0,0,145.4991,159.6653,430,430,430
2014,7,20,13,0,17.21352,-15.663085,15.196566,-17.886649,14,-5,14,-5,14,-5,2266.0,2266.0,0,0,0,5000.0,5000.0,0,0,0,110.4219,21.4009,430,430,430
2006,7,11,21,0,14.947029,-10.670675,17.582564,-12.967278,14,-5,14,-5,14,-5,2266.0,2266.0,0,0,0,5000.0,5000.0,0,0,0,231.2618,188.3667,430,430,430
2009,8,13,3,0,14.801462,-13.267781,11.509514,-10.604484,14,-5,14,-5,14,-5,2266.0,2266.0,0,0,0,5000.0,5000.0,0,0,0,141.0886,251.8134,430,430,430
2007,7,12,0,0,13.554207,-16.768277,10.131443,-13.602745,14,-5,14,-5,14,-5,2266.0,2266.0,0,0,0,5000.0,5000.0,0,0,0,44.2832,200.0,430,430,430
2010,7,7,10,0,16.833347,-15.112969,17.966231,-17.221489,14,-5,14,-5,14,-5,2266.0,2266.0,0,0,0,5000.0,5000.0,0,0,0,112.6987,113.6002,430,430,430
2009,7,4,1,0,17.350622,-10.629636,17.071696,-11.924155,14,-5,14,-5,14,-5,2266.0,2266.0,0,0,0,5000.0,5000.0,0,0,0,255.8906,210.4875,430,430,430
2011,7,2,1,0,11.021174,-15.264069,12.799454,-13.058575,14,-5,14,-5,14,-5,2266.0,2266.0,0,0,0,5000.0,5000.0,0,0,0,144.0035,157.9905,430,430,430
2014,6,24,1,0,15.594375,-10.94227,11.101202,-16.712613,14,-5,14,-5,14,-5,2266.0,2266.0,0,0,0,5000.0,5000.0,0,0,0,225.4285,127.8828,430,430,430
2013,7,11,22,0,15.96086,-14.428176,11.476822,-12.902981,14,-5,14,-5,14,-5,2266.0,2266.0,0,0,0,5000.0,5000.0,0,0,0,114.2366,184.0109,430,430,430
2004,6,1,19,0,13.505956,-16.583575,16.48609,-16.233431,14,-5,14,-5,14,-5,2266.0,2266.0,0,0,0,5000.0,5000.0,0,0,0,48.8774,77.201,430,430,430
2006,6,1,12,0,17.312165,-14.514945,15.313339,-16.721776,14,-5,14,-5,14,-5,2266.0,2266.0,0,0,0,5000.0,5000.0,0,0,0,139.7033,33.4215,430,430,430
2011,6,8,8,0,13.275068,-12.424177,10.684501,-13.489342,14,-5,14,-5,14,-5,2266.0,2266.0,0,0,0,5000.0,5000.0,0,0,0,173.7613,187.6832,430,430,430
2010,8,6,9,0,17.187898,-16.654564,16.699107,-15.964489,14,-5,14,-5,14,-5,2266.0,2266.0,0,0,0,5000.0,5000.0,0,0,0,91.9239,88.8651,430,430,430
2004,7,14,7,0,13.049918,-12.594396,15.211303,-16.358193,14,-5,14,-5,14,-5,2266.0,2266.0,0,0,0,5000.0,5000.0,0,0,0,169.517,42.0476,430,430,430
2016,7,19,14,0,15.368593,-17.142869,16.538813,-12.410075,14,-5,14,-5,14,-5,2266.0,2266.0,0,0,0,5000.0,5000.0,0,0,0,25.9422,186.6815,430,430,430
2018,8,15,16,0,12.704263,-14.187245,17.852452,-17.388308,14,-5,14,-5,14,-5,2266.0,2266.0,0,0,0,5000.0,5000.0,0,0,0,125.6423,108.7796,430,430,430
2007,7,1,0,0,11.165921,-15.09656,16.510433,-15.132545,14,-5,14,-5,14,-5,2266.0,2266.0,0,0,0,5000.0,5000.0,0,0,0,142.3938,104.2017,430,430,430
2011,7,5,5,0,10.402417,-10.818538,11.386693,-17.124554,14,-5,14,-5,14,-5,2266.0,2266.0,0,0,0,5000.0,5000.0,0,0,0,264.6205,117.0171,430,430,430
2011,8,5,12,0,12.380344,-17.062667,14.209257,-13.883151,14,-5,14,-5,14,-5,2266.0,2266.0,0,0,0,5000.0,5000.0,0,0,0,81.2219,120.0708,430,430,430
2015,6,14,18,0,15.627701,-11.981125,15.38628,-15.51285,14,-5,14,-5,14,-5,2266.0,2266.0,0,0,0,5000.0,5000.0,0,0,0,190.0658,71.1688,430,430,430
2017,7,14,5,0,11.421967,-13.089588,11.763672,-16.044921,14,-5,14,-5,14,-5,2266.0,2266.0,0,0,0,5000.0,5000.0,0,0,0,180.5436,110.1363,430,430,430
2005,8,8,8,0,15.962393,-16.663734,11.150441,-16.10272,14,-5,14,-5,14,-5,2266.0,2266.0,0,0,0,5000.0,5000.0,0,0,0,53.2541,130.0807,430,430,430
2015,6,14,1,0,12.037417,-17.983573,17.725122,-10.086446,14,-5,14,-5,14,-5,2266.0,2266.0,0,0,0,5000.0,5000.0,0,0,0,97.5295,278.3846,430,430,430
2014,8,18,12,0,15.775927,-13.650696,11.635743,-11.422316,14,-5,14,-5,14,-5,2266.0,2266.0,0,0,0,5000.0,5000.0,0,0,0,136.6821,224.5885,430,430,430
2014,8,17,16,0,15.705427,-10.673462,16.442607,-16.206585,14,-5,14,-5,14,-5,2266.0,2266.0,0,0,0,5000.0,5000.0,0,0,0,234.9319,76.2168,430,430,430
2015,8,14,7,0,16.803212,-13.776124,10.531319,-16.85202,14,-5,14,-5,14,-5,2266.0,2266.0,0,0,0,5000.0,5000.0,0,0,0,148.7179,147.2753,430,430,430
2006,8,19,4,0,17.989427,-11.501609,10.732422,-14.932224,14,-5,14,-5,14,-5,2266.0,2266.0,0,0,0,5000.0,5000.0,0,0,0,239.4264,157.943,430,430,430
2011,8,18,6,0,17.821789,-13.405981,11.515687,-17.919589,14,-5,14,-5,14,-5,2266.0,2266.0,0,0,0,5000.0,5000.0,0,0,0,181.4001,114.7563,430,430,430
2015,7,22,10,0,14.540679,-10.223112,14.130255,-14.44385,14,-5,14,-5,14,-5,2266.0,2266.0,0,0,0,5000.0,5000.0,0,0,0,246.0183,101.789,430,430,430
2012,7,12,6,0,12.389148,-11.349823,12.281596,-10.813314,14,-5,14,-5,14,-5,2266.0,2266.0,0,0,0,5000.0,5000.0,0,0,0,216.8986,236.072,430,430,430
2018,6,30,8,0,15.829925,-16.349348,12.365753,-11.621096,14,-5,14,-5,14,-5,2266.0,2266.0,0,0,0,5000.0,5000.0,0,0,0,55.8659,208.9234,430,430,430
2014,6,21,6,0,11.601647,-17.790332,14.345255,-13.378368,14,-5,14,-5,14,-5,2266.0,2266.0,0,0,0,5000.0,5000.0,0,0,0,110.8197,136.4441,430,430,430
2010,7,28,15,0,11.216065,-15.819658,10.292984,-17.589309,14,-5,14,-5,14,-5,2266.0,2266.0,0,0,0,5000.0,5000.0,0,0,0,130.0346,155.9295,430,430,430
2017,7,23,15,0,10.457,-15.02144,12.038646,-16.682965,14,-5,14,-5,14,-5,2266.0,2266.0,0,0,0,5000.0,5000.0,0,0,0,164.1493,94.7259,430,430,430
2011,6,27,5,0,12.719029,-11.027462,11.117655,-13.734975,14,-5,14,-5,14,-5,2266.0,2266.0,0,0,0,5000.0,5000.0,0,0,0,224.2432,171.2133,430,430,430
2014,8,2,6,0,15.479538,-13.020875,10.152625,-10.901209,14,-5,14,-5,14,-5,2266.0,2266.0,0,0,0,5000.0,5000.0,0,0,0,153.7596,266.6027,430,430,430
2015,6,4,13,0,16.862219,-16.331413,15.432279,-11.451206,14,-5,14,-5,14,-5,2266.0,2266.0,0,0,0,5000.0,5000.0,0,0,0,86.954,206.9034,430,430,430
2006,7,10,2,0,17.178903,-12.068172,14.577009,-15.417709,14,-5,14,-5,14,-5,2266.0,2266.0,0,0,0,5000.0,5000.0,0,0,0,207.5765,68.1175,430,430,430
2004,7,4,11,0,10.258615,-15.461948,17.906642,-11.665168,14,-5,14,-5,14,-5,2266.0,2266.0,0,0,0,5000.0,5000.0,0,0,0,165.7468,232.723,430,430,430
2010,6,2,9,0,10.76051,-11.438224,11.29804,-13.205806,14,-5,14,-5,14,-5,2266.0,2266.0,0,0,0,5000.0,5000.0,0,0,0,239.1339,180.0555,430,430,430
2009,6,26,21,0,12.490948,-13.736634,13.733885,-10.809506,14,-5,14,-5,14,-5,2266.0,2266.0,0,0,0,5000.0,5000.0,0,0,0,142.0422,226.1349,430,430,430
2009,6,17,16,0,11.74228,-16.149936,15.946983,-12.69407,14,-5,14,-5,14,-5,2266.0,2266.0,0,0,0,5000.0,5000.0,0,0,0,109.7315,170.0618,430,430,430
2010,6,2,19,0,14.465159,-15.959482,10.47327,-16.577533,14,-5,14,-5,14,-5,2266.0,2266.0,0,0,0,5000.0,5000.0,0,0,0,49.6488,150.0833,430,430,430
2015,6,16,13,0,15.163933,-10.956574,14.503676,-10.064023,14,-5,14,-5,14,-5,2266.0,2266.0,0,0,0,5000.0,5000.0,0,0,0,222.7285,251.0319,430,430,430
2006,6,13,5,0,15.4282,-11.877209,12.105159,-11.756088,14,-5,14,-5,14,-5,2266.0,2266.0,0,0,0,5000.0,5000.0,0,0,0,191.9088,208.0024,430,430,430
2005,8,9,11,0,11.564823,-12.191669,14.618197,-10.064359,14,-5,14,-5,14,-5,2266.0,2266.0,0,0,0,5000.0,5000.0,0,0,0,202.7856,251.0,430,430,430
2007,8,16,6,0,16.331053,-13.445575,15.047128,-14.168361,14,-5,14,-5,14,-5,2266.0,2266.0,0,0,0,5000.0,5000.0,0,0,0,150.6154,111.8794,430,430,430
2018,8,8,21,0,11.126364,-15.367119,16.20493,-12.935752,14,-5,14,-5,14,-5,2266.0,2266.0,0,0,0,5000.0,5000.0,0,0,0,139.0899,165.0818,430,430,430
2006,8,24,15,0,10.84198,-10.152817,12.918385,-11.771482,14,-5,14,-5,14,-5,2266.0,2266.0,0,0,0,5000.0,5000.0,0,0,0,276.1395,198.2952,430,430,430
2009,7,12,12,0,12.075548,-17.815975,15.235259,-10.246269,14,-5,14,-5,14,-5,2266.0,2266.0,0,0,0,5000.0,5000.0,0,0,0,95.1262,246.8947,430,430,430
2011,6,14,3,0,15.591612,-17.743565,10.026362,-17.021516,14,-5,14,-5,14,-5,2266.0,2266.0,0,0,0,5000.0,5000.0,0,0,0,30.5941,165.0121,430,430,430
2014,8,29,3,0,15.839138,-12.050823,11.50002,-10.054619,14,-5,14,-5,14,-5,2266.0,2266.0,0,0,0,5000.0,5000.0,0,0,0,189.4888,269.4736,430,430,430
2013,6,8,8,0,17.633703,-13.233653,17.266203,-12.300429,14,-5,14,-5,14,-5,2266.0,2266.0,0,0,0,5000.0,5000.0,0,0,0,181.3946,202.141,430,430,430
2005,7,4,1,0,16.252757,-15.183453,11.92005,-11.403837,14,-5,14,-5,14,-5,2266.0,2266.0,0,0,0,5000.0,5000.0,0,0,0,97.3499,221.8468,430,430,430
2016,6,22,0,0,12.26888,-15.096139,12.153079,-17.791324,14,-5,14,-5,14,-5,2266.0,2266.0,0,0,0,5000.0,5000.0,0,0,0,112.0446,91.0055,430,430,430
2007,8,15,17,0,14.144244,-14.644555,16.007011,-16.391994,14,-5,14,-5,14,-5,2266.0,2266.0,0,0,0,5000.0,5000.0,0,0,0,94.921,60.208,430,430,430
2004,6,9,0,0,14.419125,-13.167526,13.88585,-16.136793,14,-5,14,-5,14,-5,2266.0,2266.0,0,0,0,5000.0,5000.0,0,0,0,144.2221,49.6488,430,430,430
2010,7,29,14,0,10.622985,-10.605449,10.725394,-14.401324,14,-5,14,-5,14,-5,2266.0,2266.0,0,0,0,5000.0,5000.0,0,0,0,266.9082,167.2423,430,430,430
2017,7,11,18,0,13.151354,-10.603748,14.504046,-15.744,14,-5,14,-5,14,-5,2266.0,2266.0,0,0,0,5000.0,5000.0,0,0,0,235.805,56.4358,430,430,430
2015,8,22,12,0,14.342736,-14.809921,14.382541,-10.916291,14,-5,14,-5,14,-5,2266.0,2266.0,0,0,0,5000.0,5000.0,0,0,0,88.8144,221.1832,430,430,430
2006,8,3,13,0,15.330155,-17.20125,15.681251,-15.012645,14,-5,14,-5,14,-5,2266.0,2266.0,0,0,0,5000.0,5000.0,0,0,0,24.1661,91.0,430,430,430
2016,8,13,21,0,11.284417,-12.409559,10.021381,-16.668787,14,-5,14,-5,14,-5,2266.0,2266.0,0,0,0,5000.0,5000.0,0,0,0,201.8167,165.5929,430,430,430
2004,8,23,13,0,14.304126,-14.024997,10.140595,-14.010802,14,-5,14,-5,14,-5,2266.0,2266.0,0,0,0,5000.0,5000.0,0,0,0,114.6298,191.3766,430,430,430
2010,6,8,16,0,12.512155,-11.625267,16.521189,-15.899805,14,-5,14,-5,14,-5,2266.0,2266.0,0,0,0,5000.0,5000.0,0,0,0,207.0604,85.6329,430,430,430
2007,7,1,9,0,14.325707,-17.999883,16.474521,-17.635936,14,-5,14,-5,14,-5,2266.0,2266.0,0,0,0,5000.0,5000.0,0,0,0,23.6008,60.0,430,430,430
2018,8,24,19,0,12.050399,-15.155164,17.624586,-11.435984,14,-5,14,-5,14,-5,2266.0,2266.0,0,0,0,5000.0,5000.0,0,0,0,115.6028,234.7978,430,430,430
2006,6,13,2,0,16.407109,-17.879287,16.164497,-11.879625,14,-5,14,-5,14,-5,2266.0,2266.0,0,0,0,5000.0,5000.0,0,0,0,58.5491,199.1808,430,430,430
2005,7,29,1,0,13.702498,-14.847791,17.101053,-16.268381,14,-5,14,-5,14,-5,2266.0,2266.0,0,0,0,5000.0,5000.0,0,0,0,91.5478,95.3834,430,430,430
2015,6,19,7,0,14.240767,-11.014246,11.014847,-13.65237,14,-5,14,-5,14,-5,2266.0,2266.0,0,0,0,5000.0,5000.0,0,0,0,218.4491,176.1846,430,430,430
2015,6,6,6,0,16.012091,-15.869473,15.333973,-16.315962,14,-5,14,-5,14,-5,2266.0,2266.0,0,0,0,5000.0,5000.0,0,0,0,73.2462,45.6508,430,430,430
2007,6,27,15,0,12.259686,-15.227663,16.669811,-15.089167,14,-5,14,-5,14,-5,2266.0,2266.0,0,0,0,5000.0,5000.0,0,0,0,108.8531,109.4806,430,430,430
2013,8,1,2,0,10.629596,-11.151683,14.153766,-15.213681,14,-5,14,-5,14,-5,2266.0,2266.0,0,0,0,5000.0,5000.0,0,0,0,250.1999,75.1864,430,430,430
2017,8,30,8,0,16.900596,-13.41259,17.742379,-13.443677,14,-5,14,-5,14,-5,2266.0,2266.0,0,0,0,5000.0,5000.0,0,0,0,161.5333,178.0028,430,430,430
2005,7,3,14,0,13.067711,-15.539771,13.055686,-14.275368,14,-5,14,-5,14,-5,2266.0,2266.0,0,0,0,5000.0,5000.0,0,0,0,82.0366,116.8461,430,430,430
2008,8,12,10,0,12.68294,-11.880158,11.28547,-10.559558,14,-5,14,-5,14,-5,2266.0,2266.0,0,0,0,5000.0,5000.0,0,0,0,196.5121,256.7255,430,430,430
2007,8,5,8,0,11.819011,-12.386829,17.987875,-15.773629,14,-5,14,-5,14,-5,2266.0,2266.0,0,0,0,5000.0,5000.0,0,0,0,192.4214,131.3697,430,430,430
2004,6,13,17,0,16.022478,-16.481538,11.843687,-13.161467,14,-5,14,-5,14,-5,2266.0,2266.0,0,0,0,5000.0,5000.0,0,0,0,59.0339,169.8382,430,430,430
2010,6,16,14,0,12.326767,-10.3926,17.733085,-15.052399,14,-5,14,-5,14,-5,2266.0,2266.0,0,0,0,5000.0,5000.0,0,0,0,249.5135,138.2932,430,430,430
2011,8,7,6,0,13.23587,-12.262825,14.500843,-12.014966,14,-5,14,-5,14,-5,2266.0,2266.0,0,0,0,5000.0,5000.0,0,0,0,178.8435,183.0683,430,430,430
2006,8,11,14,0,11.652265,-16.175515,11.759553,-16.685539,14,-5,14,-5,14,-5,2266.0,2266.0,0,0,0,5000.0,5000.0,0,0,0,112.272,104.3935,430,430,430
2010,7,12,4,0,12.897486,-16.898753,14.694441,-10.40205,14,-5,14,-5,14,-5,2266.0,2266.0,0,0,0,5000.0,5000.0,0,0,0,64.3273,240.0083,430,430,430
2017,7,3,1,0,14.385705,-11.97352,12.815397,-13.417891,14,-5,14,-5,14,-5,2266.0,2266.0,0,0,0,5000.0,5000.0,0,0,0,185.2188,146.2395,430,430,430
2013,6,10,14,0,15.403802,-11.45909,15.086721,-12.266258,14,-5,14,-5,14,-5,2266.0,2266.0,0,0,0,5000.0,5000.0,0,0,0,206.7704,176.7258,430,430,430
2016,8,15,3,0,16.484691,-11.640776,17.122943,-16.130701,14,-5,14,-5,14,-5,2266.0,2266.0,0,0,0,5000.0,5000.0,0,0,0,210.9431,98.7927,430,430,430
2012,8,9,3,0,11.930036,-15.179074,13.635521,-12.307857,14,-5,14,-5,14,-5,2266.0,2266.0,0,0,0,5000.0,5000.0,0,0,0,119.0378,175.5249,430,430,430
2016,6,24,7,0,11.025335,-16.169282,14.675803,-17.236526,14,-5,14,-5,14,-5,2266.0,2266.0,0,0,0,5000.0,5000.0,0,0,0,133.154,7.0711,430,430,430
2004,7,20,8,0,17.272931,-12.954336,12.463061,-13.801621,14,-5,14,-5,14,-5,2266.0,2266.0,0,0,0,5000.0,5000.0,0,0,0,182.7047,140.0643,430,430,430
2016,7,8,7,0,12.317836,-13.132543,10.611283,-11.219861,14,-5,14,-5,14,-5,2266.0,2266.0,0,0,0,5000.0,5000.0,0,0,0,162.2467,248.5558,430,430,430
2007,8,1,17,0,11.868857,-17.844901,15.127471,-12.676252,14,-5,14,-5,14,-5,2266.0,2266.0,0,0,0,5000.0,5000.0,0,0,0,102.1812,162.8895,430,430,430
2018,8,4,12,0,14.754452,-14.437319,10.597523,-14.7912,14,-5,14,-5,14,-5,2266.0,2266.0,0,0,0,5000.0,5000.0,0,0,0,101.0445,164.2468,430,430,430
2004,8,2,14,0,16.820262,-15.978965,12.498658,-14.288787,14,-5,14,-5,14,-5,2266.0,2266.0,0,0,0,5000.0,5000.0,0,0,0,92.0054,126.4002,430,430,430
2007,7,24,17,0,12.278101,-15.557665,12.900101,-14.007393,14,-5,14,-5,14,-5,2266.0,2266.0,0,0,0,5000.0,5000.0,0,0,0,101.5135,127.1417,430,430,430
2008,8,7,12,0,13.983439,-13.234266,11.776077,-16.117191,14,-5,14,-5,14,-5,2266.0,2266.0,0,0,0,5000.0,5000.0,0,0,0,142.0422,108.5035,430,430,430
2014,7,11,15,0,14.687441,-16.709516,13.743341,-17.083587,14,-5,14,-5,14,-5,2266.0,2266.0,0,0,0,5000.0,5000.0,0,0,0,25.02,34.2053,430,430,430
2012,8,11,15,0,13.330926,-10.460939,10.200734,-10.514254,14,-5,14,-5,14,-5,2266.0,2266.0,0,0,0,5000.0,5000.0,0,0,0,239.4598,276.8267,430,430,430
2010,6,1,5,0,16.505651,-16.923234,13.272873,-12.352933,14,-5,14,-5,14,-5,2266.0,2266.0,0,0,0,5000.0,5000.0,0,0,0,66.4831,175.6844,430,430,430
2005,6,11,19,0,14.56643,-11.000704,12.165033,-17.223835,14,-5,14,-5,14,-5,2266.0,2266.0,0,0,0,5000.0,5000.0,0,0,0,219.0091,89.0,430,430,430
2010,6,15,6,0,15.217928,-17.958375,11.206923,-14.610593,14,-5,14,-5,14,-5,2266.0,2266.0,0,0,0,5000.0,5000.0,0,0,0,22.6716,149.8433,430,430,430
2009,6,5,0,0,13.566563,-17.356312,10.411602,-14.197293,14,-5,14,-5,14,-5,2266.0,2266.0,0,0,0,5000.0,5000.0,0,0,0,40.0,179.7248,430,430,430
2015,7,22,21,0,14.233222,-14.058466,11.978935,-14.40818,14,-5,14,-5,14,-5,2266.0,2266.0,0,0,0,5000.0,5000.0,0,0,0,113.9912,134.3503,430,430,430
2006,6,24,16,0,12.663146,-16.716231,12.769902,-16.167879,14,-5,14,-5,14,-5,2266.0,2266.0,0,0,0,5000.0,5000.0,0,0,0,73.4983,76.5376,430,430,430
2010,7,11,0,0,11.733033,-14.350951,13.613919,-17.363181,14,-5,14,-5,14,-5,2266.0,2266.0,0,0,0,5000.0,5000.0,0,0,0,141.485,38.0,430,430,430
2016,8,19,11,0,16.520096,-10.92089,15.068388,-15.788682,14,-5,14,-5,14,-5,2266.0,2266.0,0,0,0,5000.0,5000.0,0,0,0,235.1616,58.4637,430,430,430
2010,6,19,4,0,17.85386,-13.905396,13.874452,-10.571583,14,-5,14,-5,14,-5,2266.0,2266.0,0,0,0,5000.0,5000.0,0,0,0,168.772,233.4524,430,430,430
2016,6,16,6,0,12.695155,-10.603817,14.73252,-11.982329,14,-5,14,-5,14,-5,2266.0,2266.0,0,0,0,5000.0,5000.0,0,0,0,238.6001,185.0432,430,430,430
2012,6,29,15,0,13.500024,-15.251071,12.037391,-17.899396,14,-5,14,-5,14,-5,2266.0,2266.0,0,0,0,5000.0,5000.0,0,0,0,81.1234,96.7729,430,430,430
2004,8,24,14,0,17.544011,-16.811444,15.714672,-12.513194,14,-5,14,-5,14,-5,2266.0,2266.0,0,0,0,5000.0,5000.0,0,0,0,101.8332,173.0029,430,430,430
2013,6,12,22,0,15.189093,-15.696038,14.729252,-13.881969,14,-5,14,-5,14,-5,2266.0,2266.0,0,0,0,5000.0,5000.0,0,0,0,62.3618,120.0375,430,430,430
2018,6,20,21,0,13.603438,-11.455014,11.114225,-11.185162,14,-5,14,-5,14,-5,2266.0,2266.0,0,0,0,5000.0,5000.0,0,0,0,204.1984,240.4413,430,430,430
2008,8,8,15,0,13.604943,-17.706982,17.462097,-15.560909,14,-5,14,-5,14,-5,2266.0,2266.0,0,0,0,5000.0,5000.0,0,0,0,39.8497,119.2015,430,430,430
2015,8,20,19,0,17.670449,-10.378771,16.088563,-10.517415,14,-5,14,-5,14,-5,2266.0,2266.0,0,0,0,5000.0,5000.0,0,0,0,268.3915,244.3809,430,430,430
2017,6,25,6,0,17.891082,-16.883609,17.096257,-17.054475,14,-5,14,-5,14,-5,2266.0,2266.0,0,0,0,5000.0,5000.0,0,0,0,113.0531,84.6463,430,430,430
2014,6,22,15,0,12.208318,-17.944333,11.323116,-14.389983,14,-5,14,-5,14,-5,2266.0,2266.0,0,0,0,5000.0,5000.0,0,0,0,91.214,151.4893,430,430,430
2012,6,19,12,0,16.792224,-12.822603,10.326067,-12.472401,14,-5,14,-5,14,-5,2266.0,2266.0,0,0,0,5000.0,5000.0,0,0,0,178.1011,220.6581,430,430,430
2009,7,26,7,0,15.953345,-15.241473,12.537642,-15.813823,14,-5,14,-5,14,-5,2266.0,2266.0,0,0,0,5000.0,5000.0,0,0,0,89.5545,89.5879,430,430,430
2006,8,3,3,0,13.069078,-15.256445,13.062686,-13.80041,14,-5,14,-5,14,-5,2266.0,2266.0,0,0,0,5000.0,5000.0,0,0,0,89.4986,131.5181,430,430,430
2009,6,3,9,0,16.026345,-16.302827,10.50722,-16.39761,14,-5,14,-5,14,-5,2266.0,2266.0,0,0,0,5000.0,5000.0,0,0,0,62.2896,148.9463,430,430,430
2016,8,26,8,0,16.084372,-16.411486,14.897811,-14.649667,14,-5,14,-5,14,-5,2266.0,2266.0,0,0,0,5000.0,5000.0,0,0,0,61.8466,94.3398,430,430,430
2004,6,9,13,0,17.159988,-17.864832,10.164973,-10.718003,14,-5,14,-5,14,-5,2266.0,2266.0,0,0,0,5000.0,5000.0,0,0,0,84.1487,271.6708,430,430,430
2009,8,2,9,0,16.363183,-12.738022,12.529311,-11.432432,14,-5,14,-5,14,-5,2266.0,2266.0,0,0,0,5000.0,5000.0,0,0,0,173.3494,213.251,430,430,430
2010,6,2,6,0,11.417881,-12.482578,13.377754,-13.869461,14,-5,14,-5,14,-5,2266.0,2266.0,0,0,0,5000.0,5000.0,0,0,0,196.6977,125.3555,430,430,430
2004,7,23,14,0,17.436514,-17.546362,10.251581,-10.263232,14,-5,14,-5,14,-5,2266.0,2266.0,0,0,0,5000.0,5000.0,0,0,0,93.2631,283.1855,430,430,430
2006,8,14,6,0,13.212574,-14.077473,17.437568,-12.69228,14,-5,14,-5,14,-5,2266.0,2266.0,0,0,0,5000.0,5000.0,0,0,0,121.2477,193.4942,430,430,430
2010,7,18,15,0,11.423141,-10.416373,16.532605,-11.655791,14,-5,14,-5,14,-5,2266.0,2266.0,0,0,0,5000.0,5000.0,0,0,0,259.8557,211.2487,430,430,430
2012,6,10,18,0,10.174824,-15.425153,10.029599,-16.841989,14,-5,14,-5,14,-5,2266.0,2266.0,0,0,0,5000.0,5000.0,0,0,0,168.9083,165.1938,430,430,430
2012,6,23,13,0,16.984933,-14.161154,10.136208,-11.681361,14,-5,14,-5,14,-5,2266.0,2266.0,0,0,0,5000.0,5000.0,0,0,0,141.7357,245.4588,430,430,430
2006,6,8,13,0,12.722756,-17.936397,15.969532,-11.284436,14,-5,14,-5,14,-5,2266.0,2266.0,0,0,0,5000.0,5000.0,0,0,0,73.3757,216.9332,430,430,430
2015,7,17,4,0,16.33546,-17.227103,12.121183,-14.434181,14,-5,14,-5,14,-5,2266.0,2266.0,0,0,0,5000.0,5000.0,0,0,0,57.4891,130.8625,430,430,430
2010,6,20,10,0,16.283039,-13.359639,10.487925,-12.493297,14,-5,14,-5,14,-5,2266.0,2266.0,0,0,0,5000.0,5000.0,0,0,0,152.6434,215.8634,430,430,430
2017,6,5,3,0,10.829314,-15.780561,10.451516,-10.257164,14,-5,14,-5,14,-5,2266.0,2266.0,0,0,0,5000.0,5000.0,0,0,0,143.5688,280.2642,430,430,430
2014,6,29,12,0,14.99781,-14.175255,11.171713,-17.093624,14,-5,14,-5,14,-5,2266.0,2266.0,0,0,0,5000.0,5000.0,0,0,0,111.5437,124.0161,430,430,430
2013,8,20,16,0,14.828296,-16.634097,11.605081,-16.891473,14,-5,14,-5,14,-5,2266.0,2266.0,0,0,0,5000.0,5000.0,0,0,0,28.2843,109.4578,430,430,430
2017,7,18,9,0,17.521924,-12.377848,14.264971,-13.561128,14,-5,14,-5,14,-5,2266.0,2266.0,0,0,0,5000.0,5000.0,0,0,0,204.5532,130.7517,430,430,430
2006,7,7,8,0,14.898756,-11.938563,13.432865,-16.450683,14,-5,14,-5,14,-5,2266.0,2266.0,0,0,0,5000.0,5000.0,0,0,0,187.2165,53.2541,430,430,430
2005,6,19,7,0,12.243085,-16.104404,17.359734,-11.397437,14,-5,14,-5,14,-5,2266.0,2266.0,0,0,0,5000.0,5000.0,0,0,0,93.1075,230.9913,430,430,430
2006,8,28,19,0,12.355809,-15.743806,13.852536,-10.666752,14,-5,14,-5,14,-5,2266.0,2266.0,0,0,0,5000.0,5000.0,0,0,0,96.566,230.5862,430,430,430
2016,8,12,22,0,17.631871,-15.464333,11.824759,-13.670327,14,-5,14,-5,14,-5,2266.0,2266.0,0,0,0,5000.0,5000.0,0,0,0,126.4002,156.9745,430,430,430
2012,7,20,21,0,17.008887,-17.811193,13.123584,-13.199916,14,-5,14,-5,14,-5,2266.0,2266.0,0,0,0,5000.0,5000.0,0,0,0,79.1012,150.0533,430,430,430
2015,7,30,5,0,15.578325,-13.146932,13.408497,-15.552522,14,-5,14,-5,14,-5,2266.0,2266.0,0,0,0,5000.0,5000.0,0,0,0,150.4427,75.0,430,430,430
2011,7,28,18,0,17.645389,-17.705646,11.940681,-13.06839,14,-5,14,-5,14,-5,2266.0,2266.0,0,0,0,5000.0,5000.0,0,0,0,100.02,170.8479,430,430,430
2005,7,23,10,0,14.17279,-12.931273,12.834463,-15.005917,14,-5,14,-5,14,-5,2266.0,2266.0,0,0,0,5000.0,5000.0,0,0,0,151.8453,100.7671,430,430,430
2011,7,25,2,0,11.82846,-10.162144,11.028298,-14.475493,14,-5,14,-5,14,-5,2266.0,2266.0,0,0,0,5000.0,5000.0,0,0,0,262.3928,157.0509,430,430,430
2012,6,19,0,0,15.477334,-13.65978,13.585781,-10.883506,14,-5,14,-5,14,-5,2266.0,2266.0,0,0,0,5000.0,5000.0,0,0,0,132.9812,224.0759,430,430,430
2009,7,20,16,0,16.334561,-11.729271,12.914714,-14.594987,14,-5,14,-5,14,-5,2266.0,2266.0,0,0,0,5000.0,5000.0,0,0,0,206.6035,109.5536,430,430,430
2005,6,11,0,0,10.126565,-16.044477,13.767103,-15.029864,14,-5,14,-5,14,-5,2266.0,2266.0,0,0,0,5000.0,5000.0,0,0,0,164.9758,85.235,430,430,430
2015,6,30,21,0,16.176441,-17.524977,16.735356,-15.47934,14,-5,14,-5,14,-5,2266.0,2266.0,0,0,0,5000.0,5000.0,0,0,0,50.0899,101.1187,430,430,430
2006,7,14,11,0,17.129996,-13.229741,16.320933,-13.083166,14,-5,14,-5,14,-5,2266.0,2266.0,0,0,0,5000.0,5000.0,0,0,0,171.5401,161.756,430,430,430
2013,6,26,12,0,17.774674,-11.897685,14.588936,-14.911612,14,-5,14,-5,14,-5,2266.0,2266.0,0,0,0,5000.0,5000.0,0,0,0,223.7856,85.0529,430,430,430
2010,8,29,4,0,16.954903,-17.687869,10.830026,-13.549473,14,-5,14,-5,14,-5,2266.0,2266.0,0,0,0,5000.0,5000.0,0,0,0,77.0,182.6308,430,430,430
2011,7,6,14,0,11.764536,-15.351188,12.563014,-14.803057,14,-5,14,-5,14,-5,2266.0,2266.0,0,0,0,5000.0,5000.0,0,0,0,120.7394,111.198,430,430,430
2017,7,7,7,0,12.938906,-10.41631,12.061208,-11.633232,14,-5,14,-5,14,-5,2266.0,2266.0,0,0,0,5000.0,5000.0,0,0,0,243.2632,212.4735,430,430,430
2015,6,1,9,0,16.180268,-15.512755,10.64798,-13.026551,14,-5,14,-5,14,-5,2266.0,2266.0,0,0,0,5000.0,5000.0,0,0,0,86.4002,199.4041,430,430,430
2017,6,8,9,0,17.2381,-15.710576,11.684364,-14.161483,14,-5,14,-5,14,-5,2266.0,2266.0,0,0,0,5000.0,5000.0,0,0,0,110.0,147.085,430,430,430
2015,8,18,4,0,13.211717,-17.890258,14.291367,-16.889485,14,-5,14,-5,14,-5,2266.0,2266.0,0,0,0,5000.0,5000.0,0,0,0,56.3028,22.6716,430,430,430
2008,7,1,15,0,14.076616,-15.771505,13.166524,-15.266105,14,-5,14,-5,14,-5,2266.0,2266.0,0,0,0,5000.0,5000.0,0,0,0,57.9396,87.0057,430,430,430
2006,7,19,7,0,11.554608,-10.991056,12.173029,-16.886514,14,-5,14,-5,14,-5,2266.0,2266.0,0,0,0,5000.0,5000.0,0,0,0,239.2697,89.8053,430,430,430
2010,8,10,16,0,11.13948,-16.62815,17.636288,-15.64384,14,-5,14,-5,14,-5,2266.0,2266.0,0,0,0,5000.0,5000.0,0,0,0,126.2894,122.8861,430,430,430
2005,6,5,7,0,12.553629,-13.409276,12.760528,-16.969734,14,-5,14,-5,14,-5,2266.0,2266.0,0,0,0,5000.0,5000.0,0,0,0,149.9667,68.7314,430,430,430
2005,7,23,7,0,14.068228,-12.32178,10.608858,-17.356495,14,-5,14,-5,14,-5,2266.0,2266.0,0,0,0,5000.0,5000.0,0,0,0,173.1589,144.2221,430,430,430
2005,7,7,18,0,12.422412,-10.453416,13.192331,-17.28366,14,-5,14,-5,14,-5,2266.0,2266.0,0,0,0,5000.0,5000.0,0,0,0,246.6577,53.0094,430,430,430
2014,7,20,14,0,10.940084,-12.848062,17.979393,-10.858573,14,-5,14,-5,14,-5,2266.0,2266.0,0,0,0,5000.0,5000.0,0,0,0,196.901,258.0426,430,430,430
2018,8,1,22,0,14.652782,-13.823758,10.71301,-14.143295,14,-5,14,-5,14,-5,2266.0,2266.0,0,0,0,5000.0,5000.0,0,0,0,122.0,172.4094,430,430,430
2015,6,14,16,0,17.69354,-10.623297,16.686344,-14.28593,14,-5,14,-5,14,-5,2266.0,2266.0,0,0,0,5000.0,5000.0,0,0,0,261.4517,132.0757,430,430,430
2015,7,8,2,0,11.285924,-14.063701,16.195218,-12.576352,14,-5,14,-5,14,-5,2266.0,2266.0,0,0,0,5000.0,5000.0,0,0,0,159.3644,176.4653,430,430,430
2016,6,29,7,0,10.123699,-17.342849,14.305699,-15.167425,14,-5,14,-5,14,-5,2266.0,2266.0,0,0,0,5000.0,5000.0,0,0,0,161.2514,76.1183,430,430,430
2010,8,13,4,0,11.126583,-12.863092,16.949478,-10.676627,14,-5,14,-5,14,-5,2266.0,2266.0,0,0,0,5000.0,5000.0,0,0,0,192.3148,248.5679,430,430,430
2009,6,11,13,0,15.637134,-13.362948,17.452073,-12.524468,14,-5,14,-5,14,-5,2266.0,2266.0,0,0,0,5000.0,5000.0,0,0,0,144.0694,199.2109,430,430,430
2013,7,9,18,0,16.564646,-10.993851,13.566576,-14.59387,14,-5,14,-5,14,-5,2266.0,2266.0,0,0,0,5000.0,5000.0,0,0,0,232.8476,100.8464,430,430,430
2016,6,24,20,0,14.144762,-10.286674,11.461193,-10.841673,14,-5,14,-5,14,-5,2266.0,2266.0,0,0,0,5000.0,5000.0,0,0,0,243.5939,245.9776,430,430,430
2006,8,25,2,0,16.585816,-14.860917,10.530932,-15.709015,14,-5,14,-5,14,-5,2266.0,2266.0,0,0,0,5000.0,5000.0,0,0,0,113.2254,154.6383,430,430,430
2014,6,16,12,0,16.33481,-15.965544,14.435483,-14.545813,14,-5,14,-5,14,-5,2266.0,2266.0,0,0,0,5000.0,5000.0,0,0,0,79.2086,97.3293,430,430,430
2017,7,30,17,0,16.272053,-17.654228,14.112446,-10.58252,14,-5,14,-5,14,-5,2266.0,2266.0,0,0,0,5000.0,5000.0,0,0,0,54.0093,232.6972,430,430,430
2016,7,20,6,0,17.668394,-12.902198,16.483402,-16.399283,14,-5,14,-5,14,-5,2266.0,2266.0,0,0,0,5000.0,5000.0,0,0,0,191.669,74.3303,430,430,430
2007,8,2,10,0,17.352661,-14.173584,15.087295,-14.65141,14,-5,14,-5,14,-5,2266.0,2266.0,0,0,0,5000.0,5000.0,0,0,0,149.6262,96.026,430,430,430
2013,6,17,0,0,11.996212,-15.86185,14.968395,-16.799166,14,-5,14,-5,14,-5,2266.0,2266.0,0,0,0,5000.0,5000.0,0,0,0,105.5509,24.6982,430,430,430
2016,8,6,21,0,13.128112,-12.748835,17.564867,-14.030134,14,-5,14,-5,14,-5,2266.0,2266.0,0,0,0,5000.0,5000.0,0,0,0,163.8109,158.5213,430,430,430
2007,7,2,14,0,16.660097,-10.231453,11.86337,-12.592243,14,-5,14,-5,14,-5,2266.0,2266.0,0,0,0,5000.0,5000.0,0,0,0,259.6151,185.9247,430,430,430
2012,8,20,11,0,11.119777,-15.496575,16.194033,-10.591508,14,-5,14,-5,14,-5,2266.0,2266.0,0,0,0,5000.0,5000.0,0,0,0,136.9708,242.0992,430,430,430
2009,7,14,3,0,10.457405,-11.880998,16.551868,-11.659053,14,-5,14,-5,14,-5,2266.0,2266.0,0,0,0,5000.0,5000.0,0,0,0,233.0322,211.5585,430,430,430
2012,8,2,21,0,13.934394,-11.273243,16.382304,-12.409929,14,-5,14,-5,14,-5,2266.0,2266.0,0,0,0,5000.0,5000.0,0,0,0,209.497,184.0543,430,430,430
2005,7,21,11,0,10.081712,-13.67991,12.101932,-15.6162,14,-5,14,-5,14,-5,2266.0,2266.0,0,0,0,5000.0,5000.0,0,0,0,199.8324,105.8159,430,430,430
2004,8,25,9,0,10.475234,-17.236621,16.229312,-12.165675,14,-5,14,-5,14,-5,2266.0,2266.0,0,0,0,5000.0,5000.0,0,0,0,149.0537,190.1289,430,430,430
2015,6,15,16,0,10.69668,-15.201187,12.926019,-13.167298,14,-5,14,-5,14,-5,2266.0,2266.0,0,0,0,5000.0,5000.0,0,0,0,154.3535,152.7121,430,430,430
2007,7,25,5,0,10.598242,-13.498585,15.711562,-15.433141,14,-5,14,-5,14,-5,2266.0,2266.0,0,0,0,5000.0,5000.0,0,0,0,189.2749,78.2624,430,430,430
2004,7,30,11,0,15.466025,-16.370285,10.835031,-14.193423,14,-5,14,-5,14,-5,2266.0,2266.0,0,0,0,5000.0,5000.0,0,0,0,46.6154,168.003,430,430,430
2017,8,4,15,0,11.486198,-17.884864,15.803832,-12.735788,14,-5,14,-5,14,-5,2266.0,2266.0,0,0,0,5000.0,5000.0,0,0,0,115.5206,166.8652,430,430,430
2007,6,13,12,0,13.662186,-13.696512,10.291116,-14.406115,14,-5,14,-5,14,-5,2266.0,2266.0,0,0,0,5000.0,5000.0,0,0,0,128.8449,179.3878,430,430,430
2018,8,25,10,0,12.458032,-13.682267,12.918013,-15.260826,14,-5,14,-5,14,-5,2266.0,2266.0,0,0,0,5000.0,5000.0,0,0,0,143.4225,92.7631,430,430,430
2017,7,15,12,0,15.090704,-11.31819,11.294261,-15.514607,14,-5,14,-5,14,-5,2266.0,2266.0,0,0,0,5000.0,5000.0,0,0,0,209.6115,131.5181,430,430,430
2013,7,3,0,0,15.606127,-10.79559,11.083229,-10.191153,14,-5,14,-5,14,-5,2266.0,2266.0,0,0,0,5000.0,5000.0,0,0,0,230.5211,271.4885,430,430,430
2016,7,22,11,0,17.360548,-15.969887,14.821465,-12.286416,14,-5,14,-5,14,-5,2266.0,2266.0,0,0,0,5000.0,5000.0,0,0,0,108.7566,175.1028,430,430,430
2009,7,21,4,0,10.631606,-16.030908,16.525926,-11.349244,14,-5,14,-5,14,-5,2266.0,2266.0,0,0,0,5000.0,5000.0,0,0,0,147.7092,221.0814,430,430,430
2013,6,22,18,0,12.964869,-12.794977,14.989386,-11.827823,14,-5,14,-5,14,-5,2266.0,2266.0,0,0,0,5000.0,5000.0,0,0,0,163.9817,191.4419,430,430,430
2018,7,3,16,0,14.052937,-15.702077,11.095773,-15.621145,14,-5,14,-5,14,-5,2266.0,2266.0,0,0,0,5000.0,5000.0,0,0,0,61.0983,136.3085,430,430,430
2017,7,28,11,0,10.979992,-15.959111,14.114862,-14.021475,14,-5,14,-5,14,-5,2266.0,2266.0,0,0,0,5000.0,5000.0,0,0,0,136.0147,115.5725,430,430,430
2008,7,20,8,0,10.70147,-12.710118,12.508322,-10.715861,14,-5,14,-5,14,-5,2266.0,2266.0,0,0,0,5000.0,5000.0,0,0,0,205.9733,237.1708,430,430,430
2009,8,9,19,0,17.477931,-14.376628,13.032101,-13.20626,14,-5,14,-5,14,-5,2266.0,2266.0,0,0,0,5000.0,5000.0,0,0,0,147.411,149.8566,430,430,430
2005,6,24,15,0,16.015795,-10.724927,14.966996,-15.568443,14,-5,14,-5,14,-5,2266.0,2266.0,0,0,0,5000.0,5000.0,0,0,0,236.9135,64.7765,430,430,430
2004,6,27,1,0,16.603894,-17.330467,12.518208,-12.013467,14,-5,14,-5,14,-5,2266.0,2266.0,0,0,0,5000.0,5000.0,0,0,0,65.9242,194.0773,430,430,430
2004,7,3,11,0,17.870355,-15.888125,15.901335,-16.309054,14,-5,14,-5,14,-5,2266.0,2266.0,0,0,0,5000.0,5000.0,0,0,0,125.3994,59.397,430,430,430
2012,8,9,3,0,14.48123,-13.289258,10.804141,-15.868156,14,-5,14,-5,14,-5,2266.0,2266.0,0,0,0,5000.0,5000.0,0,0,0,140.1285,143.5897,430,430,430
2009,8,22,5,0,16.089721,-17.313811,13.727316,-13.78805,14,-5,14,-5,14,-5,2266.0,2266.0,0,0,0,5000.0,5000.0,0,0,0,48.8365,125.4193,430,430,430
2015,6,15,11,0,10.515728,-12.918518,14.612754,-17.224945,14,-5,14,-5,14,-5,2266.0,2266.0,0,0,0,5000.0,5000.0,0,0,0,205.0658,7.6158,430,430,430
2007,7,22,14,0,14.146673,-10.019238,10.868198,-14.473874,14,-5,14,-5,14,-5,2266.0,2266.0,0,0,0,5000.0,5000.0,0,0,0,252.5074,161.9784,430,430,430
2017,7,9,5,0,13.138706,-13.245777,16.954559,-16.984543,14,-5,14,-5,14,-5,2266.0,2266.0,0,0,0,5000.0,5000.0,0,0,0,147.8276,80.3617,430,430,430
2018,8,26,8,0,15.165578,-10.74748,12.160602,-11.263376,14,-5,14,-5,14,-5,2266.0,2266.0,0,0,0,5000.0,5000.0,0,0,0,229.7869,222.6971,430,430,430
2017,6,13,15,0,16.692787,-11.103217,15.268191,-14.346482,14,-5,14,-5,14,-5,2266.0,2266.0,0,0,0,5000.0,5000.0,0,0,0,231.1731,108.0602,430,430,430
2007,7,14,11,0,11.782388,-12.728289,11.210093,-14.553439,14,-5,14,-5,14,-5,2266.0,2266.0,0,0,0,5000.0,5000.0,0,0,0,182.7813,151.0132,430,430,430
2015,6,23,2,0,10.263731,-14.905487,16.072115,-16.046173,14,-5,14,-5,14,-5,2266.0,2266.0,0,0,0,5000.0,5000.0,0,0,0,173.0925,70.0357,430,430,430
2014,7,18,7,0,16.557408,-10.968905,11.508495,-15.626329,14,-5,14,-5,14,-5,2266.0,2266.0,0,0,0,5000.0,5000.0,0,0,0,233.8055,123.9072,430,430,430
2016,7,2,19,0,15.979766,-17.878627,16.966881,-14.6154,14,-5,14,-5,14,-5,2266.0,2266.0,0,0,0,5000.0,5000.0,0,0,0,45.1221,129.0155,430,430,430
2007,6,29,0,0,12.576324,-11.765711,10.17327,-17.608602,14,-5,14,-5,14,-5,2266.0,2266.0,0,0,0,5000.0,5000.0,0,0,0,201.6755,161.0093,430,430,430
2004,8,10,4,0,11.420113,-10.438642,10.561794,-13.53108,14,-5,14,-5,14,-5,2266.0,2266.0,0,0,0,5000.0,5000.0,0,0,0,258.9556,190.1421,430,430,430
2012,8,29,19,0,13.420561,-12.519079,15.636785,-12.578843,14,-5,14,-5,14,-5,2266.0,2266.0,0,0,0,5000.0,5000.0,0,0,0,169.5435,170.4259,430,430,430
2010,6,16,14,0,16.352874,-16.172251,15.861063,-14.955445,14,-5,14,-5,14,-5,2266.0,2266.0,0,0,0,5000.0,5000.0,0,0,0,74.5185,96.1769,430,430,430
2010,6,3,13,0,10.005774,-13.844569,14.508545,-16.165185,14,-5,14,-5,14,-5,2266.0,2266.0,0,0,0,5000.0,5000.0,0,0,0,198.8618,42.4264,430,430,430
2015,7,25,22,0,11.951066,-17.855745,14.812063,-16.06093,14,-5,14,-5,14,-5,2266.0,2266.0,0,0,0,5000.0,5000.0,0,0,0,99.4636,47.1699,430,430,430
2012,7,23,13,0,17.519693,-13.269484,16.4228,-10.784962,14,-5,14,-5,14,-5,2266.0,2266.0,0,0,0,5000.0,5000.0,0,0,0,178.891,238.21,430,430,430
2008,8,29,10,0,10.64013,-16.166767,14.814691,-12.662771,14,-5,14,-5,14,-5,2266.0,2266.0,0,0,0,5000.0,5000.0,0,0,0,146.5367,162.1111,430,430,430
2007,8,30,18,0,13.985096,-15.813017,15.049889,-10.63136,14,-5,14,-5,14,-5,2266.0,2266.0,0,0,0,5000.0,5000.0,0,0,0,58.6003,233.4823,430,430,430
2006,6,14,15,0,14.243042,-15.631521,16.430332,-10.85167,14,-5,14,-5,14,-5,2266.0,2266.0,0,0,0,5000.0,5000.0,0,0,0,62.0967,236.2795,430,430,430
2018,8,19,8,0,10.516519,-10.719674,12.705216,-11.420029,14,-5,14,-5,14,-5,2266.0,2266.0,0,0,0,5000.0,5000.0,0,0,0,264.8717,212.191,430,430,430
2009,6,6,19,0,17.956907,-10.052767,17.913699,-10.198818,14,-5,14,-5,14,-5,2266.0,2266.0,0,0,0,5000.0,5000.0,0,0,0,283.3831,278.0018,430,430,430
2014,6,12,22,0,10.143516,-14.465162,14.611726,-13.868121,14,-5,14,-5,14,-5,2266.0,2266.0,0,0,0,5000.0,5000.0,0,0,0,183.5756,120.0042,430,430,430
2015,6,18,13,0,13.088041,-16.105185,11.897241,-14.723351,14,-5,14,-5,14,-5,2266.0,2266.0,0,0,0,5000.0,5000.0,0,0,0,68.8186,129.0736,430,430,430
2011,8,25,17,0,12.497152,-11.780967,15.177722,-13.240375,14,-5,14,-5,14,-5,2266.0,2266.0,0,0,0,5000.0,5000.0,0,0,0,201.4795,144.1284,430,430,430
2017,8,8,2,0,14.488778,-12.115372,14.360925,-13.693123,14,-5,14,-5,14,-5,2266.0,2266.0,0,0,0,5000.0,5000.0,0,0,0,180.0694,126.4792,430,430,430
2014,8,18,0,0,10.725528,-11.189534,15.916001,-15.645918,14,-5,14,-5,14,-5,2266.0,2266.0,0,0,0,5000.0,5000.0,0,0,0,247.1214,76.5506,430,430,430
2009,6,24,12,0,11.532593,-17.858219,11.873589,-11.236438,14,-5,14,-5,14,-5,2266.0,2266.0,0,0,0,5000.0,5000.0,0,0,0,113.3578,226.7907,430,430,430
2014,8,27,21,0,13.253513,-10.301926,11.722691,-10.965262,14,-5,14,-5,14,-5,2266.0,2266.0,0,0,0,5000.0,5000.0,0,0,0,245.7336,238.3988,430,430,430
2009,7,14,17,0,15.955642,-12.950637,14.634586,-15.579078,14,-5,14,-5,14,-5,2266.0,2266.0,0,0,0,5000.0,5000.0,0,0,0,161.4001,62.0322,430,430,430
2004,8,17,9,0,11.903187,-16.403069,10.138271,-14.662245,14,-5,14,-5,14,-5,2266.0,2266.0,0,0,0,5000.0,5000.0,0,0,0,101.6514,180.2471,430,430,430
2016,8,3,20,0,10.347528,-13.873791,15.414186,-15.705525,14,-5,14,-5,14,-5,2266.0,2266.0,0,0,0,5000.0,5000.0,0,0,0,188.2153,65.9242,430,430,430
2005,7,19,9,0,12.489342,-12.819026,16.210038,-10.032982,14,-5,14,-5,14,-5,2266.0,2266.0,0,0,0,5000.0,5000.0,0,0,0,169.0473,261.8416,430,430,430
2011,7,5,3,0,15.380871,-15.818042,10.863637,-14.35791,14,-5,14,-5,14,-5,2266.0,2266.0,0,0,0,5000.0,5000.0,0,0,0,61.8466,164.2589,430,430,430
2006,8,30,9,0,14.915845,-12.686534,15.77164,-12.119455,14,-5,14,-5,14,-5,2266.0,2266.0,0,0,0,5000.0,5000.0,0,0,0,161.2514,187.1096,430,430,430
2007,6,23,8,0,17.466137,-16.533168,12.580804,-17.966609,14,-5,14,-5,14,-5,2266.0,2266.0,0,0,0,5000.0,5000.0,0,0,0,103.0776,78.4474,430,430,430
2007,8,30,21,0,14.712197,-12.768057,10.037311,-15.251322,14,-5,14,-5,14,-5,2266.0,2266.0,0,0,0,5000.0,5000.0,0,0,0,158.0285,175.3283,430,430,430
2016,7,18,4,0,14.821646,-12.621734,16.828476,-12.299756,14,-5,14,-5,14,-5,2266.0,2266.0,0,0,0,5000.0,5000.0,0,0,0,163.1104,194.0773,430,430,430
2013,7,2,1,0,16.450465,-13.074936,11.2841,-12.899797,14,-5,14,-5,14,-5,2266.0,2266.0,0,0,0,5000.0,5000.0,0,0,0,164.1585,188.3534,430,430,430
2015,6,10,0,0,13.164792,-12.848866,17.116765,-14.855139,14,-5,14,-5,14,-5,2266.0,2266.0,0,0,0,5000.0,5000.0,0,0,0,160.6487,126.0635,430,430,430
2014,8,2,9,0,14.190715,-17.664422,14.950562,-12.451386,14,-5,14,-5,14,-5,2266.0,2266.0,0,0,0,5000.0,5000.0,0,0,0,20.1246,170.2939,430,430,430
2008,6,1,3,0,14.844006,-10.45219,14.963038,-15.433897,14,-5,14,-5,14,-5,2266.0,2266.0,0,0,0,5000.0,5000.0,0,0,0,238.1029,68.7314,430,430,430
2017,7,8,10,0,14.614467,-15.908204,12.881189,-14.180052,14,-5,14,-5,14,-5,2266.0,2266.0,0,0,0,5000.0,5000.0,0,0,0,51.0392,122.45,430,430,430
2015,8,2,8,0,11.765692,-15.052124,14.522058,-10.472526,14,-5,14,-5,14,-5,2266.0,2266.0,0,0,0,5000.0,5000.0,0,0,0,125.4313,237.0338,430,430,430
2015,7,29,1,0,13.137339,-12.538415,14.893398,-17.338719,14,-5,14,-5,14,-5,2266.0,2266.0,0,0,0,5000.0,5000.0,0,0,0,170.4494,8.0623,430,430,430
2005,7,14,17,0,14.867166,-11.816024,10.689111,-13.864371,14,-5,14,-5,14,-5,2266.0,2266.0,0,0,0,5000.0,5000.0,0,0,0,191.1675,179.2875,430,430,430
2014,8,16,2,0,13.911719,-12.789152,14.586633,-16.622456,14,-5,14,-5,14,-5,2266.0,2266.0,0,0,0,5000.0,5000.0,0,0,0,158.1518,27.2947,430,430,430
2016,8,27,22,0,11.864647,-15.676547,15.343149,-11.820387,14,-5,14,-5,14,-5,2266.0,2266.0,0,0,0,5000.0,5000.0,0,0,0,111.8258,193.6208,430,430,430
2013,7,19,3,0,16.230159,-12.951988,11.347292,-13.722895,14,-5,14,-5,14,-5,2266.0,2266.0,0,0,0,5000.0,5000.0,0,0,0,165.4116,166.1716,430,430,430
2007,7,7,8,0,13.787443,-10.05357,12.245312,-15.296448,14,-5,14,-5,14,-5,2266.0,2266.0,0,0,0,5000.0,5000.0,0,0,0,251.6764,108.4066,430,430,430
2009,6,17,16,0,10.755708,-10.423658,16.860512,-11.068778,14,-5,14,-5,14,-5,2266.0,2266.0,0,0,0,5000.0,5000.0,0,0,0,269.4309,234.0299,430,430,430
2013,6,19,1,0,13.481023,-10.028116,13.1566,-10.056459,14,-5,14,-5,14,-5,2266.0,2266.0,0,0,0,5000.0,5000.0,0,0,0,254.1673,254.1692,430,430,430
2011,8,16,1,0,14.914237,-12.262232,12.113701,-15.824453,14,-5,14,-5,14,-5,2266.0,2266.0,0,0,0,5000.0,5000.0,0,0,0,176.23,101.5332,430,430,430
2004,7,9,22,0,13.730258,-10.257617,13.800778,-10.677924,14,-5,14,-5,14,-5,2266.0,2266.0,0,0,0,5000.0,5000.0,0,0,0,244.9694,229.8369,430,430,430
2012,7,1,13,0,16.993498,-16.168916,16.465293,-17.79613,14,-5,14,-5,14,-5,2266.0,2266.0,0,0,0,5000.0,5000.0,0,0,0,93.4933,60.208,430,430,430
2014,8,4,8,0,16.994197,-10.196412,10.724556,-10.543864,14,-5,14,-5,14,-5,2266.0,2266.0,0,0,0,5000.0,5000.0,0,0,0,265.0057,265.9944,430,430,430
2008,7,12,7,0,10.547678,-14.816428,11.457271,-17.588746,14,-5,14,-5,14,-5,2266.0,2266.0,0,0,0,5000.0,5000.0,0,0,0,165.5295,114.8564,430,430,430
2018,6,21,13,0,16.519976,-12.572678,11.483548,-16.623876,14,-5,14,-5,14,-5,2266.0,2266.0,0,0,0,5000.0,5000.0,0,0,0,181.069,114.5862,430,430,430
2008,7,9,1,0,11.628158,-15.645418,10.692706,-17.309018,14,-5,14,-5,14,-5,2266.0,2266.0,0,0,0,5000.0,5000.0,0,0,0,119.8666,141.1276,430,430,430
2009,8,11,9,0,16.869331,-12.832084,13.445452,-14.417936,14,-5,14,-5,14,-5,2266.0,2266.0,0,0,0,5000.0,5000.0,0,0,0,178.4657,107.9352,430,430,430
2007,7,10,21,0,10.705828,-16.973561,14.675349,-14.833134,14,-5,14,-5,14,-5,2266.0,2266.0,0,0,0,5000.0,5000.0,0,0,0,141.0886,88.0,430,430,430
2008,7,19,12,0,16.970009,-12.713971,16.467207,-15.482334,14,-5,14,-5,14,-5,2266.0,2266.0,0,0,0,5000.0,5000.0,0,0,0,184.2715,94.2603,430,430,430
2007,8,18,18,0,10.323832,-17.913191,11.921068,-11.157144,14,-5,14,-5,14,-5,2266.0,2266.0,0,0,0,5000.0,5000.0,0,0,0,157.5087,229.0851,430,430,430
2013,7,30,11,0,14.3785,-14.936653,10.980852,-16.716939,14,-5,14,-5,14,-5,2266.0,2266.0,0,0,0,5000.0,5000.0,0,0,0,83.7257,131.746,430,430,430
2008,8,16,7,0,15.439471,-17.259058,17.751216,-17.909058,14,-5,14,-5,14,-5,2266.0,2266.0,0,0,0,5000.0,5000.0,0,0,0,26.5707,104.0769,430,430,430
2012,8,15,15,0,17.246825,-13.247373,16.458423,-12.293788,14,-5,14,-5,14,-5,2266.0,2266.0,0,0,0,5000.0,5000.0,0,0,0,173.5569,189.763,430,430,430
2006,6,4,1,0,15.777585,-10.298124,11.51148,-11.45487,14,-5,14,-5,14,-5,2266.0,2266.0,0,0,0,5000.0,5000.0,0,0,0,249.2308,225.6302,430,430,430
2005,6,18,10,0,16.127912,-10.853252,15.673793,-17.536256,14,-5,14,-5,14,-5,2266.0,2266.0,0,0,0,5000.0,5000.0,0,0,0,232.8798,33.0,430,430,430
2018,7,28,13,0,12.597915,-10.820549,15.35803,-13.04277,14,-5,14,-5,14,-5,2266.0,2266.0,0,0,0,5000.0,5000.0,0,0,0,232.125,151.9079,430,430,430
2011,8,20,1,0,15.721659,-11.060211,12.040099,-16.859359,14,-5,14,-5,14,-5,2266.0,2266.0,0,0,0,5000.0,5000.0,0,0,0,222.2724,93.771,430,430,430
2013,8,11,10,0,16.26072,-15.101927,17.048259,-10.65426,14,-5,14,-5,14,-5,2266.0,2266.0,0,0,0,5000.0,5000.0,0,0,0,99.5691,250.5035,430,430,430
2011,6,3,3,0,17.264407,-10.66436,10.537705,-15.488599,14,-5,14,-5,14,-5,2266.0,2266.0,0,0,0,5000.0,5000.0,0,0,0,252.9368,156.016,430,430,430
2009,6,30,20,0,11.180896,-10.747978,14.617623,-17.011413,14,-5,14,-5,14,-5,2266.0,2266.0,0,0,0,5000.0,5000.0,0,0,0,252.4381,14.3178,430,430,430
2011,6,21,3,0,10.25703,-17.328383,15.057166,-12.439441,14,-5,14,-5,14,-5,2266.0,2266.0,0,0,0,5000.0,5000.0,0,0,0,157.2037,170.6605,430,430,430
2004,6,12,0,0,12.865851,-12.760814,11.394755,-12.956533,14,-5,14,-5,14,-5,2266.0,2266.0,0,0,0,5000.0,5000.0,0,0,0,166.012,184.2851,430,430,430
2018,7,11,15,0,16.140657,-12.478782,16.410393,-16.624455,14,-5,14,-5,14,-5,2266.0,2266.0,0,0,0,5000.0,5000.0,0,0,0,179.6886,67.6018,430,430,430
2009,7,4,22,0,14.029627,-10.408157,17.551788,-16.938262,14,-5,14,-5,14,-5,2266.0,2266.0,0,0,0,5000.0,5000.0,0,0,0,238.9247,101.6514,430,430,430
2007,7,25,22,0,16.131802,-15.40509,15.542716,-15.418605,14,-5,14,-5,14,-5,2266.0,2266.0,0,0,0,5000.0,5000.0,0,0,0,88.4816,76.1577,430,430,430
2006,6,24,20,0,11.2074,-12.975909,17.449854,-15.388652,14,-5,14,-5,14,-5,2266.0,2266.0,0,0,0,5000.0,5000.0,0,0,0,187.3233,122.9187,430,430,430
2004,6,15,15,0,16.450108,-17.147284,15.811777,-13.989635,14,-5,14,-5,14,-5,2266.0,2266.0,0,0,0,5000.0,5000.0,0,0,0,62.0967,125.5428,430,430,430
2016,8,5,5,0,17.69147,-12.692818,15.736104,-10.918956,14,-5,14,-5,14,-5,2266.0,2266.0,0,0,0,5000.0,5000.0,0,0,0,198.1136,227.3697,430,430,430
2018,8,16,9,0,16.9557,-17.076223,13.738252,-13.718557,14,-5,14,-5,14,-5,2266.0,2266.0,0,0,0,5000.0,5000.0,0,0,0,79.555,127.0945,430,430,430
2007,6,8,17,0,11.159458,-11.458117,15.340053,-12.450187,14,-5,14,-5,14,-5,2266.0,2266.0,0,0,0,5000.0,5000.0,0,0,0,231.3979,171.6858,430,430,430
2014,6,7,3,0,14.302053,-13.805756,16.683467,-16.54835,14,-5,14,-5,14,-5,2266.0,2266.0,0,0,0,5000.0,5000.0,0,0,0,122.6907,77.4145,430,430,430
2007,7,30,17,0,12.712348,-15.248039,10.15655,-12.252108,14,-5,14,-5,14,-5,2266.0,2266.0,0,0,0,5000.0,5000.0,0,0,0,96.8762,230.5862,430,430,430
2009,8,17,2,0,11.520933,-13.694082,16.116101,-11.055865,14,-5,14,-5,14,-5,2266.0,2266.0,0,0,0,5000.0,5000.0,0,0,0,162.0525,226.0619,430,430,430
2016,8,20,6,0,11.366249,-10.721804,15.585486,-15.203461,14,-5,14,-5,14,-5,2266.0,2266.0,0,0,0,5000.0,5000.0,0,0,0,250.9064,83.9345,430,430,430
2017,8,6,13,0,15.983313,-15.188292,14.41841,-15.555267,14,-5,14,-5,14,-5,2266.0,2266.0,0,0,0,5000.0,5000.0,0,0,0,90.9175,63.6396,430,430,430
2017,6,25,15,0,12.521095,-10.772093,10.664069,-10.361294,14,-5,14,-5,14,-5,2266.0,2266.0,0,0,0,5000.0,5000.0,0,0,0,234.9574,272.683,430,430,430
2010,6,5,22,0,13.189613,-14.389532,16.609967,-16.08343,14,-5,14,-5,14,-5,2266.0,2266.0,0,0,0,5000.0,5000.0,0,0,0,111.8258,84.0238,430,430,430
2009,7,14,17,0,17.986301,-17.621697,13.179031,-10.570337,14,-5,14,-5,14,-5,2266.0,2266.0,0,0,0,5000.0,5000.0,0,0,0,112.1606,236.3493,430,430,430
2011,6,16,21,0,14.868733,-14.706514,14.131201,-10.358321,14,-5,14,-5,14,-5,2266.0,2266.0,0,0,0,5000.0,5000.0,0,0,0,92.2659,240.6013,430,430,430
2009,7,17,15,0,17.001019,-13.858142,11.15971,-17.241716,14,-5,14,-5,14,-5,2266.0,2266.0,0,0,0,5000.0,5000.0,0,0,0,150.632,125.036,430,430,430
2016,7,23,10,0,10.075462,-10.913567,12.103531,-14.637817,14,-5,14,-5,14,-5,2266.0,2266.0,0,0,0,5000.0,5000.0,0,0,0,267.8003,125.873,430,430,430
2006,6,21,6,0,14.788032,-14.456956,11.504929,-14.741207,14,-5,14,-5,14,-5,2266.0,2266.0,0,0,0,5000.0,5000.0,0,0,0,101.0792,139.4023,430,430,430
2004,6,20,21,0,10.5801,-17.196016,11.947027,-10.519444,14,-5,14,-5,14,-5,2266.0,2266.0,0,0,0,5000.0,5000.0,0,0,0,145.031,249.3933,430,430,430
2018,6,15,20,0,13.668316,-10.452123,12.022436,-16.354627,14,-5,14,-5,14,-5,2266.0,2266.0,0,0,0,5000.0,5000.0,0,0,0,238.296,97.4166,430,430,430
2015,8,8,18,0,12.400705,-15.176904,14.817588,-14.174336,14,-5,14,-5,14,-5,2266.0,2266.0,0,0,0,5000.0,5000.0,0,0,0,106.3015,110.1136,430,430,430
2011,8,23,11,0,10.613884,-13.4487,13.200945,-15.528817,14,-5,14,-5,14,-5,2266.0,2266.0,0,0,0,5000.0,5000.0,0,0,0,190.5912,79.3977,430,430,430
2017,8,5,10,0,17.42724,-16.120179,17.214951,-11.248732,14,-5,14,-5,14,-5,2266.0,2266.0,0,0,0,5000.0,5000.0,0,0,0,107.912,233.6172,430,430,430
2018,6,1,17,0,15.02361,-11.135408,13.692805,-12.470177,14,-5,14,-5,14,-5,2266.0,2266.0,0,0,0,5000.0,5000.0,0,0,0,215.4553,169.2483,430,430,430
2012,6,8,12,0,10.142678,-11.870709,14.208921,-17.763379,14,-5,14,-5,14,-5,2266.0,2266.0,0,0,0,5000.0,5000.0,0,0,0,240.1687,21.6333,430,430,430
2015,7,15,19,0,12.412489,-10.501561,10.583487,-10.560942,14,-5,14,-5,14,-5,2266.0,2266.0,0,0,0,5000.0,5000.0,0,0,0,244.7611,269.1338,430,430,430
2013,8,9,6,0,12.596022,-10.606803,11.796836,-10.636828,14,-5,14,-5,14,-5,2266.0,2266.0,0,0,0,5000.0,5000.0,0,0,0,239.754,247.1356,430,430,430
2016,7,24,19,0,10.893155,-13.074828,17.012541,-11.561277,14,-5,14,-5,14,-5,2266.0,2266.0,0,0,0,5000.0,5000.0,0,0,0,192.3798,220.7918,430,430,430
2016,8,27,4,0,17.809199,-13.020033,11.393194,-14.49475,14,-5,14,-5,14,-5,2266.0,2266.0,0,0,0,5000.0,5000.0,0,0,0,191.9505,146.6492,430,430,430
2016,6,27,10,0,13.891474,-14.801713,11.920848,-10.975571,14,-5,14,-5,14,-5,2266.0,2266.0,0,0,0,5000.0,5000.0,0,0,0,91.0934,235.4591,430,430,430
2005,8,25,15,0,14.271284,-10.597827,11.409696,-12.114812,14,-5,14,-5,14,-5,2266.0,2266.0,0,0,0,5000.0,5000.0,0,0,0,232.3101,208.0192,430,430,430
2004,6,26,2,0,10.513226,-10.65346,12.461685,-15.322093,14,-5,14,-5,14,-5,2266.0,2266.0,0,0,0,5000.0,5000.0,0,0,0,267.3799,101.5332,430,430,430
2008,7,6,17,0,10.332434,-16.411509,12.710515,-11.148687,14,-5,14,-5,14,-5,2266.0,2266.0,0,0,0,5000.0,5000.0,0,0,0,155.7081,220.7351,430,430,430
2018,7,24,7,0,17.026378,-10.300007,11.231164,-14.850865,14,-5,14,-5,14,-5,2266.0,2266.0,0,0,0,5000.0,5000.0,0,0,0,261.5206,144.5061,430,430,430
2004,6,13,20,0,10.387024,-10.689095,12.464105,-12.012,14,-5,14,-5,14,-5,2266.0,2266.0,0,0,0,5000.0,5000.0,0,0,0,267.9254,194.8589,430,430,430
2007,8,1,14,0,15.43682,-16.71892,16.744452,-12.831259,14,-5,14,-5,14,-5,2266.0,2266.0,0,0,0,5000.0,5000.0,0,0,0,36.7967,176.7767,430,430,430
2005,7,6,4,0,14.68857,-17.725239,11.861065,-15.516651,14,-5,14,-5,14,-5,2266.0,2266.0,0,0,0,5000.0,5000.0,0,0,0,9.0554,114.2366,430,430,430
2015,7,4,0,0,15.937164,-11.088847,15.58137,-13.942935,14,-5,14,-5,14,-5,2266.0,2266.0,0,0,0,5000.0,5000.0,0,0,0,223.5755,124.1934,430,430,430
2011,7,4,6,0,17.627862,-12.046591,13.043823,-10.024605,14,-5,14,-5,14,-5,2266.0,2266.0,0,0,0,5000.0,5000.0,0,0,0,216.1227,256.1952,430,430,430
2017,8,30,16,0,14.651671,-13.545843,17.806447,-11.173088,14,-5,14,-5,14,-5,2266.0,2266.0,0,0,0,5000.0,5000.0,0,0,0,131.0,245.9675,430,430,430
2006,7,25,15,0,11.075916,-15.04652,10.374818,-14.653668,14,-5,14,-5,14,-5,2266.0,2266.0,0,0,0,5000.0,5000.0,0,0,0,145.9897,173.6663,430,430,430
2009,7,12,21,0,11.071108,-16.440644,12.787302,-16.480031,14,-5,14,-5,14,-5,2266.0,2266.0,0,0,0,5000.0,5000.0,0,0,0,130.2306,72.2357,430,430,430
2004,6,21,14,0,10.232177,-13.579098,17.475551,-10.789642,14,-5,14,-5,14,-5,2266.0,2266.0,0,0,0,5000.0,5000.0,0,0,0,197.4259,252.7706,430,430,430
2014,6,14,5,0,13.91041,-14.336681,12.347416,-12.007727,14,-5,14,-5,14,-5,2266.0,2266.0,0,0,0,5000.0,5000.0,0,0,0,106.48,196.4739,430,430,430
2012,8,22,1,0,13.872122,-10.350203,17.248069,-17.239052,14,-5,14,-5,14,-5,2266.0,2266.0,0,0,0,5000.0,5000.0,0,0,0,241.4042,88.459,430,430,430
2013,6,20,13,0,15.351968,-11.586583,15.071847,-10.93499,14,-5,14,-5,14,-5,2266.0,2266.0,0,0,0,5000.0,5000.0,0,0,0,201.5564,222.5758,430,430,430
2011,6,25,22,0,14.924586,-17.645251,15.966935,-10.85665,14,-5,14,-5,14,-5,2266.0,2266.0,0,0,0,5000.0,5000.0,0,0,0,9.2195,231.6139,430,430,430
2012,8,30,12,0,12.601755,-12.570528,17.087033,-10.870533,14,-5,14,-5,14,-5,2266.0,2266.0,0,0,0,5000.0,5000.0,0,0,0,175.4537,244.2662,430,430,430
2012,8,13,9,0,14.42631,-15.413113,11.614401,-13.453652,14,-5,14,-5,14,-5,2266.0,2266.0,0,0,0,5000.0,5000.0,0,0,0,67.6018,166.8323,430,430,430
2017,8,5,10,0,13.611094,-17.877846,10.144408,-10.01123,14,-5,14,-5,14,-5,2266.0,2266.0,0,0,0,5000.0,5000.0,0,0,0,42.5441,292.3696,430,430,430
2012,7,24,19,0,13.635288,-10.798847,16.518497,-17.143852,14,-5,14,-5,14,-5,2266.0,2266.0,0,0,0,5000.0,5000.0,0,0,0,226.7179,65.0,430,430,430
2018,7,1,0,0,17.376223,-14.650238,14.495117,-15.615621,14,-5,14,-5,14,-5,2266.0,2266.0,0,0,0,5000.0,5000.0,0,0,0,138.0326,61.4003,430,430,430
2017,7,9,7,0,10.847051,-13.423874,16.646047,-14.04916,14,-5,14,-5,14,-5,2266.0,2266.0,0,0,0,5000.0,5000.0,0,0,0,184.6212,137.9275,430,430,430
2013,6,13,8,0,15.459777,-13.72775,13.322464,-15.976532,14,-5,14,-5,14,-5,2266.0,2266.0,0,0,0,5000.0,5000.0,0,0,0,130.05,65.0692,430,430,430
2013,7,12,19,0,12.278618,-16.680984,11.488575,-16.186926,14,-5,14,-5,14,-5,2266.0,2266.0,0,0,0,5000.0,5000.0,0,0,0,87.0976,118.0042,430,430,430
2005,7,4,7,0,10.281245,-15.859904,11.661982,-12.790358,14,-5,14,-5,14,-5,2266.0,2266.0,0,0,0,5000.0,5000.0,0,0,0,160.5895,183.9185,430,430,430
2017,6,16,20,0,10.766352,-11.272267,14.732754,-17.272868,14,-5,14,-5,14,-5,2266.0,2266.0,0,0,0,5000.0,5000.0,0,0,0,244.0758,6.0828,430,430,430
2004,8,10,12,0,14.051457,-12.430926,10.456296,-14.764709,14,-5,14,-5,14,-5,2266.0,2266.0,0,0,0,5000.0,5000.0,0,0,0,169.1863,169.1183,430,430,430
2011,8,13,0,0,10.373859,-11.08854,13.096883,-15.454084,14,-5,14,-5,14,-5,2266.0,2266.0,0,0,0,5000.0,5000.0,0,0,0,257.0311,83.5464,430,430,430
2005,7,14,21,0,17.426137,-15.783372,16.243663,-12.257067,14,-5,14,-5,14,-5,2266.0,2266.0,0,0,0,5000.0,5000.0,0,0,0,113.719,187.2592,430,430,430
2007,8,16,9,0,16.125595,-11.618702,14.038073,-16.005856,14,-5,14,-5,14,-5,2266.0,2266.0,0,0,0,5000.0,5000.0,0,0,0,207.3692,50.9902,430,430,430
2014,7,28,6,0,14.557264,-12.099407,15.83266,-17.555761,14,-5,14,-5,14,-5,2266.0,2266.0,0,0,0,5000.0,5000.0,0,0,0,181.0249,39.0,430,430,430
2015,7,30,12,0,14.495228,-13.171139,11.607232,-12.47921,14,-5,14,-5,14,-5,2266.0,2266.0,0,0,0,5000.0,5000.0,0,0,0,144.1249,193.3132,430,430,430
2007,7,28,13,0,16.053279,-11.834318,16.458162,-12.431481,14,-5,14,-5,14,-5,2266.0,2266.0,0,0,0,5000.0,5000.0,0,0,0,199.1231,185.054,430,430,430
2010,8,17,9,0,10.094491,-13.256114,15.980771,-16.239594,14,-5,14,-5,14,-5,2266.0,2266.0,0,0,0,5000.0,5000.0,0,0,0,208.1946,62.9365,430,430,430
2007,8,25,2,0,10.167433,-17.046825,16.971384,-13.89527,14,-5,14,-5,14,-5,2266.0,2266.0,0,0,0,5000.0,5000.0,0,0,0,160.0031,149.2515,430,430,430
2018,6,20,19,0,14.329917,-16.369528,14.657584,-17.933817,14,-5,14,-5,14,-5,2266.0,2266.0,0,0,0,5000.0,5000.0,0,0,0,37.3363,16.1245,430,430,430
2011,6,3,0,0,12.549708,-10.42853,16.883358,-16.852788,14,-5,14,-5,14,-5,2266.0,2266.0,0,0,0,5000.0,5000.0,0,0,0,246.0772,79.712,430,430,430
2012,7,12,22,0,14.362852,-16.657921,13.838516,-13.632538,14,-5,14,-5,14,-5,2266.0,2266.0,0,0,0,5000.0,5000.0,0,0,0,27.7308,129.2942,430,430,430
2016,8,8,17,0,16.949999,-16.215462,12.273304,-10.469451,14,-5,14,-5,14,-5,2266.0,2266.0,0,0,0,5000.0,5000.0,0,0,0,91.586,247.0081,430,430,430
2008,7,6,5,0,12.939166,-17.603895,12.978686,-10.721791,14,-5,14,-5,14,-5,2266.0,2266.0,0,0,0,5000.0,5000.0,0,0,0,62.8013,233.3238,430,430,430
2004,6,16,14,0,13.681774,-10.689038,10.500322,-10.020928,14,-5,14,-5,14,-5,2266.0,2266.0,0,0,0,5000.0,5000.0,0,0,0,230.3758,286.0629,430,430,430
2008,7,18,2,0,12.64881,-12.365229,11.644847,-11.552052,14,-5,14,-5,14,-5,2266.0,2266.0,0,0,0,5000.0,5000.0,0,0,0,181.0773,221.0701,430,430,430
2014,7,24,12,0,11.577275,-17.197836,14.638892,-11.977227,14,-5,14,-5,14,-5,2266.0,2266.0,0,0,0,5000.0,5000.0,0,0,0,110.0,185.0,430,430,430
2012,6,27,6,0,11.193572,-10.737614,15.336294,-17.492441,14,-5,14,-5,14,-5,2266.0,2266.0,0,0,0,5000.0,5000.0,0,0,0,252.8339,21.0238,430,430,430
2006,7,11,10,0,15.552802,-14.569957,14.69909,-17.365622,14,-5,14,-5,14,-5,2266.0,2266.0,0,0,0,5000.0,5000.0,0,0,0,103.4456,3.1623,430,430,430
2018,8,3,1,0,15.617892,-11.585362,10.12821,-16.174083,14,-5,14,-5,14,-5,2266.0,2266.0,0,0,0,5000.0,5000.0,0,0,0,203.8553,163.9573,430,430,430
2016,6,21,8,0,16.94133,-15.000826,11.243165,-13.528015,14,-5,14,-5,14,-5,2266.0,2266.0,0,0,0,5000.0,5000.0,0,0,0,118.3427,172.5572,430,430,430
2005,8,22,10,0,17.952387,-17.587547,15.52024,-15.473556,14,-5,14,-5,14,-5,2266.0,2266.0,0,0,0,5000.0,5000.0,0,0,0,111.2205,74.8465,430,430,430
2017,6,7,16,0,13.155513,-15.352043,15.518448,-10.04321,14,-5,14,-5,14,-5,2266.0,2266.0,0,0,0,5000.0,5000.0,0,0,0,85.276,255.8847,430,430,430
2006,6,1,22,0,14.500714,-12.149516,12.372972,-10.875812,14,-5,14,-5,14,-5,2266.0,2266.0,0,0,0,5000.0,5000.0,0,0,0,179.0698,232.8132,430,430,430
2009,8,24,6,0,10.034064,-15.516377,13.722859,-12.213016,14,-5,14,-5,14,-5,2266.0,2266.0,0,0,0,5000.0,5000.0,0,0,0,172.3514,177.9017,430,430,430
2005,7,17,19,0,12.169697,-12.428387,13.441294,-14.118918,14,-5,14,-5,14,-5,2266.0,2266.0,0,0,0,5000.0,5000.0,0,0,0,185.6475,117.1751,430,430,430
2008,7,10,9,0,12.879194,-11.451297,15.223153,-11.66466,14,-5,14,-5,14,-5,2266.0,2266.0,0,0,0,5000.0,5000.0,0,0,0,209.3896,198.1161,430,430,430
2011,7,21,19,0,15.242806,-13.14838,17.404711,-11.735977,14,-5,14,-5,14,-5,2266.0,2266.0,0,0,0,5000.0,5000.0,0,0,0,147.3635,221.8468,430,430,430
2011,6,2,19,0,17.317047,-11.333225,14.199057,-12.179616,14,-5,14,-5,14,-5,2266.0,2266.0,0,0,0,5000.0,5000.0,0,0,0,233.3345,177.6345,430,430,430
2017,8,15,1,0,12.822482,-13.62167,11.259591,-12.742004,14,-5,14,-5,14,-5,2266.0,2266.0,0,0,0,5000.0,5000.0,0,0,0,140.0036,193.6595,430,430,430
2005,8,6,0,0,17.47714,-12.522163,16.567961,-14.363786,14,-5,14,-5,14,-5,2266.0,2266.0,0,0,0,5000.0,5000.0,0,0,0,199.2109,126.9094,430,430,430
2008,6,7,22,0,15.650303,-12.600518,15.586413,-11.438242,14,-5,14,-5,14,-5,2266.0,2266.0,0,0,0,5000.0,5000.0,0,0,0,169.6496,208.6265,430,430,430
2009,6,24,16,0,17.492656,-16.084715,15.586661,-14.904559,14,-5,14,-5,14,-5,2266.0,2266.0,0,0,0,5000.0,5000.0,0,0,0,110.6391,93.3006,430,430,430
2017,7,22,3,0,11.062454,-17.125408,14.350783,-12.199908,14,-5,14,-5,14,-5,2266.0,2266.0,0,0,0,5000.0,5000.0,0,0,0,128.0039,177.2823,430,430,430
2007,7,12,20,0,11.59328,-14.418813,16.022696,-10.669156,14,-5,14,-5,14,-5,2266.0,2266.0,0,0,0,5000.0,5000.0,0,0,0,143.1782,237.8928,430,430,430
2017,6,4,17,0,15.774032,-13.447268,11.151192,-17.556557,14,-5,14,-5,14,-5,2266.0,2266.0,0,0,0,5000.0,5000.0,0,0,0,143.405,125.7816,430,430,430
2008,6,20,12,0,12.675731,-16.214441,15.89966,-12.186315,14,-5,14,-5,14,-5,2266.0,2266.0,0,0,0,5000.0,5000.0,0,0,0,79.6053,186.0376,430,430,430
2005,8,4,6,0,13.817679,-10.588394,15.917792,-17.505463,14,-5,14,-5,14,-5,2266.0,2266.0,0,0,0,5000.0,5000.0,0,0,0,233.6835,42.0476,430,430,430
2005,6,15,1,0,13.582026,-16.520871,16.217478,-17.007063,14,-5,14,-5,14,-5,2266.0,2266.0,0,0,0,5000.0,5000.0,0,0,0,48.0104,55.7136,430,430,430
2018,6,23,19,0,14.319805,-12.958702,15.158536,-12.065491,14,-5,14,-5,14,-5,2266.0,2266.0,0,0,0,5000.0,5000.0,0,0,0,151.4761,183.8831,430,430,430
2009,7,5,1,0,10.322177,-12.248434,12.821726,-17.498389,14,-5,14,-5,14,-5,2266.0,2266.0,0,0,0,5000.0,5000.0,0,0,0,226.4906,66.3702,430,430,430
2009,7,17,11,0,11.983718,-13.106121,13.771272,-15.885116,14,-5,14,-5,14,-5,2266.0,2266.0,0,0,0,5000.0,5000.0,0,0,0,168.6298,59.3633,430,430,430
2011,7,15,19,0,15.615395,-17.402334,11.686055,-10.731778,14,-5,14,-5,14,-5,2266.0,2266.0,0,0,0,5000.0,5000.0,0,0,0,31.4006,246.0589,430,430,430
2017,7,19,20,0,15.145561,-12.197851,16.083069,-11.364081,14,-5,14,-5,14,-5,2266.0,2266.0,0,0,0,5000.0,5000.0,0,0,0,179.8055,215.8703,430,430,430
2010,6,14,13,0,10.615371,-12.537699,13.92526,-13.405974,14,-5,14,-5,14,-5,2266.0,2266.0,0,0,0,5000.0,5000.0,0,0,0,212.4335,136.4991,430,430,430
2017,7,21,15,0,15.158346,-10.537866,10.373442,-16.105652,14,-5,14,-5,14,-5,2266.0,2266.0,0,0,0,5000.0,5000.0,0,0,0,236.6854,155.7562,430,430,430
2004,8,29,11,0,14.956348,-10.419513,14.934618,-17.183927,14,-5,14,-5,14,-5,2266.0,2266.0,0,0,0,5000.0,5000.0,0,0,0,240.252,12.8062,430,430,430
2013,7,6,16,0,17.832438,-11.031399,14.765342,-14.434107,14,-5,14,-5,14,-5,2266.0,2266.0,0,0,0,5000.0,5000.0,0,0,0,250.8904,101.0445,430,430,430
2012,8,1,21,0,14.837998,-11.790837,10.077843,-12.85288,14,-5,14,-5,14,-5,2266.0,2266.0,0,0,0,5000.0,5000.0,0,0,0,192.1276,218.0826,430,430,430
2014,8,6,22,0,17.106027,-12.653958,11.404162,-15.551679,14,-5,14,-5,14,-5,2266.0,2266.0,0,0,0,5000.0,5000.0,0,0,0,188.279,127.4755,430,430,430
2010,7,25,3,0,13.601295,-14.334016,15.024425,-13.597941,14,-5,14,-5,14,-5,2266.0,2266.0,0,0,0,5000.0,5000.0,0,0,0,108.5035,131.6435,430,430,430
2015,7,14,21,0,15.481423,-14.281108,11.089059,-17.503371,14,-5,14,-5,14,-5,2266.0,2266.0,0,0,0,5000.0,5000.0,0,0,0,112.5389,127.5657,430,430,430
2015,6,1,21,0,15.469253,-14.732245,16.896713,-17.913555,14,-5,14,-5,14,-5,2266.0,2266.0,0,0,0,5000.0,5000.0,0,0,0,97.1236,75.326,430,430,430
2005,6,24,14,0,12.738994,-17.651795,17.226638,-11.011214,14,-5,14,-5,14,-5,2266.0,2266.0,0,0,0,5000.0,5000.0,0,0,0,70.214,241.4042,430,430,430
2012,6,21,20,0,14.860716,-14.053914,17.607237,-17.601242,14,-5,14,-5,14,-5,2266.0,2266.0,0,0,0,5000.0,5000.0,0,0,0,115.2128,99.1262,430,430,430
2010,6,23,22,0,17.41021,-10.117807,13.16095,-10.033492,14,-5,14,-5,14,-5,2266.0,2266.0,0,0,0,5000.0,5000.0,0,0,0,272.472,255.149,430,430,430
2012,7,4,18,0,11.261945,-11.490297,15.072888,-14.848901,14,-5,14,-5,14,-5,2266.0,2266.0,0,0,0,5000.0,5000.0,0,0,0,228.4426,89.1067,430,430,430
2011,6,12,7,0,17.811259,-14.773096,16.916483,-14.819432,14,-5,14,-5,14,-5,2266.0,2266.0,0,0,0,5000.0,5000.0,0,0,0,146.5094,122.2865,430,430,430
2005,7,14,19,0,12.734447,-17.380335,12.522784,-17.777633,14,-5,14,-5,14,-5,2266.0,2266.0,0,0,0,5000.0,5000.0,0,0,0,69.1158,78.8543,430,430,430
2010,7,12,7,0,14.640182,-15.928888,17.018071,-16.890016,14,-5,14,-5,14,-5,2266.0,2266.0,0,0,0,5000.0,5000.0,0,0,0,51.0392,83.1685,430,430,430
2011,7,13,18,0,10.009361,-11.483827,17.805978,-12.075903,14,-5,14,-5,14,-5,2266.0,2266.0,0,0,0,5000.0,5000.0,0,0,0,254.0315,219.0457,430,430,430
2011,7,6,9,0,17.883083,-16.016981,10.493106,-12.622743,14,-5,14,-5,14,-5,2266.0,2266.0,0,0,0,5000.0,5000.0,0,0,0,124.3543,212.8967,430,430,430
2012,8,4,3,0,17.193849,-12.264851,11.68716,-13.613203,14,-5,14,-5,14,-5,2266.0,2266.0,0,0,0,5000.0,5000.0,0,0,0,202.1584,160.9627,430,430,430
2010,7,20,2,0,17.317248,-12.410795,12.185862,-14.688358,14,-5,14,-5,14,-5,2266.0,2266.0,0,0,0,5000.0,5000.0,0,0,0,199.4818,122.3315,430,430,430
2007,8,2,7,0,12.668358,-17.639649,15.101326,-16.373078,14,-5,14,-5,14,-5,2266.0,2266.0,0,0,0,5000.0,5000.0,0,0,0,72.9932,39.5601,430,430,430
2005,7,17,5,0,10.615993,-12.280243,10.85823,-16.711783,14,-5,14,-5,14,-5,2266.0,2266.0,0,0,0,5000.0,5000.0,0,0,0,219.2099,135.724,430,430,430
2009,6,10,0,0,10.965223,-17.1146,10.103576,-16.919066,14,-5,14,-5,14,-5,2266.0,2266.0,0,0,0,5000.0,5000.0,0,0,0,132.0038,162.0771,430,430,430
2018,6,24,6,0,13.830612,-17.132126,14.639385,-17.652286,14,-5,14,-5,14,-5,2266.0,2266.0,0,0,0,5000.0,5000.0,0,0,0,32.0156,7.2801,430,430,430
2017,8,8,7,0,14.265838,-12.342252,14.121251,-15.393296,14,-5,14,-5,14,-5,2266.0,2266.0,0,0,0,5000.0,5000.0,0,0,0,172.4906,69.6419,430,430,430
2013,6,9,18,0,10.107254,-11.380024,15.470215,-16.489542,14,-5,14,-5,14,-5,2266.0,2266.0,0,0,0,5000.0,5000.0,0,0,0,254.5663,43.4166,430,430,430
2018,6,3,15,0,17.865696,-10.588303,14.942913,-11.208395,14,-5,14,-5,14,-5,2266.0,2266.0,0,0,0,5000.0,5000.0,0,0,0,264.8471,212.2852,430,430,430
2006,6,7,3,0,11.025851,-10.479131,14.716637,-13.04821,14,-5,14,-5,14,-5,2266.0,2266.0,0,0,0,5000.0,5000.0,0,0,0,263.6096,149.0134,430,430,430
2009,8,26,8,0,13.319906,-13.273072,12.760773,-13.501912,14,-5,14,-5,14,-5,2266.0,2266.0,0,0,0,5000.0,5000.0,0,0,0,145.7841,144.4749,430,430,430
2005,6,3,22,0,10.150166,-11.36655,13.72417,-12.275051,14,-5,14,-5,14,-5,2266.0,2266.0,0,0,0,5000.0,5000.0,0,0,0,253.314,175.9346,430,430,430
2005,7,1,13,0,11.912223,-14.021594,16.670933,-12.33053,14,-5,14,-5,14,-5,2266.0,2266.0,0,0,0,5000.0,5000.0,0,0,0,145.9109,191.2694,430,430,430
2018,8,15,10,0,12.26127,-13.161857,11.286847,-14.890255,14,-5,14,-5,14,-5,2266.0,2266.0,0,0,0,5000.0,5000.0,0,0,0,162.41,141.7392,430,430,430
2009,8,27,16,0,11.342539,-15.080513,13.754235,-15.660969,14,-5,14,-5,14,-5,2266.0,2266.0,0,0,0,5000.0,5000.0,0,0,0,136.8576,65.3682,430,430,430
2014,7,24,3,0,11.011396,-12.787992,12.859472,-17.991854,14,-5,14,-5,14,-5,2266.0,2266.0,0,0,0,5000.0,5000.0,0,0,0,197.1903,69.2892,430,430,430
2014,6,28,3,0,15.465799,-17.573572,16.957489,-10.576971,14,-5,14,-5,14,-5,2266.0,2266.0,0,0,0,5000.0,5000.0,0,0,0,26.0192,251.406,430,430,430
2018,7,4,7,0,17.528792,-11.412276,17.21451,-11.666629,14,-5,14,-5,14,-5,2266.0,2266.0,0,0,0,5000.0,5000.0,0,0,0,233.4973,220.7374,430,430,430
2004,7,13,7,0,17.307233,-15.895594,15.927451,-10.580157,14,-5,14,-5,14,-5,2266.0,2266.0,0,0,0,5000.0,5000.0,0,0,0,108.1665,240.252,430,430,430
2004,8,2,22,0,13.347839,-12.259753,13.082683,-16.122778,14,-5,14,-5,14,-5,2266.0,2266.0,0,0,0,5000.0,5000.0,0,0,0,179.0112,68.8186,430,430,430
2006,6,3,11,0,13.828724,-15.5278,14.580845,-17.072387,14,-5,14,-5,14,-5,2266.0,2266.0,0,0,0,5000.0,5000.0,0,0,0,68.8767,12.6491,430,430,430
2014,7,15,21,0,17.305966,-13.552661,10.605752,-15.8735,14,-5,14,-5,14,-5,2266.0,2266.0,0,0,0,5000.0,5000.0,0,0,0,165.3028,149.0403,430,430,430
2011,6,26,7,0,16.073534,-10.922433,16.331247,-12.159582,14,-5,14,-5,14,-5,2266.0,2266.0,0,0,0,5000.0,5000.0,0,0,0,230.4886,191.9714,430,430,430
2004,6,11,21,0,10.547693,-10.800822,17.378779,-15.061125,14,-5,14,-5,14,-5,2266.0,2266.0,0,0,0,5000.0,5000.0,0,0,0,262.1011,128.0352,430,430,430
2014,6,1,7,0,17.845788,-15.381989,17.073391,-12.00009,14,-5,14,-5,14,-5,2266.0,2266.0,0,0,0,5000.0,5000.0,0,0,0,134.618,207.7402,430,430,430
2008,7,19,15,0,11.6357,-15.257006,15.724147,-10.022165,14,-5,14,-5,14,-5,2266.0,2266.0,0,0,0,5000.0,5000.0,0,0,0,125.7179,257.8158,430,430,430
2012,7,15,15,0,13.295447,-16.817798,17.85719,-12.749494,14,-5,14,-5,14,-5,2266.0,2266.0,0,0,0,5000.0,5000.0,0,0,0,51.8652,199.9725,430,430,430
2006,8,13,1,0,10.299684,-12.088334,13.877006,-16.340972,14,-5,14,-5,14,-5,2266.0,2266.0,0,0,0,5000.0,5000.0,0,0,0,231.6139,45.4533,430,430,430
2014,7,22,4,0,16.099618,-11.100779,12.447616,-16.665553,14,-5,14,-5,14,-5,2266.0,2266.0,0,0,0,5000.0,5000.0,0,0,0,224.86,81.4923,430,430,430
2005,7,9,16,0,12.754879,-15.111626,17.55754,-16.049799,14,-5,14,-5,14,-5,2266.0,2266.0,0,0,0,5000.0,5000.0,0,0,0,99.0858,112.8716,430,430,430
2012,6,13,5,0,13.999089,-11.85816,16.497144,-14.152829,14,-5,14,-5,14,-5,2266.0,2266.0,0,0,0,5000.0,5000.0,0,0,0,189.4017,132.0038,430,430,430
2013,6,22,17,0,13.756521,-16.107689,14.111961,-13.657447,14,-5,14,-5,14,-5,2266.0,2266.0,0,0,0,5000.0,5000.0,0,0,0,53.4135,127.4245,430,430,430
2008,6,27,5,0,10.640812,-13.312361,14.784335,-16.620356,14,-5,14,-5,14,-5,2266.0,2266.0,0,0,0,5000.0,5000.0,0,0,0,193.1968,28.1603,430,430,430
2009,8,3,6,0,12.482446,-13.040978,16.079689,-12.436265,14,-5,14,-5,14,-5,2266.0,2266.0,0,0,0,5000.0,5000.0,0,0,0,162.8251,180.0805,430,430,430
2012,8,9,2,0,17.688824,-15.933115,11.885106,-17.492549,14,-5,14,-5,14,-5,2266.0,2266.0,0,0,0,5000.0,5000.0,0,0,0,119.2015,99.5038,430,430,430
2006,8,11,21,0,14.901537,-12.604155,14.278812,-12.531821,14,-5,14,-5,14,-5,2266.0,2266.0,0,0,0,5000.0,5000.0,0,0,0,164.2468,165.5113,430,430,430
2007,8,9,19,0,13.561864,-10.933422,16.988785,-14.124481,14,-5,14,-5,14,-5,2266.0,2266.0,0,0,0,5000.0,5000.0,0,0,0,222.1036,142.5623,430,430,430
2004,8,11,3,0,14.00453,-16.479054,16.043021,-13.178813,14,-5,14,-5,14,-5,2266.0,2266.0,0,0,0,5000.0,5000.0,0,0,0,38.4187,154.6383,430,430,430
2016,6,22,7,0,13.551515,-10.635043,10.751416,-12.906436,14,-5,14,-5,14,-5,2266.0,2266.0,0,0,0,5000.0,5000.0,0,0,0,232.1314,199.4843,430,430,430
2009,7,22,14,0,13.282118,-11.961504,14.099443,-12.441343,14,-5,14,-5,14,-5,2266.0,2266.0,0,0,0,5000.0,5000.0,0,0,0,189.1904,169.071,430,430,430
2011,7,4,19,0,10.594449,-15.019415,12.859379,-12.043196,14,-5,14,-5,14,-5,2266.0,2266.0,0,0,0,5000.0,5000.0,0,0,0,160.9969,189.4334,430,430,430
2004,7,19,4,0,12.154549,-12.273089,10.866515,-16.212193,14,-5,14,-5,14,-5,2266.0,2266.0,0,0,0,5000.0,5000.0,0,0,0,191.4262,137.5391,430,430,430
2012,8,1,3,0,16.378361,-17.423107,12.826673,-13.083442,14,-5,14,-5,14,-5,2266.0,2266.0,0,0,0,5000.0,5000.0,0,0,0,57.4282,156.6684,430,430,430
2009,8,24,12,0,15.329425,-15.782273,15.288948,-12.412143,14,-5,14,-5,14,-5,2266.0,2266.0,0,0,0,5000.0,5000.0,0,0,0,62.0322,173.4013,430,430,430
2008,6,17,16,0,13.65039,-12.817625,13.782715,-14.752644,14,-5,14,-5,14,-5,2266.0,2266.0,0,0,0,5000.0,5000.0,0,0,0,157.9272,93.3006,430,430,430
2012,6,4,22,0,14.103161,-17.808542,10.727705,-16.870218,14,-5,14,-5,14,-5,2266.0,2266.0,0,0,0,5000.0,5000.0,0,0,0,25.2389,140.289,430,430,430
2008,6,25,11,0,11.754403,-14.148581,15.384556,-15.443852,14,-5,14,-5,14,-5,2266.0,2266.0,0,0,0,5000.0,5000.0,0,0,0,145.6709,73.3894,430,430,430
2011,8,6,1,0,14.192185,-12.499788,14.955293,-16.260776,14,-5,14,-5,14,-5,2266.0,2266.0,0,0,0,5000.0,5000.0,0,0,0,166.7693,41.0,430,430,430
2013,6,16,3,0,11.447312,-10.150165,15.730523,-15.971055,14,-5,14,-5,14,-5,2266.0,2266.0,0,0,0,5000.0,5000.0,0,0,0,267.5687,64.0703,430,430,430
2017,8,14,22,0,15.150274,-12.991808,11.331954,-14.63697,14,-5,14,-5,14,-5,2266.0,2266.0,0,0,0,5000.0,5000.0,0,0,0,152.9477,145.2067,430,430,430
2010,7,18,15,0,17.618729,-10.325131,11.740078,-17.942384,14,-5,14,-5,14,-5,2266.0,2266.0,0,0,0,5000.0,5000.0,0,0,0,269.4624,107.9352,430,430,430
2005,6,8,10,0,14.533319,-14.608179,10.498064,-11.569629,14,-5,14,-5,14,-5,2266.0,2266.0,0,0,0,5000.0,5000.0,0,0,0,95.1315,240.4101,430,430,430
2004,8,23,0,0,13.296062,-10.108,14.562733,-16.326656,14,-5,14,-5,14,-5,2266.0,2266.0,0,0,0,5000.0,5000.0,0,0,0,251.4319,37.3363,430,430,430
2005,7,2,10,0,10.463136,-12.430509,14.152962,-12.193372,14,-5,14,-5,14,-5,2266.0,2266.0,0,0,0,5000.0,5000.0,0,0,0,218.6893,177.8145,430,430,430
2010,6,16,15,0,15.466713,-12.042991,16.608742,-10.501239,14,-5,14,-5,14,-5,2266.0,2266.0,0,0,0,5000.0,5000.0,0,0,0,187.2592,249.7218,430,430,430
2009,8,27,6,0,13.540326,-14.421608,16.088665,-16.455612,14,-5,14,-5,14,-5,2266.0,2266.0,0,0,0,5000.0,5000.0,0,0,0,106.7755,61.2209,430,430,430
2014,8,21,8,0,13.340355,-12.802698,10.852832,-11.840241,14,-5,14,-5,14,-5,2266.0,2266.0,0,0,0,5000.0,5000.0,0,0,0,160.7234,226.8149,430,430,430
2005,7,25,17,0,15.732022,-16.029687,16.032079,-13.564903,14,-5,14,-5,14,-5,2266.0,2266.0,0,0,0,5000.0,5000.0,0,0,0,62.426,142.0035,430,430,430
2009,8,24,19,0,17.18663,-13.967022,16.370927,-16.518218,14,-5,14,-5,14,-5,2266.0,2266.0,0,0,0,5000.0,5000.0,0,0,0,151.4761,68.2642,430,430,430
2008,7,5,8,0,14.001416,-17.051174,12.358573,-12.680995,14,-5,14,-5,14,-5,2266.0,2266.0,0,0,0,5000.0,5000.0,0,0,0,26.4008,175.7754,430,430,430
2018,6,24,5,0,11.511982,-13.867313,16.43874,-16.171703,14,-5,14,-5,14,-5,2266.0,2266.0,0,0,0,5000.0,5000.0,0,0,0,157.6991,76.8375,430,430,430
2005,8,4,11,0,14.031437,-10.302114,16.375231,-13.696359,14,-5,14,-5,14,-5,2266.0,2266.0,0,0,0,5000.0,5000.0,0,0,0,242.9094,143.6732,430,430,430
2017,8,16,15,0,10.611281,-17.182183,16.097898,-11.722523,14,-5,14,-5,14,-5,2266.0,2266.0,0,0,0,5000.0,5000.0,0,0,0,144.0139,203.4945,430,430,430
2014,6,8,18,0,12.107696,-16.766627,14.786946,-11.53665,14,-5,14,-5,14,-5,2266.0,2266.0,0,0,0,5000.0,5000.0,0,0,0,92.3959,201.0622,430,430,430
2006,6,1,8,0,14.890912,-10.005289,16.529918,-10.112217,14,-5,14,-5,14,-5,2266.0,2266.0,0,0,0,5000.0,5000.0,0,0,0,254.1594,262.4348,430,430,430
2013,8,2,8,0,15.798398,-13.622862,12.69815,-16.842933,14,-5,14,-5,14,-5,2266.0,2266.0,0,0,0,5000.0,5000.0,0,0,0,137.6408,71.3863,430,430,430
2012,8,11,16,0,13.244794,-16.081825,13.519311,-14.260602,14,-5,14,-5,14,-5,2266.0,2266.0,0,0,0,5000.0,5000.0,0,0,0,66.0681,111.4271,430,430,430
2012,6,8,6,0,10.454885,-15.123132,11.576469,-15.109478,14,-5,14,-5,14,-5,2266.0,2266.0,0,0,0,5000.0,5000.0,0,0,0,163.7834,129.5415,430,430,430
2009,8,11,9,0,13.935424,-13.389334,14.022254,-13.409539,14,-5,14,-5,14,-5,2266.0,2266.0,0,0,0,5000.0,5000.0,0,0,0,137.2953,135.794,430,430,430
2017,8,6,15,0,15.827376,-11.809123,16.555621,-10.538036,14,-5,14,-5,14,-5,2266.0,2266.0,0,0,0,5000.0,5000.0,0,0,0,198.2851,248.2136,430,430,430
2012,6,28,3,0,14.872198,-10.455706,13.010037,-14.176414,14,-5,14,-5,14,-5,2266.0,2266.0,0,0,0,5000.0,5000.0,0,0,0,238.1344,120.8305,430,430,430
2006,6,8,4,0,15.752987,-10.557448,15.96223,-16.350241,14,-5,14,-5,14,-5,2266.0,2266.0,0,0,0,5000.0,5000.0,0,0,0,240.1874,60.1415,430,430,430
2008,8,29,8,0,11.992617,-17.745186,17.415572,-10.046858,14,-5,14,-5,14,-5,2266.0,2266.0,0,0,0,5000.0,5000.0,0,0,0,96.6902,275.2817,430,430,430
2012,8,26,11,0,10.04543,-16.594155,14.221816,-17.865082,14,-5,14,-5,14,-5,2266.0,2266.0,0,0,0,5000.0,5000.0,0,0,0,164.7786,22.6716,430,430,430
2007,8,25,17,0,16.090053,-15.885585,12.015452,-13.103657,14,-5,14,-5,14,-5,2266.0,2266.0,0,0,0,5000.0,5000.0,0,0,0,74.5185,168.9083,430,430,430
2006,6,29,17,0,11.831832,-13.009665,10.939529,-12.612689,14,-5,14,-5,14,-5,2266.0,2266.0,0,0,0,5000.0,5000.0,0,0,0,173.9253,203.7081,430,430,430
2018,8,24,15,0,10.458706,-14.82967,16.287398,-11.52405,14,-5,14,-5,14,-5,2266.0,2266.0,0,0,0,5000.0,5000.0,0,0,0,168.1814,212.7769,430,430,430
2011,6,17,3,0,14.947798,-13.76307,14.693254,-16.331243,14,-5,14,-5,14,-5,2266.0,2266.0,0,0,0,5000.0,5000.0,0,0,0,125.3994,37.0,430,430,430
2016,6,18,15,0,12.698392,-11.14986,15.593062,-15.030836,14,-5,14,-5,14,-5,2266.0,2266.0,0,0,0,5000.0,5000.0,0,0,0,220.7351,89.8888,430,430,430
2014,7,5,0,0,14.744473,-14.262161,15.815886,-12.517758,14,-5,14,-5,14,-5,2266.0,2266.0,0,0,0,5000.0,5000.0,0,0,0,107.042,173.6692,430,430,430
2006,6,26,8,0,12.445246,-10.227974,17.377875,-11.278113,14,-5,14,-5,14,-5,2266.0,2266.0,0,0,0,5000.0,5000.0,0,0,0,253.9547,235.9682,430,430,430
2014,6,12,0,0,15.923285,-14.753532,16.20431,-10.161608,14,-5,14,-5,14,-5,2266.0,2266.0,0,0,0,5000.0,5000.0,0,0,0,103.3683,256.9552,430,430,430
2013,6,12,20,0,15.747601,-13.554224,15.889289,-17.500717,14,-5,14,-5,14,-5,2266.0,2266.0,0,0,0,5000.0,5000.0,0,0,0,139.2839,41.0488,430,430,430
2011,7,5,0,0,10.178046,-10.467977,13.665072,-17.303232,14,-5,14,-5,14,-5,2266.0,2266.0,0,0,0,5000.0,5000.0,0,0,0,279.0412,37.054,430,430,430
2017,7,4,6,0,15.201115,-13.314332,13.296538,-17.737367,14,-5,14,-5,14,-5,2266.0,2266.0,0,0,0,5000.0,5000.0,0,0,0,142.2744,50.9608,430,430,430
2006,6,2,1,0,12.277391,-11.368482,16.043161,-17.470948,14,-5,14,-5,14,-5,2266.0,2266.0,0,0,0,5000.0,5000.0,0,0,0,218.3873,46.1736,430,430,430
2010,6,26,4,0,13.30163,-10.150526,12.314887,-15.240894,14,-5,14,-5,14,-5,2266.0,2266.0,0,0,0,5000.0,5000.0,0,0,0,250.2639,107.2986,430,430,430
2011,6,10,18,0,17.037782,-11.770693,12.243893,-11.985839,14,-5,14,-5,14,-5,2266.0,2266.0,0,0,0,5000.0,5000.0,0,0,0,214.6928,198.6353,430,430,430
2016,7,13,10,0,12.08311,-16.663553,12.363176,-10.93254,14,-5,14,-5,14,-5,2266.0,2266.0,0,0,0,5000.0,5000.0,0,0,0,93.9415,231.2769,430,430,430
2013,6,10,16,0,15.625343,-14.46711,17.118372,-14.100598,14,-5,14,-5,14,-5,2266.0,2266.0,0,0,0,5000.0,5000.0,0,0,0,108.1573,145.6606,430,430,430
2007,7,24,9,0,15.500829,-17.915916,15.927838,-13.705045,14,-5,14,-5,14,-5,2266.0,2266.0,0,0,0,5000.0,5000.0,0,0,0,29.9666,136.2975,430,430,430
2018,6,25,18,0,12.368069,-15.871691,14.567672,-11.389371,14,-5,14,-5,14,-5,2266.0,2266.0,0,0,0,5000.0,5000.0,0,0,0,93.1504,205.0098,430,430,430
2016,7,15,4,0,15.398669,-10.893406,16.489539,-13.229552,14,-5,14,-5,14,-5,2266.0,2266.0,0,0,0,5000.0,5000.0,0,0,0,225.6214,159.9312,430,430,430
2012,7,27,12,0,17.826449,-17.476694,17.154308,-13.020539,14,-5,14,-5,14,-5,2266.0,2266.0,0,0,0,5000.0,5000.0,0,0,0,107.4663,178.1348,430,430,430
2005,7,14,14,0,13.79061,-14.611027,15.021464,-16.261178,14,-5,14,-5,14,-5,2266.0,2266.0,0,0,0,5000.0,5000.0,0,0,0,98.0306,42.45,430,430,430
2006,6,28,2,0,11.867206,-10.839524,14.801327,-17.137612,14,-5,14,-5,14,-5,2266.0,2266.0,0,0,0,5000.0,5000.0,0,0,0,239.5204,11.4018,430,430,430
2013,7,29,5,0,10.159189,-11.795016,15.171764,-15.420554,14,-5,14,-5,14,-5,2266.0,2266.0,0,0,0,5000.0,5000.0,0,0,0,242.4252,71.0634,430,430,430
2012,7,21,5,0,10.066202,-10.193717,12.171092,-15.087941,14,-5,14,-5,14,-5,2266.0,2266.0,0,0,0,5000.0,5000.0,0,0,0,288.73,114.3372,430,430,430
2015,6,6,0,0,11.275272,-16.821877,15.828102,-11.334474,14,-5,14,-5,14,-5,2266.0,2266.0,0,0,0,5000.0,5000.0,0,0,0,120.5031,213.965,430,430,430
2011,8,12,16,0,11.368424,-11.522749,11.400188,-16.546203,14,-5,14,-5,14,-5,2266.0,2266.0,0,0,0,5000.0,5000.0,0,0,0,225.5238,116.9017,430,430,430
2018,8,24,2,0,12.766881,-10.995507,14.632741,-14.877479,14,-5,14,-5,14,-5,2266.0,2266.0,0,0,0,5000.0,5000.0,0,0,0,224.9022,86.0233,430,430,430
2007,7,17,12,0,10.697544,-16.491267,15.306353,-17.18521,14,-5,14,-5,14,-5,2266.0,2266.0,0,0,0,5000.0,5000.0,0,0,0,142.5553,23.7065,430,430,430
2004,6,15,20,0,14.893442,-12.893583,11.847517,-17.197884,14,-5,14,-5,14,-5,2266.0,2266.0,0,0,0,5000.0,5000.0,0,0,0,154.2628,100.0,430,430,430
2010,8,14,11,0,14.461305,-10.014083,14.796034,-13.242924,14,-5,14,-5,14,-5,2266.0,2266.0,0,0,0,5000.0,5000.0,0,0,0,253.0711,142.088,430,430,430
2008,6,13,4,0,10.061677,-17.948891,13.98575,-10.164519,14,-5,14,-5,14,-5,2266.0,2266.0,0,0,0,5000.0,5000.0,0,0,0,166.5443,247.9778,430,430,430
2009,6,6,6,0,11.16338,-11.801491,13.031315,-16.618597,14,-5,14,-5,14,-5,2266.0,2266.0,0,0,0,5000.0,5000.0,0,0,0,221.3256,62.3939,430,430,430
2015,7,13,15,0,14.537257,-10.284718,14.577365,-14.810804,14,-5,14,-5,14,-5,2266.0,2266.0,0,0,0,5000.0,5000.0,0,0,0,244.0184,88.0511,430,430,430
2007,7,29,1,0,15.073018,-12.638268,15.136754,-10.641366,14,-5,14,-5,14,-5,2266.0,2266.0,0,0,0,5000.0,5000.0,0,0,0,163.6887,232.6972,430,430,430
2016,7,17,14,0,11.192609,-10.07123,16.456692,-13.377475,14,-5,14,-5,14,-5,2266.0,2266.0,0,0,0,5000.0,5000.0,0,0,0,273.2508,154.9452,430,430,430
2005,8,18,5,0,10.701011,-13.825771,11.712458,-14.085405,14,-5,14,-5,14,-5,2266.0,2266.0,0,0,0,5000.0,5000.0,0,0,0,179.9139,148.4992,430,430,430
2007,6,2,5,0,10.344167,-13.947735,14.934581,-14.021288,14,-5,14,-5,14,-5,2266.0,2266.0,0,0,0,5000.0,5000.0,0,0,0,186.4618,116.3486,430,430,430
2008,8,13,18,0,17.111971,-12.047678,17.921019,-12.541857,14,-5,14,-5,14,-5,2266.0,2266.0,0,0,0,5000.0,5000.0,0,0,0,207.2342,207.4729,430,430,430
2016,7,8,5,0,13.360152,-16.262198,15.831266,-12.102793,14,-5,14,-5,14,-5,2266.0,2266.0,0,0,0,5000.0,5000.0,0,0,0,59.203,188.5126,430,430,430
2008,6,8,22,0,15.391165,-13.777433,15.195601,-16.264973,14,-5,14,-5,14,-5,2266.0,2266.0,0,0,0,5000.0,5000.0,0,0,0,127.4755,44.3847,430,430,430
2004,6,30,19,0,15.56961,-15.986244,13.824467,-14.513366,14,-5,14,-5,14,-5,2266.0,2266.0,0,0,0,5000.0,5000.0,0,0,0,60.0333,100.2846,430,430,430
2018,7,8,14,0,14.677431,-10.437609,12.942249,-11.218478,14,-5,14,-5,14,-5,2266.0,2266.0,0,0,0,5000.0,5000.0,0,0,0,239.0084,216.2059,430,430,430
2013,8,8,9,0,10.235079,-11.363395,16.104324,-13.574255,14,-5,14,-5,14,-5,2266.0,2266.0,0,0,0,5000.0,5000.0,0,0,0,252.0714,143.0245,430,430,430
2010,7,20,14,0,12.230508,-13.734144,11.634454,-17.76435,14,-5,14,-5,14,-5,2266.0,2266.0,0,0,0,5000.0,5000.0,0,0,0,146.2395,109.6586,430,430,430
2013,8,1,11,0,10.902962,-15.96848,14.503331,-17.448778,14,-5,14,-5,14,-5,2266.0,2266.0,0,0,0,5000.0,5000.0,0,0,0,138.8848,7.0,430,430,430
2016,7,20,19,0,17.93625,-12.014173,15.508202,-14.88349,14,-5,14,-5,14,-5,2266.0,2266.0,0,0,0,5000.0,5000.0,0,0,0,222.7846,92.6553,430,430,430
2011,7,9,13,0,17.489324,-13.504129,11.153461,-12.040855,14,-5,14,-5,14,-5,2266.0,2266.0,0,0,0,5000.0,5000.0,0,0,0,171.1432,214.7207,430,430,430
2012,8,23,4,0,12.079592,-13.767608,15.875003,-10.684063,14,-5,14,-5,14,-5,2266.0,2266.0,0,0,0,5000.0,5000.0,0,0,0,149.0134,235.9513,430,430,430
2006,8,30,8,0,14.645366,-13.041854,12.152291,-16.182632,14,-5,14,-5,14,-5,2266.0,2266.0,0,0,0,5000.0,5000.0,0,0,0,149.0,95.6347,430,430,430
2005,8,10,13,0,13.037291,-12.602422,17.255304,-16.216324,14,-5,14,-5,14,-5,2266.0,2266.0,0,0,0,5000.0,5000.0,0,0,0,169.517,100.7224,430,430,430
2013,8,23,12,0,13.228401,-12.765693,13.34135,-17.276744,14,-5,14,-5,14,-5,2266.0,2266.0,0,0,0,5000.0,5000.0,0,0,0,162.865,48.0416,430,430,430
2018,8,8,18,0,11.39585,-14.463001,17.500383,-12.658365,14,-5,14,-5,14,-5,2266.0,2266.0,0,0,0,5000.0,5000.0,0,0,0,147.2719,195.8622,430,430,430
2018,8,28,12,0,17.908721,-17.237184,10.179987,-14.055682,14,-5,14,-5,14,-5,2266.0,2266.0,0,0,0,5000.0,5000.0,0,0,0,111.463,189.156,430,430,430
2005,7,24,20,0,10.606795,-11.942873,12.639719,-11.663243,14,-5,14,-5,14,-5,2266.0,2266.0,0,0,0,5000.0,5000.0,0,0,0,228.3265,204.3624,430,430,430
2017,6,17,0,0,16.05254,-14.513964,12.859836,-11.103484,14,-5,14,-5,14,-5,2266.0,2266.0,0,0,0,5000.0,5000.0,0,0,0,112.7298,220.8801,430,430,430
2004,8,3,14,0,17.988303,-15.567654,13.232628,-15.85946,14,-5,14,-5,14,-5,2266.0,2266.0,0,0,0,5000.0,5000.0,0,0,0,135.0741,70.7248,430,430,430
2011,8,28,12,0,15.848584,-16.296669,13.93174,-16.449457,14,-5,14,-5,14,-5,2266.0,2266.0,0,0,0,5000.0,5000.0,0,0,0,58.0,41.1096,430,430,430
2017,7,26,10,0,14.12726,-10.447929,13.892023,-10.368366,14,-5,14,-5,14,-5,2266.0,2266.0,0,0,0,5000.0,5000.0,0,0,0,237.6089,240.4101,430,430,430
2013,6,17,2,0,11.232512,-16.287862,17.601425,-12.481181,14,-5,14,-5,14,-5,2266.0,2266.0,0,0,0,5000.0,5000.0,0,0,0,125.6344,202.5562,430,430,430
2009,8,16,18,0,16.668243,-17.682762,17.240351,-13.331262,14,-5,14,-5,14,-5,2266.0,2266.0,0,0,0,5000.0,5000.0,0,0,0,67.0075,170.9883,430,430,430
2013,6,19,5,0,10.621933,-15.738442,16.381564,-15.547057,14,-5,14,-5,14,-5,2266.0,2266.0,0,0,0,5000.0,5000.0,0,0,0,150.5257,90.1388,430,430,430
2018,6,27,20,0,10.447979,-17.246352,14.552742,-14.272486,14,-5,14,-5,14,-5,2266.0,2266.0,0,0,0,5000.0,5000.0,0,0,0,150.0833,106.0754,430,430,430
2018,6,25,14,0,10.771373,-10.962111,13.727408,-11.906308,14,-5,14,-5,14,-5,2266.0,2266.0,0,0,0,5000.0,5000.0,0,0,0,252.7153,188.7326,430,430,430
2011,8,5,21,0,16.682333,-17.920143,11.592354,-17.225164,14,-5,14,-5,14,-5,2266.0,2266.0,0,0,0,5000.0,5000.0,0,0,0,67.6018,109.0046,430,430,430
2009,8,2,12,0,11.922439,-12.148375,16.334873,-17.410341,14,-5,14,-5,14,-5,2266.0,2266.0,0,0,0,5000.0,5000.0,0,0,0,198.7259,56.4358,430,430,430
2006,8,8,12,0,17.498461,-15.393868,13.710421,-14.878928,14,-5,14,-5,14,-5,2266.0,2266.0,0,0,0,5000.0,5000.0,0,0,0,124.4709,90.6201,430,430,430
2011,7,3,14,0,10.737819,-10.862489,12.020353,-14.663305,14,-5,14,-5,14,-5,2266.0,2266.0,0,0,0,5000.0,5000.0,0,0,0,257.1634,127.3499,430,430,430
2015,6,10,5,0,10.186888,-10.386209,13.618323,-11.934999,14,-5,14,-5,14,-5,2266.0,2266.0,0,0,0,5000.0,5000.0,0,0,0,280.9591,187.4887,430,430,430
2008,8,12,5,0,16.425983,-10.14973,14.12702,-14.232257,14,-5,14,-5,14,-5,2266.0,2266.0,0,0,0,5000.0,5000.0,0,0,0,259.7557,108.6738,430,430,430
2014,8,14,6,0,14.625098,-13.430501,10.679253,-15.695978,14,-5,14,-5,14,-5,2266.0,2266.0,0,0,0,5000.0,5000.0,0,0,0,135.0037,148.9463,430,430,430
2012,8,25,3,0,17.291389,-11.379542,16.705953,-14.096925,14,-5,14,-5,14,-5,2266.0,2266.0,0,0,0,5000.0,5000.0,0,0,0,231.1017,137.7135,430,430,430
2004,8,16,8,0,10.668016,-13.029432,16.149403,-13.841448,14,-5,14,-5,14,-5,2266.0,2266.0,0,0,0,5000.0,5000.0,0,0,0,199.4041,135.3846,430,430,430
2006,7,14,20,0,13.628682,-13.638146,13.857082,-10.956456,14,-5,14,-5,14,-5,2266.0,2266.0,0,0,0,5000.0,5000.0,0,0,0,131.042,220.6581,430,430,430
2007,6,7,3,0,14.198026,-17.123993,13.212858,-13.569866,14,-5,14,-5,14,-5,2266.0,2266.0,0,0,0,5000.0,5000.0,0,0,0,19.2354,136.4881,430,430,430
2011,6,23,4,0,16.951747,-11.290312,15.256734,-17.039608,14,-5,14,-5,14,-5,2266.0,2266.0,0,0,0,5000.0,5000.0,0,0,0,228.4644,24.2074,430,430,430
2007,6,14,19,0,17.518346,-11.247634,10.544869,-14.045286,14,-5,14,-5,14,-5,2266.0,2266.0,0,0,0,5000.0,5000.0,0,0,0,238.5162,179.0251,430,430,430
2015,8,14,16,0,11.041649,-13.695759,14.596541,-17.373434,14,-5,14,-5,14,-5,2266.0,2266.0,0,0,0,5000.0,5000.0,0,0,0,173.358,4.4721,430,430,430
2006,7,15,15,0,16.77841,-11.653689,12.786552,-10.270664,14,-5,14,-5,14,-5,2266.0,2266.0,0,0,0,5000.0,5000.0,0,0,0,214.1892,249.6117,430,430,430
