year,month,day,hour,minute,lat1,lon1,lat2,lon2,lat3,lon3,lat4,lon4,lat5,lon5,wp1,wp2,wp3,wp4,wp5,size1,size2,size3,size4,size5,ds1,ds2,ds3,ds4,ds5
2004,6,21,6,0,14.34724,-15.773045,13.396141,-11.241791,14,-5,14,-5,14,-5,3391.5338962272863,3365.803134635322,0,0,0,7666.922562549614,7636.594875982484,0,0,0,56.2939,212.3982,430,430,430
2005,6,26,1,0,10.037751,-17.027447,15.365993,-11.393178,14,-5,14,-5,14,-5,3486.1998552963073,3326.7965099318276,0,0,0,7534.474468081135,7347.119636302275,0,0,0,165.0121,208.5042,430,430,430
2010,8,17,19,0,11.093653,-13.399253,17.130576,-16.326383,14,-5,14,-5,14,-5,3549.937538147295,3318.8194474488264,0,0,0,7593.109279302535,7577.21761412074,0,0,0,179.6107,95.2943,430,430,430
2013,6,3,8,0,11.482626,-17.132985,11.75758,-10.17101,14,-5,14,-5,14,-5,3555.2590168503093,3425.5786164427573,0,0,0,7338.774744423327,7434.113011056199,0,0,0,113.0044,263.1539,430,430,430
2008,7,19,17,0,16.493465,-16.624472,16.529798,-15.80741,14,-5,14,-5,14,-5,3319.011039199449,3497.6478800330588,0,0,0,7386.502011614484,7510.797466427816,0,0,0,70.2353,87.6926,430,430,430
2007,6,5,3,0,13.453633,-10.479761,16.541195,-15.311104,14,-5,14,-5,14,-5,3407.3532688943933,3367.4639773484423,0,0,0,7478.177785569909,7443.020437828991,0,0,0,238.5498,100.1249,430,430,430
2017,7,16,3,0,11.403284,-15.017344,10.045508,-15.980589,14,-5,14,-5,14,-5,3405.339389141282,3343.2756377127985,0,0,0,7535.847829142709,7491.438442440393,0,0,0,136.2131,168.122,430,430,430
2004,8,7,22,0,16.3653,-17.87796,14.790747,-13.169564,14,-5,14,-5,14,-5,3577.4415496413126,3294.6192828128883,0,0,0,7466.75131442094,7384.946041917525,0,0,0,57.5587,145.0862,430,430,430
2013,7,26,12,0,10.841181,-14.944452,10.291808,-10.876707,14,-5,14,-5,14,-5,3422.8154698441253,3496.2487141735373,0,0,0,7470.434136187619,7350.297439395504,0,0,0,154.4345,265.2772,430,430,430
2015,8,1,13,0,17.847367,-17.520464,17.124368,-13.384788,14,-5,14,-5,14,-5,3518.1501431112806,3421.8730005478023,0,0,0,7471.822711136703,7459.313097100868,0,0,0,107.3778,166.355,430,430,430
2017,7,27,14,0,15.939838,-12.958529,14.654738,-17.836487,14,-5,14,-5,14,-5,3448.839725461483,3453.3086103183095,0,0,0,7483.885815752909,7379.26467843138,0,0,0,161.4001,13.1529,430,430,430
2008,6,25,14,0,11.680213,-13.642521,16.152921,-15.994438,14,-5,14,-5,14,-5,3456.2276877238437,3438.492744817901,0,0,0,7534.491835820554,7292.015500133367,0,0,0,160.2061,72.8629,430,430,430
2017,7,28,0,0,12.287166,-11.180839,17.800052,-10.921174,14,-5,14,-5,14,-5,3410.928694196346,3463.8212584936787,0,0,0,7413.3776418874395,7612.3332864021495,0,0,0,223.58,253.6178,430,430,430
2010,6,23,21,0,12.876063,-13.209128,12.838365,-15.278478,14,-5,14,-5,14,-5,3423.5002398899683,3726.7771066613577,0,0,0,7348.534921332322,7627.95186085312,0,0,0,152.2005,94.0691,430,430,430
2012,8,3,0,0,11.424648,-16.098446,10.358898,-13.956549,14,-5,14,-5,14,-5,3379.9313938465366,3322.9575821286344,0,0,0,7463.447218392093,7407.61896025466,0,0,0,120.5031,186.4618,430,430,430
2011,8,19,15,0,13.01002,-13.257557,15.039535,-16.859197,14,-5,14,-5,14,-5,3476.4708332259925,3535.882268977575,0,0,0,7546.741428437386,7424.401937517301,0,0,0,148.7716,23.7065,430,430,430
2012,7,17,14,0,17.47073,-10.428961,14.818373,-14.89787,14,-5,14,-5,14,-5,3331.066019026347,3285.6524769170796,0,0,0,7414.96619933843,7422.281249580294,0,0,0,263.8731,86.1452,430,430,430
2018,7,16,14,0,12.905504,-16.365238,12.21412,-16.027713,14,-5,14,-5,14,-5,3432.8341183147368,3463.2730384647284,0,0,0,7380.741705256662,7464.1221996070635,0,0,0,70.214,96.1769,430,430,430
2004,7,22,2,0,11.388864,-10.267122,17.656101,-13.216211,14,-5,14,-5,14,-5,3429.7356592569895,3394.16307070623,0,0,0,7330.937853575665,7485.942569732808,0,0,0,264.7961,182.784,430,430,430
2013,6,23,11,0,15.850406,-15.276918,10.736445,-14.292016,14,-5,14,-5,14,-5,3307.6121943229246,3414.3073864965395,0,0,0,7417.28696890617,7361.177375372878,0,0,0,86.3539,169.4993,430,430,430
2008,8,3,13,0,14.069591,-17.292319,14.224282,-10.062736,14,-5,14,-5,14,-5,3505.61905769633,3345.3895055810244,0,0,0,7503.393651367883,7547.230975682043,0,0,0,22.2036,251.3901,430,430,430
2010,6,14,6,0,13.160287,-15.315228,16.443604,-11.965208,14,-5,14,-5,14,-5,3396.650384080139,3377.5166541733647,0,0,0,7594.393281657497,7398.090389588785,0,0,0,85.4283,199.86,430,430,430
2012,6,19,22,0,12.504532,-12.927707,14.323237,-15.62565,14,-5,14,-5,14,-5,3424.039728257248,3413.1404167744927,0,0,0,7452.458273287365,7400.096129300415,0,0,0,165.9187,61.3922,430,430,430
2005,7,14,16,0,10.886303,-15.498878,13.655833,-12.728479,14,-5,14,-5,14,-5,3510.8530183871862,3255.53165191706,0,0,0,7268.4180932594845,7443.818246726948,0,0,0,145.2309,160.854,430,430,430
2014,8,15,5,0,12.03406,-12.87119,11.600989,-12.739002,14,-5,14,-5,14,-5,3522.9353988771777,3451.448885567747,0,0,0,7446.995492532258,7539.247671696059,0,0,0,175.1142,185.8844,430,430,430
2010,6,15,9,0,16.226314,-11.763213,14.882625,-15.527997,14,-5,14,-5,14,-5,3432.265093210929,3415.78951103975,0,0,0,7548.241614366511,7282.6830392984575,0,0,0,203.5706,65.3758,430,430,430
2015,8,14,9,0,15.581879,-11.123054,15.00259,-10.140737,14,-5,14,-5,14,-5,3614.1557923943014,3420.987407957351,0,0,0,7441.00429626226,7333.768955480541,0,0,0,219.4949,249.3391,430,430,430
2016,6,3,7,0,17.812001,-16.666447,10.185425,-16.714044,14,-5,14,-5,14,-5,3565.150468295004,3502.202176162909,0,0,0,7341.628593077802,7466.284428062623,0,0,0,113.2166,159.5306,430,430,430
2011,7,1,19,0,17.387975,-10.371601,11.687827,-15.115798,14,-5,14,-5,14,-5,3315.0482992410184,3518.5332609267844,0,0,0,7405.462100148665,7468.011420305943,0,0,0,264.6394,126.7517,430,430,430
2008,6,30,5,0,14.395002,-15.825353,13.684813,-12.430707,14,-5,14,-5,14,-5,3413.718216854517,3388.937957418554,0,0,0,7312.8119147780935,7507.095608581514,0,0,0,53.9351,170.4259,430,430,430
2016,6,5,4,0,14.002847,-12.271432,14.207647,-17.988808,14,-5,14,-5,14,-5,3583.9891998595867,3547.7722479932,0,0,0,7523.886560658782,7405.343694094582,0,0,0,175.5135,26.1725,430,430,430
2011,7,2,18,0,13.157602,-14.062664,13.223043,-15.165614,14,-5,14,-5,14,-5,3449.990100664405,3459.4630234744614,0,0,0,7438.092846019487,7334.85900176426,0,0,0,122.1024,88.2326,430,430,430
2018,6,19,1,0,14.004915,-14.438587,10.723462,-15.811497,14,-5,14,-5,14,-5,3551.24005166989,3343.223805144334,0,0,0,7486.101863189857,7549.618222939119,0,0,0,101.6366,147.0544,430,430,430
2011,6,16,15,0,17.547817,-17.787643,10.31999,-15.734877,14,-5,14,-5,14,-5,3423.9563000702083,3456.9828952793664,0,0,0,7386.863111610532,7571.0396952826895,0,0,0,97.0052,161.0124,430,430,430
2012,6,14,8,0,14.658753,-10.072858,17.941138,-10.055061,14,-5,14,-5,14,-5,3471.8691864082693,3272.6434362056984,0,0,0,7375.821690825135,7460.157325211782,0,0,0,251.002,282.9788,430,430,430
2015,6,15,5,0,10.880387,-12.684148,14.191895,-16.614801,14,-5,14,-5,14,-5,3480.7124634005063,3344.948216862204,0,0,0,7428.245251508241,7416.206909261037,0,0,0,202.7264,31.0644,430,430,430
2006,6,8,10,0,17.543682,-16.065119,17.991458,-13.338449,14,-5,14,-5,14,-5,3521.5912595517975,3321.14168957168,0,0,0,7516.189044432147,7640.333172582534,0,0,0,112.3788,187.4273,430,430,430
2008,6,16,8,0,11.466232,-14.905237,11.517388,-14.713835,14,-5,14,-5,14,-5,3238.055186822353,3496.7402954678078,0,0,0,7362.161623915673,7414.430836157648,0,0,0,136.7406,139.2013,430,430,430
2008,6,8,2,0,14.757441,-12.267311,13.895132,-15.523281,14,-5,14,-5,14,-5,3487.431724835746,3589.5662000608154,0,0,0,7555.047014082618,7404.0732339557335,0,0,0,175.0457,67.624,430,430,430
2018,6,4,20,0,14.619531,-14.466337,12.877425,-15.429345,14,-5,14,-5,14,-5,3506.824586082768,3372.0434683426934,0,0,0,7363.1969602681975,7575.958124378857,0,0,0,100.02,89.0955,430,430,430
2006,8,5,21,0,11.665658,-14.389931,13.934743,-10.807389,14,-5,14,-5,14,-5,3316.9607516867395,3362.540266784884,0,0,0,7350.362886528114,7379.4425488157995,0,0,0,142.3411,225.282,430,430,430
2015,8,21,6,0,15.834884,-11.839282,13.003514,-15.250084,14,-5,14,-5,14,-5,3376.8248597409533,3502.0006290455135,0,0,0,7437.345493873188,7581.4002696737525,0,0,0,197.3069,90.1388,430,430,430
2009,6,6,16,0,15.240282,-12.311696,10.908301,-16.93577,14,-5,14,-5,14,-5,3577.6375665906126,3529.1134044023943,0,0,0,7337.3530918514,7434.085673920783,0,0,0,176.2555,134.1827,430,430,430
2006,7,6,11,0,13.648312,-16.72211,17.693135,-11.299074,14,-5,14,-5,14,-5,3393.3468460282206,3204.248282285298,0,0,0,7514.807254377784,7447.883041175857,0,0,0,41.6773,240.1687,430,430,430
2005,8,26,22,0,14.161285,-16.253822,11.07935,-10.167437,14,-5,14,-5,14,-5,3576.628900154587,3380.5553120182503,0,0,0,7324.69865213056,7315.301886846206,0,0,0,42.0476,272.3766,430,430,430
2009,6,25,3,0,15.656348,-11.120196,13.097381,-15.993328,14,-5,14,-5,14,-5,3351.5779963071445,3426.107147060242,0,0,0,7375.2409898509795,7422.157106696861,0,0,0,219.8045,70.4344,430,430,430
2014,8,11,2,0,12.395504,-11.144836,13.783872,-12.693784,14,-5,14,-5,14,-5,3413.031203291378,3343.2195571258567,0,0,0,7423.1193661654725,7562.505404358312,0,0,0,224.368,161.8054,430,430,430
2009,6,7,4,0,16.445829,-15.976156,10.636588,-12.137915,14,-5,14,-5,14,-5,3340.384023470838,3467.9828405105004,0,0,0,7366.239094142593,7556.611163710268,0,0,0,81.3941,223.0426,430,430,430
2010,6,19,22,0,17.69118,-10.369562,13.923992,-12.942463,14,-5,14,-5,14,-5,3286.7076759321467,3402.089386673621,0,0,0,7440.235631924122,7489.619098551569,0,0,0,268.7843,152.2367,430,430,430
2015,7,23,9,0,15.86396,-10.780724,11.297975,-14.752949,14,-5,14,-5,14,-5,3357.9429119424917,3445.795735048832,0,0,0,7264.013088132929,7595.209765094887,0,0,0,233.0021,143.6941,430,430,430
2016,6,23,13,0,13.336726,-12.435272,13.398778,-11.135086,14,-5,14,-5,14,-5,3426.126136017278,3259.5483414921764,0,0,0,7791.766575218414,7378.370434588132,0,0,0,172.2556,216.3169,430,430,430
2018,7,10,11,0,16.77546,-17.438407,12.414019,-10.163011,14,-5,14,-5,14,-5,3423.489260116721,3411.340038451818,0,0,0,7432.917600559316,7553.3626482278305,0,0,0,71.4493,255.8613,430,430,430
2018,6,2,15,0,10.285016,-14.060859,17.619015,-11.51541,14,-5,14,-5,14,-5,3410.7802381630354,3595.2561010806885,0,0,0,7594.248546789259,7353.827150233526,0,0,0,186.6574,232.1056,430,430,430
2013,8,29,3,0,12.354644,-13.230132,13.449423,-13.26082,14,-5,14,-5,14,-5,3293.3384822067874,3514.0300047561136,0,0,0,7354.498166261403,7490.087307987296,0,0,0,159.154,144.2498,430,430,430
2018,8,10,9,0,17.150017,-13.56783,13.942932,-15.445836,14,-5,14,-5,14,-5,3398.5945909935986,3417.415498477845,0,0,0,7410.186565931733,7468.306296076861,0,0,0,161.756,70.0071,430,430,430
2005,7,20,15,0,12.106926,-13.661755,10.658116,-12.914906,14,-5,14,-5,14,-5,3487.8187263318287,3446.6469220606014,0,0,0,7715.073332870919,7552.788632803236,0,0,0,150.8012,202.2523,430,430,430
2016,6,9,8,0,16.371242,-10.36202,15.476994,-14.093655,14,-5,14,-5,14,-5,3222.0428304719053,3390.0746527533584,0,0,0,7355.61543641845,7490.618324196913,0,0,0,252.24,118.3596,430,430,430
2017,7,8,1,0,13.883314,-10.266457,11.690783,-14.706815,14,-5,14,-5,14,-5,3535.6955204442415,3182.2250866166496,0,0,0,7460.688201802541,7432.426224483813,0,0,0,244.387,135.0926,430,430,430
2012,7,13,2,0,17.917325,-17.772705,15.610612,-17.798627,14,-5,14,-5,14,-5,3562.8646562776175,3547.962327434184,0,0,0,7383.853668819683,7388.59209581614,0,0,0,110.0045,32.0156,430,430,430
2016,8,17,11,0,12.567054,-17.411784,10.487077,-17.108749,14,-5,14,-5,14,-5,3450.179276971159,3393.788726735006,0,0,0,7416.675576576341,7337.929015600956,0,0,0,75.1665,149.0,430,430,430
2015,6,25,13,0,11.354151,-12.97851,13.507145,-11.35277,14,-5,14,-5,14,-5,3376.435610883949,3560.8665800494277,0,0,0,7513.286480654882,7517.081459313962,0,0,0,184.9108,207.8846,430,430,430
2006,6,8,4,0,11.918338,-16.479578,15.695197,-11.133641,14,-5,14,-5,14,-5,3500.6497169522654,3405.988581369504,0,0,0,7401.469562449124,7471.068515243613,0,0,0,101.1385,220.1318,430,430,430
2007,7,27,0,0,14.472447,-12.364637,14.840896,-13.526262,14,-5,14,-5,14,-5,3569.7472095117837,3444.5182303243387,0,0,0,7498.172063278622,7473.93844727299,0,0,0,171.1052,133.1353,430,430,430
2010,6,11,20,0,16.883154,-10.641957,16.796859,-15.964268,14,-5,14,-5,14,-5,3439.1842569266005,3591.528687511253,0,0,0,7491.26965380092,7340.701471414929,0,0,0,248.5558,92.0054,430,430,430
2014,8,15,15,0,17.020444,-14.518958,15.835955,-14.698874,14,-5,14,-5,14,-5,3465.042902839301,3506.2660514714375,0,0,0,7620.947935208288,7387.848511908826,0,0,0,132.6122,104.0,430,430,430
2009,7,22,22,0,11.526688,-12.351844,11.925063,-11.189405,14,-5,14,-5,14,-5,3448.655365170328,3549.9866558714734,0,0,0,7467.706643270706,7359.576911224929,0,0,0,199.1381,227.7586,430,430,430
2015,6,28,7,0,16.592818,-13.798306,13.090726,-13.272954,14,-5,14,-5,14,-5,3345.5275039663443,3321.413697689874,0,0,0,7460.992236545751,7454.040508629004,0,0,0,144.4749,147.6279,430,430,430
2015,8,27,1,0,11.100189,-11.533837,17.726607,-11.761634,14,-5,14,-5,14,-5,3332.2628301384943,3321.8808718803584,0,0,0,7385.313802243597,7455.860071279037,0,0,0,230.7834,226.3537,430,430,430
2004,8,10,8,0,11.914681,-11.061917,16.46492,-17.490551,14,-5,14,-5,14,-5,3339.290197717305,3398.55774839211,0,0,0,7294.047964585423,7650.126424234826,0,0,0,232.723,60.208,430,430,430
2011,6,23,8,0,11.849826,-13.282516,11.099896,-12.572474,14,-5,14,-5,14,-5,3427.899374891261,3452.094568195146,0,0,0,7299.217237258551,7494.99548436326,0,0,0,166.012,200.6838,430,430,430
2010,8,20,21,0,17.937526,-15.713984,16.087302,-17.627783,14,-5,14,-5,14,-5,3476.9384806832163,3381.332635070008,0,0,0,7457.989269018341,7351.862684819546,0,0,0,130.173,47.0106,430,430,430
2011,6,8,1,0,12.660287,-10.443578,15.092136,-13.185211,14,-5,14,-5,14,-5,3363.7031483593396,3398.679301754944,0,0,0,7392.261762849178,7474.866046072476,0,0,0,244.9204,145.7738,430,430,430
2018,6,30,8,0,17.425477,-16.546565,10.142585,-16.479423,14,-5,14,-5,14,-5,3589.0053437381775,3416.511344254604,0,0,0,7328.199831241492,7442.186453458588,0,0,0,101.7693,162.3638,430,430,430
2009,7,9,1,0,14.174974,-14.033424,16.40393,-11.12451,14,-5,14,-5,14,-5,3314.20880045387,3474.6372432312364,0,0,0,7365.133778598547,7497.549509922253,0,0,0,114.2716,227.3368,430,430,430
2018,7,6,20,0,11.703648,-14.501849,13.37294,-17.562261,14,-5,14,-5,14,-5,3484.191390441216,3482.0220290384377,0,0,0,7266.715049293531,7449.53460549482,0,0,0,138.8524,46.6905,430,430,430
2008,7,24,11,0,10.07947,-11.681875,12.202506,-12.25808,14,-5,14,-5,14,-5,3376.2718034708337,3549.3988309645715,0,0,0,7459.821627753649,7385.11606161474,0,0,0,246.759,190.5151,430,430,430
2007,6,9,21,0,13.370847,-16.853313,11.540173,-15.489478,14,-5,14,-5,14,-5,3404.315686972665,3427.506009703203,0,0,0,7424.680690181782,7561.667457571527,0,0,0,49.6488,124.7798,430,430,430
2004,8,13,15,0,16.441361,-17.898993,10.392848,-13.471997,14,-5,14,-5,14,-5,3519.4000729938252,3419.1576292614773,0,0,0,7599.797451313406,7620.583556373286,0,0,0,60.6712,196.0255,430,430,430
2013,6,11,22,0,15.494486,-12.185513,13.83755,-15.058746,14,-5,14,-5,14,-5,3546.9926433870573,3416.401397118445,0,0,0,7296.815509943691,7512.800395878426,0,0,0,182.3211,83.2166,430,430,430
2006,7,13,21,0,16.719761,-14.366692,12.570927,-17.258241,14,-5,14,-5,14,-5,3313.4827367257944,3446.4077994351346,0,0,0,7494.838044829376,7356.787387637115,0,0,0,130.0846,74.0,430,430,430
2016,8,23,6,0,10.483503,-17.272391,15.461652,-12.554114,14,-5,14,-5,14,-5,3441.7845499147043,3437.4587925719975,0,0,0,7543.394853165588,7480.308841403344,0,0,0,149.1208,169.331,430,430,430
2006,7,27,9,0,11.945393,-12.876308,10.553113,-11.01664,14,-5,14,-5,14,-5,3356.6382920561005,3361.7076767012,0,0,0,7437.130546789204,7456.400915376361,0,0,0,175.8664,255.4545,430,430,430
2012,7,27,21,0,10.876856,-16.647554,13.739024,-11.792406,14,-5,14,-5,14,-5,3294.132836661374,3434.245703860226,0,0,0,7550.454087950508,7531.5130232133115,0,0,0,135.9448,192.6759,430,430,430
2004,6,15,1,0,16.835556,-16.316908,10.613135,-11.688682,14,-5,14,-5,14,-5,3407.1871316621946,3307.3375868946,0,0,0,7524.94655264594,7404.262873943149,0,0,0,86.6083,234.8042,430,430,430
2004,8,13,18,0,14.38,-11.709961,17.360376,-14.152218,14,-5,14,-5,14,-5,3447.720829724852,3395.57937068529,0,0,0,7504.971359010986,7491.485712239652,0,0,0,194.2087,150.2431,430,430,430
2004,7,30,11,0,13.676429,-13.208167,14.79455,-13.965012,14,-5,14,-5,14,-5,3393.295740573953,3457.9645458264163,0,0,0,7278.502205546951,7589.440226642474,0,0,0,145.0414,117.0684,430,430,430
2018,6,4,18,0,12.455028,-13.669176,17.399416,-10.235594,14,-5,14,-5,14,-5,3291.306590835873,3418.8750751259754,0,0,0,7431.132126474722,7453.002860054955,0,0,0,144.8033,268.7322,430,430,430
2008,8,21,19,0,13.166357,-11.610038,15.080705,-16.160247,14,-5,14,-5,14,-5,3342.4550804059945,3660.4099952373335,0,0,0,7374.9782608499,7280.719251496707,0,0,0,201.8143,46.1736,430,430,430
2010,8,24,17,0,10.409657,-17.77229,10.982782,-16.2383,14,-5,14,-5,14,-5,3451.571359283979,3671.804184154379,0,0,0,7414.617281945757,7584.010676308478,0,0,0,153.7303,134.618,430,430,430
2011,7,27,4,0,16.632182,-15.716065,16.248513,-13.962673,14,-5,14,-5,14,-5,3416.9681459188855,3498.7293431177545,0,0,0,7437.512727701048,7516.25344124347,0,0,0,92.6553,133.8245,430,430,430
2017,7,16,18,0,11.107591,-11.775708,17.370654,-10.455851,14,-5,14,-5,14,-5,3310.29859757308,3235.9690015298384,0,0,0,7403.995602327682,7420.750304942077,0,0,0,223.2711,261.8416,430,430,430
2014,8,27,6,0,15.635486,-12.448668,14.372415,-15.046262,14,-5,14,-5,14,-5,3414.812678222051,3458.4767301726615,0,0,0,7495.377212317523,7361.43598195049,0,0,0,174.3474,80.7527,430,430,430
2006,8,20,17,0,17.859741,-17.475126,17.181426,-15.888552,14,-5,14,-5,14,-5,3576.137927230916,3535.272662095139,0,0,0,7332.557771766827,7375.469401508842,0,0,0,108.5587,104.8618,430,430,430
2013,7,12,7,0,14.595807,-13.89707,14.435814,-12.822661,14,-5,14,-5,14,-5,3546.5188927921945,3622.499513320041,0,0,0,7393.390547714526,7281.722754842395,0,0,0,119.0168,156.205,430,430,430
2009,7,19,18,0,11.483793,-15.824174,11.187509,-17.757567,14,-5,14,-5,14,-5,3477.1442527815034,3535.3720967422537,0,0,0,7521.828002454409,7403.859447630847,0,0,0,122.0041,125.6025,430,430,430
2011,7,2,11,0,17.514045,-15.225967,10.876517,-14.973384,14,-5,14,-5,14,-5,3501.9286454790563,3503.8050360561783,0,0,0,7536.967295324872,7297.294837219899,0,0,0,128.4251,153.0751,430,430,430
2015,7,5,13,0,13.072636,-12.67661,11.955927,-12.708152,14,-5,14,-5,14,-5,3545.7085556733855,3446.4524391068517,0,0,0,7311.8342335127,7399.1261599680865,0,0,0,167.2991,180.4217,430,430,430
2010,7,30,10,0,10.787943,-13.353098,10.854924,-13.613964,14,-5,14,-5,14,-5,3364.3480368414,3564.3387158339538,0,0,0,7515.551859442054,7418.56819508842,0,0,0,188.8624,180.5464,430,430,430
2011,6,24,9,0,14.158014,-15.630127,13.645832,-17.690668,14,-5,14,-5,14,-5,3386.4417664736557,3295.765281086397,0,0,0,7521.65726531733,7562.686141502055,0,0,0,61.6847,38.6005,430,430,430
2006,8,14,21,0,14.792024,-17.996106,14.014509,-13.986191,14,-5,14,-5,14,-5,3521.8924565133048,3441.5585558132248,0,0,0,7446.090884134397,7598.511968777733,0,0,0,18.2483,117.2774,430,430,430
2009,8,17,10,0,10.485358,-10.401304,14.869272,-12.623979,14,-5,14,-5,14,-5,3394.2303604191297,3318.371573959325,0,0,0,7496.757076957416,7503.662814173881,0,0,0,275.4959,163.1962,430,430,430
2016,7,17,0,0,13.702188,-12.365815,11.448537,-12.819343,14,-5,14,-5,14,-5,3402.506472846525,3554.817970675371,0,0,0,7502.231756956825,7332.344842667296,0,0,0,173.1733,187.0027,430,430,430
2018,6,2,12,0,14.54487,-10.366893,16.373522,-13.317517,14,-5,14,-5,14,-5,3458.538693358784,3578.0744931307354,0,0,0,7474.290917550703,7536.158223569639,0,0,0,241.0187,155.6181,430,430,430
2015,6,15,0,0,13.64284,-12.092388,16.49789,-10.581671,14,-5,14,-5,14,-5,3380.4833535488533,3329.372698344873,0,0,0,7337.8862069710885,7385.667044194407,0,0,0,182.3897,245.7519,430,430,430
2014,6,14,14,0,16.611005,-17.760347,16.182423,-13.825781,14,-5,14,-5,14,-5,3380.2214864645453,3497.540209830585,0,0,0,7515.35514893537,7528.794760225878,0,0,0,65.123,136.3085,430,430,430
2004,8,19,3,0,17.083099,-14.331507,14.325781,-10.73788,14,-5,14,-5,14,-5,3342.638120153919,3307.7915483776533,0,0,0,7465.566621247527,7532.697279381882,0,0,0,139.4023,227.2664,430,430,430
2005,8,10,20,0,14.45048,-16.503082,15.448891,-17.889227,14,-5,14,-5,14,-5,3445.8333668524474,3371.3504364423216,0,0,0,7511.601600429405,7476.311165329857,0,0,0,32.28,27.7308,430,430,430
2010,7,18,8,0,13.040733,-11.530524,14.609003,-16.785724,14,-5,14,-5,14,-5,3371.1979214514436,3556.062319011399,0,0,0,7558.883082633121,7420.751946949617,0,0,0,204.8048,22.2036,430,430,430
2017,8,27,10,0,12.638838,-10.385815,10.243078,-11.774612,14,-5,14,-5,14,-5,3340.6364562275307,3355.837230875448,0,0,0,7393.18246385246,7547.494594212386,0,0,0,247.1214,241.2302,430,430,430
2012,6,29,12,0,11.451071,-16.290745,15.22077,-16.847264,14,-5,14,-5,14,-5,3279.338412661752,3550.097393177149,0,0,0,7329.606017624723,7419.758672929123,0,0,0,117.8813,28.4253,430,430,430
2010,8,10,22,0,13.048058,-14.754124,15.271723,-13.905419,14,-5,14,-5,14,-5,3378.183712285036,3392.9995629066784,0,0,0,7405.880643289929,7512.6729291966,0,0,0,103.1746,122.8088,430,430,430
2008,7,30,2,0,13.860681,-13.807826,16.450287,-11.564871,14,-5,14,-5,14,-5,3315.589444895129,3487.9004080770314,0,0,0,7466.988836486,7579.155443969602,0,0,0,123.2234,213.5064,430,430,430
2013,6,18,7,0,11.181603,-10.052371,10.542142,-10.033474,14,-5,14,-5,14,-5,3553.4544040289197,3336.0354311340725,0,0,0,7458.080452899293,7404.045927939928,0,0,0,274.1478,285.0474,430,430,430
2013,6,20,7,0,10.987598,-17.504566,15.632284,-10.312163,14,-5,14,-5,14,-5,3479.2823830424277,3322.021324134018,0,0,0,7610.207614076853,7344.031800869716,0,0,0,131.5485,247.4874,430,430,430
2005,7,30,9,0,15.697208,-12.695349,11.0694,-16.557239,14,-5,14,-5,14,-5,3470.5227444441557,3310.4197321343413,0,0,0,7413.062543661154,7367.2539595891585,0,0,0,166.9281,129.5531,430,430,430
2009,8,10,12,0,11.253727,-17.276212,17.774929,-13.921111,14,-5,14,-5,14,-5,3338.897712311913,3556.6240372583584,0,0,0,7465.368804522714,7454.1529009827445,0,0,0,121.0661,166.0663,430,430,430
2017,6,26,13,0,13.60702,-15.362392,13.948096,-16.851192,14,-5,14,-5,14,-5,3404.4184552722945,3423.058666695923,0,0,0,7568.406801012772,7386.011935103712,0,0,0,77.026,31.6228,430,430,430
2006,8,9,20,0,11.207362,-11.477291,11.690255,-17.307661,14,-5,14,-5,14,-5,3509.305709864553,3337.1467737380644,0,0,0,7304.549836018941,7522.370325638391,0,0,0,230.3411,106.0754,430,430,430
2004,6,25,0,0,13.098059,-10.852773,13.429146,-11.869568,14,-5,14,-5,14,-5,3306.254267360595,3381.9224264094714,0,0,0,7359.6220867020575,7500.444804065559,0,0,0,227.2664,190.9057,430,430,430
2014,8,2,10,0,17.962123,-17.839497,10.865586,-12.442059,14,-5,14,-5,14,-5,3310.3948767787606,3318.1484585602034,0,0,0,7357.173224077172,7432.462432635336,0,0,0,111.0045,209.4684,430,430,430
2010,7,7,4,0,17.125312,-14.060189,10.562144,-17.292501,14,-5,14,-5,14,-5,3536.36139293497,3484.1898620493716,0,0,0,7475.208386682219,7514.486611639342,0,0,0,147.8716,146.1232,430,430,430
2009,8,8,14,0,10.849665,-16.389929,17.018912,-10.45422,14,-5,14,-5,14,-5,3412.050113867982,3413.637901701946,0,0,0,7371.868316029113,7567.399340504072,0,0,0,137.2953,256.784,430,430,430
2016,6,23,20,0,11.085089,-11.130184,16.057266,-12.510627,14,-5,14,-5,14,-5,3363.2536889743114,3432.6881095152,0,0,0,7524.347479538744,7587.052202205063,0,0,0,242.6706,176.9209,430,430,430
2008,7,29,0,0,16.851147,-16.152978,14.154704,-15.253332,14,-5,14,-5,14,-5,3543.925996677977,3518.5130815986618,0,0,0,7559.717352926583,7545.122713040137,0,0,0,90.1388,74.2159,430,430,430
2014,6,27,6,0,15.270183,-15.737678,14.019731,-15.57378,14,-5,14,-5,14,-5,3398.7125981744302,3509.025669653562,0,0,0,7304.607546666744,7410.463201709861,0,0,0,62.2977,65.192,430,430,430
2009,6,2,21,0,14.420235,-16.710983,14.548392,-14.114321,14,-5,14,-5,14,-5,3435.5515044237377,3563.6909256217273,0,0,0,7474.299535466266,7543.617676301655,0,0,0,26.0,112.0714,430,430,430
2013,6,7,14,0,11.020156,-13.650463,11.603925,-12.638713,14,-5,14,-5,14,-5,3156.6634009100626,3373.839180500739,0,0,0,7452.651703045038,7353.829401918513,0,0,0,175.4537,189.1692,430,430,430
2008,6,15,10,0,14.464898,-16.140973,14.124708,-15.480064,14,-5,14,-5,14,-5,3519.255494230249,3296.4201992796243,0,0,0,7585.914479518008,7284.222142278631,0,0,0,43.7379,66.7608,430,430,430
2012,8,1,2,0,16.77274,-14.42099,10.800682,-10.787263,14,-5,14,-5,14,-5,3372.575535827414,3370.0550590857465,0,0,0,7487.907671498429,7511.672275975542,0,0,0,129.7998,257.2664,430,430,430
2018,8,4,5,0,16.848706,-15.709361,12.072118,-17.469029,14,-5,14,-5,14,-5,3467.9360169232973,3342.3912954420493,0,0,0,7517.874248134763,7598.684570979521,0,0,0,98.4937,93.3435,430,430,430
2011,8,3,17,0,12.541053,-17.585256,17.553507,-12.262262,14,-5,14,-5,14,-5,3606.8857747623615,3449.573935093755,0,0,0,7479.396335931005,7370.360925400667,0,0,0,76.7919,208.5402,430,430,430
2007,8,27,1,0,14.429274,-15.122042,11.273458,-14.536336,14,-5,14,-5,14,-5,3437.4628618759875,3431.4318069361643,0,0,0,7282.283855571358,7446.508483405041,0,0,0,77.4145,150.0,430,430,430
2007,7,25,3,0,12.234897,-10.311699,10.785057,-14.744036,14,-5,14,-5,14,-5,3288.4940723567415,3491.7006574464303,0,0,0,7627.859737191508,7537.729963166129,0,0,0,252.3886,159.154,430,430,430
2008,6,8,5,0,10.067012,-13.455529,14.612878,-16.902846,14,-5,14,-5,14,-5,3445.388918645734,3334.1458676683515,0,0,0,7474.539630368624,7579.438644617142,0,0,0,204.6192,18.2483,430,430,430
2016,8,1,19,0,15.377749,-16.85701,14.073852,-15.049904,14,-5,14,-5,14,-5,3445.0475570231742,3531.390952893781,0,0,0,7510.377236138168,7661.547312998331,0,0,0,31.8277,81.7435,430,430,430
2006,7,22,14,0,11.992859,-16.909743,10.954329,-17.580895,14,-5,14,-5,14,-5,3474.1349981810968,3416.7994135955837,0,0,0,7300.422368852744,7207.765877369361,0,0,0,95.5249,132.8495,430,430,430
2004,7,11,20,0,13.479195,-11.834357,16.807313,-13.029739,14,-5,14,-5,14,-5,3462.1758391179133,3525.666969307075,0,0,0,7436.07489433881,7395.270308036219,0,0,0,192.4188,171.7586,430,430,430
2016,7,10,2,0,13.039102,-12.560712,12.510124,-12.186896,14,-5,14,-5,14,-5,3460.529165084663,3521.8888205870203,0,0,0,7404.400459307591,7461.557242849907,0,0,0,170.4611,189.4756,430,430,430
2015,6,22,8,0,17.315866,-17.240836,15.319816,-15.145018,14,-5,14,-5,14,-5,3367.355588656381,3530.34343048742,0,0,0,7469.600649759609,7409.09620299287,0,0,0,90.4268,82.0061,430,430,430
2018,6,24,2,0,16.098327,-10.439954,11.789938,-17.541974,14,-5,14,-5,14,-5,3397.487253415035,3367.4829563237845,0,0,0,7550.363179566937,7245.575196414068,0,0,0,246.3372,103.5857,430,430,430
2005,6,14,13,0,15.142415,-17.289783,15.343507,-13.142229,14,-5,14,-5,14,-5,3580.873684431651,3401.022793821797,0,0,0,7557.672723086739,7377.953894911119,0,0,0,16.5529,148.9463,430,430,430
2011,6,3,22,0,10.156799,-14.849653,13.676058,-17.830912,14,-5,14,-5,14,-5,3407.9758921028465,3543.5789238071106,0,0,0,7644.341523488983,7390.93543819365,0,0,0,177.1327,39.3954,430,430,430
2015,7,15,21,0,12.989527,-13.475463,10.071001,-16.697237,14,-5,14,-5,14,-5,3218.093474967183,3275.099545506033,0,0,0,7312.22261222697,7329.38133965826,0,0,0,142.762,163.5176,430,430,430
2004,7,23,14,0,17.185054,-15.156533,12.478028,-13.342747,14,-5,14,-5,14,-5,3514.16811851773,3478.5739289802723,0,0,0,7530.741078268439,7590.5160159343295,0,0,0,120.9339,153.6815,430,430,430
2018,7,22,1,0,14.177317,-10.940354,12.178756,-15.60144,14,-5,14,-5,14,-5,3496.0734872430053,3367.945250621891,0,0,0,7359.56903580783,7533.054250411406,0,0,0,220.5108,103.7738,430,430,430
2005,6,27,5,0,12.467094,-17.191966,12.360174,-12.168762,14,-5,14,-5,14,-5,3284.7175499489294,3406.8819114072494,0,0,0,7399.07797649334,7433.831739190369,0,0,0,79.0253,191.5098,430,430,430
2014,8,27,12,0,12.735031,-15.711455,17.650781,-10.004167,14,-5,14,-5,14,-5,3270.1633744137703,3541.7464793465037,0,0,0,7520.363631427877,7586.508384062434,0,0,0,86.2148,280.0286,430,430,430
2005,6,22,21,0,12.698815,-14.199028,16.637197,-17.204759,14,-5,14,-5,14,-5,3512.6953097709275,3381.824003740617,0,0,0,7384.301152616814,7381.091202319066,0,0,0,124.8079,67.6831,430,430,430
2017,8,27,9,0,14.064917,-11.329307,16.160984,-11.471997,14,-5,14,-5,14,-5,3603.137224408863,3580.110145600804,0,0,0,7426.847889387171,7498.343304262043,0,0,0,206.9686,212.7087,430,430,430
2007,6,23,9,0,10.4124,-12.54941,17.706349,-12.39242,14,-5,14,-5,14,-5,3339.4103133560398,3406.1745427189367,0,0,0,7419.968467295646,7493.404746931452,0,0,0,217.1382,207.5235,430,430,430
2005,7,26,2,0,13.278772,-16.343675,17.648181,-14.751911,14,-5,14,-5,14,-5,3287.656594846636,3184.749272722553,0,0,0,7428.482313766064,7376.728462802433,0,0,0,59.9083,142.8636,430,430,430
2017,8,14,5,0,15.735041,-12.621349,16.737097,-10.474077,14,-5,14,-5,14,-5,3494.9745166338253,3521.6783903400255,0,0,0,7379.843154537713,7622.448601372868,0,0,0,170.2939,252.7706,430,430,430
2014,8,21,16,0,13.758409,-17.138268,14.533483,-10.161784,14,-5,14,-5,14,-5,3388.3481293841037,3449.6164456312326,0,0,0,7462.504640953677,7347.5655793642645,0,0,0,33.9559,248.0181,430,430,430
2009,8,8,3,0,13.471318,-11.455725,13.497997,-11.515726,14,-5,14,-5,14,-5,3296.576394402251,3551.7655768160166,0,0,0,7413.880096167644,7582.718192529439,0,0,0,205.139,202.9803,430,430,430
2011,7,20,8,0,11.836868,-14.712175,15.847609,-12.901485,14,-5,14,-5,14,-5,3386.269907760422,3576.8519669029397,0,0,0,7511.42868398476,7539.510817084088,0,0,0,131.244,161.2979,430,430,430
2013,8,30,6,0,16.153141,-10.350208,13.008053,-10.834389,14,-5,14,-5,14,-5,3531.240397572911,3405.510725574465,0,0,0,7507.142608849571,7437.789295664822,0,0,0,250.6671,229.2008,430,430,430
2014,6,19,22,0,11.667844,-17.494428,11.915373,-11.758406,14,-5,14,-5,14,-5,3529.518697437739,3422.0270968299465,0,0,0,7339.208657147891,7638.610583558845,0,0,0,107.4663,210.2023,430,430,430
2009,8,13,12,0,13.008604,-13.34813,11.933617,-14.491563,14,-5,14,-5,14,-5,3490.8866647406585,3316.1740968259674,0,0,0,7411.484531001563,7439.966571435786,0,0,0,146.0137,132.9662,430,430,430
2015,7,10,17,0,11.443618,-15.015036,16.911467,-11.152051,14,-5,14,-5,14,-5,3399.0445156688365,3416.9267056565645,0,0,0,7484.293503462434,7551.537509987651,0,0,0,135.3699,232.8132,430,430,430
2016,7,7,22,0,17.520636,-14.75408,17.858482,-14.139168,14,-5,14,-5,14,-5,3504.9772778009424,3494.1595510559023,0,0,0,7396.418808949585,7466.530386069447,0,0,0,139.3018,162.7882,430,430,430
2018,8,3,6,0,17.016966,-14.728966,12.558186,-12.860251,14,-5,14,-5,14,-5,3684.028867968729,3586.559843100641,0,0,0,7418.779082368241,7370.570843016621,0,0,0,127.1417,166.8203,430,430,430
2010,8,14,21,0,15.674924,-12.061225,14.836117,-11.132468,14,-5,14,-5,14,-5,3313.348081930698,3497.185687490094,0,0,0,7440.725442979453,7528.433562191108,0,0,0,188.4702,215.1139,430,430,430
2017,6,6,17,0,15.199255,-15.836113,16.867799,-16.5534,14,-5,14,-5,14,-5,3475.6957017745726,3298.352281578997,0,0,0,7466.236175704338,7551.315184943018,0,0,0,57.8705,83.6301,430,430,430
2013,7,13,17,0,14.301641,-14.904561,14.956682,-13.61131,14,-5,14,-5,14,-5,3475.742791138759,3527.0025408501874,0,0,0,7424.905007496245,7587.389492175664,0,0,0,85.0,130.384,430,430,430
2015,8,19,18,0,13.711152,-11.388441,13.207983,-13.043974,14,-5,14,-5,14,-5,3399.98695633345,3538.851380098875,0,0,0,7584.3153540824715,7405.17133245144,0,0,0,206.4946,153.3786,430,430,430
2013,6,26,21,0,14.005673,-13.992884,14.871225,-10.037078,14,-5,14,-5,14,-5,3291.6488942703177,3281.3658891572254,0,0,0,7365.747945442271,7523.057610552604,0,0,0,116.297,253.16,430,430,430
2016,6,22,20,0,11.983596,-12.092533,17.440351,-13.324703,14,-5,14,-5,14,-5,3370.694219927431,3416.721625605287,0,0,0,7470.206398530861,7584.767633673355,0,0,0,199.5294,174.7341,430,430,430
2017,6,25,21,0,17.045177,-12.463527,12.811346,-11.434404,14,-5,14,-5,14,-5,3352.901410719566,3504.763179195414,0,0,0,7419.868789574608,7353.034935948315,0,0,0,192.7823,209.9905,430,430,430
2011,6,26,2,0,11.89668,-10.626451,17.350791,-12.963754,14,-5,14,-5,14,-5,3513.6373389826454,3542.598509165715,0,0,0,7652.159989040192,7578.733733991677,0,0,0,246.465,183.3385,430,430,430
2005,7,17,5,0,14.097785,-15.601188,13.608497,-12.262851,14,-5,14,-5,14,-5,3398.424615898164,3520.0271122482545,0,0,0,7520.883037850783,7631.085942869114,0,0,0,63.5689,176.706,430,430,430
2010,8,13,13,0,12.317686,-16.329247,12.532295,-13.414123,14,-5,14,-5,14,-5,3213.7410825299703,3420.0834015571413,0,0,0,7384.253607865394,7458.773158725069,0,0,0,88.6002,150.9503,430,430,430
2007,6,12,20,0,13.70021,-13.979051,13.897932,-11.766182,14,-5,14,-5,14,-5,3368.0612068031137,3337.1810793127643,0,0,0,7426.433968618035,7486.277351247716,0,0,0,118.6802,192.7615,430,430,430
2005,8,18,12,0,13.121087,-11.851719,16.891746,-16.772396,14,-5,14,-5,14,-5,3323.3355690154267,3298.9061097237122,0,0,0,7489.123633030972,7580.1242585371,0,0,0,193.4037,80.7775,430,430,430
2015,7,20,21,0,14.922836,-13.894148,17.914125,-17.337398,14,-5,14,-5,14,-5,3371.850222707837,3371.9831580900623,0,0,0,7488.873794129203,7496.789102527126,0,0,0,120.337,111.018,430,430,430
2007,8,22,3,0,15.691759,-15.814765,17.959531,-15.162177,14,-5,14,-5,14,-5,3434.0248928022847,3399.325710755899,0,0,0,7316.017099362217,7474.759817751388,0,0,0,67.7422,142.6114,430,430,430
2010,7,14,9,0,10.709003,-10.133997,13.833944,-14.142664,14,-5,14,-5,14,-5,3502.0976389733455,3552.618363994215,0,0,0,7474.7613187158,7458.247996693221,0,0,0,278.5821,112.7918,430,430,430
2010,8,2,21,0,14.212363,-10.455405,13.925631,-17.758957,14,-5,14,-5,14,-5,3408.0555422746306,3286.156305201482,0,0,0,7363.891577184501,7490.644556631328,0,0,0,237.4742,29.9666,430,430,430
2011,6,1,6,0,17.483763,-12.02176,15.843292,-17.157751,14,-5,14,-5,14,-5,3560.501881319957,3493.9975973477676,0,0,0,7454.7454015632875,7464.597543521201,0,0,0,214.6742,41.4367,430,430,430
2018,8,7,5,0,16.124821,-12.336968,17.380305,-13.927429,14,-5,14,-5,14,-5,3455.59545825633,3616.3325387715145,0,0,0,7472.873265293512,7387.110861519224,0,0,0,183.2403,156.6046,430,430,430
2018,8,11,1,0,15.69688,-11.031613,13.445295,-14.10297,14,-5,14,-5,14,-5,3434.315028832393,3451.898611903494,0,0,0,7437.848869435215,7423.086679096243,0,0,0,223.0897,117.1751,430,430,430
2005,6,6,9,0,10.977854,-16.479871,14.797924,-15.615379,14,-5,14,-5,14,-5,3433.8491166232443,3607.3700966768856,0,0,0,7482.683306889195,7492.074525294352,0,0,0,132.8345,62.1289,430,430,430
2006,6,2,12,0,11.461467,-13.975778,17.605357,-16.139359,14,-5,14,-5,14,-5,3496.3672525729144,3451.92779344234,0,0,0,7424.180616671829,7665.04123687364,0,0,0,157.0032,113.1769,430,430,430
2014,8,21,21,0,15.912656,-11.906629,16.128452,-10.604034,14,-5,14,-5,14,-5,3192.649221455352,3408.4044066637857,0,0,0,7609.877549659579,7460.62359546759,0,0,0,195.0282,241.6609,430,430,430
2009,7,8,2,0,12.58247,-12.568457,11.37456,-12.323408,14,-5,14,-5,14,-5,3354.0578727466036,3389.943159391442,0,0,0,7396.873175226385,7465.215734636805,0,0,0,175.8664,201.9431,430,430,430
2005,7,5,12,0,13.914587,-14.46463,15.172606,-14.172531,14,-5,14,-5,14,-5,3322.0126126648556,3430.1633830393757,0,0,0,7467.761659914357,7463.243586966316,0,0,0,101.3903,112.2943,430,430,430
2014,6,23,10,0,16.247869,-13.489724,16.793283,-15.3401,14,-5,14,-5,14,-5,3447.1223015367023,3404.322470457578,0,0,0,7530.5513832859,7471.382056149572,0,0,0,147.6279,106.1037,430,430,430
2014,8,16,6,0,15.501107,-15.517393,15.286364,-15.164203,14,-5,14,-5,14,-5,3429.141520033497,3413.851322636816,0,0,0,7517.873963748317,7379.348473187204,0,0,0,72.6154,80.7775,430,430,430
2015,7,13,19,0,10.4905,-14.448732,15.666607,-15.940651,14,-5,14,-5,14,-5,3476.9399613274504,3463.414762929372,0,0,0,7452.604219364715,7498.153984820515,0,0,0,173.7383,62.9682,430,430,430
2014,7,11,7,0,14.946904,-17.026998,15.098594,-17.533666,14,-5,14,-5,14,-5,3436.7425233741424,3331.8427491057478,0,0,0,7411.129701009212,7552.566032029186,0,0,0,17.0,13.0384,430,430,430
2011,8,30,18,0,10.380993,-13.904444,12.39452,-15.228511,14,-5,14,-5,14,-5,3394.8072067807866,3319.284506692113,0,0,0,7483.565335797542,7334.479988540976,0,0,0,186.8181,104.9952,430,430,430
2004,7,7,6,0,15.193739,-10.408894,14.129935,-12.291652,14,-5,14,-5,14,-5,3374.627867841977,3439.9317348703157,0,0,0,7522.653396577468,7411.429124918724,0,0,0,241.8285,173.9339,430,430,430
2010,6,18,18,0,14.68929,-14.840513,15.374532,-16.102635,14,-5,14,-5,14,-5,3357.501910711609,3284.308738475597,0,0,0,7596.197435495074,7359.633955553077,0,0,0,87.0,52.3259,430,430,430
2012,8,5,21,0,16.785673,-15.660215,10.965251,-14.550526,14,-5,14,-5,14,-5,3351.227051117565,3583.4005908488493,0,0,0,7215.667728718402,7543.858344628856,0,0,0,98.4124,157.8132,430,430,430
2017,7,28,11,0,12.175612,-15.81019,15.137621,-14.400701,14,-5,14,-5,14,-5,3367.223840248591,3529.3345748516804,0,0,0,7432.852450414193,7495.2139710108,0,0,0,100.2397,105.2236,430,430,430
2010,6,25,5,0,17.267878,-11.796823,12.7129,-12.370075,14,-5,14,-5,14,-5,3517.951529362829,3461.3373451906386,0,0,0,7577.238074892938,7450.444855800128,0,0,0,217.9105,180.3136,430,430,430
2011,8,4,16,0,11.912949,-16.358711,15.471749,-14.666438,14,-5,14,-5,14,-5,3321.0101895580337,3427.1885914668433,0,0,0,7522.70630010231,7536.465668750085,0,0,0,102.2008,100.0,430,430,430
2010,7,22,13,0,11.561692,-14.877363,10.788187,-15.419645,14,-5,14,-5,14,-5,3142.385630126509,3517.029499619447,0,0,0,7547.627125561662,7528.756083037332,0,0,0,134.8481,148.7716,430,430,430
2012,7,1,13,0,17.115825,-10.461825,15.259766,-16.43497,14,-5,14,-5,14,-5,3459.9348096800877,3396.1992894978425,0,0,0,7492.825739437711,7418.308503668171,0,0,0,257.7693,40.7063,430,430,430
2009,7,24,21,0,14.20543,-15.513527,14.442787,-13.715762,14,-5,14,-5,14,-5,3570.1670601306246,3391.761996340347,0,0,0,7444.01870803887,7631.629563375894,0,0,0,65.2534,125.2557,430,430,430
2014,6,22,1,0,13.720903,-11.857083,17.095576,-11.361525,14,-5,14,-5,14,-5,3296.9286223630606,3465.9660676286744,0,0,0,7404.497878758724,7372.357830675536,0,0,0,189.7182,228.4053,430,430,430
2017,7,12,5,0,17.670745,-10.711488,10.957398,-17.084251,14,-5,14,-5,14,-5,3466.112868615543,3512.223113419035,0,0,0,7503.231514343694,7333.135733840655,0,0,0,258.3041,132.0152,430,430,430
2010,8,5,0,0,17.97572,-17.679933,16.87651,-14.27596,14,-5,14,-5,14,-5,3234.7296736333383,3422.0759129161725,0,0,0,7354.915711386967,7535.264638753178,0,0,0,112.0714,136.18,430,430,430
2018,7,19,8,0,12.311987,-12.133888,13.77754,-15.07173,14,-5,14,-5,14,-5,3202.5114918706313,3326.782836820663,0,0,0,7459.485688681158,7327.309233464067,0,0,0,193.2589,83.006,430,430,430
2008,7,3,18,0,10.589945,-11.430358,13.904135,-11.943503,14,-5,14,-5,14,-5,3337.3131636632925,3380.100438602239,0,0,0,7391.683101826141,7377.966279169258,0,0,0,243.4297,186.8181,430,430,430
2017,6,8,13,0,12.968625,-15.843961,15.876757,-11.227484,14,-5,14,-5,14,-5,3409.6248770902084,3350.8295557751535,0,0,0,7481.430601047213,7436.764138688347,0,0,0,77.4661,218.2773,430,430,430
2011,6,12,19,0,16.185278,-17.221895,12.503078,-17.565621,14,-5,14,-5,14,-5,3393.716402124282,3534.0305712163395,0,0,0,7579.074749528575,7494.823102347425,0,0,0,52.6308,77.6466,430,430,430
2015,6,9,10,0,17.971343,-16.57841,12.969848,-15.128539,14,-5,14,-5,14,-5,3525.4659744488845,3401.0994912962756,0,0,0,7589.055236687548,7511.39368417336,0,0,0,118.9285,93.8616,430,430,430
2016,6,16,5,0,11.913448,-16.447004,15.777255,-10.029201,14,-5,14,-5,14,-5,3560.6095718358893,3298.526927777281,0,0,0,7479.252578747494,7538.506557482939,0,0,0,101.3903,258.1182,430,430,430
2009,8,30,17,0,15.263048,-16.482875,16.3684,-12.934809,14,-5,14,-5,14,-5,3473.3493951719706,3369.194502231534,0,0,0,7603.12128059883,7425.979164700028,0,0,0,38.9487,167.72,430,430,430
2008,6,29,0,0,10.479797,-14.390104,13.185245,-14.340098,14,-5,14,-5,14,-5,3534.2269994328753,3219.017753526511,0,0,0,7511.798246237296,7505.088211516529,0,0,0,174.7942,113.6002,430,430,430
2012,6,1,0,0,11.386363,-13.558718,15.404606,-11.388577,14,-5,14,-5,14,-5,3402.498442038089,3572.3083622403133,0,0,0,7652.950157250559,7452.538415086102,0,0,0,169.1183,208.7534,430,430,430
2006,8,13,22,0,16.031803,-17.69547,16.360909,-12.768546,14,-5,14,-5,14,-5,3262.2299310473195,3516.352688349332,0,0,0,7431.696552695136,7445.893060321441,0,0,0,45.0999,172.7542,430,430,430
2011,6,21,8,0,14.839946,-17.993607,10.104918,-16.823161,14,-5,14,-5,14,-5,3470.420612265285,3285.824003084831,0,0,0,7394.310775961456,7479.075589044705,0,0,0,17.4642,162.2498,430,430,430
2015,6,1,8,0,12.124991,-17.516044,12.062925,-16.167509,14,-5,14,-5,14,-5,3585.50143610395,3446.955529367084,0,0,0,7522.903899448446,7537.309319655228,0,0,0,90.5539,98.7927,430,430,430
2009,8,2,18,0,16.59267,-16.385164,17.048739,-16.285084,14,-5,14,-5,14,-5,3421.173166945453,3413.2505539035838,0,0,0,7415.154956440485,7405.607492340399,0,0,0,77.3886,93.6483,430,430,430
2009,7,17,6,0,10.72998,-12.033554,14.03472,-13.310384,14,-5,14,-5,14,-5,3387.4358142008014,3634.835224420494,0,0,0,7348.581575358086,7544.551350781854,0,0,0,222.8654,139.7426,430,430,430
2005,7,26,21,0,12.913249,-13.573968,16.502758,-16.879414,14,-5,14,-5,14,-5,3514.6579345562554,3448.494825449255,0,0,0,7561.943995790902,7457.410896871139,0,0,0,139.9893,66.8506,430,430,430
2016,8,10,9,0,12.141001,-12.083612,12.190369,-13.225108,14,-5,14,-5,14,-5,3602.975185354045,3304.506723207133,0,0,0,7461.4343476754275,7446.421016776617,0,0,0,196.774,162.2899,430,430,430
2011,6,29,6,0,12.70898,-17.42717,13.988775,-12.28407,14,-5,14,-5,14,-5,3396.8339848837063,3309.7002990345586,0,0,0,7374.7129930893825,7444.7320335238,0,0,0,70.1783,174.5222,430,430,430
2004,8,17,13,0,17.925074,-15.550686,13.454552,-13.614532,14,-5,14,-5,14,-5,3308.9601787955917,3559.872700683815,0,0,0,7600.262519281542,7488.014853899117,0,0,0,133.4054,132.8157,430,430,430
2014,6,29,7,0,14.738231,-17.136525,15.774424,-15.697481,14,-5,14,-5,14,-5,3541.7182912519784,3359.0363494777557,0,0,0,7586.943214493556,7506.629353193175,0,0,0,11.0454,72.7186,430,430,430
2014,8,8,6,0,15.681564,-15.880661,12.634334,-16.768486,14,-5,14,-5,14,-5,3461.6912119188432,3368.222134089139,0,0,0,7368.504212885113,7339.160165991789,0,0,0,64.6607,73.9797,430,430,430
2018,6,13,4,0,12.44589,-11.859251,14.590784,-10.226318,14,-5,14,-5,14,-5,3498.7004836504952,3504.461245843514,0,0,0,7498.175962630114,7461.269242582103,0,0,0,200.3846,246.002,430,430,430
2015,6,30,18,0,15.534795,-14.069102,13.351631,-10.376973,14,-5,14,-5,14,-5,3281.9942214439534,3412.231959302829,0,0,0,7393.546139315514,7494.039105409275,0,0,0,119.8165,242.0331,430,430,430
2007,8,22,7,0,11.15378,-13.830318,17.113196,-12.205471,14,-5,14,-5,14,-5,3358.2403659891743,3444.8793401804874,0,0,0,7582.809777033892,7339.6873991154,0,0,0,168.4399,201.7771,430,430,430
2008,7,4,21,0,15.219418,-13.414313,11.480662,-13.088953,14,-5,14,-5,14,-5,3488.5886837068037,3409.0394196853326,0,0,0,7525.6550274776455,7458.985650872505,0,0,0,138.4522,178.6645,430,430,430
2009,6,20,15,0,10.615602,-12.655244,11.851838,-16.210092,14,-5,14,-5,14,-5,3535.2845753428237,3520.2526286592574,0,0,0,7433.771320379762,7501.717080486987,0,0,0,209.423,105.622,430,430,430
2014,8,8,12,0,10.634525,-13.767575,12.337658,-13.722045,14,-5,14,-5,14,-5,3311.345240279944,3399.5056216769804,0,0,0,7432.598884447652,7493.035682634122,0,0,0,182.7266,145.341,430,430,430
2011,7,7,5,0,13.973116,-14.49029,13.277337,-15.915112,14,-5,14,-5,14,-5,3427.1381067723196,3469.4943365466147,0,0,0,7459.7447420356975,7480.453427229273,0,0,0,99.925,67.897,430,430,430
2011,6,4,3,0,10.714999,-11.546507,11.252603,-10.688591,14,-5,14,-5,14,-5,3408.8217611330747,3497.825892881233,0,0,0,7419.364927970352,7420.677350056123,0,0,0,237.8445,253.6474,430,430,430
2008,6,4,12,0,13.573323,-14.404793,10.654355,-12.428053,14,-5,14,-5,14,-5,3560.2676779518883,3376.7055841351153,0,0,0,7400.4445167514505,7441.244793995329,0,0,0,106.0424,214.7673,430,430,430
2007,7,19,5,0,11.652577,-17.234375,15.776086,-14.850759,14,-5,14,-5,14,-5,3387.554730539566,3567.1357244539695,0,0,0,7430.503971260374,7651.370459144578,0,0,0,107.0187,97.6934,430,430,430
2013,6,5,21,0,14.728905,-13.897883,10.19834,-11.897643,14,-5,14,-5,14,-5,3558.0337560236344,3218.5400311198446,0,0,0,7485.967485850725,7460.268926164042,0,0,0,120.0167,238.0966,430,430,430
2007,6,7,11,0,12.126094,-10.169385,17.589488,-12.19464,14,-5,14,-5,14,-5,3303.1274609276265,3344.5579897820344,0,0,0,7536.891094022421,7391.078698570867,0,0,0,258.4434,210.7748,430,430,430
2011,7,27,19,0,15.80404,-17.593402,14.752529,-12.262987,14,-5,14,-5,14,-5,3390.927928679111,3436.662330591863,0,0,0,7487.042329123072,7467.100425713537,0,0,0,37.0135,176.0454,430,430,430
2005,7,4,8,0,10.334984,-14.113213,17.894594,-17.617389,14,-5,14,-5,14,-5,3314.745589483871,3462.107357923897,0,0,0,7405.910784717422,7360.82958963609,0,0,0,183.8831,109.165,430,430,430
2016,6,21,20,0,14.630816,-17.427525,12.241134,-12.385425,14,-5,14,-5,14,-5,3320.582834520462,3420.698144559576,0,0,0,7474.717356435546,7385.891504514385,0,0,0,3.1623,186.4966,430,430,430
2017,8,8,21,0,11.298576,-14.061708,17.636366,-13.285159,14,-5,14,-5,14,-5,3343.015128277261,3203.1168916395195,0,0,0,7401.123466326856,7443.975840534709,0,0,0,159.3644,180.3136,430,430,430
2004,8,9,12,0,14.853015,-11.056108,17.492383,-16.846716,14,-5,14,-5,14,-5,3372.5096243744497,3251.1607497453997,0,0,0,7447.684419430699,7557.802313097432,0,0,0,217.1474,100.5783,430,430,430
2011,6,27,15,0,12.216058,-16.997425,17.077766,-11.386098,14,-5,14,-5,14,-5,3432.109757700068,3557.127750665602,0,0,0,7579.300633140254,7496.80827907976,0,0,0,87.367,227.4775,430,430,430
2014,6,15,11,0,17.962871,-11.489043,10.953166,-10.547706,14,-5,14,-5,14,-5,3491.308287799785,3331.2085017501354,0,0,0,7326.681975696059,7376.946738764353,0,0,0,238.9477,262.4576,430,430,430
2009,7,1,4,0,10.055894,-13.69283,16.260012,-10.889046,14,-5,14,-5,14,-5,3254.133862596448,3373.732441070767,0,0,0,7499.970295887714,7439.316911105155,0,0,0,200.0625,232.8347,430,430,430
2010,6,19,5,0,12.443005,-12.84258,10.999355,-13.131326,14,-5,14,-5,14,-5,3390.790143980357,3292.6311356025076,0,0,0,7614.151811194244,7444.985506082602,0,0,0,169.068,188.9047,430,430,430
2016,7,24,17,0,11.515988,-14.487473,17.763301,-17.455258,14,-5,14,-5,14,-5,3334.2704281926135,3557.028280447677,0,0,0,7394.665460308212,7451.501031493669,0,0,0,144.17,104.5801,430,430,430
2004,8,17,2,0,11.641383,-13.939424,11.124001,-10.530093,14,-5,14,-5,14,-5,3397.8667438396983,3584.91738736355,0,0,0,7465.525483900778,7318.7134902009475,0,0,0,153.4829,259.9423,430,430,430
2008,7,23,0,0,14.852363,-14.307748,16.412017,-12.410342,14,-5,14,-5,14,-5,3375.7546376708337,3228.2616522408516,0,0,0,7612.555484092737,7692.57722547008,0,0,0,106.1697,185.3267,430,430,430
2017,8,15,11,0,15.956459,-15.39869,11.427606,-17.885188,14,-5,14,-5,14,-5,3279.1348683688507,3459.4302959121815,0,0,0,7333.452646292704,7320.184237687213,0,0,0,84.3801,118.4567,430,430,430
2009,7,8,2,0,10.856398,-15.815586,14.932174,-10.419366,14,-5,14,-5,14,-5,3374.952410893242,3366.3636764411926,0,0,0,7438.7840737805955,7451.437489640379,0,0,0,142.3025,240.252,430,430,430
2010,8,30,9,0,17.251779,-10.279248,12.700969,-12.748775,14,-5,14,-5,14,-5,3468.0571289031377,3481.24257383638,0,0,0,7366.066593832165,7389.818546663206,0,0,0,265.1075,168.3449,430,430,430
2010,6,5,0,0,12.331646,-16.793046,10.295457,-13.21629,14,-5,14,-5,14,-5,3349.9858797024567,3589.619059052732,0,0,0,7394.629167250297,7430.566485920476,0,0,0,84.3445,203.4822,430,430,430
2013,8,19,9,0,10.221858,-14.942102,17.626007,-16.222412,14,-5,14,-5,14,-5,3471.460589161569,3477.249529155951,0,0,0,7449.17701232479,7548.452273379097,0,0,0,173.1416,113.1459,430,430,430
2018,6,27,3,0,12.441009,-11.445442,14.627759,-17.779063,14,-5,14,-5,14,-5,3414.2451524182693,3600.3705694467917,0,0,0,7410.231608095107,7452.892831729199,0,0,0,213.3776,11.4018,430,430,430
2004,6,22,19,0,17.635102,-15.502889,11.472583,-17.868243,14,-5,14,-5,14,-5,3513.964948297861,3414.2494583092466,0,0,0,7452.677750951895,7500.74409348891,0,0,0,126.0159,116.297,430,430,430
2006,6,19,14,0,14.192488,-16.664346,16.503536,-17.97733,14,-5,14,-5,14,-5,3369.9304278647637,3439.2719176249466,0,0,0,7349.422899208339,7442.413883687787,0,0,0,30.8058,61.9839,430,430,430
2006,8,28,2,0,10.793901,-14.613034,10.046473,-12.848573,14,-5,14,-5,14,-5,3436.979257214915,3440.9300065741163,0,0,0,7521.826600188787,7558.2835163725185,0,0,0,161.756,218.8264,430,430,430
2013,6,29,16,0,14.207117,-16.007289,12.16956,-17.529549,14,-5,14,-5,14,-5,3575.8828047479187,3373.689735840822,0,0,0,7487.243551744918,7474.926098673076,0,0,0,49.98,89.56,430,430,430
2004,7,13,5,0,17.681518,-16.712705,16.356461,-14.676688,14,-5,14,-5,14,-5,3523.617431902079,3404.8817316361883,0,0,0,7353.757249117238,7462.626149256404,0,0,0,107.8378,113.8771,430,430,430
2009,8,27,20,0,11.037239,-17.546903,11.57565,-17.625602,14,-5,14,-5,14,-5,3411.2913262417587,3470.780324876977,0,0,0,7602.626842629167,7431.113645067146,0,0,0,129.7575,111.018,430,430,430
2011,6,6,22,0,17.217778,-11.301027,13.826257,-16.978205,14,-5,14,-5,14,-5,3521.595955858038,3494.8566221111296,0,0,0,7448.17256531974,7411.972615229255,0,0,0,231.7693,33.6155,430,430,430
2006,8,8,10,0,12.726106,-14.31278,11.439032,-13.831911,14,-5,14,-5,14,-5,3379.05309376465,3236.710675999944,0,0,0,7486.681822009959,7450.421012113625,0,0,0,120.9297,160.5148,430,430,430
2013,8,14,3,0,16.155399,-12.022182,16.917433,-11.887025,14,-5,14,-5,14,-5,3442.725436904491,3551.218068075643,0,0,0,7395.6122580584215,7258.659930353685,0,0,0,194.3656,209.4684,430,430,430
2017,7,2,16,0,16.820188,-15.856821,15.833523,-12.498837,14,-5,14,-5,14,-5,3337.7397625668136,3469.668247836716,0,0,0,7294.470264324276,7493.490487798373,0,0,0,94.4934,174.8742,430,430,430
2013,6,17,20,0,12.807046,-12.964807,13.124449,-13.884571,14,-5,14,-5,14,-5,3476.651481611618,3453.2762567624413,0,0,0,7522.896897239024,7386.088694988529,0,0,0,160.7296,127.9531,430,430,430
2013,6,6,10,0,12.431708,-11.624002,10.862585,-12.019883,14,-5,14,-5,14,-5,3356.605375094695,3439.1795608645407,0,0,0,7312.795752256701,7477.41087870893,0,0,0,208.1658,220.6015,430,430,430
2009,6,21,13,0,17.735269,-16.742748,16.983167,-12.284465,14,-5,14,-5,14,-5,3400.342027604069,3317.074775753089,0,0,0,7612.416897154583,7433.1656172379035,0,0,0,109.4166,197.3854,430,430,430
2014,8,7,1,0,12.794591,-16.495376,17.133424,-15.237416,14,-5,14,-5,14,-5,3593.6100110914426,3430.7352590021196,0,0,0,7330.11494905976,7521.204195989046,0,0,0,71.8679,117.3882,430,430,430
2017,8,17,19,0,11.643527,-17.124826,15.519468,-17.725315,14,-5,14,-5,14,-5,3367.3976957383834,3325.874975440732,0,0,0,7378.71892713601,7376.143738588385,0,0,0,107.0187,28.6356,430,430,430
2013,8,25,11,0,13.838169,-13.853547,14.473476,-10.345227,14,-5,14,-5,14,-5,3379.9942700607016,3190.8525301462337,0,0,0,7504.451276203933,7511.472397969554,0,0,0,122.4827,241.0519,430,430,430
2011,8,30,17,0,16.183493,-12.21358,17.026519,-10.273611,14,-5,14,-5,14,-5,3310.631605052573,3510.7438445012385,0,0,0,7516.042963263531,7413.120767733071,0,0,0,188.6001,262.469,430,430,430
2004,8,7,6,0,12.717606,-12.184918,15.00991,-11.524976,14,-5,14,-5,14,-5,3493.3611808832065,3482.6403823700625,0,0,0,7539.169639056014,7343.970334353466,0,0,0,186.8154,202.4179,430,430,430
2015,8,29,15,0,16.651832,-10.616221,16.512836,-15.719491,14,-5,14,-5,14,-5,3429.326237360819,3445.5513045956905,0,0,0,7442.152657842395,7638.628539885812,0,0,0,246.1625,89.0955,430,430,430
2005,6,9,4,0,14.846926,-15.912022,16.517168,-14.28426,14,-5,14,-5,14,-5,3479.5827884746254,3466.8733005929016,0,0,0,7564.851959120847,7375.173951584206,0,0,0,52.2398,128.1288,430,430,430
2007,8,3,6,0,12.186263,-16.924055,11.157711,-16.42637,14,-5,14,-5,14,-5,3392.136057706341,3216.744175752237,0,0,0,7605.459984475995,7434.693383691935,0,0,0,88.5664,127.4755,430,430,430
2009,6,19,11,0,13.98242,-16.350479,16.138956,-15.946948,14,-5,14,-5,14,-5,3489.5431773638074,3606.0013769760503,0,0,0,7357.549329184418,7387.018953170538,0,0,0,43.0116,74.3303,430,430,430
2009,7,11,0,0,12.10103,-12.858741,17.961848,-13.659921,14,-5,14,-5,14,-5,3446.0995305496017,3415.5007308545705,0,0,0,7272.006129901421,7545.969056879911,0,0,0,174.0718,177.5894,430,430,430
2016,8,23,4,0,15.860828,-15.069615,10.59575,-16.438392,14,-5,14,-5,14,-5,3427.3592560388065,3500.219440802797,0,0,0,7476.440707817374,7345.158954595268,0,0,0,92.5743,145.8252,430,430,430
2006,6,21,5,0,17.799635,-13.96639,17.885095,-15.324619,14,-5,14,-5,14,-5,3470.255125352445,3617.647177043437,0,0,0,7389.149288542146,7495.559365643746,0,0,0,165.9518,136.6053,430,430,430
2018,6,13,11,0,16.935549,-15.743766,13.908349,-13.550623,14,-5,14,-5,14,-5,3590.3230385144616,3564.4786184720238,0,0,0,7548.04922424086,7720.876188250613,0,0,0,100.1249,131.5941,430,430,430
2006,8,3,2,0,16.497445,-11.177024,13.946642,-10.325664,14,-5,14,-5,14,-5,3511.7351994192754,3270.9645977799473,0,0,0,7334.701217444402,7169.327201564819,0,0,0,226.241,242.095,430,430,430
2010,8,12,2,0,11.270116,-17.712365,13.251842,-15.257452,14,-5,14,-5,14,-5,3411.5069729042025,3538.1530960025125,0,0,0,7443.615713172135,7520.838027334225,0,0,0,122.4827,85.2115,430,430,430
2008,6,13,9,0,12.206546,-13.418574,15.355433,-10.765462,14,-5,14,-5,14,-5,3319.3352771661666,3536.10449027566,0,0,0,7581.867429882928,7465.767475029174,0,0,0,155.8717,230.3606,430,430,430
2014,8,30,15,0,16.911642,-12.029929,17.593974,-14.250023,14,-5,14,-5,14,-5,3421.0880250874397,3443.9020982697434,0,0,0,7477.315495703427,7523.181598153681,0,0,0,204.4627,153.8083,430,430,430
2012,6,12,20,0,14.561399,-16.819213,10.77225,-10.12889,14,-5,14,-5,14,-5,3441.1234177279953,3501.2003859598794,0,0,0,7343.701765394364,7566.493438739645,0,0,0,21.587,278.469,430,430,430
2006,7,2,2,0,17.56686,-10.569,17.895671,-11.524235,14,-5,14,-5,14,-5,3391.293662803492,3590.2789830351253,0,0,0,7510.060449403815,7534.090420966444,0,0,0,260.7758,237.1181,430,430,430
2016,7,23,4,0,10.912736,-13.674081,15.455505,-14.135633,14,-5,14,-5,14,-5,3372.8470922315205,3403.550880828036,0,0,0,7350.751489925969,7476.105645455596,0,0,0,177.7217,116.1809,430,430,430
2014,6,8,17,0,10.036762,-11.141674,11.871614,-13.109661,14,-5,14,-5,14,-5,3454.3657592005065,3478.696847061843,0,0,0,7205.697365085044,7370.181758518059,0,0,0,262.688,170.3203,430,430,430
2008,8,23,6,0,15.458759,-15.584531,14.778344,-14.872064,14,-5,14,-5,14,-5,3449.934619252346,3477.5793725719745,0,0,0,7401.153707623115,7368.988366061258,0,0,0,70.3847,87.0517,430,430,430
2012,6,14,18,0,14.443666,-17.173407,10.237287,-15.331514,14,-5,14,-5,14,-5,3494.439653829257,3416.861551279106,0,0,0,7585.780857507687,7501.643233188458,0,0,0,12.0416,168.0744,430,430,430
2017,7,9,19,0,14.443345,-13.905092,14.721655,-12.836298,14,-5,14,-5,14,-5,3244.7098633344176,3558.7817415295867,0,0,0,7531.697661001596,7367.579799067874,0,0,0,119.2686,156.0128,430,430,430
2010,8,29,11,0,13.98727,-15.174967,13.104078,-11.570142,14,-5,14,-5,14,-5,3454.1253841360976,3407.576892299678,0,0,0,7507.842408998241,7540.636870911834,0,0,0,77.7946,203.0394,430,430,430
2011,7,30,17,0,14.143576,-12.732823,10.705615,-14.221048,14,-5,14,-5,14,-5,3467.691434408162,3272.228482462537,0,0,0,7414.948845654821,7456.606912402921,0,0,0,159.022,171.4672,430,430,430
2010,8,18,18,0,17.208155,-14.432021,11.155847,-17.48955,14,-5,14,-5,14,-5,3538.0517174802435,3420.283409674158,0,0,0,7477.291119442285,7307.1545852049485,0,0,0,139.4633,125.4831,430,430,430
2004,8,26,2,0,11.569017,-10.651776,15.559076,-17.75546,14,-5,14,-5,14,-5,3407.2458164734485,3579.283588432029,0,0,0,7445.850643682748,7416.082239596547,0,0,0,249.5776,29.8329,430,430,430
2006,6,5,8,0,10.543315,-14.510632,14.872765,-12.589998,14,-5,14,-5,14,-5,3528.4362393009737,3445.9754309930768,0,0,0,7419.402922911776,7382.300458501266,0,0,0,170.9883,165.1938,430,430,430
2009,6,21,7,0,16.697513,-16.090991,11.99308,-17.581223,14,-5,14,-5,14,-5,3428.814514187609,3443.2204651801076,0,0,0,7464.9416113039115,7392.968549923785,0,0,0,86.4002,95.7549,430,430,430
2013,8,9,16,0,16.777923,-16.067822,10.603267,-10.667464,14,-5,14,-5,14,-5,3318.236376834447,3574.6403953556637,0,0,0,7238.098544677253,7563.819695302187,0,0,0,89.4036,264.3728,430,430,430
2013,8,22,1,0,13.787081,-17.326511,12.909213,-13.355577,14,-5,14,-5,14,-5,3378.2022766833343,3535.335396108783,0,0,0,7334.971717939844,7400.4402927325,0,0,0,32.0156,147.2311,430,430,430
2011,6,5,7,0,11.394326,-16.586657,12.753022,-15.428804,14,-5,14,-5,14,-5,3293.353141061058,3579.6591265925204,0,0,0,7552.11318150082,7374.094618365488,0,0,0,117.7115,92.0217,430,430,430
2005,7,24,15,0,13.44796,-15.500048,13.782204,-13.660968,14,-5,14,-5,14,-5,3425.8112835383668,3567.142165439705,0,0,0,7306.197757460597,7347.098156162391,0,0,0,75.452,128.7866,430,430,430
2012,6,11,4,0,17.716763,-13.956654,10.372047,-15.2654,14,-5,14,-5,14,-5,3394.3698609573976,3390.623411899181,0,0,0,7623.224643492529,7462.383854437627,0,0,0,164.0152,164.5387,430,430,430
2018,8,14,14,0,10.34502,-10.585209,13.437413,-12.952111,14,-5,14,-5,14,-5,3459.55731330831,3336.881669778065,0,0,0,7671.401241545211,7387.19127611784,0,0,0,272.3601,155.0806,430,430,430
2008,8,13,9,0,10.76579,-15.54222,11.180198,-15.093453,14,-5,14,-5,14,-5,3293.006994482633,3299.9125655949906,0,0,0,7583.800026187537,7395.586646835032,0,0,0,148.1891,141.5238,430,430,430
2010,6,13,11,0,12.904666,-15.814811,13.234676,-15.404472,14,-5,14,-5,14,-5,3583.990360796321,3301.5937153637847,0,0,0,7436.2367159257465,7468.53657016362,0,0,0,80.4301,81.8352,430,430,430
2012,6,2,5,0,15.956753,-13.302399,17.894473,-16.481419,14,-5,14,-5,14,-5,3307.8899052497895,3594.2581846740886,0,0,0,7442.539037139629,7462.451474435192,0,0,0,149.9133,118.1059,430,430,430
2018,8,9,0,0,12.625762,-12.653964,14.038091,-15.435217,14,-5,14,-5,14,-5,3403.927912308029,3248.317463507509,0,0,0,7600.565151104389,7461.024937494302,0,0,0,172.3079,69.8928,430,430,430
2010,8,15,8,0,14.727194,-17.639891,16.452275,-12.333245,14,-5,14,-5,14,-5,3316.6997384942533,3326.652373644749,0,0,0,7299.348777682387,7483.944493880696,0,0,0,6.0,187.5447,430,430,430
2012,8,10,7,0,13.231251,-12.492651,17.73281,-14.483955,14,-5,14,-5,14,-5,3385.073097717157,3404.6728674433502,0,0,0,7381.44931284283,7383.106080808578,0,0,0,171.4526,151.3473,430,430,430
2010,6,2,15,0,11.784539,-12.543605,11.617565,-11.142954,14,-5,14,-5,14,-5,3432.0215515967034,3320.8156409698763,0,0,0,7433.21063235759,7683.040849413477,0,0,0,189.2115,233.4524,430,430,430
2004,6,18,6,0,17.754571,-17.100565,10.609598,-17.215454,14,-5,14,-5,14,-5,3392.6395718139775,3454.0661596815903,0,0,0,7436.593454253358,7389.729494720043,0,0,0,107.28,144.0312,430,430,430
2018,7,26,6,0,14.225712,-11.293553,17.541276,-17.977313,14,-5,14,-5,14,-5,3520.96516450308,3521.812189501309,0,0,0,7492.417725046062,7467.911024226722,0,0,0,208.4706,97.2522,430,430,430
2012,8,6,21,0,17.718343,-16.681531,13.656278,-15.07687,14,-5,14,-5,14,-5,3637.4883282278192,3485.931677698032,0,0,0,7381.364321100414,7467.1154686581995,0,0,0,109.11,85.0,430,430,430
2006,6,29,10,0,15.408527,-15.408284,12.500395,-16.151498,14,-5,14,-5,14,-5,3445.5166868160964,3397.4904083259166,0,0,0,7513.986233112175,7506.694406723159,0,0,0,74.3303,84.5281,430,430,430
2004,6,23,19,0,12.490233,-16.697642,11.023342,-16.744838,14,-5,14,-5,14,-5,3504.097425102574,3515.5102404033614,0,0,0,7429.952656429015,7432.108749617921,0,0,0,80.2808,129.6534,430,430,430
2015,7,28,0,0,12.188665,-10.834229,10.643415,-10.207931,14,-5,14,-5,14,-5,3341.647248469703,3620.4306418521696,0,0,0,7449.781708125363,7581.007030063879,0,0,0,235.8495,278.3541,430,430,430
2008,8,28,13,0,16.408645,-13.355018,17.88524,-15.609389,14,-5,14,-5,14,-5,3269.0470665614234,3370.2494848710235,0,0,0,7623.443241093766,7595.737720381457,0,0,0,154.1558,131.4686,430,430,430
2012,8,9,10,0,16.291291,-10.825898,13.964108,-11.071824,14,-5,14,-5,14,-5,3572.1400160903722,3396.4432992640895,0,0,0,7431.848507933683,7641.152549665178,0,0,0,235.2616,216.2267,430,430,430
2014,8,23,14,0,12.726765,-12.554436,11.892181,-12.544291,14,-5,14,-5,14,-5,3574.458909450141,3470.4003131263867,0,0,0,7402.009443056716,7423.992957763751,0,0,0,174.3846,187.1069,430,430,430
2013,6,15,11,0,16.183992,-14.441141,10.946765,-17.434108,14,-5,14,-5,14,-5,3378.76673514749,3336.0968077074094,0,0,0,7492.708365980432,7517.653111450583,0,0,0,117.618,132.3782,430,430,430
2010,6,1,6,0,15.603626,-13.876875,10.919007,-16.064081,14,-5,14,-5,14,-5,3502.2953520022584,3390.1788447962667,0,0,0,7423.887718354993,7502.995603638092,0,0,0,127.0945,137.7861,430,430,430
2014,7,16,19,0,13.729202,-14.750561,11.697568,-14.974498,14,-5,14,-5,14,-5,3387.9895852774152,3389.4284996669603,0,0,0,7466.276793357904,7557.412018264544,0,0,0,93.984,129.0349,430,430,430
2014,6,1,13,0,15.333588,-16.534099,14.197167,-12.110595,14,-5,14,-5,14,-5,3412.4829803073344,3488.7047203044085,0,0,0,7328.559949731874,7391.539729982909,0,0,0,39.6611,180.7097,430,430,430
2013,8,16,10,0,16.153445,-17.005595,10.400276,-10.893788,14,-5,14,-5,14,-5,3367.0718111368374,3401.202670072145,0,0,0,7556.892084485032,7551.1877801253495,0,0,0,53.8516,262.1545,430,430,430
2004,8,9,13,0,11.717632,-11.890896,15.190721,-12.296331,14,-5,14,-5,14,-5,3491.619825323926,3460.690314628686,0,0,0,7399.671630357282,7412.005688767903,0,0,0,209.1244,176.0284,430,430,430
2006,8,20,17,0,16.512104,-13.597006,10.632008,-15.049171,14,-5,14,-5,14,-5,3431.1608872654956,3427.995203910028,0,0,0,7455.051671955947,7408.489987761141,0,0,0,149.4021,159.6559,430,430,430
2017,7,6,2,0,10.525579,-16.211218,12.008103,-10.466013,14,-5,14,-5,14,-5,3423.759704932418,3377.6281840342053,0,0,0,7585.8634806096325,7468.459089907285,0,0,0,150.2332,250.5055,430,430,430
2008,8,14,16,0,10.945638,-11.487422,12.724464,-11.605181,14,-5,14,-5,14,-5,3344.9912961014734,3647.1976132799005,0,0,0,7323.77013659624,7375.026264004609,0,0,0,234.3608,205.2438,430,430,430
2008,8,7,8,0,17.589823,-10.844907,12.409328,-11.912351,14,-5,14,-5,14,-5,3545.2613660010647,3425.9030644197505,0,0,0,7523.678093410447,7453.778568966584,0,0,0,252.5173,199.3239,430,430,430
2018,8,8,22,0,14.702678,-13.356626,10.456873,-13.863589,14,-5,14,-5,14,-5,3579.2080291221005,3395.982239622897,0,0,0,7486.958241296227,7558.088674752614,0,0,0,138.0036,185.0,430,430,430
2018,8,5,12,0,11.702549,-10.295663,13.453786,-13.115893,14,-5,14,-5,14,-5,3490.879026022765,3340.1116102600377,0,0,0,7396.823041320564,7513.411940514439,0,0,0,259.3318,149.0403,430,430,430
2013,6,23,6,0,14.537052,-14.240465,15.104385,-17.256032,14,-5,14,-5,14,-5,3389.4598371106536,3437.4034229606737,0,0,0,7461.322565935323,7469.089580592481,0,0,0,107.1168,16.1245,430,430,430
2015,7,9,21,0,11.165327,-16.184764,10.674329,-11.313314,14,-5,14,-5,14,-5,3378.923997188585,3556.302503345396,0,0,0,7373.403326512712,7375.527243578548,0,0,0,128.316,244.951,430,430,430
2017,7,9,22,0,16.758599,-10.11031,14.374264,-10.486022,14,-5,14,-5,14,-5,3461.890539960783,3510.3704414542094,0,0,0,7410.770626864105,7423.08780756729,0,0,0,264.56,236.1715,430,430,430
2013,6,18,13,0,10.63455,-14.381187,13.537246,-12.829255,14,-5,14,-5,14,-5,3364.198630735241,3318.6525448648817,0,0,0,7525.3629654089245,7444.761280837663,0,0,0,170.2939,157.8924,430,430,430
2014,7,25,3,0,14.256763,-11.353376,10.798314,-17.261462,14,-5,14,-5,14,-5,3307.899880116969,3397.5901854833955,0,0,0,7399.6511482108335,7527.951844922938,0,0,0,206.4098,138.058,430,430,430
2008,8,4,8,0,10.155505,-11.644219,11.20912,-17.355458,14,-5,14,-5,14,-5,3443.698717409833,3367.129283504859,0,0,0,7508.3775246358,7504.543078287887,0,0,0,246.2214,123.199,430,430,430
2014,6,12,16,0,15.595096,-17.641044,12.122807,-13.966487,14,-5,14,-5,14,-5,3514.292580902594,3544.318115478314,0,0,0,7370.311616824471,7460.285427258218,0,0,0,30.1496,142.2744,430,430,430
2017,8,5,1,0,10.29803,-13.347926,14.141286,-14.586394,14,-5,14,-5,14,-5,3443.531964418827,3403.820977441415,0,0,0,7427.94781017757,7470.364768621007,0,0,0,200.8905,96.8814,430,430,430
2010,6,2,19,0,17.322128,-14.593682,16.473526,-17.521056,14,-5,14,-5,14,-5,3250.584478591719,3376.3280681872693,0,0,0,7484.301514355521,7605.151158179359,0,0,0,138.1919,61.131,430,430,430
2005,8,6,13,0,10.70694,-15.157723,11.181504,-12.462153,14,-5,14,-5,14,-5,3566.00103461711,3393.150852593779,0,0,0,7561.75571087262,7579.482872137707,0,0,0,155.2063,202.0025,430,430,430
2016,6,12,14,0,16.282337,-14.662896,12.586782,-10.671144,14,-5,14,-5,14,-5,3350.6773860158382,3361.960050224951,0,0,0,7399.719981509434,7524.9991798358815,0,0,0,112.8716,237.1919,430,430,430
2014,6,11,1,0,16.699302,-13.224319,15.970462,-12.955783,14,-5,14,-5,14,-5,3339.892685309574,3473.7362042719155,0,0,0,7303.246374221953,7360.403909865494,0,0,0,164.1493,161.6818,430,430,430
2014,6,22,3,0,10.116517,-16.696328,14.71841,-17.903455,14,-5,14,-5,14,-5,3201.0201576594695,3238.725344729416,0,0,0,7409.81707812623,7512.755218125288,0,0,0,161.524,15.0,430,430,430
2014,7,16,14,0,15.719252,-15.043244,11.012045,-14.636618,14,-5,14,-5,14,-5,3338.5445116510214,3490.7577228208006,0,0,0,7455.069183727144,7411.0190450420005,0,0,0,91.3893,155.0387,430,430,430
2015,6,20,2,0,16.0705,-15.224342,10.297213,-16.075594,14,-5,14,-5,14,-5,3416.1967113151027,3430.4192482099957,0,0,0,7431.780268026159,7502.105141241832,0,0,0,92.4392,158.9025,430,430,430
2005,6,14,8,0,12.746491,-16.346774,11.079795,-13.241978,14,-5,14,-5,14,-5,3481.389019760015,3548.8215336237417,0,0,0,7417.438792329997,7455.948996458523,0,0,0,74.7329,183.9348,430,430,430
2011,7,18,19,0,10.968687,-11.289473,14.100899,-11.930999,14,-5,14,-5,14,-5,3510.4888768851156,3294.7757238768127,0,0,0,7545.361983418908,7331.174850466268,0,0,0,239.6769,186.9679,430,430,430
2007,6,27,21,0,13.075774,-17.549829,10.780084,-14.545698,14,-5,14,-5,14,-5,3457.7879343718528,3436.4537746379415,0,0,0,7359.750294640824,7453.974454769737,0,0,0,57.5587,162.8281,430,430,430
2011,7,29,1,0,16.351082,-17.246928,11.287441,-10.342418,14,-5,14,-5,14,-5,3503.6889726302984,3353.4903709940327,0,0,0,7564.036383639863,7520.981569071986,0,0,0,58.2495,263.856,430,430,430
2011,6,28,17,0,16.711112,-11.281512,10.82367,-12.514872,14,-5,14,-5,14,-5,3358.77623808257,3458.6551580582745,0,0,0,7594.610840040784,7545.706685596465,0,0,0,225.7875,208.5809,430,430,430
2009,6,10,2,0,10.782824,-14.445429,17.712735,-13.395091,14,-5,14,-5,14,-5,3419.71791340517,3369.1576334381757,0,0,0,7548.094233500322,7634.450471547783,0,0,0,165.0242,179.0251,430,430,430
2014,7,11,0,0,13.646787,-14.557678,13.245345,-10.429116,14,-5,14,-5,14,-5,3455.4626942351733,3388.526754120153,0,0,0,7492.752153809355,7468.014328839885,0,0,0,100.6578,240.8319,430,430,430
2005,6,24,8,0,11.379378,-15.618297,10.613421,-12.90903,14,-5,14,-5,14,-5,3450.087811498492,3388.2545743924848,0,0,0,7422.221060388429,7522.924130964014,0,0,0,127.5343,203.6517,430,430,430
2007,6,16,11,0,11.882909,-12.472547,15.612269,-14.196784,14,-5,14,-5,14,-5,3471.236585099084,3505.7195524368326,0,0,0,7381.670285429341,7566.504972800494,0,0,0,188.82,116.7604,430,430,430
2004,8,6,11,0,15.514729,-17.321988,11.059698,-17.425421,14,-5,14,-5,14,-5,3455.92545615038,3587.4722846009386,0,0,0,7309.731208853301,7364.059805327453,0,0,0,28.8617,128.316,430,430,430
2011,8,4,5,0,17.164824,-11.944862,13.92068,-16.101558,14,-5,14,-5,14,-5,3438.301041211141,3393.836660718728,0,0,0,7510.305637442696,7308.879763045486,0,0,0,210.7914,50.774,430,430,430
2015,6,29,10,0,11.716238,-17.499942,14.742224,-17.442813,14,-5,14,-5,14,-5,3359.305340825387,3467.157954973369,0,0,0,7418.910781808765,7524.040252385799,0,0,0,105.4751,1.0,430,430,430
2005,6,27,9,0,17.379074,-16.099749,13.238365,-16.970863,14,-5,14,-5,14,-5,3459.071574572091,3751.018291952221,0,0,0,7472.170928942572,7548.35665411655,0,0,0,106.6771,52.3927,430,430,430
2012,7,27,22,0,14.670025,-11.917739,16.95829,-14.521485,14,-5,14,-5,14,-5,3305.528018883789,3556.9700913522743,0,0,0,7453.255367466871,7387.3908311821,0,0,0,187.0027,131.4002,430,430,430
2012,7,15,4,0,15.906076,-15.135646,12.313626,-14.157388,14,-5,14,-5,14,-5,3403.525029938773,3442.7671464971327,0,0,0,7562.263988668462,7509.065022569249,0,0,0,91.2414,133.8432,430,430,430
2018,6,29,0,0,13.933197,-17.506951,11.586542,-12.693289,14,-5,14,-5,14,-5,3415.2631666156217,3410.3258366479813,0,0,0,7512.247425039393,7412.182637647268,0,0,0,27.2947,188.0957,430,430,430
2005,7,4,14,0,15.038024,-10.681815,14.742005,-17.133866,14,-5,14,-5,14,-5,3536.791661086996,3394.179441091035,0,0,0,7408.932237359047,7490.759729645816,0,0,0,231.4239,11.0454,430,430,430
2004,6,25,21,0,13.441167,-14.352306,14.675671,-12.361183,14,-5,14,-5,14,-5,3609.3084022448156,3421.258622072406,0,0,0,7394.17996190984,7444.798217891136,0,0,0,109.7725,172.0029,430,430,430
2004,7,8,18,0,13.354302,-11.87787,10.682883,-17.667684,14,-5,14,-5,14,-5,3421.6763444256935,3295.5224738600605,0,0,0,7444.494886251773,7422.905429156771,0,0,0,191.3661,143.1363,430,430,430
2004,6,28,5,0,15.739378,-12.008912,11.597084,-11.793824,14,-5,14,-5,14,-5,3557.8664615658836,3256.9907811456196,0,0,0,7464.084873975617,7409.823564022842,0,0,0,190.8219,213.7148,430,430,430
2009,6,30,7,0,10.701715,-10.524591,11.508363,-16.356626,14,-5,14,-5,14,-5,3561.2560594200795,3512.427422680233,0,0,0,7302.209508612041,7656.9619834577825,0,0,0,267.8843,115.447,430,430,430
2015,8,21,15,0,13.92474,-16.294751,16.232871,-13.058945,14,-5,14,-5,14,-5,3520.950077105455,3409.1650803712964,0,0,0,7483.551359403896,7508.501631380531,0,0,0,45.0,161.6447,430,430,430
2006,6,30,10,0,16.658884,-12.354174,16.16739,-13.922819,14,-5,14,-5,14,-5,3597.26796117386,3545.558982006087,0,0,0,7428.904033870639,7429.477955514324,0,0,0,190.3392,133.5403,430,430,430
2011,8,20,2,0,11.582037,-10.141826,11.634409,-16.141705,14,-5,14,-5,14,-5,3412.8003224095146,3369.438706138409,0,0,0,7414.187697931925,7322.208241300428,0,0,0,265.5146,112.5789,430,430,430
2010,8,20,15,0,14.94762,-14.48386,11.020698,-16.993255,14,-5,14,-5,14,-5,3527.4258153649444,3527.923335561694,0,0,0,7466.677346954257,7459.271580065104,0,0,0,100.4988,130.0961,430,430,430
2015,8,6,12,0,12.081646,-10.7185,17.165816,-11.49906,14,-5,14,-5,14,-5,3483.7935939802774,3443.715134827893,0,0,0,7575.833290154333,7529.145307537652,0,0,0,241.4042,225.4617,430,430,430
2011,8,12,16,0,15.054048,-13.208509,14.794295,-14.137165,14,-5,14,-5,14,-5,3650.299324849545,3304.5380943299137,0,0,0,7429.19340419433,7464.278962230925,0,0,0,144.679,112.0714,430,430,430
2011,7,14,21,0,10.698158,-11.070534,15.412943,-13.548544,14,-5,14,-5,14,-5,3581.546011706852,3407.334928812667,0,0,0,7484.614535007923,7610.673802236123,0,0,0,251.002,136.4991,430,430,430
2009,6,8,2,0,11.403542,-16.708542,12.232493,-12.776936,14,-5,14,-5,14,-5,3403.5919254907303,3435.4691349095556,0,0,0,7430.434699642805,7616.795026578241,0,0,0,117.0982,174.1522,430,430,430
2016,6,15,14,0,13.063987,-14.320662,10.936611,-11.436015,14,-5,14,-5,14,-5,3413.721181226398,3498.3715526419837,0,0,0,7286.866927430312,7338.594246579846,0,0,0,115.4859,236.5798,430,430,430
2006,6,15,5,0,10.212434,-12.098349,16.866521,-12.044349,14,-5,14,-5,14,-5,3405.093746038606,3418.1185474130048,0,0,0,7611.921628445736,7531.510429760111,0,0,0,232.8798,203.1576,430,430,430
2009,7,13,1,0,10.852081,-14.712803,12.696287,-17.201304,14,-5,14,-5,14,-5,3381.8915407894033,3405.8814045799195,0,0,0,7454.218202646525,7499.906600460264,0,0,0,158.474,70.0286,430,430,430
2018,6,26,21,0,17.384733,-11.358544,14.430275,-10.164148,14,-5,14,-5,14,-5,3412.9045514178824,3493.5991065764,0,0,0,7443.92781863115,7411.066786974711,0,0,0,233.2252,248.0988,430,430,430
2017,8,30,3,0,16.585721,-14.176962,10.927653,-14.656979,14,-5,14,-5,14,-5,3524.7488819479936,3447.845302056375,0,0,0,7454.411782564686,7405.45732440263,0,0,0,133.094,157.0,430,430,430
2007,8,26,19,0,12.815425,-16.973739,16.293371,-11.772344,14,-5,14,-5,14,-5,3349.6268230925702,3374.8985557810556,0,0,0,7716.699646714239,7472.73538031409,0,0,0,66.7533,204.1201,430,430,430
2015,6,8,3,0,11.570749,-16.814668,11.946345,-17.848738,14,-5,14,-5,14,-5,3514.9700705251366,3479.922641057028,0,0,0,7379.871781386095,7480.369209137802,0,0,0,110.7655,99.2472,430,430,430
2012,6,17,1,0,16.309789,-13.264794,16.175955,-17.228288,14,-5,14,-5,14,-5,3265.176663540656,3416.5434987674294,0,0,0,7624.309599154055,7517.240983664262,0,0,0,156.1698,52.3927,430,430,430
2013,6,19,10,0,11.859043,-13.127479,16.985337,-16.182686,14,-5,14,-5,14,-5,3390.462966815938,3193.97309149902,0,0,0,7316.4757232297625,7291.645589727968,0,0,0,170.0735,93.4933,430,430,430
2015,6,20,10,0,12.286986,-17.228845,11.723462,-15.297653,14,-5,14,-5,14,-5,3635.4719047753,3483.2794193282652,0,0,0,7490.703090466712,7571.260529223607,0,0,0,85.0,122.1147,430,430,430
2012,8,26,9,0,10.014004,-15.571657,14.408755,-16.8044,14,-5,14,-5,14,-5,3420.962821121638,3522.7762300589457,0,0,0,7281.719038412477,7427.757582314127,0,0,0,172.7021,23.2594,430,430,430
2016,7,14,6,0,16.939471,-14.158686,11.871343,-17.841302,14,-5,14,-5,14,-5,3517.4758452423644,3299.0836824512453,0,0,0,7410.690473054928,7598.65449065728,0,0,0,140.6165,102.1812,430,430,430
2012,6,24,16,0,12.34657,-17.052657,17.223176,-16.344019,14,-5,14,-5,14,-5,3327.416023282558,3350.822573542622,0,0,0,7416.182873403349,7306.954621416321,0,0,0,83.2166,97.949,430,430,430
2010,6,26,20,0,14.602452,-12.510366,15.941427,-14.293318,14,-5,14,-5,14,-5,3289.353546255809,3401.2943998862006,0,0,0,7339.969695835967,7453.673333968583,0,0,0,167.012,117.5457,430,430,430
2015,8,15,14,0,15.947597,-15.393161,11.459639,-17.595817,14,-5,14,-5,14,-5,3399.6863798366076,3468.165491068623,0,0,0,7367.5633501559305,7443.833264920333,0,0,0,85.235,114.8564,430,430,430
2012,6,20,10,0,12.020522,-10.567399,15.518787,-15.44729,14,-5,14,-5,14,-5,3584.7623963576098,3430.302671839694,0,0,0,7520.159162171994,7537.733484381471,0,0,0,246.7894,74.8465,430,430,430
2016,8,5,1,0,13.933909,-15.180894,16.83173,-15.973731,14,-5,14,-5,14,-5,3551.826495556139,3437.8635588869693,0,0,0,7430.883435253004,7537.732470716196,0,0,0,78.4347,92.8009,430,430,430
2010,6,16,22,0,12.270047,-16.473818,14.399209,-13.824301,14,-5,14,-5,14,-5,3348.0781536060795,3435.0344821175736,0,0,0,7472.0503408527575,7621.9065987762415,0,0,0,88.8876,121.3342,430,430,430
2007,6,24,11,0,11.191511,-12.491964,17.283843,-14.149132,14,-5,14,-5,14,-5,3308.8323320039976,3369.747945759673,0,0,0,7449.489363152505,7548.245011216855,0,0,0,201.2064,148.4049,430,430,430
2018,6,30,3,0,14.601939,-13.528717,16.980406,-17.890282,14,-5,14,-5,14,-5,3557.0986632434683,3418.429582678326,0,0,0,7511.576653145989,7451.794613439603,0,0,0,132.0152,78.2304,430,430,430
2013,7,18,2,0,10.133115,-11.054453,14.73832,-13.383515,14,-5,14,-5,14,-5,3359.6787193110813,3553.6576015784094,0,0,0,7435.709637386893,7453.542528799228,0,0,0,262.6062,137.0328,430,430,430
2013,7,15,12,0,10.229474,-10.444929,14.545076,-10.907395,14,-5,14,-5,14,-5,3516.541301539543,3371.3779983848076,0,0,0,7495.854856721982,7410.548564206497,0,0,0,278.7418,222.0203,430,430,430
2016,8,12,20,0,16.029608,-12.89602,17.882848,-16.472538,14,-5,14,-5,14,-5,3485.3952903826857,3307.0835200209794,0,0,0,7408.322858762551,7382.879299599998,0,0,0,164.1737,118.1059,430,430,430
2005,7,7,22,0,11.019192,-12.572112,15.043576,-13.523607,14,-5,14,-5,14,-5,3209.5800179530324,3432.6286948329325,0,0,0,7478.115041734047,7586.085257508842,0,0,0,202.566,133.7348,430,430,430
2012,7,15,3,0,15.873704,-13.302173,12.840746,-10.177862,14,-5,14,-5,14,-5,3494.7297297668083,3352.2383759618097,0,0,0,7454.649676790414,7556.089755346166,0,0,0,149.0403,252.002,430,430,430
2018,8,28,10,0,12.926058,-10.654405,14.363381,-15.18652,14,-5,14,-5,14,-5,3485.780424870676,3812.4632840427494,0,0,0,7498.334468176444,7545.658371951747,0,0,0,235.7626,75.8024,430,430,430
2010,8,6,13,0,16.965839,-16.961356,13.828299,-14.95735,14,-5,14,-5,14,-5,3467.24615771333,3343.2814550210787,0,0,0,7356.883498055583,7534.318301071504,0,0,0,81.6088,86.0349,430,430,430
2017,6,8,6,0,17.095247,-17.509348,12.937769,-11.222804,14,-5,14,-5,14,-5,3265.9462182085344,3583.010914433294,0,0,0,7454.8715538673605,7486.515045012068,0,0,0,82.2192,216.4809,430,430,430
2004,6,2,16,0,13.968752,-17.491581,10.742982,-12.46126,14,-5,14,-5,14,-5,3356.4291670793214,3318.4611039462084,0,0,0,7599.043834921439,7469.197528861475,0,0,0,26.3059,212.0495,430,430,430
2018,7,12,17,0,14.352339,-13.303193,13.56073,-11.443578,14,-5,14,-5,14,-5,3316.421838191475,3470.6786797373748,0,0,0,7354.913273871121,7454.055743220761,0,0,0,139.4346,204.5605,430,430,430
2007,6,18,18,0,12.589745,-13.757077,11.401534,-12.283026,14,-5,14,-5,14,-5,3350.9337949480278,3473.681394914737,0,0,0,7306.827637887768,7578.13791002033,0,0,0,139.0863,203.0271,430,430,430
2008,7,19,12,0,14.430033,-17.35746,10.985334,-14.935831,14,-5,14,-5,14,-5,3479.2638447342943,3475.4863305784384,0,0,0,7493.167173117786,7186.649202418188,0,0,0,9.2195,150.0833,430,430,430
2006,7,7,18,0,11.260334,-11.788884,10.210645,-15.79319,14,-5,14,-5,14,-5,3310.737434442528,3392.4899883932,0,0,0,7548.040747373545,7475.944089088688,0,0,0,219.9682,163.0491,430,430,430
2015,8,23,20,0,12.925427,-11.949231,13.58641,-16.852158,14,-5,14,-5,14,-5,3360.325752974848,3464.6284469259044,0,0,0,7449.253484306937,7531.0305557425745,0,0,0,191.6351,42.5441,430,430,430
2010,6,28,5,0,12.742177,-11.481522,13.296686,-14.114138,14,-5,14,-5,14,-5,3327.5794869500223,3555.86335381595,0,0,0,7408.658129555553,7396.042261885439,0,0,0,209.0287,119.1008,430,430,430
2008,6,16,7,0,17.133436,-12.887386,10.323338,-12.663895,14,-5,14,-5,14,-5,3480.9375146544016,3425.504300243101,0,0,0,7317.728624967573,7425.04994710128,0,0,0,181.648,216.3747,430,430,430
2014,8,2,4,0,12.593319,-17.341713,14.361559,-16.22947,14,-5,14,-5,14,-5,3668.7351240692615,3463.7579251488983,0,0,0,7522.39292539358,7405.289804738904,0,0,0,74.0608,41.7612,430,430,430
2008,8,16,12,0,12.920168,-15.614081,16.667333,-17.369386,14,-5,14,-5,14,-5,3340.002802671927,3438.6438738135876,0,0,0,7494.676281900324,7472.816067756204,0,0,0,84.22,67.6018,430,430,430
2016,8,25,21,0,14.655758,-13.501085,12.014665,-16.755542,14,-5,14,-5,14,-5,3383.9827947667613,3390.5088109491403,0,0,0,7519.017176341231,7388.26167147348,0,0,0,133.0,95.352,430,430,430
2014,7,14,8,0,14.706354,-13.145252,15.838958,-15.551002,14,-5,14,-5,14,-5,3211.0722397659442,3261.235145018421,0,0,0,7516.477723848764,7246.370868134933,0,0,0,145.0138,78.032,430,430,430
2004,7,4,21,0,16.088624,-10.514408,13.177703,-11.228411,14,-5,14,-5,14,-5,3319.9236241353024,3426.5545006637253,0,0,0,7492.283785501391,7553.898398231652,0,0,0,244.3809,214.1612,430,430,430
2016,7,11,10,0,15.196506,-13.495883,16.361436,-15.586979,14,-5,14,-5,14,-5,3379.135802282091,3326.0853131627573,0,0,0,7363.1782455263565,7445.371126911723,0,0,0,135.3403,88.6172,430,430,430
2007,7,10,5,0,12.207387,-13.558869,10.512554,-14.0279,14,-5,14,-5,14,-5,3340.6384528125773,3380.226608220756,0,0,0,7512.170447879907,7609.386568445718,0,0,0,151.7267,181.2319,430,430,430
2004,8,23,2,0,13.017341,-11.939979,12.393001,-17.631659,14,-5,14,-5,14,-5,3439.180625090937,3341.5949276789706,0,0,0,7348.130582684154,7367.930696894715,0,0,0,191.6716,82.0366,430,430,430
2012,6,5,18,0,12.88023,-14.220276,14.519104,-10.780399,14,-5,14,-5,14,-5,3353.5166433486283,3374.5911399943043,0,0,0,7350.009021719651,7545.136508608854,0,0,0,121.5936,226.0354,430,430,430
2013,6,5,13,0,13.130179,-11.634175,16.75831,-12.043398,14,-5,14,-5,14,-5,3522.95223852604,3427.79148134747,0,0,0,7450.844339705426,7624.549151198454,0,0,0,201.1094,201.6755,430,430,430
2016,6,8,7,0,12.660262,-15.896303,15.893328,-12.183576,14,-5,14,-5,14,-5,3429.9393663176447,3371.3438473077595,0,0,0,7551.510670806332,7508.572433868754,0,0,0,84.5991,186.0376,430,430,430
2013,7,19,15,0,13.132705,-13.624942,13.743185,-14.957887,14,-5,14,-5,14,-5,3296.4385585489463,3371.487327351781,0,0,0,7556.284108226248,7409.928520013265,0,0,0,136.1653,87.4643,430,430,430
2013,6,6,14,0,14.034451,-13.449537,15.449754,-14.492815,14,-5,14,-5,14,-5,3432.6522082825973,3495.5351435828147,0,0,0,7357.91655848566,7405.742586178807,0,0,0,134.6477,104.5466,430,430,430
2011,7,4,18,0,11.619191,-13.731791,12.440545,-14.303956,14,-5,14,-5,14,-5,3369.852614932839,3354.080606483188,0,0,0,7454.7812368851955,7498.019080495631,0,0,0,159.289,126.8227,430,430,430
2008,7,22,0,0,15.444968,-13.387672,15.212518,-10.668158,14,-5,14,-5,14,-5,3430.357571137595,3370.6315313084424,0,0,0,7464.314870729939,7533.280392924381,0,0,0,141.598,232.8605,430,430,430
2012,8,30,11,0,11.647129,-12.765966,16.572313,-17.804384,14,-5,14,-5,14,-5,3415.053261316518,3298.594056692928,0,0,0,7452.494826330349,7422.522044028642,0,0,0,185.3106,64.195,430,430,430
2009,8,29,8,0,12.367338,-10.674787,13.254946,-11.096789,14,-5,14,-5,14,-5,3510.1695025124486,3449.0622798153945,0,0,0,7455.498270242343,7486.832179333567,0,0,0,239.7415,218.3415,430,430,430
2017,7,23,9,0,10.326877,-17.349945,11.756465,-16.262495,14,-5,14,-5,14,-5,3492.1245817550603,3331.905610613503,0,0,0,7472.756087012001,7521.80132596497,0,0,0,154.2628,107.8564,430,430,430
2014,7,5,6,0,13.795456,-13.519115,10.640386,-10.60048,14,-5,14,-5,14,-5,3437.6254391843936,3446.6097205739443,0,0,0,7347.898075142047,7607.916919707307,0,0,0,133.4166,266.3776,430,430,430
2017,7,28,3,0,12.465496,-11.462505,11.313138,-15.56714,14,-5,14,-5,14,-5,3554.4020683361787,3519.409837549565,0,0,0,7386.349135728639,7428.860673953904,0,0,0,213.0188,129.769,430,430,430
2009,7,3,20,0,17.588662,-17.116362,12.929178,-12.264377,14,-5,14,-5,14,-5,3437.4233640840794,3450.889681852551,0,0,0,7437.815892247409,7475.23759630067,0,0,0,101.2028,182.1648,430,430,430
2004,8,17,5,0,14.363257,-17.970066,12.40625,-17.318246,14,-5,14,-5,14,-5,3303.160134962716,3373.9742227026795,0,0,0,7484.406363419882,7535.244212254538,0,0,0,22.2036,81.0247,430,430,430
2009,6,1,2,0,10.04057,-17.551707,13.774409,-12.952066,14,-5,14,-5,14,-5,3467.01075151387,3489.6747473555183,0,0,0,7408.257709538711,7216.552039989422,0,0,0,165.7739,153.1698,430,430,430
2008,7,11,18,0,13.711666,-14.74118,17.9313,-16.248809,14,-5,14,-5,14,-5,3345.7655712247383,3358.5883831914257,0,0,0,7340.123170563202,7509.23732067354,0,0,0,93.984,122.1556,430,430,430
2018,6,11,0,0,14.711525,-12.043779,11.757383,-15.465479,14,-5,14,-5,14,-5,3510.7242672214943,3285.419712024782,0,0,0,7426.426052830459,7536.523303509636,0,0,0,183.0109,118.7013,430,430,430
2013,8,15,14,0,13.736323,-11.696102,13.09315,-10.697273,14,-5,14,-5,14,-5,3707.705411757486,3477.56074284269,0,0,0,7335.089227531728,7377.153780004985,0,0,0,195.6349,232.3618,430,430,430
2015,7,5,10,0,10.166135,-15.008184,15.109935,-11.920331,14,-5,14,-5,14,-5,3442.984712301315,3541.609042242909,0,0,0,7470.526342796402,7541.6119422654965,0,0,0,174.1321,188.7671,430,430,430
2005,6,17,10,0,16.601694,-17.677059,16.27631,-11.222195,14,-5,14,-5,14,-5,3516.0964864421917,3546.1096447582904,0,0,0,7585.627574331611,7546.582105545628,0,0,0,65.0077,222.4275,430,430,430
2011,6,17,0,0,12.42607,-10.348968,17.15842,-15.504093,14,-5,14,-5,14,-5,3282.6521312843915,3321.528212483659,0,0,0,7425.762047600479,7437.176549003557,0,0,0,250.146,112.0446,430,430,430
2013,8,27,2,0,13.13025,-16.741472,13.471365,-11.590821,14,-5,14,-5,14,-5,3331.741061100044,3266.8583601583005,0,0,0,7473.991446408984,7458.557850717424,0,0,0,58.1893,200.04,430,430,430
2010,8,3,6,0,17.708319,-14.600332,12.872857,-12.333341,14,-5,14,-5,14,-5,3502.1520113614743,3494.3349554968277,0,0,0,7473.768895863482,7398.15975178829,0,0,0,147.787,180.0139,430,430,430
2017,6,21,22,0,14.563353,-16.942123,13.884359,-17.563135,14,-5,14,-5,14,-5,3370.392091731165,3533.0913875916644,0,0,0,7463.233882842672,7470.227898090511,0,0,0,17.72,29.6142,430,430,430
2007,7,2,9,0,13.408152,-15.098437,10.584673,-12.605411,14,-5,14,-5,14,-5,3573.4899899860843,3455.02611658894,0,0,0,7353.289159315555,7409.5968486214315,0,0,0,86.954,211.568,430,430,430
2007,8,29,19,0,16.501305,-16.397888,10.633338,-16.401515,14,-5,14,-5,14,-5,3454.3684208444747,3452.3827661702817,0,0,0,7411.565311621991,7378.840437257412,0,0,0,74.3303,145.0,430,430,430
2010,8,22,15,0,12.945763,-13.945703,11.124682,-17.59376,14,-5,14,-5,14,-5,3393.167569510403,3543.0220044667594,0,0,0,7360.995789887867,7483.472533858261,0,0,0,128.8255,126.8897,430,430,430
2017,6,4,21,0,11.970881,-12.862637,14.800648,-11.758421,14,-5,14,-5,14,-5,3327.9701360992667,3538.4279276756274,0,0,0,7350.744750049898,7493.855519791319,0,0,0,176.1732,193.0932,430,430,430
2016,6,8,8,0,15.586058,-17.85429,16.443866,-14.462055,14,-5,14,-5,14,-5,3442.3964863503584,3440.7776939324795,0,0,0,7534.755504892525,7417.703934589894,0,0,0,31.6228,121.9385,430,430,430
2010,6,14,22,0,14.372712,-12.839775,14.583348,-17.007968,14,-5,14,-5,14,-5,3400.9645987877702,3535.314024273024,0,0,0,7555.848855957084,7550.70151405091,0,0,0,155.3222,14.5602,430,430,430
2012,6,10,8,0,11.854102,-13.708506,15.0498,-16.588425,14,-5,14,-5,14,-5,3453.553626966841,3494.31737809929,0,0,0,7441.8614016501015,7482.070479069277,0,0,0,154.7966,32.311,430,430,430
2009,7,8,14,0,14.317473,-13.572291,12.408421,-11.386664,14,-5,14,-5,14,-5,3401.3449219355653,3394.727549609097,0,0,0,7521.882605677061,7358.777055373841,0,0,0,130.5527,215.6038,430,430,430
2017,7,20,3,0,17.65134,-15.889079,11.221981,-16.420077,14,-5,14,-5,14,-5,3341.4523237026183,3529.7733437669276,0,0,0,7520.688162417367,7462.338235808343,0,0,0,119.365,124.5351,430,430,430
2005,8,21,11,0,13.231719,-13.279168,13.992789,-12.72137,14,-5,14,-5,14,-5,3359.1228666089714,3303.651198173184,0,0,0,7490.781144113729,7407.572936873983,0,0,0,145.4991,159.6653,430,430,430
2014,7,20,13,0,17.21352,-15.663085,15.196566,-17.886649,14,-5,14,-5,14,-5,3527.7157598504923,3616.333769996914,0,0,0,7319.384163361299,7418.804571141307,0,0,0,110.4219,21.4009,430,430,430
2006,7,11,21,0,14.947029,-10.670675,17.582564,-12.967278,14,-5,14,-5,14,-5,3431.4926026418175,3311.208187009607,0,0,0,7410.608819843659,7532.517132748993,0,0,0,231.2618,188.3667,430,430,430
2009,8,13,3,0,14.801462,-13.267781,11.509514,-10.604484,14,-5,14,-5,14,-5,3360.5673276050447,3252.131339249254,0,0,0,7464.454607701845,7338.503335955249,0,0,0,141.0886,251.8134,430,430,430
2007,7,12,0,0,13.554207,-16.768277,10.131443,-13.602745,14,-5,14,-5,14,-5,3601.677753985666,3664.09747060293,0,0,0,7509.6879953301295,7525.048617857488,0,0,0,44.2832,200.0,430,430,430
2010,7,7,10,0,16.833347,-15.112969,17.966231,-17.221489,14,-5,14,-5,14,-5,3302.815173995504,3532.3953094094563,0,0,0,7506.437928779559,7496.113190932115,0,0,0,112.6987,113.6002,430,430,430
2009,7,4,1,0,17.350622,-10.629636,17.071696,-11.924155,14,-5,14,-5,14,-5,3582.2459240611543,3330.476541786206,0,0,0,7551.118330656776,7357.4985373270165,0,0,0,255.8906,210.4875,430,430,430
2011,7,2,1,0,11.021174,-15.264069,12.799454,-13.058575,14,-5,14,-5,14,-5,3376.117883732198,3550.3744016877436,0,0,0,7461.350923882233,7412.692158534584,0,0,0,144.0035,157.9905,430,430,430
2014,6,24,1,0,15.594375,-10.94227,11.101202,-16.712613,14,-5,14,-5,14,-5,3222.0550059661646,3350.1742924154464,0,0,0,7408.7793162872085,7363.677241752579,0,0,0,225.4285,127.8828,430,430,430
2013,7,11,22,0,15.96086,-14.428176,11.476822,-12.902981,14,-5,14,-5,14,-5,3377.9536921333747,3353.724320049934,0,0,0,7392.799064880405,7363.618066221759,0,0,0,114.2366,184.0109,430,430,430
2004,6,1,19,0,13.505956,-16.583575,16.48609,-16.233431,14,-5,14,-5,14,-5,3635.680733322506,3378.1501369934504,0,0,0,7528.226482837996,7488.40274728856,0,0,0,48.8774,77.201,430,430,430
2006,6,1,12,0,17.312165,-14.514945,15.313339,-16.721776,14,-5,14,-5,14,-5,3324.3420315310186,3324.060028702541,0,0,0,7332.387193237139,7362.210155423957,0,0,0,139.7033,33.4215,430,430,430
2011,6,8,8,0,13.275068,-12.424177,10.684501,-13.489342,14,-5,14,-5,14,-5,3303.0599288851686,3482.20648463793,0,0,0,7447.640225913348,7463.098453168476,0,0,0,173.7613,187.6832,430,430,430
2010,8,6,9,0,17.187898,-16.654564,16.699107,-15.964489,14,-5,14,-5,14,-5,3503.810502946207,3463.659540376183,0,0,0,7473.060193706254,7383.860158467277,0,0,0,91.9239,88.8651,430,430,430
2004,7,14,7,0,13.049918,-12.594396,15.211303,-16.358193,14,-5,14,-5,14,-5,3475.9896771429367,3486.39850863002,0,0,0,7437.143371031119,7360.6701760407095,0,0,0,169.517,42.0476,430,430,430
2016,7,19,14,0,15.368593,-17.142869,16.538813,-12.410075,14,-5,14,-5,14,-5,3392.5566826644745,3548.156353391269,0,0,0,7416.344726623098,7517.922504002176,0,0,0,25.9422,186.6815,430,430,430
2018,8,15,16,0,12.704263,-14.187245,17.852452,-17.388308,14,-5,14,-5,14,-5,3512.6310179176958,3437.2303343568665,0,0,0,7497.686110263182,7355.439547211651,0,0,0,125.6423,108.7796,430,430,430
2007,7,1,0,0,11.165921,-15.09656,16.510433,-15.132545,14,-5,14,-5,14,-5,3265.896080252881,3490.4209842998,0,0,0,7610.369715903301,7589.066997713648,0,0,0,142.3938,104.2017,430,430,430
2011,7,5,5,0,10.402417,-10.818538,11.386693,-17.124554,14,-5,14,-5,14,-5,3374.3530442567285,3271.649255039421,0,0,0,7642.707150672753,7403.511393572677,0,0,0,264.6205,117.0171,430,430,430
2011,8,5,12,0,12.380344,-17.062667,14.209257,-13.883151,14,-5,14,-5,14,-5,3522.1278603339765,3349.702962255777,0,0,0,7381.915321738332,7391.7797083649675,0,0,0,81.2219,120.0708,430,430,430
2015,6,14,18,0,15.627701,-11.981125,15.38628,-15.51285,14,-5,14,-5,14,-5,3455.827492014482,3401.0714775645315,0,0,0,7367.533051629824,7419.834073177573,0,0,0,190.0658,71.1688,430,430,430
2017,7,14,5,0,11.421967,-13.089588,11.763672,-16.044921,14,-5,14,-5,14,-5,3310.1843199377963,3367.7124770020796,0,0,0,7472.332431586085,7345.996507675404,0,0,0,180.5436,110.1363,430,430,430
2005,8,8,8,0,15.962393,-16.663734,11.150441,-16.10272,14,-5,14,-5,14,-5,3443.800327704121,3497.7134009063016,0,0,0,7511.8443748651825,7377.642927753701,0,0,0,53.2541,130.0807,430,430,430
2015,6,14,1,0,12.037417,-17.983573,17.725122,-10.086446,14,-5,14,-5,14,-5,3537.2034050934085,3295.929346518683,0,0,0,7424.550946938871,7259.001826442177,0,0,0,97.5295,278.3846,430,430,430
2014,8,18,12,0,15.775927,-13.650696,11.635743,-11.422316,14,-5,14,-5,14,-5,3275.2196001448633,3710.0650624121618,0,0,0,7486.121456112647,7452.298289445028,0,0,0,136.6821,224.5885,430,430,430
2014,8,17,16,0,15.705427,-10.673462,16.442607,-16.206585,14,-5,14,-5,14,-5,3410.4406717713523,3394.368697085907,0,0,0,7350.70214460687,7261.604127029457,0,0,0,234.9319,76.2168,430,430,430
2015,8,14,7,0,16.803212,-13.776124,10.531319,-16.85202,14,-5,14,-5,14,-5,3388.325205056019,3432.7821699303504,0,0,0,7301.437206866603,7305.947866559489,0,0,0,148.7179,147.2753,430,430,430
2006,8,19,4,0,17.989427,-11.501609,10.732422,-14.932224,14,-5,14,-5,14,-5,3403.3278540590136,3402.196944769247,0,0,0,7523.359650486024,7417.3499913698215,0,0,0,239.4264,157.943,430,430,430
2011,8,18,6,0,17.821789,-13.405981,11.515687,-17.919589,14,-5,14,-5,14,-5,3359.8548352439166,3577.144025280018,0,0,0,7363.668360256497,7502.194861833343,0,0,0,181.4001,114.7563,430,430,430
2015,7,22,10,0,14.540679,-10.223112,14.130255,-14.44385,14,-5,14,-5,14,-5,3264.9990500574904,3538.2664473077466,0,0,0,7472.164845749078,7518.80528115975,0,0,0,246.0183,101.789,430,430,430
2012,7,12,6,0,12.389148,-11.349823,12.281596,-10.813314,14,-5,14,-5,14,-5,3317.4385323005235,3472.9934431646734,0,0,0,7546.73575073907,7487.719040306313,0,0,0,216.8986,236.072,430,430,430
2018,6,30,8,0,15.829925,-16.349348,12.365753,-11.621096,14,-5,14,-5,14,-5,3374.871538117843,3526.8890670115406,0,0,0,7370.643444549422,7450.857524164175,0,0,0,55.8659,208.9234,430,430,430
2014,6,21,6,0,11.601647,-17.790332,14.345255,-13.378368,14,-5,14,-5,14,-5,3398.432669729023,3423.5181437979986,0,0,0,7623.843168830151,7462.115337104701,0,0,0,110.8197,136.4441,430,430,430
2010,7,28,15,0,11.216065,-15.819658,10.292984,-17.589309,14,-5,14,-5,14,-5,3549.418792230628,3411.304073304156,0,0,0,7496.117654401177,7308.353809514097,0,0,0,130.0346,155.9295,430,430,430
2017,7,23,15,0,10.457,-15.02144,12.038646,-16.682965,14,-5,14,-5,14,-5,3421.3962870043806,3490.0496357527854,0,0,0,7439.18711697066,7575.64390121096,0,0,0,164.1493,94.7259,430,430,430
2011,6,27,5,0,12.719029,-11.027462,11.117655,-13.734975,14,-5,14,-5,14,-5,3389.3872393035494,3518.2626532618365,0,0,0,7487.078519771273,7655.316418775088,0,0,0,224.2432,171.2133,430,430,430
2014,8,2,6,0,15.479538,-13.020875,10.152625,-10.901209,14,-5,14,-5,14,-5,3439.559522859458,3546.9687851231392,0,0,0,7276.205203501174,7507.7781547861005,0,0,0,153.7596,266.6027,430,430,430
2015,6,4,13,0,16.862219,-16.331413,15.432279,-11.451206,14,-5,14,-5,14,-5,3355.744732734866,3365.00404038466,0,0,0,7394.372493148161,7383.747500077294,0,0,0,86.954,206.9034,430,430,430
2006,7,10,2,0,17.178903,-12.068172,14.577009,-15.417709,14,-5,14,-5,14,-5,3423.8316882910976,3433.4496501089484,0,0,0,7493.966236320053,7398.437608078644,0,0,0,207.5765,68.1175,430,430,430
2004,7,4,11,0,10.258615,-15.461948,17.906642,-11.665168,14,-5,14,-5,14,-5,3481.3192783703785,3364.272673399879,0,0,0,7421.58949990734,7403.790693450717,0,0,0,165.7468,232.723,430,430,430
2010,6,2,9,0,10.76051,-11.438224,11.29804,-13.205806,14,-5,14,-5,14,-5,3297.231264902062,3568.4756939090084,0,0,0,7576.068390506327,7514.227453673579,0,0,0,239.1339,180.0555,430,430,430
2009,6,26,21,0,12.490948,-13.736634,13.733885,-10.809506,14,-5,14,-5,14,-5,3397.9108401849985,3376.6868461856056,0,0,0,7402.428086549346,7447.714993094374,0,0,0,142.0422,226.1349,430,430,430
2009,6,17,16,0,11.74228,-16.149936,15.946983,-12.69407,14,-5,14,-5,14,-5,3439.980526999698,3536.909863930491,0,0,0,7455.913591586049,7690.797663259007,0,0,0,109.7315,170.0618,430,430,430
2010,6,2,19,0,14.465159,-15.959482,10.47327,-16.577533,14,-5,14,-5,14,-5,3463.297117168565,3430.228737885547,0,0,0,7485.21713724834,7567.856450335424,0,0,0,49.6488,150.0833,430,430,430
2015,6,16,13,0,15.163933,-10.956574,14.503676,-10.064023,14,-5,14,-5,14,-5,3381.2368100228655,3312.1678609140176,0,0,0,7417.851006099576,7520.361279181,0,0,0,222.7285,251.0319,430,430,430
2006,6,13,5,0,15.4282,-11.877209,12.105159,-11.756088,14,-5,14,-5,14,-5,3631.04843940093,3572.610164259722,0,0,0,7382.743592388864,7463.8305675804195,0,0,0,191.9088,208.0024,430,430,430
2005,8,9,11,0,11.564823,-12.191669,14.618197,-10.064359,14,-5,14,-5,14,-5,3581.3767226532577,3414.3355786157836,0,0,0,7670.7761128006105,7365.646946767096,0,0,0,202.7856,251.0,430,430,430
2007,8,16,6,0,16.331053,-13.445575,15.047128,-14.168361,14,-5,14,-5,14,-5,3644.0328412048325,3505.8066216991747,0,0,0,7349.885716260122,7283.227910867525,0,0,0,150.6154,111.8794,430,430,430
2018,8,8,21,0,11.126364,-15.367119,16.20493,-12.935752,14,-5,14,-5,14,-5,3488.755743052286,3418.140668688291,0,0,0,7440.351215146847,7617.849015515774,0,0,0,139.0899,165.0818,430,430,430
2006,8,24,15,0,10.84198,-10.152817,12.918385,-11.771482,14,-5,14,-5,14,-5,3385.222071857094,3482.158866217052,0,0,0,7446.376121352315,7555.750284027582,0,0,0,276.1395,198.2952,430,430,430
2009,7,12,12,0,12.075548,-17.815975,15.235259,-10.246269,14,-5,14,-5,14,-5,3370.908947459873,3267.2962037178954,0,0,0,7623.532779673781,7417.336640736484,0,0,0,95.1262,246.8947,430,430,430
2011,6,14,3,0,15.591612,-17.743565,10.026362,-17.021516,14,-5,14,-5,14,-5,3531.4822547572926,3389.5315357483273,0,0,0,7535.821247745034,7503.483510204518,0,0,0,30.5941,165.0121,430,430,430
2014,8,29,3,0,15.839138,-12.050823,11.50002,-10.054619,14,-5,14,-5,14,-5,3515.614927848443,3428.345416190383,0,0,0,7404.876967186663,7485.042589657644,0,0,0,189.4888,269.4736,430,430,430
2013,6,8,8,0,17.633703,-13.233653,17.266203,-12.300429,14,-5,14,-5,14,-5,3480.3805794668388,3293.833349862202,0,0,0,7537.243671724115,7341.314136514971,0,0,0,181.3946,202.141,430,430,430
2005,7,4,1,0,16.252757,-15.183453,11.92005,-11.403837,14,-5,14,-5,14,-5,3512.2833523895833,3590.791919036495,0,0,0,7453.4094566063195,7401.474664643687,0,0,0,97.3499,221.8468,430,430,430
2016,6,22,0,0,12.26888,-15.096139,12.153079,-17.791324,14,-5,14,-5,14,-5,3374.913170787523,3363.163041558197,0,0,0,7497.459797303435,7320.200353391519,0,0,0,112.0446,91.0055,430,430,430
2007,8,15,17,0,14.144244,-14.644555,16.007011,-16.391994,14,-5,14,-5,14,-5,3228.116332485637,3306.694572390469,0,0,0,7490.48230467867,7399.327343078503,0,0,0,94.921,60.208,430,430,430
2004,6,9,0,0,14.419125,-13.167526,13.88585,-16.136793,14,-5,14,-5,14,-5,3368.291463782529,3328.768144262596,0,0,0,7405.93609148002,7572.525036733805,0,0,0,144.2221,49.6488,430,430,430
2010,7,29,14,0,10.622985,-10.605449,10.725394,-14.401324,14,-5,14,-5,14,-5,3465.1594360479276,3342.182884113474,0,0,0,7433.072246430788,7262.071925011186,0,0,0,266.9082,167.2423,430,430,430
2017,7,11,18,0,13.151354,-10.603748,14.504046,-15.744,14,-5,14,-5,14,-5,3334.777506090938,3204.340845443753,0,0,0,7468.3681791182735,7354.894319291493,0,0,0,235.805,56.4358,430,430,430
2015,8,22,12,0,14.342736,-14.809921,14.382541,-10.916291,14,-5,14,-5,14,-5,3603.5346953851918,3413.1514773090253,0,0,0,7528.796731814266,7388.909364304202,0,0,0,88.8144,221.1832,430,430,430
2006,8,3,13,0,15.330155,-17.20125,15.681251,-15.012645,14,-5,14,-5,14,-5,3411.265545985082,3327.655690214664,0,0,0,7338.322327608013,7408.673509287202,0,0,0,24.1661,91.0,430,430,430
2016,8,13,21,0,11.284417,-12.409559,10.021381,-16.668787,14,-5,14,-5,14,-5,3394.5554349087606,3364.715475365979,0,0,0,7491.0669728854355,7325.852527230541,0,0,0,201.8167,165.5929,430,430,430
2004,8,23,13,0,14.304126,-14.024997,10.140595,-14.010802,14,-5,14,-5,14,-5,3408.7281853694035,3380.5800791985894,0,0,0,7408.934203671956,7411.704721332332,0,0,0,114.6298,191.3766,430,430,430
2010,6,8,16,0,12.512155,-11.625267,16.521189,-15.899805,14,-5,14,-5,14,-5,3638.852558924018,3477.449846142217,0,0,0,7421.449623528913,7524.505870575268,0,0,0,207.0604,85.6329,430,430,430
2007,7,1,9,0,14.325707,-17.999883,16.474521,-17.635936,14,-5,14,-5,14,-5,3292.4717880339554,3580.209581422813,0,0,0,7566.554203335086,7435.025748767639,0,0,0,23.6008,60.0,430,430,430
2018,8,24,19,0,12.050399,-15.155164,17.624586,-11.435984,14,-5,14,-5,14,-5,3379.2386634744594,3401.8283907425816,0,0,0,7384.290588669799,7394.110390460335,0,0,0,115.6028,234.7978,430,430,430
2006,6,13,2,0,16.407109,-17.879287,16.164497,-11.879625,14,-5,14,-5,14,-5,3389.9846746392554,3430.2332989653137,0,0,0,7475.720521257025,7372.9765559881325,0,0,0,58.5491,199.1808,430,430,430
2005,7,29,1,0,13.702498,-14.847791,17.101053,-16.268381,14,-5,14,-5,14,-5,3642.7292594679516,3482.0174233716434,0,0,0,7526.404398394354,7358.315580785556,0,0,0,91.5478,95.3834,430,430,430
2015,6,19,7,0,14.240767,-11.014246,11.014847,-13.65237,14,-5,14,-5,14,-5,3395.2720445078353,3505.2379870881628,0,0,0,7426.725563205783,7495.71494866597,0,0,0,218.4491,176.1846,430,430,430
2015,6,6,6,0,16.012091,-15.869473,15.333973,-16.315962,14,-5,14,-5,14,-5,3292.4459032595223,3434.346186567193,0,0,0,7408.205944830975,7360.4241147193925,0,0,0,73.2462,45.6508,430,430,430
2007,6,27,15,0,12.259686,-15.227663,16.669811,-15.089167,14,-5,14,-5,14,-5,3455.5735789988526,3567.1211812677284,0,0,0,7459.009126352548,7537.833825745363,0,0,0,108.8531,109.4806,430,430,430
2013,8,1,2,0,10.629596,-11.151683,14.153766,-15.213681,14,-5,14,-5,14,-5,3665.0616185691442,3443.686210843182,0,0,0,7440.96927707207,7443.669721044424,0,0,0,250.1999,75.1864,430,430,430
2017,8,30,8,0,16.900596,-13.41259,17.742379,-13.443677,14,-5,14,-5,14,-5,3454.71845459404,3629.7374476447717,0,0,0,7419.060857055178,7356.656123126476,0,0,0,161.5333,178.0028,430,430,430
2005,7,3,14,0,13.067711,-15.539771,13.055686,-14.275368,14,-5,14,-5,14,-5,3529.4054662031103,3395.2248467864474,0,0,0,7491.478895638767,7498.310017865386,0,0,0,82.0366,116.8461,430,430,430
2008,8,12,10,0,12.68294,-11.880158,11.28547,-10.559558,14,-5,14,-5,14,-5,3484.792803933967,3531.7584737033517,0,0,0,7529.0021840349755,7420.0268242302,0,0,0,196.5121,256.7255,430,430,430
2007,8,5,8,0,11.819011,-12.386829,17.987875,-15.773629,14,-5,14,-5,14,-5,3424.650796290374,3520.573999307175,0,0,0,7494.067179822009,7498.574887694073,0,0,0,192.4214,131.3697,430,430,430
2004,6,13,17,0,16.022478,-16.481538,11.843687,-13.161467,14,-5,14,-5,14,-5,3282.1403584329123,3420.000348487813,0,0,0,7507.012318453931,7463.225110983246,0,0,0,59.0339,169.8382,430,430,430
2010,6,16,14,0,12.326767,-10.3926,17.733085,-15.052399,14,-5,14,-5,14,-5,3415.8642625304556,3239.035758195856,0,0,0,7375.15066553881,7418.5273105065935,0,0,0,249.5135,138.2932,430,430,430
2011,8,7,6,0,13.23587,-12.262825,14.500843,-12.014966,14,-5,14,-5,14,-5,3432.4708097286725,3297.1259225775266,0,0,0,7472.015511852592,7390.791016338315,0,0,0,178.8435,183.0683,430,430,430
2006,8,11,14,0,11.652265,-16.175515,11.759553,-16.685539,14,-5,14,-5,14,-5,3566.459451603204,3357.810984638446,0,0,0,7452.558735230195,7480.689898998333,0,0,0,112.272,104.3935,430,430,430
2010,7,12,4,0,12.897486,-16.898753,14.694441,-10.40205,14,-5,14,-5,14,-5,3339.983125780805,3618.127891339026,0,0,0,7473.055636793973,7593.073781956533,0,0,0,64.3273,240.0083,430,430,430
2017,7,3,1,0,14.385705,-11.97352,12.815397,-13.417891,14,-5,14,-5,14,-5,3404.4989162870265,3413.9766605073,0,0,0,7349.700796268313,7577.256194365259,0,0,0,185.2188,146.2395,430,430,430
2013,6,10,14,0,15.403802,-11.45909,15.086721,-12.266258,14,-5,14,-5,14,-5,3427.913622281572,3614.0590243947677,0,0,0,7358.620986188361,7493.211328958528,0,0,0,206.7704,176.7258,430,430,430
2016,8,15,3,0,16.484691,-11.640776,17.122943,-16.130701,14,-5,14,-5,14,-5,3405.5276563195807,3325.1556062146537,0,0,0,7279.793203490609,7360.615246316155,0,0,0,210.9431,98.7927,430,430,430
2012,8,9,3,0,11.930036,-15.179074,13.635521,-12.307857,14,-5,14,-5,14,-5,3444.1186608762487,3421.426212420581,0,0,0,7319.235266688568,7591.621884911643,0,0,0,119.0378,175.5249,430,430,430
2016,6,24,7,0,11.025335,-16.169282,14.675803,-17.236526,14,-5,14,-5,14,-5,3535.381280305604,3482.5432792118945,0,0,0,7574.392447630951,7543.25662947814,0,0,0,133.154,7.0711,430,430,430
2004,7,20,8,0,17.272931,-12.954336,12.463061,-13.801621,14,-5,14,-5,14,-5,3285.7073375435652,3375.0175818178054,0,0,0,7436.819483353189,7371.194374145036,0,0,0,182.7047,140.0643,430,430,430
2016,7,8,7,0,12.317836,-13.132543,10.611283,-11.219861,14,-5,14,-5,14,-5,3367.819000499877,3663.7661132745907,0,0,0,7574.725183039013,7397.237931551554,0,0,0,162.2467,248.5558,430,430,430
2007,8,1,17,0,11.868857,-17.844901,15.127471,-12.676252,14,-5,14,-5,14,-5,3389.045973159026,3389.9589865835555,0,0,0,7442.416573525272,7518.9586321093675,0,0,0,102.1812,162.8895,430,430,430
2018,8,4,12,0,14.754452,-14.437319,10.597523,-14.7912,14,-5,14,-5,14,-5,3569.87236581384,3473.3230847233212,0,0,0,7456.870989126893,7398.111265562072,0,0,0,101.0445,164.2468,430,430,430
2004,8,2,14,0,16.820262,-15.978965,12.498658,-14.288787,14,-5,14,-5,14,-5,3540.567475672394,3538.6421565426685,0,0,0,7475.564135874888,7470.6831870974,0,0,0,92.0054,126.4002,430,430,430
2007,7,24,17,0,12.278101,-15.557665,12.900101,-14.007393,14,-5,14,-5,14,-5,3586.1199345463683,3459.435129946356,0,0,0,7589.057275701821,7388.794877572454,0,0,0,101.5135,127.1417,430,430,430
2008,8,7,12,0,13.983439,-13.234266,11.776077,-16.117191,14,-5,14,-5,14,-5,3410.529470851196,3382.252661243314,0,0,0,7537.722384387142,7380.0578697284545,0,0,0,142.0422,108.5035,430,430,430
2014,7,11,15,0,14.687441,-16.709516,13.743341,-17.083587,14,-5,14,-5,14,-5,3460.3918754475108,3584.860491293195,0,0,0,7426.185116144626,7479.689662556687,0,0,0,25.02,34.2053,430,430,430
2012,8,11,15,0,13.330926,-10.460939,10.200734,-10.514254,14,-5,14,-5,14,-5,3154.370756368705,3418.936784760746,0,0,0,7445.22479773543,7458.654770266864,0,0,0,239.4598,276.8267,430,430,430
2010,6,1,5,0,16.505651,-16.923234,13.272873,-12.352933,14,-5,14,-5,14,-5,3468.8095405920462,3296.051576249773,0,0,0,7487.613120967907,7506.68707270092,0,0,0,66.4831,175.6844,430,430,430
2005,6,11,19,0,14.56643,-11.000704,12.165033,-17.223835,14,-5,14,-5,14,-5,3541.156091695173,3510.847333755228,0,0,0,7363.5095790134,7540.2714959714385,0,0,0,219.0091,89.0,430,430,430
2010,6,15,6,0,15.217928,-17.958375,11.206923,-14.610593,14,-5,14,-5,14,-5,3381.0482527894237,3277.8780078517534,0,0,0,7483.064234812571,7515.438835699264,0,0,0,22.6716,149.8433,430,430,430
2009,6,5,0,0,13.566563,-17.356312,10.411602,-14.197293,14,-5,14,-5,14,-5,3232.46840582843,3509.8376755661366,0,0,0,7532.826004056547,7486.0744685092795,0,0,0,40.0,179.7248,430,430,430
2015,7,22,21,0,14.233222,-14.058466,11.978935,-14.40818,14,-5,14,-5,14,-5,3617.224164413644,3374.678734402068,0,0,0,7554.5678380154095,7438.968698566886,0,0,0,113.9912,134.3503,430,430,430
2006,6,24,16,0,12.663146,-16.716231,12.769902,-16.167879,14,-5,14,-5,14,-5,3507.8569941665683,3145.065699127981,0,0,0,7461.310335411053,7508.386246770184,0,0,0,73.4983,76.5376,430,430,430
2010,7,11,0,0,11.733033,-14.350951,13.613919,-17.363181,14,-5,14,-5,14,-5,3413.1001416864797,3518.125630312808,0,0,0,7332.173404461651,7374.602486933742,0,0,0,141.485,38.0,430,430,430
2016,8,19,11,0,16.520096,-10.92089,15.068388,-15.788682,14,-5,14,-5,14,-5,3377.759112592346,3575.508684661436,0,0,0,7281.516146508721,7473.825920371973,0,0,0,235.1616,58.4637,430,430,430
2010,6,19,4,0,17.85386,-13.905396,13.874452,-10.571583,14,-5,14,-5,14,-5,3573.736756334793,3447.0119331694227,0,0,0,7426.772514329567,7477.050369714499,0,0,0,168.772,233.4524,430,430,430
2016,6,16,6,0,12.695155,-10.603817,14.73252,-11.982329,14,-5,14,-5,14,-5,3435.760887182049,3480.313501156501,0,0,0,7520.4561795599675,7508.025944980446,0,0,0,238.6001,185.0432,430,430,430
2012,6,29,15,0,13.500024,-15.251071,12.037391,-17.899396,14,-5,14,-5,14,-5,3350.051552018284,3357.194131453599,0,0,0,7403.258227200914,7509.276904146489,0,0,0,81.1234,96.7729,430,430,430
2004,8,24,14,0,17.544011,-16.811444,15.714672,-12.513194,14,-5,14,-5,14,-5,3335.0630985649304,3437.5397211131008,0,0,0,7450.540357614757,7460.816750809853,0,0,0,101.8332,173.0029,430,430,430
2013,6,12,22,0,15.189093,-15.696038,14.729252,-13.881969,14,-5,14,-5,14,-5,3552.011253672228,3383.262280277635,0,0,0,7375.383996870658,7540.016525595454,0,0,0,62.3618,120.0375,430,430,430
2018,6,20,21,0,13.603438,-11.455014,11.114225,-11.185162,14,-5,14,-5,14,-5,3522.5428149829872,3320.3513738800402,0,0,0,7425.779910199026,7495.002695240242,0,0,0,204.1984,240.4413,430,430,430
2008,8,8,15,0,13.604943,-17.706982,17.462097,-15.560909,14,-5,14,-5,14,-5,3508.8302850612213,3465.5617261214056,0,0,0,7412.786328937313,7341.831224340656,0,0,0,39.8497,119.2015,430,430,430
2015,8,20,19,0,17.670449,-10.378771,16.088563,-10.517415,14,-5,14,-5,14,-5,3422.423184535483,3436.490806743688,0,0,0,7589.866174044276,7618.021557254439,0,0,0,268.3915,244.3809,430,430,430
2017,6,25,6,0,17.891082,-16.883609,17.096257,-17.054475,14,-5,14,-5,14,-5,3238.472932568235,3286.0147346100384,0,0,0,7461.33018315944,7439.9621925101155,0,0,0,113.0531,84.6463,430,430,430
2014,6,22,15,0,12.208318,-17.944333,11.323116,-14.389983,14,-5,14,-5,14,-5,3563.729093179093,3208.8257432233127,0,0,0,7363.4604475102515,7479.807303504135,0,0,0,91.214,151.4893,430,430,430
2012,6,19,12,0,16.792224,-12.822603,10.326067,-12.472401,14,-5,14,-5,14,-5,3419.1192973373295,3379.4465143740667,0,0,0,7552.860491557457,7538.826359049755,0,0,0,178.1011,220.6581,430,430,430
2009,7,26,7,0,15.953345,-15.241473,12.537642,-15.813823,14,-5,14,-5,14,-5,3390.326142512567,3454.108421728592,0,0,0,7430.393858445727,7536.583520975065,0,0,0,89.5545,89.5879,430,430,430
2006,8,3,3,0,13.069078,-15.256445,13.062686,-13.80041,14,-5,14,-5,14,-5,3422.8963923211927,3361.626742870447,0,0,0,7315.370510581941,7421.831860462286,0,0,0,89.4986,131.5181,430,430,430
2009,6,3,9,0,16.026345,-16.302827,10.50722,-16.39761,14,-5,14,-5,14,-5,3647.506118637056,3414.259829874292,0,0,0,7454.654143533909,7409.729256856414,0,0,0,62.2896,148.9463,430,430,430
2016,8,26,8,0,16.084372,-16.411486,14.897811,-14.649667,14,-5,14,-5,14,-5,3509.722163536699,3678.0593994036076,0,0,0,7444.7740364386655,7511.538571972611,0,0,0,61.8466,94.3398,430,430,430
2004,6,9,13,0,17.159988,-17.864832,10.164973,-10.718003,14,-5,14,-5,14,-5,3445.6843959595694,3433.9098756288936,0,0,0,7481.455311160278,7368.538000292901,0,0,0,84.1487,271.6708,430,430,430
2009,8,2,9,0,16.363183,-12.738022,12.529311,-11.432432,14,-5,14,-5,14,-5,3609.295639847946,3203.761165800577,0,0,0,7424.29644490884,7403.968627288228,0,0,0,173.3494,213.251,430,430,430
2010,6,2,6,0,11.417881,-12.482578,13.377754,-13.869461,14,-5,14,-5,14,-5,3511.619240993045,3358.8817188572953,0,0,0,7318.430982413024,7581.564947712688,0,0,0,196.6977,125.3555,430,430,430
2004,7,23,14,0,17.436514,-17.546362,10.251581,-10.263232,14,-5,14,-5,14,-5,3563.3525656938773,3365.1327434367977,0,0,0,7555.413844884828,7582.684557711078,0,0,0,93.2631,283.1855,430,430,430
2006,8,14,6,0,13.212574,-14.077473,17.437568,-12.69228,14,-5,14,-5,14,-5,3429.6038388229517,3367.6178979486995,0,0,0,7499.1439344747305,7362.004665022005,0,0,0,121.2477,193.4942,430,430,430
2010,7,18,15,0,11.423141,-10.416373,16.532605,-11.655791,14,-5,14,-5,14,-5,3425.5500689591577,3521.507268874744,0,0,0,7475.873654532935,7498.104275251959,0,0,0,259.8557,211.2487,430,430,430
2012,6,10,18,0,10.174824,-15.425153,10.029599,-16.841989,14,-5,14,-5,14,-5,3385.6738657330484,3517.2806377509323,0,0,0,7484.457867419475,7494.3453120850545,0,0,0,168.9083,165.1938,430,430,430
2012,6,23,13,0,16.984933,-14.161154,10.136208,-11.681361,14,-5,14,-5,14,-5,3346.803861102289,3470.984791179788,0,0,0,7559.78371484183,7521.87749837658,0,0,0,141.7357,245.4588,430,430,430
2006,6,8,13,0,12.722756,-17.936397,15.969532,-11.284436,14,-5,14,-5,14,-5,3455.9402013701615,3353.057873583369,0,0,0,7520.421538198939,7564.951350570275,0,0,0,73.3757,216.9332,430,430,430
2015,7,17,4,0,16.33546,-17.227103,12.121183,-14.434181,14,-5,14,-5,14,-5,3303.325848497978,3559.1148205611885,0,0,0,7493.844882942905,7500.192355700692,0,0,0,57.4891,130.8625,430,430,430
2010,6,20,10,0,16.283039,-13.359639,10.487925,-12.493297,14,-5,14,-5,14,-5,3543.1057342980002,3382.1482223755916,0,0,0,7450.9742389718185,7369.959229333215,0,0,0,152.6434,215.8634,430,430,430
2017,6,5,3,0,10.829314,-15.780561,10.451516,-10.257164,14,-5,14,-5,14,-5,3517.474757904192,3438.414863046362,0,0,0,7426.006223762345,7493.400048982716,0,0,0,143.5688,280.2642,430,430,430
2014,6,29,12,0,14.99781,-14.175255,11.171713,-17.093624,14,-5,14,-5,14,-5,3539.072996821204,3468.0452687864936,0,0,0,7523.191162519226,7571.369188445976,0,0,0,111.5437,124.0161,430,430,430
2013,8,20,16,0,14.828296,-16.634097,11.605081,-16.891473,14,-5,14,-5,14,-5,3421.3220632707103,3362.579693639882,0,0,0,7376.361108861328,7494.900655085488,0,0,0,28.2843,109.4578,430,430,430
2017,7,18,9,0,17.521924,-12.377848,14.264971,-13.561128,14,-5,14,-5,14,-5,3524.8981927370282,3599.147179218884,0,0,0,7500.747954169205,7454.075964833618,0,0,0,204.5532,130.7517,430,430,430
2006,7,7,8,0,14.898756,-11.938563,13.432865,-16.450683,14,-5,14,-5,14,-5,3376.624546334075,3414.299396806395,0,0,0,7317.527005506777,7505.468903991053,0,0,0,187.2165,53.2541,430,430,430
2005,6,19,7,0,12.243085,-16.104404,17.359734,-11.397437,14,-5,14,-5,14,-5,3358.2977507832843,3339.5324200701707,0,0,0,7466.745652640075,7364.686302215855,0,0,0,93.1075,230.9913,430,430,430
2006,8,28,19,0,12.355809,-15.743806,13.852536,-10.666752,14,-5,14,-5,14,-5,3587.418964237533,3446.7401549774518,0,0,0,7534.116696138036,7449.731532401992,0,0,0,96.566,230.5862,430,430,430
2016,8,12,22,0,17.631871,-15.464333,11.824759,-13.670327,14,-5,14,-5,14,-5,3442.0008639367675,3445.0990285131834,0,0,0,7547.31604620798,7339.421660680052,0,0,0,126.4002,156.9745,430,430,430
2012,7,20,21,0,17.008887,-17.811193,13.123584,-13.199916,14,-5,14,-5,14,-5,3497.6862977004994,3587.817320569205,0,0,0,7508.406005787147,7632.572423887864,0,0,0,79.1012,150.0533,430,430,430
2015,7,30,5,0,15.578325,-13.146932,13.408497,-15.552522,14,-5,14,-5,14,-5,3506.780007860999,3306.4288113780995,0,0,0,7297.645685656752,7590.041497964878,0,0,0,150.4427,75.0,430,430,430
2011,7,28,18,0,17.645389,-17.705646,11.940681,-13.06839,14,-5,14,-5,14,-5,3466.4449280914077,3571.7917910958627,0,0,0,7436.719968581876,7453.1979035677805,0,0,0,100.02,170.8479,430,430,430
2005,7,23,10,0,14.17279,-12.931273,12.834463,-15.005917,14,-5,14,-5,14,-5,3508.733369593814,3582.394713005602,0,0,0,7550.309187653067,7408.714825305288,0,0,0,151.8453,100.7671,430,430,430
2011,7,25,2,0,11.82846,-10.162144,11.028298,-14.475493,14,-5,14,-5,14,-5,3411.287492444423,3438.652267661107,0,0,0,7514.962930709226,7512.133848584274,0,0,0,262.3928,157.0509,430,430,430
2012,6,19,0,0,15.477334,-13.65978,13.585781,-10.883506,14,-5,14,-5,14,-5,3152.324892518448,3494.249786602086,0,0,0,7313.242118683242,7591.317799899998,0,0,0,132.9812,224.0759,430,430,430
2009,7,20,16,0,16.334561,-11.729271,12.914714,-14.594987,14,-5,14,-5,14,-5,3262.2991966745208,3350.917820855867,0,0,0,7490.936190605887,7452.285214758082,0,0,0,206.6035,109.5536,430,430,430
2005,6,11,0,0,10.126565,-16.044477,13.767103,-15.029864,14,-5,14,-5,14,-5,3489.4514602988143,3387.936194093984,0,0,0,7421.982213668412,7488.588555929546,0,0,0,164.9758,85.235,430,430,430
2015,6,30,21,0,16.176441,-17.524977,16.735356,-15.47934,14,-5,14,-5,14,-5,3372.15976402721,3333.5285045527476,0,0,0,7442.355075191874,7531.40676310139,0,0,0,50.0899,101.1187,430,430,430
2006,7,14,11,0,17.129996,-13.229741,16.320933,-13.083166,14,-5,14,-5,14,-5,3351.666152583739,3279.3785785442033,0,0,0,7365.981451888022,7501.204821710432,0,0,0,171.5401,161.756,430,430,430
2013,6,26,12,0,17.774674,-11.897685,14.588936,-14.911612,14,-5,14,-5,14,-5,3560.9040008183892,3499.5107145092975,0,0,0,7459.881736233764,7545.685691498812,0,0,0,223.7856,85.0529,430,430,430
2010,8,29,4,0,16.954903,-17.687869,10.830026,-13.549473,14,-5,14,-5,14,-5,3394.769400252222,3489.6808068799737,0,0,0,7395.922509696457,7380.7236340139825,0,0,0,77.0,182.6308,430,430,430
2011,7,6,14,0,11.764536,-15.351188,12.563014,-14.803057,14,-5,14,-5,14,-5,3520.2499847130343,3217.0782038462544,0,0,0,7445.234854382509,7608.237676819684,0,0,0,120.7394,111.198,430,430,430
2017,7,7,7,0,12.938906,-10.41631,12.061208,-11.633232,14,-5,14,-5,14,-5,3541.8048112294246,3442.7532510996966,0,0,0,7424.654290091312,7609.762254646902,0,0,0,243.2632,212.4735,430,430,430
2015,6,1,9,0,16.180268,-15.512755,10.64798,-13.026551,14,-5,14,-5,14,-5,3524.4385861483797,3493.772358463794,0,0,0,7532.429469639629,7562.648015569646,0,0,0,86.4002,199.4041,430,430,430
2017,6,8,9,0,17.2381,-15.710576,11.684364,-14.161483,14,-5,14,-5,14,-5,3505.9978965595124,3510.4314243650692,0,0,0,7534.4206938169045,7543.776916262111,0,0,0,110.0,147.085,430,430,430
2015,8,18,4,0,13.211717,-17.890258,14.291367,-16.889485,14,-5,14,-5,14,-5,3476.202150322754,3287.6826667328187,0,0,0,7438.618977348068,7484.749581613635,0,0,0,56.3028,22.6716,430,430,430
2008,7,1,15,0,14.076616,-15.771505,13.166524,-15.266105,14,-5,14,-5,14,-5,3315.407093616553,3262.217026818483,0,0,0,7503.509332797514,7388.805487031235,0,0,0,57.9396,87.0057,430,430,430
2006,7,19,7,0,11.554608,-10.991056,12.173029,-16.886514,14,-5,14,-5,14,-5,3367.1311649856616,3388.404071688264,0,0,0,7568.293466052634,7470.848356680532,0,0,0,239.2697,89.8053,430,430,430
2010,8,10,16,0,11.13948,-16.62815,17.636288,-15.64384,14,-5,14,-5,14,-5,3706.78282904229,3490.8888513267134,0,0,0,7427.178657410124,7549.302088859095,0,0,0,126.2894,122.8861,430,430,430
2005,6,5,7,0,12.553629,-13.409276,12.760528,-16.969734,14,-5,14,-5,14,-5,3345.746676667047,3486.9923718783257,0,0,0,7474.061599029312,7409.599408495963,0,0,0,149.9667,68.7314,430,430,430
2005,7,23,7,0,14.068228,-12.32178,10.608858,-17.356495,14,-5,14,-5,14,-5,3481.4462921478807,3542.7931657940812,0,0,0,7521.4058855507255,7520.010560868532,0,0,0,173.1589,144.2221,430,430,430
2005,7,7,18,0,12.422412,-10.453416,13.192331,-17.28366,14,-5,14,-5,14,-5,3566.4641213087543,3416.0586141709055,0,0,0,7495.497052453917,7389.281456033305,0,0,0,246.6577,53.0094,430,430,430
2014,7,20,14,0,10.940084,-12.848062,17.979393,-10.858573,14,-5,14,-5,14,-5,3372.656020818649,3523.3837032959677,0,0,0,7461.008999959712,7519.065034583835,0,0,0,196.901,258.0426,430,430,430
2018,8,1,22,0,14.652782,-13.823758,10.71301,-14.143295,14,-5,14,-5,14,-5,3304.31853434941,3359.683654595829,0,0,0,7547.001333927124,7460.346950939294,0,0,0,122.0,172.4094,430,430,430
2015,6,14,16,0,17.69354,-10.623297,16.686344,-14.28593,14,-5,14,-5,14,-5,3300.8465286196824,3369.9005787941483,0,0,0,7255.931318175142,7700.024798622597,0,0,0,261.4517,132.0757,430,430,430
2015,7,8,2,0,11.285924,-14.063701,16.195218,-12.576352,14,-5,14,-5,14,-5,3298.102122959738,3424.2541445461775,0,0,0,7441.148876260487,7470.5248212859715,0,0,0,159.3644,176.4653,430,430,430
2016,6,29,7,0,10.123699,-17.342849,14.305699,-15.167425,14,-5,14,-5,14,-5,3454.5534397840843,3226.047059429252,0,0,0,7403.866977712722,7388.707461893946,0,0,0,161.2514,76.1183,430,430,430
2010,8,13,4,0,11.126583,-12.863092,16.949478,-10.676627,14,-5,14,-5,14,-5,3407.4915512707357,3683.856109831048,0,0,0,7551.507041079632,7448.577624326403,0,0,0,192.3148,248.5679,430,430,430
2009,6,11,13,0,15.637134,-13.362948,17.452073,-12.524468,14,-5,14,-5,14,-5,3558.2403953451467,3437.649810929684,0,0,0,7637.337840731149,7474.07089824437,0,0,0,144.0694,199.2109,430,430,430
2013,7,9,18,0,16.564646,-10.993851,13.566576,-14.59387,14,-5,14,-5,14,-5,3451.126152710781,3314.8760174174267,0,0,0,7632.522765334069,7414.987723645076,0,0,0,232.8476,100.8464,430,430,430
2016,6,24,20,0,14.144762,-10.286674,11.461193,-10.841673,14,-5,14,-5,14,-5,3401.6042115186933,3426.4573530617176,0,0,0,7538.157566659725,7390.511130385598,0,0,0,243.5939,245.9776,430,430,430
2006,8,25,2,0,16.585816,-14.860917,10.530932,-15.709015,14,-5,14,-5,14,-5,3344.625089392367,3264.4328615875284,0,0,0,7417.12350613323,7450.833656347527,0,0,0,113.2254,154.6383,430,430,430
2014,6,16,12,0,16.33481,-15.965544,14.435483,-14.545813,14,-5,14,-5,14,-5,3371.836722209173,3529.442062335751,0,0,0,7334.353267230428,7498.2496791603035,0,0,0,79.2086,97.3293,430,430,430
2017,7,30,17,0,16.272053,-17.654228,14.112446,-10.58252,14,-5,14,-5,14,-5,3415.0599209561547,3474.6743461454466,0,0,0,7564.437828536825,7489.001565191477,0,0,0,54.0093,232.6972,430,430,430
2016,7,20,6,0,17.668394,-12.902198,16.483402,-16.399283,14,-5,14,-5,14,-5,3716.9388124268253,3537.9961749205277,0,0,0,7477.070188949395,7423.074812042876,0,0,0,191.669,74.3303,430,430,430
2007,8,2,10,0,17.352661,-14.173584,15.087295,-14.65141,14,-5,14,-5,14,-5,3543.2644447036855,3235.973642050095,0,0,0,7448.204013184646,7451.031845846724,0,0,0,149.6262,96.026,430,430,430
2013,6,17,0,0,11.996212,-15.86185,14.968395,-16.799166,14,-5,14,-5,14,-5,3464.63895601754,3433.084643992861,0,0,0,7546.0343020571445,7528.275814991114,0,0,0,105.5509,24.6982,430,430,430
2016,8,6,21,0,13.128112,-12.748835,17.564867,-14.030134,14,-5,14,-5,14,-5,3530.0775427056274,3290.4000034169717,0,0,0,7388.093598096815,7387.855048814395,0,0,0,163.8109,158.5213,430,430,430
2007,7,2,14,0,16.660097,-10.231453,11.86337,-12.592243,14,-5,14,-5,14,-5,3489.7925309296115,3509.136717737514,0,0,0,7524.224383073309,7401.402280294186,0,0,0,259.6151,185.9247,430,430,430
2012,8,20,11,0,11.119777,-15.496575,16.194033,-10.591508,14,-5,14,-5,14,-5,3580.5927600218856,3062.118890106381,0,0,0,7277.591536345364,7440.502280733254,0,0,0,136.9708,242.0992,430,430,430
2009,7,14,3,0,10.457405,-11.880998,16.551868,-11.659053,14,-5,14,-5,14,-5,3189.427779674055,3516.340505359642,0,0,0,7541.419894650063,7478.4537596594655,0,0,0,233.0322,211.5585,430,430,430
2012,8,2,21,0,13.934394,-11.273243,16.382304,-12.409929,14,-5,14,-5,14,-5,3469.995382966818,3358.164421678159,0,0,0,7525.4649780084055,7504.798749345806,0,0,0,209.497,184.0543,430,430,430
2005,7,21,11,0,10.081712,-13.67991,12.101932,-15.6162,14,-5,14,-5,14,-5,3303.9446321944247,3421.567702023483,0,0,0,7511.167107415087,7510.7861528316,0,0,0,199.8324,105.8159,430,430,430
2004,8,25,9,0,10.475234,-17.236621,16.229312,-12.165675,14,-5,14,-5,14,-5,3303.7159471011178,3513.4421455956003,0,0,0,7475.240943611669,7573.610236181482,0,0,0,149.0537,190.1289,430,430,430
2015,6,15,16,0,10.69668,-15.201187,12.926019,-13.167298,14,-5,14,-5,14,-5,3340.0745110646126,3408.604593415053,0,0,0,7486.016858601076,7563.4259202179055,0,0,0,154.3535,152.7121,430,430,430
2007,7,25,5,0,10.598242,-13.498585,15.711562,-15.433141,14,-5,14,-5,14,-5,3438.492428764694,3413.945193610554,0,0,0,7553.9711558216495,7561.853871464523,0,0,0,189.2749,78.2624,430,430,430
2004,7,30,11,0,15.466025,-16.370285,10.835031,-14.193423,14,-5,14,-5,14,-5,3375.765657088638,3454.665737467941,0,0,0,7508.475473823495,7385.440502567663,0,0,0,46.6154,168.003,430,430,430
2017,8,4,15,0,11.486198,-17.884864,15.803832,-12.735788,14,-5,14,-5,14,-5,3485.060208192811,3358.182071718217,0,0,0,7285.070327656218,7500.99730166286,0,0,0,115.5206,166.8652,430,430,430
2007,6,13,12,0,13.662186,-13.696512,10.291116,-14.406115,14,-5,14,-5,14,-5,3306.937925494261,3424.570921253183,0,0,0,7492.947591766934,7421.493779065224,0,0,0,128.8449,179.3878,430,430,430
2018,8,25,10,0,12.458032,-13.682267,12.918013,-15.260826,14,-5,14,-5,14,-5,3592.054467756441,3442.230261953351,0,0,0,7491.535952806823,7452.8725468646435,0,0,0,143.4225,92.7631,430,430,430
2017,7,15,12,0,15.090704,-11.31819,11.294261,-15.514607,14,-5,14,-5,14,-5,3281.762876204853,3566.3886566416845,0,0,0,7254.80004607026,7458.494288088853,0,0,0,209.6115,131.5181,430,430,430
2013,7,3,0,0,15.606127,-10.79559,11.083229,-10.191153,14,-5,14,-5,14,-5,3516.313576814753,3378.668755077641,0,0,0,7559.290353843937,7446.7703994273015,0,0,0,230.5211,271.4885,430,430,430
2016,7,22,11,0,17.360548,-15.969887,14.821465,-12.286416,14,-5,14,-5,14,-5,3501.773453384474,3492.6755593272082,0,0,0,7648.876482305296,7385.792574562159,0,0,0,108.7566,175.1028,430,430,430
2009,7,21,4,0,10.631606,-16.030908,16.525926,-11.349244,14,-5,14,-5,14,-5,3314.468192504859,3375.239614988415,0,0,0,7483.130886339882,7386.041859490248,0,0,0,147.7092,221.0814,430,430,430
2013,6,22,18,0,12.964869,-12.794977,14.989386,-11.827823,14,-5,14,-5,14,-5,3411.683644073416,3347.505411457231,0,0,0,7478.5845018838745,7556.121466114608,0,0,0,163.9817,191.4419,430,430,430
2018,7,3,16,0,14.052937,-15.702077,11.095773,-15.621145,14,-5,14,-5,14,-5,3294.8674576984376,3453.2473161719586,0,0,0,7524.250010179218,7284.791946834182,0,0,0,61.0983,136.3085,430,430,430
2017,7,28,11,0,10.979992,-15.959111,14.114862,-14.021475,14,-5,14,-5,14,-5,3435.7898217168786,3452.671736587812,0,0,0,7290.86284716901,7416.948532193746,0,0,0,136.0147,115.5725,430,430,430
2008,7,20,8,0,10.70147,-12.710118,12.508322,-10.715861,14,-5,14,-5,14,-5,3633.4535658346513,3366.2026662052094,0,0,0,7550.981359931019,7467.082749489841,0,0,0,205.9733,237.1708,430,430,430
2009,8,9,19,0,17.477931,-14.376628,13.032101,-13.20626,14,-5,14,-5,14,-5,3372.540717748637,3250.6996264622526,0,0,0,7351.394941477462,7403.685685805737,0,0,0,147.411,149.8566,430,430,430
2005,6,24,15,0,16.015795,-10.724927,14.966996,-15.568443,14,-5,14,-5,14,-5,3432.709274740302,3445.3452269782438,0,0,0,7471.143772133656,7451.508209020247,0,0,0,236.9135,64.7765,430,430,430
2004,6,27,1,0,16.603894,-17.330467,12.518208,-12.013467,14,-5,14,-5,14,-5,3337.611131120948,3258.4732799321164,0,0,0,7317.904723966064,7514.404364618019,0,0,0,65.9242,194.0773,430,430,430
2004,7,3,11,0,17.870355,-15.888125,15.901335,-16.309054,14,-5,14,-5,14,-5,3479.7570532188943,3555.6497277554063,0,0,0,7714.968544978958,7473.731514653607,0,0,0,125.3994,59.397,430,430,430
2012,8,9,3,0,14.48123,-13.289258,10.804141,-15.868156,14,-5,14,-5,14,-5,3547.518254032761,3525.575006470976,0,0,0,7608.866698421455,7579.867110869779,0,0,0,140.1285,143.5897,430,430,430
2009,8,22,5,0,16.089721,-17.313811,13.727316,-13.78805,14,-5,14,-5,14,-5,3380.123105609512,3322.7852378046596,0,0,0,7434.960761655498,7343.2812637501365,0,0,0,48.8365,125.4193,430,430,430
2015,6,15,11,0,10.515728,-12.918518,14.612754,-17.224945,14,-5,14,-5,14,-5,3440.701475951751,3441.743257040083,0,0,0,7490.637888276029,7309.289065617855,0,0,0,205.0658,7.6158,430,430,430
2007,7,22,14,0,14.146673,-10.019238,10.868198,-14.473874,14,-5,14,-5,14,-5,3441.0354528478288,3406.395941470362,0,0,0,7465.210487133785,7474.364199903714,0,0,0,252.5074,161.9784,430,430,430
2017,7,9,5,0,13.138706,-13.245777,16.954559,-16.984543,14,-5,14,-5,14,-5,3528.73530768545,3449.253382125314,0,0,0,7513.697926972568,7562.139057273877,0,0,0,147.8276,80.3617,430,430,430
2018,8,26,8,0,15.165578,-10.74748,12.160602,-11.263376,14,-5,14,-5,14,-5,3321.5430864369027,3234.7378371421946,0,0,0,7507.06436954233,7481.289936757267,0,0,0,229.7869,222.6971,430,430,430
2017,6,13,15,0,16.692787,-11.103217,15.268191,-14.346482,14,-5,14,-5,14,-5,3291.184290750492,3444.800982095566,0,0,0,7450.094187026945,7550.516567283152,0,0,0,231.1731,108.0602,430,430,430
2007,7,14,11,0,11.782388,-12.728289,11.210093,-14.553439,14,-5,14,-5,14,-5,3586.1876851644633,3533.954066396784,0,0,0,7501.904699786942,7432.328357756326,0,0,0,182.7813,151.0132,430,430,430
2015,6,23,2,0,10.263731,-14.905487,16.072115,-16.046173,14,-5,14,-5,14,-5,3415.3046823463583,3514.484901759943,0,0,0,7535.387624582859,7521.345196461088,0,0,0,173.0925,70.0357,430,430,430
2014,7,18,7,0,16.557408,-10.968905,11.508495,-15.626329,14,-5,14,-5,14,-5,3548.69331300596,3655.186455135165,0,0,0,7481.655355683349,7290.552819730044,0,0,0,233.8055,123.9072,430,430,430
2016,7,2,19,0,15.979766,-17.878627,16.966881,-14.6154,14,-5,14,-5,14,-5,3405.8082422033463,3441.920708131959,0,0,0,7367.798423288421,7470.553363999572,0,0,0,45.1221,129.0155,430,430,430
2007,6,29,0,0,12.576324,-11.765711,10.17327,-17.608602,14,-5,14,-5,14,-5,3275.229889853736,3390.4574340518107,0,0,0,7404.903884670372,7423.047981077064,0,0,0,201.6755,161.0093,430,430,430
2004,8,10,4,0,11.420113,-10.438642,10.561794,-13.53108,14,-5,14,-5,14,-5,3306.177958521214,3463.3470467162506,0,0,0,7462.023546317789,7425.318672266309,0,0,0,258.9556,190.1421,430,430,430
2012,8,29,19,0,13.420561,-12.519079,15.636785,-12.578843,14,-5,14,-5,14,-5,3370.877810521203,3553.1507284560557,0,0,0,7578.596642415402,7471.345021910613,0,0,0,169.5435,170.4259,430,430,430
2010,6,16,14,0,16.352874,-16.172251,15.861063,-14.955445,14,-5,14,-5,14,-5,3211.6594174764946,3663.7909283830727,0,0,0,7466.750996047233,7550.082352660625,0,0,0,74.5185,96.1769,430,430,430
2010,6,3,13,0,10.005774,-13.844569,14.508545,-16.165185,14,-5,14,-5,14,-5,3421.4631407031325,3412.2358207488314,0,0,0,7316.722725316315,7565.881024507659,0,0,0,198.8618,42.4264,430,430,430
2015,7,25,22,0,11.951066,-17.855745,14.812063,-16.06093,14,-5,14,-5,14,-5,3343.3085169446867,3337.4938065139872,0,0,0,7299.035331181827,7439.299051363819,0,0,0,99.4636,47.1699,430,430,430
2012,7,23,13,0,17.519693,-13.269484,16.4228,-10.784962,14,-5,14,-5,14,-5,3531.4843178801316,3499.300717982177,0,0,0,7503.785381133871,7555.693977863261,0,0,0,178.891,238.21,430,430,430
2008,8,29,10,0,10.64013,-16.166767,14.814691,-12.662771,14,-5,14,-5,14,-5,3327.4891920961763,3366.1781703888287,0,0,0,7397.07090712722,7497.467929773246,0,0,0,146.5367,162.1111,430,430,430
2007,8,30,18,0,13.985096,-15.813017,15.049889,-10.63136,14,-5,14,-5,14,-5,3565.788796055731,3476.6962865355194,0,0,0,7611.151764977349,7307.946409734839,0,0,0,58.6003,233.4823,430,430,430
2006,6,14,15,0,14.243042,-15.631521,16.430332,-10.85167,14,-5,14,-5,14,-5,3369.8850153522485,3513.067165654015,0,0,0,7501.959472726555,7318.011470257632,0,0,0,62.0967,236.2795,430,430,430
2018,8,19,8,0,10.516519,-10.719674,12.705216,-11.420029,14,-5,14,-5,14,-5,3495.8025688703474,3330.1322586774095,0,0,0,7358.915497910067,7629.952104520176,0,0,0,264.8717,212.191,430,430,430
2009,6,6,19,0,17.956907,-10.052767,17.913699,-10.198818,14,-5,14,-5,14,-5,3476.6356302618888,3331.0509526344094,0,0,0,7480.678706528873,7252.0610997341155,0,0,0,283.3831,278.0018,430,430,430
2014,6,12,22,0,10.143516,-14.465162,14.611726,-13.868121,14,-5,14,-5,14,-5,3378.394429809689,3355.7696291296015,0,0,0,7495.161982931025,7468.646067472783,0,0,0,183.5756,120.0042,430,430,430
2015,6,18,13,0,13.088041,-16.105185,11.897241,-14.723351,14,-5,14,-5,14,-5,3344.465604410383,3548.2569502264178,0,0,0,7464.15391548574,7355.9226022072535,0,0,0,68.8186,129.0736,430,430,430
2011,8,25,17,0,12.497152,-11.780967,15.177722,-13.240375,14,-5,14,-5,14,-5,3520.4065180471994,3385.289086417942,0,0,0,7553.8050774219355,7431.777634353298,0,0,0,201.4795,144.1284,430,430,430
2017,8,8,2,0,14.488778,-12.115372,14.360925,-13.693123,14,-5,14,-5,14,-5,3477.3134434561066,3405.620856421152,0,0,0,7515.517989089556,7473.5488904352,0,0,0,180.0694,126.4792,430,430,430
2014,8,18,0,0,10.725528,-11.189534,15.916001,-15.645918,14,-5,14,-5,14,-5,3466.319734028507,3525.1933318444817,0,0,0,7620.5857028114115,7494.945709965545,0,0,0,247.1214,76.5506,430,430,430
2009,6,24,12,0,11.532593,-17.858219,11.873589,-11.236438,14,-5,14,-5,14,-5,3331.225901315856,3500.936162741118,0,0,0,7445.668166604308,7434.066954743613,0,0,0,113.3578,226.7907,430,430,430
2014,8,27,21,0,13.253513,-10.301926,11.722691,-10.965262,14,-5,14,-5,14,-5,3193.8200805414804,3409.524557354638,0,0,0,7449.883208474593,7307.330371736145,0,0,0,245.7336,238.3988,430,430,430
2009,7,14,17,0,15.955642,-12.950637,14.634586,-15.579078,14,-5,14,-5,14,-5,3462.7388376201507,3369.8094901178642,0,0,0,7335.075074579075,7514.19203144031,0,0,0,161.4001,62.0322,430,430,430
2004,8,17,9,0,11.903187,-16.403069,10.138271,-14.662245,14,-5,14,-5,14,-5,3390.5692698813264,3485.5365499033283,0,0,0,7578.522307291281,7440.904121968859,0,0,0,101.6514,180.2471,430,430,430
2016,8,3,20,0,10.347528,-13.873791,15.414186,-15.705525,14,-5,14,-5,14,-5,3348.0910590769295,3406.331193861347,0,0,0,7378.560198259561,7493.414650195167,0,0,0,188.2153,65.9242,430,430,430
2005,7,19,9,0,12.489342,-12.819026,16.210038,-10.032982,14,-5,14,-5,14,-5,3472.468901708342,3313.4076176695403,0,0,0,7436.264865262304,7483.928857972212,0,0,0,169.0473,261.8416,430,430,430
2011,7,5,3,0,15.380871,-15.818042,10.863637,-14.35791,14,-5,14,-5,14,-5,3560.7567381849535,3289.6680409009064,0,0,0,7427.89264434893,7441.264888861938,0,0,0,61.8466,164.2589,430,430,430
2006,8,30,9,0,14.915845,-12.686534,15.77164,-12.119455,14,-5,14,-5,14,-5,3470.676654733881,3294.3730689922913,0,0,0,7575.544181228674,7645.735300478739,0,0,0,161.2514,187.1096,430,430,430
2007,6,23,8,0,17.466137,-16.533168,12.580804,-17.966609,14,-5,14,-5,14,-5,3337.413009079934,3454.849715239804,0,0,0,7487.071992638032,7362.429927396433,0,0,0,103.0776,78.4474,430,430,430
2007,8,30,21,0,14.712197,-12.768057,10.037311,-15.251322,14,-5,14,-5,14,-5,3278.9033076031105,3269.7538518978713,0,0,0,7311.20493001948,7614.908068651622,0,0,0,158.0285,175.3283,430,430,430
2016,7,18,4,0,14.821646,-12.621734,16.828476,-12.299756,14,-5,14,-5,14,-5,3394.066194968408,3175.844154282767,0,0,0,7591.282877804515,7389.058842343499,0,0,0,163.1104,194.0773,430,430,430
2013,7,2,1,0,16.450465,-13.074936,11.2841,-12.899797,14,-5,14,-5,14,-5,3401.9674735719645,3354.9911657067164,0,0,0,7450.6336365710395,7437.431968800723,0,0,0,164.1585,188.3534,430,430,430
2015,6,10,0,0,13.164792,-12.848866,17.116765,-14.855139,14,-5,14,-5,14,-5,3467.326371832886,3281.5109920092445,0,0,0,7446.851896739295,7484.031401962732,0,0,0,160.6487,126.0635,430,430,430
2014,8,2,9,0,14.190715,-17.664422,14.950562,-12.451386,14,-5,14,-5,14,-5,3530.3884576663972,3455.5168188753664,0,0,0,7435.385775715504,7437.835455213116,0,0,0,20.1246,170.2939,430,430,430
2008,6,1,3,0,14.844006,-10.45219,14.963038,-15.433897,14,-5,14,-5,14,-5,3385.0756939050793,3535.9651893183463,0,0,0,7435.941930545164,7584.732208080062,0,0,0,238.1029,68.7314,430,430,430
2017,7,8,10,0,14.614467,-15.908204,12.881189,-14.180052,14,-5,14,-5,14,-5,3396.8335293814125,3324.4648220960803,0,0,0,7347.583278578613,7421.862664502949,0,0,0,51.0392,122.45,430,430,430
2015,8,2,8,0,11.765692,-15.052124,14.522058,-10.472526,14,-5,14,-5,14,-5,3359.6341905810373,3274.403062227803,0,0,0,7555.872057231764,7581.29963107784,0,0,0,125.4313,237.0338,430,430,430
2015,7,29,1,0,13.137339,-12.538415,14.893398,-17.338719,14,-5,14,-5,14,-5,3418.7862484654506,3392.727263045208,0,0,0,7514.6975590705915,7347.024477069321,0,0,0,170.4494,8.0623,430,430,430
2005,7,14,17,0,14.867166,-11.816024,10.689111,-13.864371,14,-5,14,-5,14,-5,3401.0525345721358,3500.336968578897,0,0,0,7278.284646136571,7445.337460573393,0,0,0,191.1675,179.2875,430,430,430
2014,8,16,2,0,13.911719,-12.789152,14.586633,-16.622456,14,-5,14,-5,14,-5,3335.4608603334786,3550.9880459034425,0,0,0,7559.741866344819,7499.395186319651,0,0,0,158.1518,27.2947,430,430,430
2016,8,27,22,0,11.864647,-15.676547,15.343149,-11.820387,14,-5,14,-5,14,-5,3542.480213320691,3306.149574344101,0,0,0,7344.554992924469,7494.295159445842,0,0,0,111.8258,193.6208,430,430,430
2013,7,19,3,0,16.230159,-12.951988,11.347292,-13.722895,14,-5,14,-5,14,-5,3271.6832794894635,3513.4196552305175,0,0,0,7438.157908214346,7482.121265321321,0,0,0,165.4116,166.1716,430,430,430
2007,7,7,8,0,13.787443,-10.05357,12.245312,-15.296448,14,-5,14,-5,14,-5,3361.4915200653395,3435.9411483206536,0,0,0,7411.757835807362,7379.926610585673,0,0,0,251.6764,108.4066,430,430,430
2009,6,17,16,0,10.755708,-10.423658,16.860512,-11.068778,14,-5,14,-5,14,-5,3435.208666467588,3533.4274340087672,0,0,0,7297.462546084165,7403.401919514244,0,0,0,269.4309,234.0299,430,430,430
2013,6,19,1,0,13.481023,-10.028116,13.1566,-10.056459,14,-5,14,-5,14,-5,3282.804700604545,3341.8185790610123,0,0,0,7565.511073112383,7564.497119111204,0,0,0,254.1673,254.1692,430,430,430
2011,8,16,1,0,14.914237,-12.262232,12.113701,-15.824453,14,-5,14,-5,14,-5,3477.690237896452,3323.2181307103288,0,0,0,7407.569887172051,7509.321426568735,0,0,0,176.23,101.5332,430,430,430
2004,7,9,22,0,13.730258,-10.257617,13.800778,-10.677924,14,-5,14,-5,14,-5,3576.661716515725,3313.80637770055,0,0,0,7516.139958493547,7399.230356524683,0,0,0,244.9694,229.8369,430,430,430
2012,7,1,13,0,16.993498,-16.168916,16.465293,-17.79613,14,-5,14,-5,14,-5,3450.679766794601,3371.2903154184532,0,0,0,7557.131713396023,7485.200845995612,0,0,0,93.4933,60.208,430,430,430
2014,8,4,8,0,16.994197,-10.196412,10.724556,-10.543864,14,-5,14,-5,14,-5,3405.291693832653,3317.219751731647,0,0,0,7565.958226568962,7338.685076829386,0,0,0,265.0057,265.9944,430,430,430
2008,7,12,7,0,10.547678,-14.816428,11.457271,-17.588746,14,-5,14,-5,14,-5,3482.8269461516575,3474.9994420700746,0,0,0,7361.698420927025,7638.523447920448,0,0,0,165.5295,114.8564,430,430,430
2018,6,21,13,0,16.519976,-12.572678,11.483548,-16.623876,14,-5,14,-5,14,-5,3347.850898171957,3383.378698971935,0,0,0,7438.214081778977,7587.655347238765,0,0,0,181.069,114.5862,430,430,430
2008,7,9,1,0,11.628158,-15.645418,10.692706,-17.309018,14,-5,14,-5,14,-5,3440.8594769717192,3667.5726122175524,0,0,0,7391.312639535251,7456.038400026038,0,0,0,119.8666,141.1276,430,430,430
2009,8,11,9,0,16.869331,-12.832084,13.445452,-14.417936,14,-5,14,-5,14,-5,3306.971896128216,3434.270174615904,0,0,0,7441.299141418376,7554.619047284274,0,0,0,178.4657,107.9352,430,430,430
2007,7,10,21,0,10.705828,-16.973561,14.675349,-14.833134,14,-5,14,-5,14,-5,3470.768564551933,3443.180723492484,0,0,0,7456.247548167619,7469.584189183182,0,0,0,141.0886,88.0,430,430,430
2008,7,19,12,0,16.970009,-12.713971,16.467207,-15.482334,14,-5,14,-5,14,-5,3371.2018495739812,3485.704808628693,0,0,0,7391.672153786677,7307.862659228433,0,0,0,184.2715,94.2603,430,430,430
2007,8,18,18,0,10.323832,-17.913191,11.921068,-11.157144,14,-5,14,-5,14,-5,3404.6485557879564,3505.2692912297407,0,0,0,7288.916121361501,7602.124964196604,0,0,0,157.5087,229.0851,430,430,430
2013,7,30,11,0,14.3785,-14.936653,10.980852,-16.716939,14,-5,14,-5,14,-5,3325.5422597059223,3496.42767837332,0,0,0,7578.237660163632,7530.058703005003,0,0,0,83.7257,131.746,430,430,430
2008,8,16,7,0,15.439471,-17.259058,17.751216,-17.909058,14,-5,14,-5,14,-5,3362.0391442985274,3423.7148129700236,0,0,0,7640.181799175166,7542.397635674623,0,0,0,26.5707,104.0769,430,430,430
2012,8,15,15,0,17.246825,-13.247373,16.458423,-12.293788,14,-5,14,-5,14,-5,3408.6071753307756,3457.2298780712295,0,0,0,7348.435192601528,7518.998922834752,0,0,0,173.5569,189.763,430,430,430
2006,6,4,1,0,15.777585,-10.298124,11.51148,-11.45487,14,-5,14,-5,14,-5,3460.3917644659996,3715.9685940543277,0,0,0,7301.2202864289575,7430.967120320975,0,0,0,249.2308,225.6302,430,430,430
2005,6,18,10,0,16.127912,-10.853252,15.673793,-17.536256,14,-5,14,-5,14,-5,3345.57746107663,3508.374494288218,0,0,0,7476.401731968245,7590.24074793582,0,0,0,232.8798,33.0,430,430,430
2018,7,28,13,0,12.597915,-10.820549,15.35803,-13.04277,14,-5,14,-5,14,-5,3584.0810554406985,3237.672693051591,0,0,0,7440.08962904751,7301.090249937287,0,0,0,232.125,151.9079,430,430,430
2011,8,20,1,0,15.721659,-11.060211,12.040099,-16.859359,14,-5,14,-5,14,-5,3593.1562429372702,3365.8642168522756,0,0,0,7479.055794086997,7500.483260752204,0,0,0,222.2724,93.771,430,430,430
2013,8,11,10,0,16.26072,-15.101927,17.048259,-10.65426,14,-5,14,-5,14,-5,3423.2912277256883,3445.1557582430855,0,0,0,7580.0838438365345,7389.5911834605295,0,0,0,99.5691,250.5035,430,430,430
2011,6,3,3,0,17.264407,-10.66436,10.537705,-15.488599,14,-5,14,-5,14,-5,3322.557179705423,3434.262977400014,0,0,0,7468.130895576744,7460.593724796999,0,0,0,252.9368,156.016,430,430,430
2009,6,30,20,0,11.180896,-10.747978,14.617623,-17.011413,14,-5,14,-5,14,-5,3560.2919437752757,3259.378650455067,0,0,0,7485.210915291945,7692.581513489835,0,0,0,252.4381,14.3178,430,430,430
2011,6,21,3,0,10.25703,-17.328383,15.057166,-12.439441,14,-5,14,-5,14,-5,3506.051643935047,3391.4807834010417,0,0,0,7568.699811348446,7422.573819805673,0,0,0,157.2037,170.6605,430,430,430
2004,6,12,0,0,12.865851,-12.760814,11.394755,-12.956533,14,-5,14,-5,14,-5,3506.941659486483,3311.0902469919642,0,0,0,7505.698210186818,7319.99570993185,0,0,0,166.012,184.2851,430,430,430
2018,7,11,15,0,16.140657,-12.478782,16.410393,-16.624455,14,-5,14,-5,14,-5,3445.507567136578,3247.3530463887673,0,0,0,7359.634178676018,7607.131545191673,0,0,0,179.6886,67.6018,430,430,430
2009,7,4,22,0,14.029627,-10.408157,17.551788,-16.938262,14,-5,14,-5,14,-5,3536.7924835762205,3504.5848856603184,0,0,0,7505.585752342276,7489.243375999352,0,0,0,238.9247,101.6514,430,430,430
2007,7,25,22,0,16.131802,-15.40509,15.542716,-15.418605,14,-5,14,-5,14,-5,3475.6636198421143,3414.0233092679796,0,0,0,7568.478509700688,7523.549391412558,0,0,0,88.4816,76.1577,430,430,430
2006,6,24,20,0,11.2074,-12.975909,17.449854,-15.388652,14,-5,14,-5,14,-5,3438.0249801528626,3396.5904796558025,0,0,0,7388.318060403599,7495.746047784006,0,0,0,187.3233,122.9187,430,430,430
2004,6,15,15,0,16.450108,-17.147284,15.811777,-13.989635,14,-5,14,-5,14,-5,3506.693778530653,3386.7166351457568,0,0,0,7494.210715242179,7522.979872208428,0,0,0,62.0967,125.5428,430,430,430
2016,8,5,5,0,17.69147,-12.692818,15.736104,-10.918956,14,-5,14,-5,14,-5,3563.801847524698,3384.325332655699,0,0,0,7455.870348876183,7459.80924965062,0,0,0,198.1136,227.3697,430,430,430
2018,8,16,9,0,16.9557,-17.076223,13.738252,-13.718557,14,-5,14,-5,14,-5,3351.919374249353,3482.968887378296,0,0,0,7379.517029159284,7478.439175688552,0,0,0,79.555,127.0945,430,430,430
2007,6,8,17,0,11.159458,-11.458117,15.340053,-12.450187,14,-5,14,-5,14,-5,3463.957484857348,3316.049755311552,0,0,0,7366.1554069629565,7523.18544197222,0,0,0,231.3979,171.6858,430,430,430
2014,6,7,3,0,14.302053,-13.805756,16.683467,-16.54835,14,-5,14,-5,14,-5,3482.732438106953,3508.2193322417556,0,0,0,7383.227266725312,7535.161977852117,0,0,0,122.6907,77.4145,430,430,430
2007,7,30,17,0,12.712348,-15.248039,10.15655,-12.252108,14,-5,14,-5,14,-5,3353.2721046142924,3552.2875113689506,0,0,0,7533.919127706567,7395.424948973949,0,0,0,96.8762,230.5862,430,430,430
2009,8,17,2,0,11.520933,-13.694082,16.116101,-11.055865,14,-5,14,-5,14,-5,3275.921249023714,3517.973210491772,0,0,0,7452.758298572308,7364.229784628351,0,0,0,162.0525,226.0619,430,430,430
2016,8,20,6,0,11.366249,-10.721804,15.585486,-15.203461,14,-5,14,-5,14,-5,3461.2555450731575,3585.6853020335143,0,0,0,7590.608889847377,7522.628818783054,0,0,0,250.9064,83.9345,430,430,430
2017,8,6,13,0,15.983313,-15.188292,14.41841,-15.555267,14,-5,14,-5,14,-5,3396.9524432901594,3303.883975238703,0,0,0,7515.090197304705,7500.81895345365,0,0,0,90.9175,63.6396,430,430,430
2017,6,25,15,0,12.521095,-10.772093,10.664069,-10.361294,14,-5,14,-5,14,-5,3423.916074481065,3357.7565749638175,0,0,0,7547.906235627543,7366.918955203449,0,0,0,234.9574,272.683,430,430,430
2010,6,5,22,0,13.189613,-14.389532,16.609967,-16.08343,14,-5,14,-5,14,-5,3402.165744902545,3522.8619404001674,0,0,0,7473.506286316482,7342.088710077328,0,0,0,111.8258,84.0238,430,430,430
2009,7,14,17,0,17.986301,-17.621697,13.179031,-10.570337,14,-5,14,-5,14,-5,3344.4563892818337,3432.1469936100198,0,0,0,7399.259316537747,7258.393797289021,0,0,0,112.1606,236.3493,430,430,430
2011,6,16,21,0,14.868733,-14.706514,14.131201,-10.358321,14,-5,14,-5,14,-5,3589.310103065196,3146.043851323313,0,0,0,7450.5586256931365,7427.718503326566,0,0,0,92.2659,240.6013,430,430,430
2009,7,17,15,0,17.001019,-13.858142,11.15971,-17.241716,14,-5,14,-5,14,-5,3423.652717980285,3387.3500216024004,0,0,0,7466.655576967266,7302.343253965846,0,0,0,150.632,125.036,430,430,430
2016,7,23,10,0,10.075462,-10.913567,12.103531,-14.637817,14,-5,14,-5,14,-5,3347.370169689021,3647.9225441593317,0,0,0,7538.611525848297,7563.4662546407935,0,0,0,267.8003,125.873,430,430,430
2006,6,21,6,0,14.788032,-14.456956,11.504929,-14.741207,14,-5,14,-5,14,-5,3438.4400823275846,3347.68122355255,0,0,0,7320.325018090805,7478.401661522948,0,0,0,101.0792,139.4023,430,430,430
2004,6,20,21,0,10.5801,-17.196016,11.947027,-10.519444,14,-5,14,-5,14,-5,3368.0946558069136,3408.3867887509746,0,0,0,7523.177336851186,7388.0231253524835,0,0,0,145.031,249.3933,430,430,430
2018,6,15,20,0,13.668316,-10.452123,12.022436,-16.354627,14,-5,14,-5,14,-5,3388.745113019042,3335.8703797055095,0,0,0,7433.804124266027,7406.6439215336595,0,0,0,238.296,97.4166,430,430,430
2015,8,8,18,0,12.400705,-15.176904,14.817588,-14.174336,14,-5,14,-5,14,-5,3526.0459835300967,3381.788255953533,0,0,0,7527.28248749706,7412.965629721107,0,0,0,106.3015,110.1136,430,430,430
2011,8,23,11,0,10.613884,-13.4487,13.200945,-15.528817,14,-5,14,-5,14,-5,3352.956993588931,3376.110342209658,0,0,0,7342.371723933276,7559.015110359915,0,0,0,190.5912,79.3977,430,430,430
2017,8,5,10,0,17.42724,-16.120179,17.214951,-11.248732,14,-5,14,-5,14,-5,3304.7268695486473,3455.2279021756576,0,0,0,7545.409173872051,7345.261835034451,0,0,0,107.912,233.6172,430,430,430
2018,6,1,17,0,15.02361,-11.135408,13.692805,-12.470177,14,-5,14,-5,14,-5,3413.6167452302043,3567.239338828577,0,0,0,7345.187081743245,7534.23817789183,0,0,0,215.4553,169.2483,430,430,430
2012,6,8,12,0,10.142678,-11.870709,14.208921,-17.763379,14,-5,14,-5,14,-5,3340.5821261958918,3479.1890956692996,0,0,0,7448.475201681562,7308.2391910209135,0,0,0,240.1687,21.6333,430,430,430
2015,7,15,19,0,12.412489,-10.501561,10.583487,-10.560942,14,-5,14,-5,14,-5,3457.520074829992,3259.8401516348704,0,0,0,7490.711258903988,7358.314398803729,0,0,0,244.7611,269.1338,430,430,430
2013,8,9,6,0,12.596022,-10.606803,11.796836,-10.636828,14,-5,14,-5,14,-5,3474.052230510304,3548.8246597669877,0,0,0,7518.738363140741,7498.30902077379,0,0,0,239.754,247.1356,430,430,430
2016,7,24,19,0,10.893155,-13.074828,17.012541,-11.561277,14,-5,14,-5,14,-5,3577.4541396029467,3543.3967239227563,0,0,0,7456.652970047789,7454.531161819832,0,0,0,192.3798,220.7918,430,430,430
2016,8,27,4,0,17.809199,-13.020033,11.393194,-14.49475,14,-5,14,-5,14,-5,3454.366310580608,3577.647572070647,0,0,0,7490.269541936153,7470.422334492316,0,0,0,191.9505,146.6492,430,430,430
2016,6,27,10,0,13.891474,-14.801713,11.920848,-10.975571,14,-5,14,-5,14,-5,3529.2287047961845,3529.6278587552806,0,0,0,7593.008542064899,7560.758858864588,0,0,0,91.0934,235.4591,430,430,430
2005,8,25,15,0,14.271284,-10.597827,11.409696,-12.114812,14,-5,14,-5,14,-5,3393.9868679012875,3316.0787933710976,0,0,0,7516.553159876988,7403.182706655634,0,0,0,232.3101,208.0192,430,430,430
2004,6,26,2,0,10.513226,-10.65346,12.461685,-15.322093,14,-5,14,-5,14,-5,3383.9502712718054,3589.879635246391,0,0,0,7331.803553686876,7375.071485696687,0,0,0,267.3799,101.5332,430,430,430
2008,7,6,17,0,10.332434,-16.411509,12.710515,-11.148687,14,-5,14,-5,14,-5,3585.5192701457177,3585.726570867643,0,0,0,7374.158109342974,7518.529535469017,0,0,0,155.7081,220.7351,430,430,430
2018,7,24,7,0,17.026378,-10.300007,11.231164,-14.850865,14,-5,14,-5,14,-5,3441.171660892103,3342.6277045879983,0,0,0,7494.28905677181,7601.438602869545,0,0,0,261.5206,144.5061,430,430,430
2004,6,13,20,0,10.387024,-10.689095,12.464105,-12.012,14,-5,14,-5,14,-5,3645.0587854193423,3370.5497329371515,0,0,0,7521.599290292597,7483.2384741038,0,0,0,267.9254,194.8589,430,430,430
2007,8,1,14,0,15.43682,-16.71892,16.744452,-12.831259,14,-5,14,-5,14,-5,3335.717795432422,3470.223397260362,0,0,0,7284.753782699404,7463.330388203294,0,0,0,36.7967,176.7767,430,430,430
2005,7,6,4,0,14.68857,-17.725239,11.861065,-15.516651,14,-5,14,-5,14,-5,3388.7194601590522,3309.8792250682204,0,0,0,7416.78980410413,7454.184649902079,0,0,0,9.0554,114.2366,430,430,430
2015,7,4,0,0,15.937164,-11.088847,15.58137,-13.942935,14,-5,14,-5,14,-5,3531.7568988219455,3403.437969253266,0,0,0,7503.701725053536,7534.984459697422,0,0,0,223.5755,124.1934,430,430,430
2011,7,4,6,0,17.627862,-12.046591,13.043823,-10.024605,14,-5,14,-5,14,-5,3403.2005973868445,3413.5159020771694,0,0,0,7521.590774905137,7540.139345514136,0,0,0,216.1227,256.1952,430,430,430
2017,8,30,16,0,14.651671,-13.545843,17.806447,-11.173088,14,-5,14,-5,14,-5,3394.403363568231,3546.319602725644,0,0,0,7503.017205695208,7375.0195933897085,0,0,0,131.0,245.9675,430,430,430
2006,7,25,15,0,11.075916,-15.04652,10.374818,-14.653668,14,-5,14,-5,14,-5,3297.0872743555433,3373.556247785624,0,0,0,7386.141891876134,7499.115688349102,0,0,0,145.9897,173.6663,430,430,430
2009,7,12,21,0,11.071108,-16.440644,12.787302,-16.480031,14,-5,14,-5,14,-5,3287.220072927327,3592.5432088253697,0,0,0,7640.014590080263,7447.868927537573,0,0,0,130.2306,72.2357,430,430,430
2004,6,21,14,0,10.232177,-13.579098,17.475551,-10.789642,14,-5,14,-5,14,-5,3534.349318753433,3347.0159133409284,0,0,0,7493.60491821244,7413.240276230242,0,0,0,197.4259,252.7706,430,430,430
2014,6,14,5,0,13.91041,-14.336681,12.347416,-12.007727,14,-5,14,-5,14,-5,3353.6252375183035,3547.771237413708,0,0,0,7427.142705304373,7483.763937201986,0,0,0,106.48,196.4739,430,430,430
2012,8,22,1,0,13.872122,-10.350203,17.248069,-17.239052,14,-5,14,-5,14,-5,3491.507166124804,3590.5788473679154,0,0,0,7489.548559661458,7430.552080939645,0,0,0,241.4042,88.459,430,430,430
2013,6,20,13,0,15.351968,-11.586583,15.071847,-10.93499,14,-5,14,-5,14,-5,3246.1090183159995,3542.398350232629,0,0,0,7702.011664524838,7395.292382597165,0,0,0,201.5564,222.5758,430,430,430
2011,6,25,22,0,14.924586,-17.645251,15.966935,-10.85665,14,-5,14,-5,14,-5,3410.8615848466316,3536.071952607614,0,0,0,7448.557279907001,7386.668055201039,0,0,0,9.2195,231.6139,430,430,430
2012,8,30,12,0,12.601755,-12.570528,17.087033,-10.870533,14,-5,14,-5,14,-5,3383.8416122284043,3559.4936185275833,0,0,0,7435.312192969582,7395.306818008761,0,0,0,175.4537,244.2662,430,430,430
2012,8,13,9,0,14.42631,-15.413113,11.614401,-13.453652,14,-5,14,-5,14,-5,3464.2827024828575,3420.852348484378,0,0,0,7404.5414283157525,7382.563262489339,0,0,0,67.6018,166.8323,430,430,430
2017,8,5,10,0,13.611094,-17.877846,10.144408,-10.01123,14,-5,14,-5,14,-5,3619.050236974227,3518.102345347419,0,0,0,7394.367493657502,7551.344700938347,0,0,0,42.5441,292.3696,430,430,430
2012,7,24,19,0,13.635288,-10.798847,16.518497,-17.143852,14,-5,14,-5,14,-5,3440.597007975276,3397.1765075268586,0,0,0,7306.16212327872,7486.067270381386,0,0,0,226.7179,65.0,430,430,430
2018,7,1,0,0,17.376223,-14.650238,14.495117,-15.615621,14,-5,14,-5,14,-5,3543.381321582836,3420.9150987033872,0,0,0,7432.433740465737,7575.774092935048,0,0,0,138.0326,61.4003,430,430,430
2017,7,9,7,0,10.847051,-13.423874,16.646047,-14.04916,14,-5,14,-5,14,-5,3376.264193035522,3328.5477280389864,0,0,0,7546.067955965524,7470.78426085877,0,0,0,184.6212,137.9275,430,430,430
2013,6,13,8,0,15.459777,-13.72775,13.322464,-15.976532,14,-5,14,-5,14,-5,3482.8994047780316,3296.138272863698,0,0,0,7494.514973872396,7358.676317817775,0,0,0,130.05,65.0692,430,430,430
2013,7,12,19,0,12.278618,-16.680984,11.488575,-16.186926,14,-5,14,-5,14,-5,3379.6016929854204,3435.721084843081,0,0,0,7210.065682813149,7473.795588456088,0,0,0,87.0976,118.0042,430,430,430
2005,7,4,7,0,10.281245,-15.859904,11.661982,-12.790358,14,-5,14,-5,14,-5,3643.4475752611065,3355.1102239295183,0,0,0,7538.052032139081,7300.877667540755,0,0,0,160.5895,183.9185,430,430,430
2017,6,16,20,0,10.766352,-11.272267,14.732754,-17.272868,14,-5,14,-5,14,-5,3457.0424891518255,3339.8998267806496,0,0,0,7469.397971242488,7506.699813282986,0,0,0,244.0758,6.0828,430,430,430
2004,8,10,12,0,14.051457,-12.430926,10.456296,-14.764709,14,-5,14,-5,14,-5,3259.5888129931186,3449.509030794413,0,0,0,7476.25569076254,7581.147414418232,0,0,0,169.1863,169.1183,430,430,430
2011,8,13,0,0,10.373859,-11.08854,13.096883,-15.454084,14,-5,14,-5,14,-5,3390.7940803107003,3442.753558673895,0,0,0,7408.70709807763,7526.865650395897,0,0,0,257.0311,83.5464,430,430,430
2005,7,14,21,0,17.426137,-15.783372,16.243663,-12.257067,14,-5,14,-5,14,-5,3409.775720340365,3446.8561390802956,0,0,0,7408.813398813803,7569.650307472893,0,0,0,113.719,187.2592,430,430,430
2007,8,16,9,0,16.125595,-11.618702,14.038073,-16.005856,14,-5,14,-5,14,-5,3469.2084905559614,3361.6979044985032,0,0,0,7534.648040482757,7262.642205557872,0,0,0,207.3692,50.9902,430,430,430
2014,7,28,6,0,14.557264,-12.099407,15.83266,-17.555761,14,-5,14,-5,14,-5,3320.2618503304266,3534.9445650226844,0,0,0,7234.5775765227645,7448.879313517204,0,0,0,181.0249,39.0,430,430,430
2015,7,30,12,0,14.495228,-13.171139,11.607232,-12.47921,14,-5,14,-5,14,-5,3554.300942157538,3592.8408225080666,0,0,0,7401.005202513697,7542.62255178186,0,0,0,144.1249,193.3132,430,430,430
2007,7,28,13,0,16.053279,-11.834318,16.458162,-12.431481,14,-5,14,-5,14,-5,3430.31298029772,3590.8058662994044,0,0,0,7357.403910023952,7442.101778669536,0,0,0,199.1231,185.054,430,430,430
2010,8,17,9,0,10.094491,-13.256114,15.980771,-16.239594,14,-5,14,-5,14,-5,3466.7371351672546,3349.598186638156,0,0,0,7584.4232325752455,7418.1119646206935,0,0,0,208.1946,62.9365,430,430,430
2007,8,25,2,0,10.167433,-17.046825,16.971384,-13.89527,14,-5,14,-5,14,-5,3352.858433321202,3493.72715951508,0,0,0,7597.479284767103,7481.987251973692,0,0,0,160.0031,149.2515,430,430,430
2018,6,20,19,0,14.329917,-16.369528,14.657584,-17.933817,14,-5,14,-5,14,-5,3342.3363852109733,3534.0526430710274,0,0,0,7440.538319019581,7531.186454883959,0,0,0,37.3363,16.1245,430,430,430
2011,6,3,0,0,12.549708,-10.42853,16.883358,-16.852788,14,-5,14,-5,14,-5,3564.659111107558,3409.9592257037684,0,0,0,7442.370430727713,7470.579289137012,0,0,0,246.0772,79.712,430,430,430
2012,7,12,22,0,14.362852,-16.657921,13.838516,-13.632538,14,-5,14,-5,14,-5,3399.198583755591,3286.794639779707,0,0,0,7514.9589874636295,7403.64877507395,0,0,0,27.7308,129.2942,430,430,430
2016,8,8,17,0,16.949999,-16.215462,12.273304,-10.469451,14,-5,14,-5,14,-5,3669.0322964818947,3242.3255856787127,0,0,0,7465.451824299998,7399.035310650795,0,0,0,91.586,247.0081,430,430,430
2008,7,6,5,0,12.939166,-17.603895,12.978686,-10.721791,14,-5,14,-5,14,-5,3549.644211182622,3334.425303195943,0,0,0,7591.832786262132,7538.425136572005,0,0,0,62.8013,233.3238,430,430,430
2004,6,16,14,0,13.681774,-10.689038,10.500322,-10.020928,14,-5,14,-5,14,-5,3460.3496238650137,3426.0730906574872,0,0,0,7345.24898007251,7368.069309894053,0,0,0,230.3758,286.0629,430,430,430
2008,7,18,2,0,12.64881,-12.365229,11.644847,-11.552052,14,-5,14,-5,14,-5,3416.8845043522892,3629.9290784309032,0,0,0,7484.432184641632,7395.897941888872,0,0,0,181.0773,221.0701,430,430,430
2014,7,24,12,0,11.577275,-17.197836,14.638892,-11.977227,14,-5,14,-5,14,-5,3467.924187731624,3300.5349753071455,0,0,0,7500.836890158874,7464.883049891689,0,0,0,110.0,185.0,430,430,430
2012,6,27,6,0,11.193572,-10.737614,15.336294,-17.492441,14,-5,14,-5,14,-5,3266.0455654212074,3326.8510943182723,0,0,0,7372.960001040239,7456.664210178868,0,0,0,252.8339,21.0238,430,430,430
2006,7,11,10,0,15.552802,-14.569957,14.69909,-17.365622,14,-5,14,-5,14,-5,3638.7833731765063,3514.2773716261304,0,0,0,7468.053657502512,7205.278652128788,0,0,0,103.4456,3.1623,430,430,430
2018,8,3,1,0,15.617892,-11.585362,10.12821,-16.174083,14,-5,14,-5,14,-5,3356.3278817268774,3461.9134247262705,0,0,0,7467.945450509876,7522.516328147285,0,0,0,203.8553,163.9573,430,430,430
2016,6,21,8,0,16.94133,-15.000826,11.243165,-13.528015,14,-5,14,-5,14,-5,3311.5026910339047,3497.174746452335,0,0,0,7652.942245837134,7334.003028770323,0,0,0,118.3427,172.5572,430,430,430
2005,8,22,10,0,17.952387,-17.587547,15.52024,-15.473556,14,-5,14,-5,14,-5,3465.1555018347485,3367.286278055001,0,0,0,7423.494584018925,7468.223120122997,0,0,0,111.2205,74.8465,430,430,430
2017,6,7,16,0,13.155513,-15.352043,15.518448,-10.04321,14,-5,14,-5,14,-5,3412.2734531746405,3290.5466173783498,0,0,0,7492.712523035421,7439.870101404435,0,0,0,85.276,255.8847,430,430,430
2006,6,1,22,0,14.500714,-12.149516,12.372972,-10.875812,14,-5,14,-5,14,-5,3384.685915154762,3520.8981432109736,0,0,0,7685.4419564949885,7419.949213836313,0,0,0,179.0698,232.8132,430,430,430
2009,8,24,6,0,10.034064,-15.516377,13.722859,-12.213016,14,-5,14,-5,14,-5,3281.8256288130838,3397.7887377167654,0,0,0,7572.12501310089,7383.621386785493,0,0,0,172.3514,177.9017,430,430,430
2005,7,17,19,0,12.169697,-12.428387,13.441294,-14.118918,14,-5,14,-5,14,-5,3537.993438560411,3718.6289409104998,0,0,0,7429.218925242801,7433.78796039432,0,0,0,185.6475,117.1751,430,430,430
2008,7,10,9,0,12.879194,-11.451297,15.223153,-11.66466,14,-5,14,-5,14,-5,3397.2681186778755,3457.3373611936577,0,0,0,7668.011323206075,7625.810437403922,0,0,0,209.3896,198.1161,430,430,430
2011,7,21,19,0,15.242806,-13.14838,17.404711,-11.735977,14,-5,14,-5,14,-5,3351.128093306843,3454.3572000429535,0,0,0,7383.201608732041,7513.008901888128,0,0,0,147.3635,221.8468,430,430,430
2011,6,2,19,0,17.317047,-11.333225,14.199057,-12.179616,14,-5,14,-5,14,-5,3422.1805111826784,3421.6353978858606,0,0,0,7494.792974025811,7567.291198765376,0,0,0,233.3345,177.6345,430,430,430
2017,8,15,1,0,12.822482,-13.62167,11.259591,-12.742004,14,-5,14,-5,14,-5,3328.6271822842523,3437.375805371866,0,0,0,7445.94308958805,7444.363551799916,0,0,0,140.0036,193.6595,430,430,430
2005,8,6,0,0,17.47714,-12.522163,16.567961,-14.363786,14,-5,14,-5,14,-5,3517.4958495446863,3496.972154013969,0,0,0,7451.479409080382,7414.801269324075,0,0,0,199.2109,126.9094,430,430,430
2008,6,7,22,0,15.650303,-12.600518,15.586413,-11.438242,14,-5,14,-5,14,-5,3437.362661159219,3477.3312923249932,0,0,0,7425.297152325768,7413.759888765509,0,0,0,169.6496,208.6265,430,430,430
2009,6,24,16,0,17.492656,-16.084715,15.586661,-14.904559,14,-5,14,-5,14,-5,3362.1213517842702,3315.586386967359,0,0,0,7484.275878969331,7185.641783862962,0,0,0,110.6391,93.3006,430,430,430
2017,7,22,3,0,11.062454,-17.125408,14.350783,-12.199908,14,-5,14,-5,14,-5,3379.361639475785,3524.8752938495436,0,0,0,7459.709161199609,7351.083344843632,0,0,0,128.0039,177.2823,430,430,430
2007,7,12,20,0,11.59328,-14.418813,16.022696,-10.669156,14,-5,14,-5,14,-5,3481.470142716708,3310.8677416258633,0,0,0,7606.61265118321,7442.611709532414,0,0,0,143.1782,237.8928,430,430,430
2017,6,4,17,0,15.774032,-13.447268,11.151192,-17.556557,14,-5,14,-5,14,-5,3402.421847616465,3380.3876366110626,0,0,0,7426.4737409183435,7501.388747009202,0,0,0,143.405,125.7816,430,430,430
2008,6,20,12,0,12.675731,-16.214441,15.89966,-12.186315,14,-5,14,-5,14,-5,3551.221622351908,3372.9464161958076,0,0,0,7466.989808963345,7323.836495024356,0,0,0,79.6053,186.0376,430,430,430
2005,8,4,6,0,13.817679,-10.588394,15.917792,-17.505463,14,-5,14,-5,14,-5,3450.0299814591276,3497.341055892257,0,0,0,7440.616956387619,7375.954978487874,0,0,0,233.6835,42.0476,430,430,430
2005,6,15,1,0,13.582026,-16.520871,16.217478,-17.007063,14,-5,14,-5,14,-5,3295.5568559139306,3288.5483207593243,0,0,0,7510.63675557021,7455.240428183483,0,0,0,48.0104,55.7136,430,430,430
2018,6,23,19,0,14.319805,-12.958702,15.158536,-12.065491,14,-5,14,-5,14,-5,3387.3054099122414,3506.241875255849,0,0,0,7480.02901958266,7447.683407713621,0,0,0,151.4761,183.8831,430,430,430
2009,7,5,1,0,10.322177,-12.248434,12.821726,-17.498389,14,-5,14,-5,14,-5,3550.0569009128703,3470.6552127433456,0,0,0,7460.429417040758,7451.4693717675955,0,0,0,226.4906,66.3702,430,430,430
2009,7,17,11,0,11.983718,-13.106121,13.771272,-15.885116,14,-5,14,-5,14,-5,3293.4627215775226,3601.1570820268566,0,0,0,7597.876519051181,7519.2960964524555,0,0,0,168.6298,59.3633,430,430,430
2011,7,15,19,0,15.615395,-17.402334,11.686055,-10.731778,14,-5,14,-5,14,-5,3373.4509781387624,3458.3291972266366,0,0,0,7518.152856781701,7583.197899465632,0,0,0,31.4006,246.0589,430,430,430
2017,7,19,20,0,15.145561,-12.197851,16.083069,-11.364081,14,-5,14,-5,14,-5,3504.8236528322254,3444.3233250178614,0,0,0,7454.115825969467,7531.526616944384,0,0,0,179.8055,215.8703,430,430,430
2010,6,14,13,0,10.615371,-12.537699,13.92526,-13.405974,14,-5,14,-5,14,-5,3551.179213599748,3576.3459574928893,0,0,0,7448.051045862519,7472.452211072309,0,0,0,212.4335,136.4991,430,430,430
2017,7,21,15,0,15.158346,-10.537866,10.373442,-16.105652,14,-5,14,-5,14,-5,3537.297373044372,3428.3930162870092,0,0,0,7653.030176983419,7458.508961093877,0,0,0,236.6854,155.7562,430,430,430
2004,8,29,11,0,14.956348,-10.419513,14.934618,-17.183927,14,-5,14,-5,14,-5,3582.0332152504534,3529.328988588353,0,0,0,7535.367949693892,7392.526458213054,0,0,0,240.252,12.8062,430,430,430
2013,7,6,16,0,17.832438,-11.031399,14.765342,-14.434107,14,-5,14,-5,14,-5,3613.6388902879376,3356.365230812976,0,0,0,7534.613293849908,7458.025311273588,0,0,0,250.8904,101.0445,430,430,430
2012,8,1,21,0,14.837998,-11.790837,10.077843,-12.85288,14,-5,14,-5,14,-5,3572.743041177619,3343.183714334923,0,0,0,7439.503717562252,7393.434826338416,0,0,0,192.1276,218.0826,430,430,430
2014,8,6,22,0,17.106027,-12.653958,11.404162,-15.551679,14,-5,14,-5,14,-5,3426.271868080611,3383.98880949419,0,0,0,7319.3705642173645,7508.751558097435,0,0,0,188.279,127.4755,430,430,430
2010,7,25,3,0,13.601295,-14.334016,15.024425,-13.597941,14,-5,14,-5,14,-5,3330.3881439451948,3473.2255406529757,0,0,0,7523.182225553731,7551.360639359479,0,0,0,108.5035,131.6435,430,430,430
2015,7,14,21,0,15.481423,-14.281108,11.089059,-17.503371,14,-5,14,-5,14,-5,3338.145987360265,3374.048394615412,0,0,0,7283.057289785037,7467.778158332576,0,0,0,112.5389,127.5657,430,430,430
2015,6,1,21,0,15.469253,-14.732245,16.896713,-17.913555,14,-5,14,-5,14,-5,3362.827971658311,3481.891260426364,0,0,0,7462.796734848828,7466.20469530668,0,0,0,97.1236,75.326,430,430,430
2005,6,24,14,0,12.738994,-17.651795,17.226638,-11.011214,14,-5,14,-5,14,-5,3267.889969829431,3375.209243795734,0,0,0,7511.50568388627,7492.680322154831,0,0,0,70.214,241.4042,430,430,430
2012,6,21,20,0,14.860716,-14.053914,17.607237,-17.601242,14,-5,14,-5,14,-5,3203.394606343905,3453.8342403888864,0,0,0,7562.291354568055,7450.997000480658,0,0,0,115.2128,99.1262,430,430,430
2010,6,23,22,0,17.41021,-10.117807,13.16095,-10.033492,14,-5,14,-5,14,-5,3640.740360163365,3361.3198545686528,0,0,0,7538.55855394208,7448.494574030915,0,0,0,272.472,255.149,430,430,430
2012,7,4,18,0,11.261945,-11.490297,15.072888,-14.848901,14,-5,14,-5,14,-5,3585.8035417034594,3460.4356566942715,0,0,0,7323.4629511826615,7533.991923533679,0,0,0,228.4426,89.1067,430,430,430
2011,6,12,7,0,17.811259,-14.773096,16.916483,-14.819432,14,-5,14,-5,14,-5,3395.76267816831,3425.3794652091824,0,0,0,7419.577854755614,7481.316977097537,0,0,0,146.5094,122.2865,430,430,430
2005,7,14,19,0,12.734447,-17.380335,12.522784,-17.777633,14,-5,14,-5,14,-5,3280.478446711159,3499.9370814581644,0,0,0,7455.539698727158,7341.214011359486,0,0,0,69.1158,78.8543,430,430,430
2010,7,12,7,0,14.640182,-15.928888,17.018071,-16.890016,14,-5,14,-5,14,-5,3579.3717422871555,3377.224513992499,0,0,0,7626.320821836075,7396.327102979357,0,0,0,51.0392,83.1685,430,430,430
2011,7,13,18,0,10.009361,-11.483827,17.805978,-12.075903,14,-5,14,-5,14,-5,3539.0458352164133,3544.8087643707595,0,0,0,7462.164661750441,7358.202083952533,0,0,0,254.0315,219.0457,430,430,430
2011,7,6,9,0,17.883083,-16.016981,10.493106,-12.622743,14,-5,14,-5,14,-5,3370.3101380809776,3529.433873938641,0,0,0,7447.013534603086,7408.334762007529,0,0,0,124.3543,212.8967,430,430,430
2012,8,4,3,0,17.193849,-12.264851,11.68716,-13.613203,14,-5,14,-5,14,-5,3577.349912300484,3302.530560439154,0,0,0,7455.804491861247,7426.816383773686,0,0,0,202.1584,160.9627,430,430,430
2010,7,20,2,0,17.317248,-12.410795,12.185862,-14.688358,14,-5,14,-5,14,-5,3358.545083373745,3594.429246908254,0,0,0,7525.492017252406,7413.158972894034,0,0,0,199.4818,122.3315,430,430,430
2007,8,2,7,0,12.668358,-17.639649,15.101326,-16.373078,14,-5,14,-5,14,-5,3466.5750006202747,3390.456958918427,0,0,0,7399.085558728658,7542.910807203919,0,0,0,72.9932,39.5601,430,430,430
2005,7,17,5,0,10.615993,-12.280243,10.85823,-16.711783,14,-5,14,-5,14,-5,3524.7402950770766,3362.8381563428497,0,0,0,7524.514148619447,7505.374922268771,0,0,0,219.2099,135.724,430,430,430
2009,6,10,0,0,10.965223,-17.1146,10.103576,-16.919066,14,-5,14,-5,14,-5,3423.713258907659,3545.8065380952157,0,0,0,7484.2326350943595,7376.787467819266,0,0,0,132.0038,162.0771,430,430,430
2018,6,24,6,0,13.830612,-17.132126,14.639385,-17.652286,14,-5,14,-5,14,-5,3443.6672367182146,3210.6785859753118,0,0,0,7489.829625639811,7436.777842328857,0,0,0,32.0156,7.2801,430,430,430
2017,8,8,7,0,14.265838,-12.342252,14.121251,-15.393296,14,-5,14,-5,14,-5,3336.560526658753,3541.37908963653,0,0,0,7318.678635446485,7419.82333226938,0,0,0,172.4906,69.6419,430,430,430
2013,6,9,18,0,10.107254,-11.380024,15.470215,-16.489542,14,-5,14,-5,14,-5,3378.491813546759,3581.2543069923504,0,0,0,7584.045890146637,7414.117363324912,0,0,0,254.5663,43.4166,430,430,430
2018,6,3,15,0,17.865696,-10.588303,14.942913,-11.208395,14,-5,14,-5,14,-5,3368.2386554426157,3376.759015499281,0,0,0,7422.067118898089,7612.156028598238,0,0,0,264.8471,212.2852,430,430,430
2006,6,7,3,0,11.025851,-10.479131,14.716637,-13.04821,14,-5,14,-5,14,-5,3498.583598697873,3205.263563057982,0,0,0,7733.737078497935,7522.972174289828,0,0,0,263.6096,149.0134,430,430,430
2009,8,26,8,0,13.319906,-13.273072,12.760773,-13.501912,14,-5,14,-5,14,-5,3492.7670159481927,3346.759459813731,0,0,0,7365.762358577555,7473.684836419117,0,0,0,145.7841,144.4749,430,430,430
2005,6,3,22,0,10.150166,-11.36655,13.72417,-12.275051,14,-5,14,-5,14,-5,3342.9374101230896,3356.68878908931,0,0,0,7380.409589078608,7613.046066665185,0,0,0,253.314,175.9346,430,430,430
2005,7,1,13,0,11.912223,-14.021594,16.670933,-12.33053,14,-5,14,-5,14,-5,3310.8403200449343,3429.0716668767213,0,0,0,7565.764605883275,7514.7445926021255,0,0,0,145.9109,191.2694,430,430,430
2018,8,15,10,0,12.26127,-13.161857,11.286847,-14.890255,14,-5,14,-5,14,-5,3274.7453020280586,3440.2575456132345,0,0,0,7503.178100305282,7622.0021973602925,0,0,0,162.41,141.7392,430,430,430
2009,8,27,16,0,11.342539,-15.080513,13.754235,-15.660969,14,-5,14,-5,14,-5,3502.2042628781783,3515.595746641609,0,0,0,7433.835997985044,7525.612889203807,0,0,0,136.8576,65.3682,430,430,430
2014,7,24,3,0,11.011396,-12.787992,12.859472,-17.991854,14,-5,14,-5,14,-5,3455.084963315094,3290.7512021387265,0,0,0,7479.275245630572,7283.20192498878,0,0,0,197.1903,69.2892,430,430,430
2014,6,28,3,0,15.465799,-17.573572,16.957489,-10.576971,14,-5,14,-5,14,-5,3464.0878945033837,3433.8447441030335,0,0,0,7503.073238524219,7544.6403409515015,0,0,0,26.0192,251.406,430,430,430
2018,7,4,7,0,17.528792,-11.412276,17.21451,-11.666629,14,-5,14,-5,14,-5,3394.131939654464,3451.379831652988,0,0,0,7367.980449571531,7443.6869971659125,0,0,0,233.4973,220.7374,430,430,430
2004,7,13,7,0,17.307233,-15.895594,15.927451,-10.580157,14,-5,14,-5,14,-5,3534.7257880162315,3427.684174854211,0,0,0,7448.029247829055,7513.02298375776,0,0,0,108.1665,240.252,430,430,430
2004,8,2,22,0,13.347839,-12.259753,13.082683,-16.122778,14,-5,14,-5,14,-5,3525.2958211095624,3391.6797843886256,0,0,0,7472.202067390256,7504.994184408911,0,0,0,179.0112,68.8186,430,430,430
2006,6,3,11,0,13.828724,-15.5278,14.580845,-17.072387,14,-5,14,-5,14,-5,3296.5131930599323,3434.353612136151,0,0,0,7515.682901392317,7466.410935952365,0,0,0,68.8767,12.6491,430,430,430
2014,7,15,21,0,17.305966,-13.552661,10.605752,-15.8735,14,-5,14,-5,14,-5,3552.501796715495,3443.984812785965,0,0,0,7556.32430785973,7338.157539909458,0,0,0,165.3028,149.0403,430,430,430
2011,6,26,7,0,16.073534,-10.922433,16.331247,-12.159582,14,-5,14,-5,14,-5,3189.101242423711,3395.6488377242645,0,0,0,7603.993546027643,7319.496482871688,0,0,0,230.4886,191.9714,430,430,430
2004,6,11,21,0,10.547693,-10.800822,17.378779,-15.061125,14,-5,14,-5,14,-5,3561.9681385754725,3416.8272043018724,0,0,0,7543.427368549185,7472.978599728452,0,0,0,262.1011,128.0352,430,430,430
2014,6,1,7,0,17.845788,-15.381989,17.073391,-12.00009,14,-5,14,-5,14,-5,3413.8383169458994,3592.2671649184126,0,0,0,7463.613794158151,7585.478384886792,0,0,0,134.618,207.7402,430,430,430
2008,7,19,15,0,11.6357,-15.257006,15.724147,-10.022165,14,-5,14,-5,14,-5,3579.4738844146823,3280.1820694775374,0,0,0,7398.546371544352,7464.507508918186,0,0,0,125.7179,257.8158,430,430,430
2012,7,15,15,0,13.295447,-16.817798,17.85719,-12.749494,14,-5,14,-5,14,-5,3499.534832194077,3308.789026846088,0,0,0,7531.122845184571,7519.709001095638,0,0,0,51.8652,199.9725,430,430,430
2006,8,13,1,0,10.299684,-12.088334,13.877006,-16.340972,14,-5,14,-5,14,-5,3409.9654392447724,3456.7702210723664,0,0,0,7508.708564761319,7565.442557363457,0,0,0,231.6139,45.4533,430,430,430
2014,7,22,4,0,16.099618,-11.100779,12.447616,-16.665553,14,-5,14,-5,14,-5,3301.4817053433935,3382.054958744538,0,0,0,7511.789493015639,7392.689941975092,0,0,0,224.86,81.4923,430,430,430
2005,7,9,16,0,12.754879,-15.111626,17.55754,-16.049799,14,-5,14,-5,14,-5,3291.0369619468825,3491.4706784252735,0,0,0,7294.271590261479,7484.884436359544,0,0,0,99.0858,112.8716,430,430,430
2012,6,13,5,0,13.999089,-11.85816,16.497144,-14.152829,14,-5,14,-5,14,-5,3407.266725178911,3506.2163094220627,0,0,0,7420.150017188134,7530.071422520846,0,0,0,189.4017,132.0038,430,430,430
2013,6,22,17,0,13.756521,-16.107689,14.111961,-13.657447,14,-5,14,-5,14,-5,3450.7110556099037,3338.988478576818,0,0,0,7602.665870657,7506.149997659737,0,0,0,53.4135,127.4245,430,430,430
2008,6,27,5,0,10.640812,-13.312361,14.784335,-16.620356,14,-5,14,-5,14,-5,3567.8877746432363,3548.802768421647,0,0,0,7377.402254544736,7591.760689497038,0,0,0,193.1968,28.1603,430,430,430
2009,8,3,6,0,12.482446,-13.040978,16.079689,-12.436265,14,-5,14,-5,14,-5,3423.096863964867,3443.2775033417834,0,0,0,7551.824653742758,7604.433634058405,0,0,0,162.8251,180.0805,430,430,430
2012,8,9,2,0,17.688824,-15.933115,11.885106,-17.492549,14,-5,14,-5,14,-5,3440.465102764769,3303.007420785128,0,0,0,7505.772746721026,7622.648658997296,0,0,0,119.2015,99.5038,430,430,430
2006,8,11,21,0,14.901537,-12.604155,14.278812,-12.531821,14,-5,14,-5,14,-5,3429.197051104174,3233.144190033135,0,0,0,7400.87269446948,7263.746878155662,0,0,0,164.2468,165.5113,430,430,430
2007,8,9,19,0,13.561864,-10.933422,16.988785,-14.124481,14,-5,14,-5,14,-5,3446.83727994396,3366.96229970366,0,0,0,7381.012129940392,7732.349584274522,0,0,0,222.1036,142.5623,430,430,430
2004,8,11,3,0,14.00453,-16.479054,16.043021,-13.178813,14,-5,14,-5,14,-5,3659.0574465154455,3520.340085257896,0,0,0,7411.280427778546,7408.741230830575,0,0,0,38.4187,154.6383,430,430,430
2016,6,22,7,0,13.551515,-10.635043,10.751416,-12.906436,14,-5,14,-5,14,-5,3549.3743108400495,3502.025609430601,0,0,0,7424.291603889303,7507.77172614786,0,0,0,232.1314,199.4843,430,430,430
2009,7,22,14,0,13.282118,-11.961504,14.099443,-12.441343,14,-5,14,-5,14,-5,3476.923438061198,3321.005870916698,0,0,0,7431.463021656816,7439.083703985516,0,0,0,189.1904,169.071,430,430,430
2011,7,4,19,0,10.594449,-15.019415,12.859379,-12.043196,14,-5,14,-5,14,-5,3321.60844548006,3579.680003775117,0,0,0,7379.1777298242705,7318.9131775041005,0,0,0,160.9969,189.4334,430,430,430
2004,7,19,4,0,12.154549,-12.273089,10.866515,-16.212193,14,-5,14,-5,14,-5,3491.129092680638,3358.3372458797166,0,0,0,7453.879778146282,7456.530048212102,0,0,0,191.4262,137.5391,430,430,430
2012,8,1,3,0,16.378361,-17.423107,12.826673,-13.083442,14,-5,14,-5,14,-5,3412.1410495877894,3389.15020248145,0,0,0,7652.58778758774,7503.189757485355,0,0,0,57.4282,156.6684,430,430,430
2009,8,24,12,0,15.329425,-15.782273,15.288948,-12.412143,14,-5,14,-5,14,-5,3468.0298681344275,3298.629435547401,0,0,0,7419.0371570343395,7275.8859830039055,0,0,0,62.0322,173.4013,430,430,430
2008,6,17,16,0,13.65039,-12.817625,13.782715,-14.752644,14,-5,14,-5,14,-5,3442.3493681315394,3500.5903696227074,0,0,0,7469.100801666334,7424.9706038263585,0,0,0,157.9272,93.3006,430,430,430
2012,6,4,22,0,14.103161,-17.808542,10.727705,-16.870218,14,-5,14,-5,14,-5,3289.8924419070554,3357.301116122123,0,0,0,7412.893386691029,7348.661743389028,0,0,0,25.2389,140.289,430,430,430
2008,6,25,11,0,11.754403,-14.148581,15.384556,-15.443852,14,-5,14,-5,14,-5,3446.039232977342,3491.072964621849,0,0,0,7212.566626716855,7394.913404643748,0,0,0,145.6709,73.3894,430,430,430
2011,8,6,1,0,14.192185,-12.499788,14.955293,-16.260776,14,-5,14,-5,14,-5,3613.608574065721,3446.3663838881653,0,0,0,7478.903937557955,7494.68155080409,0,0,0,166.7693,41.0,430,430,430
2013,6,16,3,0,11.447312,-10.150165,15.730523,-15.971055,14,-5,14,-5,14,-5,3437.302972121289,3238.751481819997,0,0,0,7557.071082489564,7510.103432882134,0,0,0,267.5687,64.0703,430,430,430
2017,8,14,22,0,15.150274,-12.991808,11.331954,-14.63697,14,-5,14,-5,14,-5,3428.751411760858,3566.7865794210165,0,0,0,7357.048504337026,7461.030777103673,0,0,0,152.9477,145.2067,430,430,430
2010,7,18,15,0,17.618729,-10.325131,11.740078,-17.942384,14,-5,14,-5,14,-5,3334.847695151616,3345.495143326292,0,0,0,7500.875390470771,7531.0274722527165,0,0,0,269.4624,107.9352,430,430,430
2005,6,8,10,0,14.533319,-14.608179,10.498064,-11.569629,14,-5,14,-5,14,-5,3396.3553055251336,3383.240603507719,0,0,0,7495.6061998827045,7400.780994479818,0,0,0,95.1315,240.4101,430,430,430
2004,8,23,0,0,13.296062,-10.108,14.562733,-16.326656,14,-5,14,-5,14,-5,3544.6381066531535,3619.9334517132884,0,0,0,7350.913942778496,7418.851301008217,0,0,0,251.4319,37.3363,430,430,430
2005,7,2,10,0,10.463136,-12.430509,14.152962,-12.193372,14,-5,14,-5,14,-5,3470.9478859761566,3439.541679286495,0,0,0,7554.415361882626,7474.610489102944,0,0,0,218.6893,177.8145,430,430,430
2010,6,16,15,0,15.466713,-12.042991,16.608742,-10.501239,14,-5,14,-5,14,-5,3426.839583956157,3536.3735016850032,0,0,0,7356.826303224511,7618.320533699182,0,0,0,187.2592,249.7218,430,430,430
2009,8,27,6,0,13.540326,-14.421608,16.088665,-16.455612,14,-5,14,-5,14,-5,3657.7381574915294,3345.2946089203997,0,0,0,7497.839497959842,7614.967669194692,0,0,0,106.7755,61.2209,430,430,430
2014,8,21,8,0,13.340355,-12.802698,10.852832,-11.840241,14,-5,14,-5,14,-5,3492.110857402606,3300.9929600363575,0,0,0,7454.508167406695,7538.530292239379,0,0,0,160.7234,226.8149,430,430,430
2005,7,25,17,0,15.732022,-16.029687,16.032079,-13.564903,14,-5,14,-5,14,-5,3374.209805537835,3337.1929384511945,0,0,0,7370.891754143966,7584.682826233781,0,0,0,62.426,142.0035,430,430,430
2009,8,24,19,0,17.18663,-13.967022,16.370927,-16.518218,14,-5,14,-5,14,-5,3440.3102808876592,3474.3035092772193,0,0,0,7410.392386911521,7521.4343457134855,0,0,0,151.4761,68.2642,430,430,430
2008,7,5,8,0,14.001416,-17.051174,12.358573,-12.680995,14,-5,14,-5,14,-5,3718.8550930871656,3546.332595331229,0,0,0,7397.810691050325,7427.392677126852,0,0,0,26.4008,175.7754,430,430,430
2018,6,24,5,0,11.511982,-13.867313,16.43874,-16.171703,14,-5,14,-5,14,-5,3401.274678888613,3428.891496014052,0,0,0,7533.436855449369,7327.046720132391,0,0,0,157.6991,76.8375,430,430,430
2005,8,4,11,0,14.031437,-10.302114,16.375231,-13.696359,14,-5,14,-5,14,-5,3484.353374408758,3332.788194080469,0,0,0,7416.081695582929,7486.627676319773,0,0,0,242.9094,143.6732,430,430,430
2017,8,16,15,0,10.611281,-17.182183,16.097898,-11.722523,14,-5,14,-5,14,-5,3505.670392745246,3218.952689155014,0,0,0,7599.660770804281,7484.708607346999,0,0,0,144.0139,203.4945,430,430,430
2014,6,8,18,0,12.107696,-16.766627,14.786946,-11.53665,14,-5,14,-5,14,-5,3460.5416538750806,3334.87022719204,0,0,0,7443.590663248474,7381.198830494993,0,0,0,92.3959,201.0622,430,430,430
2006,6,1,8,0,14.890912,-10.005289,16.529918,-10.112217,14,-5,14,-5,14,-5,3395.4891535081024,3654.505924392887,0,0,0,7570.043911402647,7501.717477486558,0,0,0,254.1594,262.4348,430,430,430
2013,8,2,8,0,15.798398,-13.622862,12.69815,-16.842933,14,-5,14,-5,14,-5,3420.618507034675,3563.0239418938063,0,0,0,7435.626736676935,7491.936205365598,0,0,0,137.6408,71.3863,430,430,430
2012,8,11,16,0,13.244794,-16.081825,13.519311,-14.260602,14,-5,14,-5,14,-5,3493.019394965404,3421.669569816781,0,0,0,7471.432296315967,7648.548641965774,0,0,0,66.0681,111.4271,430,430,430
2012,6,8,6,0,10.454885,-15.123132,11.576469,-15.109478,14,-5,14,-5,14,-5,3476.408325224805,3518.410485644368,0,0,0,7352.986104131758,7534.665812020427,0,0,0,163.7834,129.5415,430,430,430
2009,8,11,9,0,13.935424,-13.389334,14.022254,-13.409539,14,-5,14,-5,14,-5,3471.6583368720285,3602.975278321762,0,0,0,7537.242706985251,7512.50809307664,0,0,0,137.2953,135.794,430,430,430
2017,8,6,15,0,15.827376,-11.809123,16.555621,-10.538036,14,-5,14,-5,14,-5,3372.143681499574,3414.6902019672402,0,0,0,7448.253173012627,7337.3804081631415,0,0,0,198.2851,248.2136,430,430,430
2012,6,28,3,0,14.872198,-10.455706,13.010037,-14.176414,14,-5,14,-5,14,-5,3429.348273211659,3381.7995846604667,0,0,0,7465.064039282019,7524.139388178235,0,0,0,238.1344,120.8305,430,430,430
2006,6,8,4,0,15.752987,-10.557448,15.96223,-16.350241,14,-5,14,-5,14,-5,3423.8962901062655,3301.1983589929696,0,0,0,7535.933784594078,7447.38948212759,0,0,0,240.1874,60.1415,430,430,430
2008,8,29,8,0,11.992617,-17.745186,17.415572,-10.046858,14,-5,14,-5,14,-5,3487.517317336346,3395.7813816724924,0,0,0,7324.5025219144145,7534.557025376206,0,0,0,96.6902,275.2817,430,430,430
2012,8,26,11,0,10.04543,-16.594155,14.221816,-17.865082,14,-5,14,-5,14,-5,3508.6304601460843,3358.8599504531653,0,0,0,7450.733974915958,7389.485957738472,0,0,0,164.7786,22.6716,430,430,430
2007,8,25,17,0,16.090053,-15.885585,12.015452,-13.103657,14,-5,14,-5,14,-5,3257.9674585484086,3623.559372319326,0,0,0,7507.332733476793,7493.985596893997,0,0,0,74.5185,168.9083,430,430,430
2006,6,29,17,0,11.831832,-13.009665,10.939529,-12.612689,14,-5,14,-5,14,-5,3545.9887013515718,3451.851559951449,0,0,0,7576.056949396262,7564.61260795634,0,0,0,173.9253,203.7081,430,430,430
2018,8,24,15,0,10.458706,-14.82967,16.287398,-11.52405,14,-5,14,-5,14,-5,3394.5321997777974,3465.779612350543,0,0,0,7613.195324696064,7413.227669233676,0,0,0,168.1814,212.7769,430,430,430
2011,6,17,3,0,14.947798,-13.76307,14.693254,-16.331243,14,-5,14,-5,14,-5,3524.3425198826117,3363.6670599607446,0,0,0,7484.230249895194,7479.908586266476,0,0,0,125.3994,37.0,430,430,430
2016,6,18,15,0,12.698392,-11.14986,15.593062,-15.030836,14,-5,14,-5,14,-5,3439.4231477274843,3413.705628318836,0,0,0,7377.838099272519,7476.687284505062,0,0,0,220.7351,89.8888,430,430,430
2014,7,5,0,0,14.744473,-14.262161,15.815886,-12.517758,14,-5,14,-5,14,-5,3575.75998793745,3460.575208687643,0,0,0,7385.360960486456,7494.371483924568,0,0,0,107.042,173.6692,430,430,430
2006,6,26,8,0,12.445246,-10.227974,17.377875,-11.278113,14,-5,14,-5,14,-5,3397.1530715858976,3356.471075573636,0,0,0,7512.153303428955,7531.56862211569,0,0,0,253.9547,235.9682,430,430,430
2014,6,12,0,0,15.923285,-14.753532,16.20431,-10.161608,14,-5,14,-5,14,-5,3423.609854510231,3415.2867615492764,0,0,0,7458.277412557727,7405.7885682707965,0,0,0,103.3683,256.9552,430,430,430
2013,6,12,20,0,15.747601,-13.554224,15.889289,-17.500717,14,-5,14,-5,14,-5,3395.4580415768855,3459.775044490147,0,0,0,7541.047710138642,7413.449772751752,0,0,0,139.2839,41.0488,430,430,430
2011,7,5,0,0,10.178046,-10.467977,13.665072,-17.303232,14,-5,14,-5,14,-5,3294.236365462802,3350.9430878280914,0,0,0,7416.76399911166,7462.711496904939,0,0,0,279.0412,37.054,430,430,430
2017,7,4,6,0,15.201115,-13.314332,13.296538,-17.737367,14,-5,14,-5,14,-5,3518.1784660390963,3290.691627249358,0,0,0,7576.510424822657,7513.586329345716,0,0,0,142.2744,50.9608,430,430,430
2006,6,2,1,0,12.277391,-11.368482,16.043161,-17.470948,14,-5,14,-5,14,-5,3301.061814729288,3553.3286519525896,0,0,0,7351.774016859906,7320.868655922559,0,0,0,218.3873,46.1736,430,430,430
2010,6,26,4,0,13.30163,-10.150526,12.314887,-15.240894,14,-5,14,-5,14,-5,3268.5616239799792,3369.618402467847,0,0,0,7364.832326253652,7515.783496423305,0,0,0,250.2639,107.2986,430,430,430
2011,6,10,18,0,17.037782,-11.770693,12.243893,-11.985839,14,-5,14,-5,14,-5,3332.403709099148,3381.8772108562025,0,0,0,7407.159792974564,7404.523355896682,0,0,0,214.6928,198.6353,430,430,430
2016,7,13,10,0,12.08311,-16.663553,12.363176,-10.93254,14,-5,14,-5,14,-5,3440.762165537411,3506.9693086879556,0,0,0,7487.370436192335,7374.979349589364,0,0,0,93.9415,231.2769,430,430,430
2013,6,10,16,0,15.625343,-14.46711,17.118372,-14.100598,14,-5,14,-5,14,-5,3610.8456073651464,3443.7806508009294,0,0,0,7349.826029531145,7706.008268467231,0,0,0,108.1573,145.6606,430,430,430
2007,7,24,9,0,15.500829,-17.915916,15.927838,-13.705045,14,-5,14,-5,14,-5,3598.0735366820018,3352.7013648756993,0,0,0,7353.783868207789,7411.228278503941,0,0,0,29.9666,136.2975,430,430,430
2018,6,25,18,0,12.368069,-15.871691,14.567672,-11.389371,14,-5,14,-5,14,-5,3412.793699565947,3624.8517006512234,0,0,0,7456.92855589449,7525.941253436805,0,0,0,93.1504,205.0098,430,430,430
2016,7,15,4,0,15.398669,-10.893406,16.489539,-13.229552,14,-5,14,-5,14,-5,3490.003110811867,3634.713952509347,0,0,0,7336.782288040629,7511.780370561264,0,0,0,225.6214,159.9312,430,430,430
2012,7,27,12,0,17.826449,-17.476694,17.154308,-13.020539,14,-5,14,-5,14,-5,3500.8345124557927,3492.276840262516,0,0,0,7479.8028571048035,7526.313037545911,0,0,0,107.4663,178.1348,430,430,430
2005,7,14,14,0,13.79061,-14.611027,15.021464,-16.261178,14,-5,14,-5,14,-5,3384.152864702743,3545.926129606238,0,0,0,7317.373797595099,7464.246228570009,0,0,0,98.0306,42.45,430,430,430
2006,6,28,2,0,11.867206,-10.839524,14.801327,-17.137612,14,-5,14,-5,14,-5,3450.0424103222276,3436.2110940272137,0,0,0,7511.888679034117,7248.282653496034,0,0,0,239.5204,11.4018,430,430,430
2013,7,29,5,0,10.159189,-11.795016,15.171764,-15.420554,14,-5,14,-5,14,-5,3332.116850221874,3453.8568508551607,0,0,0,7511.955815563632,7670.432281170006,0,0,0,242.4252,71.0634,430,430,430
2012,7,21,5,0,10.066202,-10.193717,12.171092,-15.087941,14,-5,14,-5,14,-5,3384.764222326496,3277.958226399882,0,0,0,7362.676019584137,7602.392190993121,0,0,0,288.73,114.3372,430,430,430
2015,6,6,0,0,11.275272,-16.821877,15.828102,-11.334474,14,-5,14,-5,14,-5,3362.012912187966,3591.727374561371,0,0,0,7404.396927127208,7515.79506053061,0,0,0,120.5031,213.965,430,430,430
2011,8,12,16,0,11.368424,-11.522749,11.400188,-16.546203,14,-5,14,-5,14,-5,3381.361884935288,3408.931751664908,0,0,0,7572.333361007923,7529.323796720413,0,0,0,225.5238,116.9017,430,430,430
2018,8,24,2,0,12.766881,-10.995507,14.632741,-14.877479,14,-5,14,-5,14,-5,3490.056950123146,3183.9555386704437,0,0,0,7387.056330287219,7386.766532619779,0,0,0,224.9022,86.0233,430,430,430
2007,7,17,12,0,10.697544,-16.491267,15.306353,-17.18521,14,-5,14,-5,14,-5,3316.9797915026284,3495.5302865147537,0,0,0,7568.360317074333,7465.587146404009,0,0,0,142.5553,23.7065,430,430,430
2004,6,15,20,0,14.893442,-12.893583,11.847517,-17.197884,14,-5,14,-5,14,-5,3290.618758709985,3360.0110651762625,0,0,0,7357.746490420189,7417.996502159856,0,0,0,154.2628,100.0,430,430,430
2010,8,14,11,0,14.461305,-10.014083,14.796034,-13.242924,14,-5,14,-5,14,-5,3464.5840374058575,3519.5859467999744,0,0,0,7442.145481595981,7571.965162996557,0,0,0,253.0711,142.088,430,430,430
2008,6,13,4,0,10.061677,-17.948891,13.98575,-10.164519,14,-5,14,-5,14,-5,3516.9521497459173,3536.634203596812,0,0,0,7543.750178749843,7565.033681275781,0,0,0,166.5443,247.9778,430,430,430
2009,6,6,6,0,11.16338,-11.801491,13.031315,-16.618597,14,-5,14,-5,14,-5,3493.503293872757,3358.9650634125887,0,0,0,7408.438514620335,7609.467493053451,0,0,0,221.3256,62.3939,430,430,430
2015,7,13,15,0,14.537257,-10.284718,14.577365,-14.810804,14,-5,14,-5,14,-5,3349.005564252281,3370.9410747395505,0,0,0,7595.321354861351,7496.051958988755,0,0,0,244.0184,88.0511,430,430,430
2007,7,29,1,0,15.073018,-12.638268,15.136754,-10.641366,14,-5,14,-5,14,-5,3359.8381025643826,3269.67081007408,0,0,0,7579.285776964731,7576.586174175337,0,0,0,163.6887,232.6972,430,430,430
2016,7,17,14,0,11.192609,-10.07123,16.456692,-13.377475,14,-5,14,-5,14,-5,3477.9347410313367,3512.123187329917,0,0,0,7286.666492092254,7610.358627913983,0,0,0,273.2508,154.9452,430,430,430
2005,8,18,5,0,10.701011,-13.825771,11.712458,-14.085405,14,-5,14,-5,14,-5,3306.4421145220304,3307.3681127253426,0,0,0,7497.337601725642,7357.869392061706,0,0,0,179.9139,148.4992,430,430,430
2007,6,2,5,0,10.344167,-13.947735,14.934581,-14.021288,14,-5,14,-5,14,-5,3489.576661941194,3463.850529818458,0,0,0,7518.696350766833,7570.27324911496,0,0,0,186.4618,116.3486,430,430,430
2008,8,13,18,0,17.111971,-12.047678,17.921019,-12.541857,14,-5,14,-5,14,-5,3390.790938641618,3452.5577735004663,0,0,0,7395.256591200032,7468.725329415613,0,0,0,207.2342,207.4729,430,430,430
2016,7,8,5,0,13.360152,-16.262198,15.831266,-12.102793,14,-5,14,-5,14,-5,3364.1831248264643,3520.011578192659,0,0,0,7400.320015037819,7470.333085769558,0,0,0,59.203,188.5126,430,430,430
2008,6,8,22,0,15.391165,-13.777433,15.195601,-16.264973,14,-5,14,-5,14,-5,3413.592745644876,3391.2802215754764,0,0,0,7631.443325316148,7482.955518627783,0,0,0,127.4755,44.3847,430,430,430
2004,6,30,19,0,15.56961,-15.986244,13.824467,-14.513366,14,-5,14,-5,14,-5,3544.488470744387,3562.210905943977,0,0,0,7480.966414196832,7534.256742939343,0,0,0,60.0333,100.2846,430,430,430
2018,7,8,14,0,14.677431,-10.437609,12.942249,-11.218478,14,-5,14,-5,14,-5,3477.1140127137305,3515.5389694410987,0,0,0,7288.46053718402,7529.311441154338,0,0,0,239.0084,216.2059,430,430,430
2013,8,8,9,0,10.235079,-11.363395,16.104324,-13.574255,14,-5,14,-5,14,-5,3420.135799611019,3305.4006717702664,0,0,0,7412.232832245543,7573.660468687503,0,0,0,252.0714,143.0245,430,430,430
2010,7,20,14,0,12.230508,-13.734144,11.634454,-17.76435,14,-5,14,-5,14,-5,3293.541164199129,3361.685167299426,0,0,0,7478.010277684843,7453.363822891362,0,0,0,146.2395,109.6586,430,430,430
2013,8,1,11,0,10.902962,-15.96848,14.503331,-17.448778,14,-5,14,-5,14,-5,3232.5594357173363,3420.522357339874,0,0,0,7422.732977410122,7484.755813532403,0,0,0,138.8848,7.0,430,430,430
2016,7,20,19,0,17.93625,-12.014173,15.508202,-14.88349,14,-5,14,-5,14,-5,3541.568189961638,3472.146204680503,0,0,0,7363.376182901254,7417.599449757893,0,0,0,222.7846,92.6553,430,430,430
2011,7,9,13,0,17.489324,-13.504129,11.153461,-12.040855,14,-5,14,-5,14,-5,3434.3506140936815,3493.7006517652476,0,0,0,7497.745939523047,7464.364257334722,0,0,0,171.1432,214.7207,430,430,430
2012,8,23,4,0,12.079592,-13.767608,15.875003,-10.684063,14,-5,14,-5,14,-5,3619.153546935562,3510.013008755533,0,0,0,7379.4048541606135,7446.646608565885,0,0,0,149.0134,235.9513,430,430,430
2006,8,30,8,0,14.645366,-13.041854,12.152291,-16.182632,14,-5,14,-5,14,-5,3389.7307699954877,3588.6326612021,0,0,0,7316.278008556724,7679.9714337705245,0,0,0,149.0,95.6347,430,430,430
2005,8,10,13,0,13.037291,-12.602422,17.255304,-16.216324,14,-5,14,-5,14,-5,3469.6431183044465,3351.3636285290877,0,0,0,7528.512018233692,7602.407028109378,0,0,0,169.517,100.7224,430,430,430
2013,8,23,12,0,13.228401,-12.765693,13.34135,-17.276744,14,-5,14,-5,14,-5,3351.833228530249,3352.2129841264737,0,0,0,7393.135260873913,7408.044010955113,0,0,0,162.865,48.0416,430,430,430
2018,8,8,18,0,11.39585,-14.463001,17.500383,-12.658365,14,-5,14,-5,14,-5,3437.678197006016,3377.0190723310902,0,0,0,7401.369683619529,7483.7482572992585,0,0,0,147.2719,195.8622,430,430,430
2018,8,28,12,0,17.908721,-17.237184,10.179987,-14.055682,14,-5,14,-5,14,-5,3350.7234191219827,3432.529531040116,0,0,0,7465.629928714941,7422.510808758465,0,0,0,111.463,189.156,430,430,430
2005,7,24,20,0,10.606795,-11.942873,12.639719,-11.663243,14,-5,14,-5,14,-5,3376.6966208718686,3537.499113710024,0,0,0,7393.949101619265,7530.762779642341,0,0,0,228.3265,204.3624,430,430,430
2017,6,17,0,0,16.05254,-14.513964,12.859836,-11.103484,14,-5,14,-5,14,-5,3420.7669324961635,3356.6870231832536,0,0,0,7412.501709574692,7390.165731423759,0,0,0,112.7298,220.8801,430,430,430
2004,8,3,14,0,17.988303,-15.567654,13.232628,-15.85946,14,-5,14,-5,14,-5,3335.585921236043,3569.2256115938235,0,0,0,7592.313368832729,7461.752701488016,0,0,0,135.0741,70.7248,430,430,430
2011,8,28,12,0,15.848584,-16.296669,13.93174,-16.449457,14,-5,14,-5,14,-5,3472.098641282102,3518.6192798712536,0,0,0,7598.1565927087895,7523.290266339638,0,0,0,58.0,41.1096,430,430,430
2017,7,26,10,0,14.12726,-10.447929,13.892023,-10.368366,14,-5,14,-5,14,-5,3468.1870724183195,3383.225820192211,0,0,0,7321.850340057239,7397.349314992846,0,0,0,237.6089,240.4101,430,430,430
2013,6,17,2,0,11.232512,-16.287862,17.601425,-12.481181,14,-5,14,-5,14,-5,3427.047152533957,3507.7225291700606,0,0,0,7530.751927166906,7460.618643140822,0,0,0,125.6344,202.5562,430,430,430
2009,8,16,18,0,16.668243,-17.682762,17.240351,-13.331262,14,-5,14,-5,14,-5,3510.30327515379,3637.598113001281,0,0,0,7485.0763397489345,7496.692154800779,0,0,0,67.0075,170.9883,430,430,430
2013,6,19,5,0,10.621933,-15.738442,16.381564,-15.547057,14,-5,14,-5,14,-5,3591.9250108603774,3567.826613313973,0,0,0,7352.919810434812,7568.136495479529,0,0,0,150.5257,90.1388,430,430,430
2018,6,27,20,0,10.447979,-17.246352,14.552742,-14.272486,14,-5,14,-5,14,-5,3276.137680636805,3416.1510781999527,0,0,0,7416.765934171074,7527.086852947609,0,0,0,150.0833,106.0754,430,430,430
2018,6,25,14,0,10.771373,-10.962111,13.727408,-11.906308,14,-5,14,-5,14,-5,3440.3133095014286,3319.465846617565,0,0,0,7579.119315817164,7423.997868737072,0,0,0,252.7153,188.7326,430,430,430
2011,8,5,21,0,16.682333,-17.920143,11.592354,-17.225164,14,-5,14,-5,14,-5,3527.177384327678,3404.6078224139073,0,0,0,7477.870969586679,7398.289227801736,0,0,0,67.6018,109.0046,430,430,430
2009,8,2,12,0,11.922439,-12.148375,16.334873,-17.410341,14,-5,14,-5,14,-5,3407.0316937931298,3379.336266977025,0,0,0,7465.655660018611,7452.474469759099,0,0,0,198.7259,56.4358,430,430,430
2006,8,8,12,0,17.498461,-15.393868,13.710421,-14.878928,14,-5,14,-5,14,-5,3428.5434899763563,3621.766298652104,0,0,0,7321.863571921397,7343.501039567641,0,0,0,124.4709,90.6201,430,430,430
2011,7,3,14,0,10.737819,-10.862489,12.020353,-14.663305,14,-5,14,-5,14,-5,3369.378967588801,3299.083484680512,0,0,0,7345.661245726902,7414.259310020523,0,0,0,257.1634,127.3499,430,430,430
2015,6,10,5,0,10.186888,-10.386209,13.618323,-11.934999,14,-5,14,-5,14,-5,3503.117832542942,3522.4772980356624,0,0,0,7447.31036828546,7503.416076994627,0,0,0,280.9591,187.4887,430,430,430
2008,8,12,5,0,16.425983,-10.14973,14.12702,-14.232257,14,-5,14,-5,14,-5,3318.7892206228234,3476.783979263288,0,0,0,7480.808140810478,7327.079023005555,0,0,0,259.7557,108.6738,430,430,430
2014,8,14,6,0,14.625098,-13.430501,10.679253,-15.695978,14,-5,14,-5,14,-5,3393.532475183456,3464.2143103896533,0,0,0,7263.695339641891,7461.114084805629,0,0,0,135.0037,148.9463,430,430,430
2012,8,25,3,0,17.291389,-11.379542,16.705953,-14.096925,14,-5,14,-5,14,-5,3512.8555176022483,3376.687971917925,0,0,0,7446.47846928608,7483.2792219453895,0,0,0,231.1017,137.7135,430,430,430
2004,8,16,8,0,10.668016,-13.029432,16.149403,-13.841448,14,-5,14,-5,14,-5,3316.862481123759,3370.2738841329497,0,0,0,7445.472383779086,7415.445580691,0,0,0,199.4041,135.3846,430,430,430
2006,7,14,20,0,13.628682,-13.638146,13.857082,-10.956456,14,-5,14,-5,14,-5,3413.676751538191,3530.971263755405,0,0,0,7578.768183959422,7597.173061720667,0,0,0,131.042,220.6581,430,430,430
2007,6,7,3,0,14.198026,-17.123993,13.212858,-13.569866,14,-5,14,-5,14,-5,3463.9102760871315,3305.51339211843,0,0,0,7524.237133399201,7575.3177313954375,0,0,0,19.2354,136.4881,430,430,430
2011,6,23,4,0,16.951747,-11.290312,15.256734,-17.039608,14,-5,14,-5,14,-5,3578.7068258027184,3386.0275068132114,0,0,0,7566.804278977287,7475.522046115973,0,0,0,228.4644,24.2074,430,430,430
2007,6,14,19,0,17.518346,-11.247634,10.544869,-14.045286,14,-5,14,-5,14,-5,3296.098544233223,3276.1841112117118,0,0,0,7399.690377471584,7558.829957356251,0,0,0,238.5162,179.0251,430,430,430
2015,8,14,16,0,11.041649,-13.695759,14.596541,-17.373434,14,-5,14,-5,14,-5,3401.273833389075,3560.3521715320057,0,0,0,7515.407772473568,7426.517427346149,0,0,0,173.358,4.4721,430,430,430
2006,7,15,15,0,16.77841,-11.653689,12.786552,-10.270664,14,-5,14,-5,14,-5,3608.574919315065,3479.000777764685,0,0,0,7667.80563334431,7608.202993320267,0,0,0,214.1892,249.6117,430,430,430
