Node: gpuhost004.jc.rl.ac.uk
Mon Jun 23 10:52:48 2025       
+-----------------------------------------------------------------------------------------+
| NVIDIA-SMI 570.133.20             Driver Version: 570.133.20     CUDA Version: 12.8     |
|-----------------------------------------+------------------------+----------------------+
| GPU  Name                 Persistence-M | Bus-Id          Disp.A | Volatile Uncorr. ECC |
| Fan  Temp   Perf          Pwr:Usage/Cap |           Memory-Usage | GPU-Util  Compute M. |
|                                         |                        |               MIG M. |
|=========================================+========================+======================|
|   0  NVIDIA A100-SXM4-40GB          On  |   00000000:01:00.0 Off |                    0 |
| N/A   29C    P0             62W /  400W |       0MiB /  40960MiB |      0%      Default |
|                                         |                        |             Disabled |
+-----------------------------------------+------------------------+----------------------+
|   1  NVIDIA A100-SXM4-40GB          On  |   00000000:41:00.0 Off |                    0 |
| N/A   30C    P0             59W /  400W |       0MiB /  40960MiB |      0%      Default |
|                                         |                        |             Disabled |
+-----------------------------------------+------------------------+----------------------+
|   2  NVIDIA A100-SXM4-40GB          On  |   00000000:81:00.0 Off |                    0 |
| N/A   29C    P0             72W /  400W |       0MiB /  40960MiB |      0%      Default |
|                                         |                        |             Disabled |
+-----------------------------------------+------------------------+----------------------+
|   3  NVIDIA A100-SXM4-40GB          On  |   00000000:C1:00.0 Off |                    0 |
| N/A   28C    P0             57W /  400W |       0MiB /  40960MiB |      0%      Default |
|                                         |                        |             Disabled |
+-----------------------------------------+------------------------+----------------------+
                                                                                         
+-----------------------------------------------------------------------------------------+
| Processes:                                                                              |
|  GPU   GI   CI              PID   Type   Process name                        GPU Memory |
|        ID   ID                                                               Usage      |
|=========================================================================================|
|  No running processes found                                                             |
+-----------------------------------------------------------------------------------------+
[Rank 2] Training with 1812 batches per epoch.
[Rank 1] Training with 1812 batches per epoch.
[Rank 3] Training with 1806 batches per epoch.
[Rank 0] Training with 1812 batches per epoch.

Sanity Checking: |          | 0/? [00:00<?, ?it/s]
Sanity Checking:   0%|          | 0/2 [00:00<?, ?it/s]
Sanity Checking DataLoader 0:   0%|          | 0/2 [00:00<?, ?it/s]
Sanity Checking DataLoader 0:  50%|█████     | 1/2 [00:02<00:02,  0.44it/s]
Sanity Checking DataLoader 0: 100%|██████████| 2/2 [00:02<00:00,  0.87it/s]
                                                                           

Training: |          | 0/? [00:00<?, ?it/s]
Training:   0%|          | 0/1812 [00:00<?, ?it/s]
Epoch 0:   0%|          | 0/1812 [00:00<?, ?it/s] 
Epoch 0:   0%|          | 1/1812 [00:16<8:27:58,  0.06it/s]
Epoch 0:   0%|          | 1/1812 [00:16<8:28:00,  0.06it/s, v_num=ip8c]
Epoch 0:   0%|          | 2/1812 [00:17<4:17:21,  0.12it/s, v_num=ip8c]
Epoch 0:   0%|          | 2/1812 [00:17<4:17:21,  0.12it/s, v_num=ip8c]
Epoch 0:   0%|          | 3/1812 [00:18<3:05:03,  0.16it/s, v_num=ip8c]
Epoch 0:   0%|          | 3/1812 [00:18<3:05:03,  0.16it/s, v_num=ip8c]
Epoch 0:   0%|          | 4/1812 [00:19<2:23:08,  0.21it/s, v_num=ip8c]
Epoch 0:   0%|          | 4/1812 [00:19<2:23:08,  0.21it/s, v_num=ip8c]
Epoch 0:   0%|          | 5/1812 [00:19<1:57:59,  0.26it/s, v_num=ip8c]
Epoch 0:   0%|          | 5/1812 [00:19<1:57:59,  0.26it/s, v_num=ip8c]
Epoch 0:   0%|          | 6/1812 [00:20<1:41:13,  0.30it/s, v_num=ip8c]
Epoch 0:   0%|          | 6/1812 [00:20<1:41:13,  0.30it/s, v_num=ip8c]
Epoch 0:   0%|          | 7/1812 [00:20<1:29:15,  0.34it/s, v_num=ip8c]
Epoch 0:   0%|          | 7/1812 [00:20<1:29:15,  0.34it/s, v_num=ip8c]
Epoch 0:   0%|          | 8/1812 [00:21<1:20:15,  0.37it/s, v_num=ip8c]
Epoch 0:   0%|          | 8/1812 [00:21<1:20:16,  0.37it/s, v_num=ip8c]
Epoch 0:   0%|          | 9/1812 [00:21<1:13:15,  0.41it/s, v_num=ip8c]
Epoch 0:   0%|          | 9/1812 [00:21<1:13:15,  0.41it/s, v_num=ip8c]
Epoch 0:   1%|          | 10/1812 [00:22<1:07:39,  0.44it/s, v_num=ip8c]
Epoch 0:   1%|          | 10/1812 [00:22<1:07:39,  0.44it/s, v_num=ip8c]
Epoch 0:   1%|          | 11/1812 [00:23<1:03:05,  0.48it/s, v_num=ip8c]
Epoch 0:   1%|          | 11/1812 [00:23<1:03:05,  0.48it/s, v_num=ip8c]
Epoch 0:   1%|          | 12/1812 [00:23<59:16,  0.51it/s, v_num=ip8c]  
Epoch 0:   1%|          | 12/1812 [00:23<59:16,  0.51it/s, v_num=ip8c]
Epoch 0:   1%|          | 13/1812 [00:24<56:02,  0.54it/s, v_num=ip8c]
Epoch 0:   1%|          | 13/1812 [00:24<56:02,  0.54it/s, v_num=ip8c]
Epoch 0:   1%|          | 14/1812 [00:24<53:16,  0.56it/s, v_num=ip8c]
Epoch 0:   1%|          | 14/1812 [00:24<53:16,  0.56it/s, v_num=ip8c]
Epoch 0:   1%|          | 15/1812 [00:25<50:51,  0.59it/s, v_num=ip8c]
Epoch 0:   1%|          | 15/1812 [00:25<50:52,  0.59it/s, v_num=ip8c]
Epoch 0:   1%|          | 16/1812 [00:26<48:45,  0.61it/s, v_num=ip8c]
Epoch 0:   1%|          | 16/1812 [00:26<48:45,  0.61it/s, v_num=ip8c]
Epoch 0:   1%|          | 17/1812 [00:26<46:54,  0.64it/s, v_num=ip8c]
Epoch 0:   1%|          | 17/1812 [00:26<46:54,  0.64it/s, v_num=ip8c]
Epoch 0:   1%|          | 18/1812 [00:27<45:15,  0.66it/s, v_num=ip8c]
Epoch 0:   1%|          | 18/1812 [00:27<45:15,  0.66it/s, v_num=ip8c]
Epoch 0:   1%|          | 19/1812 [00:27<43:46,  0.68it/s, v_num=ip8c]
Epoch 0:   1%|          | 19/1812 [00:27<43:46,  0.68it/s, v_num=ip8c]
Epoch 0:   1%|          | 20/1812 [00:28<42:26,  0.70it/s, v_num=ip8c]
Epoch 0:   1%|          | 20/1812 [00:28<42:26,  0.70it/s, v_num=ip8c]
Epoch 0:   1%|          | 21/1812 [00:29<41:14,  0.72it/s, v_num=ip8c]
Epoch 0:   1%|          | 21/1812 [00:29<41:14,  0.72it/s, v_num=ip8c]
Epoch 0:   1%|          | 22/1812 [00:29<40:08,  0.74it/s, v_num=ip8c]
Epoch 0:   1%|          | 22/1812 [00:29<40:08,  0.74it/s, v_num=ip8c]
Epoch 0:   1%|▏         | 23/1812 [00:30<39:08,  0.76it/s, v_num=ip8c]
Epoch 0:   1%|▏         | 23/1812 [00:30<39:08,  0.76it/s, v_num=ip8c]
Epoch 0:   1%|▏         | 24/1812 [00:30<38:12,  0.78it/s, v_num=ip8c]
Epoch 0:   1%|▏         | 24/1812 [00:30<38:12,  0.78it/s, v_num=ip8c]
Epoch 0:   1%|▏         | 25/1812 [00:31<37:21,  0.80it/s, v_num=ip8c]
Epoch 0:   1%|▏         | 25/1812 [00:31<37:21,  0.80it/s, v_num=ip8c]
Epoch 0:   1%|▏         | 26/1812 [00:31<36:35,  0.81it/s, v_num=ip8c]
Epoch 0:   1%|▏         | 26/1812 [00:31<36:35,  0.81it/s, v_num=ip8c]
Epoch 0:   1%|▏         | 27/1812 [00:32<35:51,  0.83it/s, v_num=ip8c]
Epoch 0:   1%|▏         | 27/1812 [00:32<35:51,  0.83it/s, v_num=ip8c]
Epoch 0:   2%|▏         | 28/1812 [00:33<35:10,  0.85it/s, v_num=ip8c]
Epoch 0:   2%|▏         | 28/1812 [00:33<35:10,  0.85it/s, v_num=ip8c]
Epoch 0:   2%|▏         | 29/1812 [00:33<34:33,  0.86it/s, v_num=ip8c]
Epoch 0:   2%|▏         | 29/1812 [00:33<34:33,  0.86it/s, v_num=ip8c]
Epoch 0:   2%|▏         | 30/1812 [00:34<33:58,  0.87it/s, v_num=ip8c]
Epoch 0:   2%|▏         | 30/1812 [00:34<33:58,  0.87it/s, v_num=ip8c]
Epoch 0:   2%|▏         | 31/1812 [00:34<33:24,  0.89it/s, v_num=ip8c]
Epoch 0:   2%|▏         | 31/1812 [00:34<33:24,  0.89it/s, v_num=ip8c]
Epoch 0:   2%|▏         | 32/1812 [00:35<32:53,  0.90it/s, v_num=ip8c]
Epoch 0:   2%|▏         | 32/1812 [00:35<32:53,  0.90it/s, v_num=ip8c]
Epoch 0:   2%|▏         | 33/1812 [00:36<32:24,  0.91it/s, v_num=ip8c]
Epoch 0:   2%|▏         | 33/1812 [00:36<32:24,  0.91it/s, v_num=ip8c]
Epoch 0:   2%|▏         | 34/1812 [00:36<31:57,  0.93it/s, v_num=ip8c]
Epoch 0:   2%|▏         | 34/1812 [00:36<31:57,  0.93it/s, v_num=ip8c]
Epoch 0:   2%|▏         | 35/1812 [00:37<31:31,  0.94it/s, v_num=ip8c]
Epoch 0:   2%|▏         | 35/1812 [00:37<31:31,  0.94it/s, v_num=ip8c]
Epoch 0:   2%|▏         | 36/1812 [00:37<31:06,  0.95it/s, v_num=ip8c]
Epoch 0:   2%|▏         | 36/1812 [00:37<31:06,  0.95it/s, v_num=ip8c]
Epoch 0:   2%|▏         | 37/1812 [00:38<30:43,  0.96it/s, v_num=ip8c]
Epoch 0:   2%|▏         | 37/1812 [00:38<30:43,  0.96it/s, v_num=ip8c]
Epoch 0:   2%|▏         | 38/1812 [00:39<30:21,  0.97it/s, v_num=ip8c]
Epoch 0:   2%|▏         | 38/1812 [00:39<30:21,  0.97it/s, v_num=ip8c]
Epoch 0:   2%|▏         | 39/1812 [00:39<30:00,  0.98it/s, v_num=ip8c]
Epoch 0:   2%|▏         | 39/1812 [00:39<30:00,  0.98it/s, v_num=ip8c]
Epoch 0:   2%|▏         | 40/1812 [00:40<29:40,  1.00it/s, v_num=ip8c]
Epoch 0:   2%|▏         | 40/1812 [00:40<29:40,  1.00it/s, v_num=ip8c]
Epoch 0:   2%|▏         | 41/1812 [00:40<29:21,  1.01it/s, v_num=ip8c]
Epoch 0:   2%|▏         | 41/1812 [00:40<29:21,  1.01it/s, v_num=ip8c]
Epoch 0:   2%|▏         | 42/1812 [00:41<29:03,  1.02it/s, v_num=ip8c]
Epoch 0:   2%|▏         | 42/1812 [00:41<29:03,  1.02it/s, v_num=ip8c]
Epoch 0:   2%|▏         | 43/1812 [00:41<28:46,  1.02it/s, v_num=ip8c]
Epoch 0:   2%|▏         | 43/1812 [00:41<28:46,  1.02it/s, v_num=ip8c]
Epoch 0:   2%|▏         | 44/1812 [00:42<28:30,  1.03it/s, v_num=ip8c]
Epoch 0:   2%|▏         | 44/1812 [00:42<28:30,  1.03it/s, v_num=ip8c]
Epoch 0:   2%|▏         | 45/1812 [00:43<28:14,  1.04it/s, v_num=ip8c]
Epoch 0:   2%|▏         | 45/1812 [00:43<28:14,  1.04it/s, v_num=ip8c]
Epoch 0:   3%|▎         | 46/1812 [01:03<40:42,  0.72it/s, v_num=ip8c]
Epoch 0:   3%|▎         | 46/1812 [01:03<40:42,  0.72it/s, v_num=ip8c]
Epoch 0:   3%|▎         | 47/1812 [01:04<40:11,  0.73it/s, v_num=ip8c]
Epoch 0:   3%|▎         | 47/1812 [01:04<40:11,  0.73it/s, v_num=ip8c]
Epoch 0:   3%|▎         | 48/1812 [01:04<39:41,  0.74it/s, v_num=ip8c]
Epoch 0:   3%|▎         | 48/1812 [01:04<39:41,  0.74it/s, v_num=ip8c]
Epoch 0:   3%|▎         | 49/1812 [01:05<39:12,  0.75it/s, v_num=ip8c]
Epoch 0:   3%|▎         | 49/1812 [01:05<39:12,  0.75it/s, v_num=ip8c]
Epoch 0:   3%|▎         | 50/1812 [01:05<38:44,  0.76it/s, v_num=ip8c]
Epoch 0:   3%|▎         | 50/1812 [01:05<38:44,  0.76it/s, v_num=ip8c]
Epoch 0:   3%|▎         | 51/1812 [01:06<38:18,  0.77it/s, v_num=ip8c]
Epoch 0:   3%|▎         | 51/1812 [01:06<38:18,  0.77it/s, v_num=ip8c]
Epoch 0:   3%|▎         | 52/1812 [01:07<37:52,  0.77it/s, v_num=ip8c]
Epoch 0:   3%|▎         | 52/1812 [01:07<37:52,  0.77it/s, v_num=ip8c]
Epoch 0:   3%|▎         | 53/1812 [01:07<37:28,  0.78it/s, v_num=ip8c]
Epoch 0:   3%|▎         | 53/1812 [01:07<37:28,  0.78it/s, v_num=ip8c]
Epoch 0:   3%|▎         | 54/1812 [01:08<37:04,  0.79it/s, v_num=ip8c]
Epoch 0:   3%|▎         | 54/1812 [01:08<37:04,  0.79it/s, v_num=ip8c]
Epoch 0:   3%|▎         | 55/1812 [01:08<36:41,  0.80it/s, v_num=ip8c]
Epoch 0:   3%|▎         | 55/1812 [01:08<36:41,  0.80it/s, v_num=ip8c]
Epoch 0:   3%|▎         | 56/1812 [01:09<36:19,  0.81it/s, v_num=ip8c]
Epoch 0:   3%|▎         | 56/1812 [01:09<36:19,  0.81it/s, v_num=ip8c]
Epoch 0:   3%|▎         | 57/1812 [01:10<35:58,  0.81it/s, v_num=ip8c]
Epoch 0:   3%|▎         | 57/1812 [01:10<35:58,  0.81it/s, v_num=ip8c]
Epoch 0:   3%|▎         | 58/1812 [01:10<35:37,  0.82it/s, v_num=ip8c]
Epoch 0:   3%|▎         | 58/1812 [01:10<35:37,  0.82it/s, v_num=ip8c]
Epoch 0:   3%|▎         | 59/1812 [01:11<35:17,  0.83it/s, v_num=ip8c]
Epoch 0:   3%|▎         | 59/1812 [01:11<35:17,  0.83it/s, v_num=ip8c]
Epoch 0:   3%|▎         | 60/1812 [01:11<34:58,  0.83it/s, v_num=ip8c]
Epoch 0:   3%|▎         | 60/1812 [01:11<34:58,  0.83it/s, v_num=ip8c]
Epoch 0:   3%|▎         | 61/1812 [01:12<34:39,  0.84it/s, v_num=ip8c]
Epoch 0:   3%|▎         | 61/1812 [01:12<34:39,  0.84it/s, v_num=ip8c]
Epoch 0:   3%|▎         | 62/1812 [01:13<34:21,  0.85it/s, v_num=ip8c]
Epoch 0:   3%|▎         | 62/1812 [01:13<34:21,  0.85it/s, v_num=ip8c]
Epoch 0:   3%|▎         | 63/1812 [01:13<34:04,  0.86it/s, v_num=ip8c]
Epoch 0:   3%|▎         | 63/1812 [01:13<34:04,  0.86it/s, v_num=ip8c]
Epoch 0:   4%|▎         | 64/1812 [01:14<33:47,  0.86it/s, v_num=ip8c]
Epoch 0:   4%|▎         | 64/1812 [01:14<33:47,  0.86it/s, v_num=ip8c]
Epoch 0:   4%|▎         | 65/1812 [01:14<33:30,  0.87it/s, v_num=ip8c]
Epoch 0:   4%|▎         | 65/1812 [01:14<33:30,  0.87it/s, v_num=ip8c]
Epoch 0:   4%|▎         | 66/1812 [01:15<33:14,  0.88it/s, v_num=ip8c]
Epoch 0:   4%|▎         | 66/1812 [01:15<33:14,  0.88it/s, v_num=ip8c]
Epoch 0:   4%|▎         | 67/1812 [01:15<32:58,  0.88it/s, v_num=ip8c]
Epoch 0:   4%|▎         | 67/1812 [01:15<32:58,  0.88it/s, v_num=ip8c]
Epoch 0:   4%|▍         | 68/1812 [01:16<32:43,  0.89it/s, v_num=ip8c]
Epoch 0:   4%|▍         | 68/1812 [01:16<32:43,  0.89it/s, v_num=ip8c]
Epoch 0:   4%|▍         | 69/1812 [01:17<32:29,  0.89it/s, v_num=ip8c]
Epoch 0:   4%|▍         | 69/1812 [01:17<32:29,  0.89it/s, v_num=ip8c]
Epoch 0:   4%|▍         | 70/1812 [01:17<32:14,  0.90it/s, v_num=ip8c]
Epoch 0:   4%|▍         | 70/1812 [01:17<32:14,  0.90it/s, v_num=ip8c]
Epoch 0:   4%|▍         | 71/1812 [01:18<32:01,  0.91it/s, v_num=ip8c]
Epoch 0:   4%|▍         | 71/1812 [01:18<32:01,  0.91it/s, v_num=ip8c]
Epoch 0:   4%|▍         | 72/1812 [01:18<31:47,  0.91it/s, v_num=ip8c]
Epoch 0:   4%|▍         | 72/1812 [01:18<31:47,  0.91it/s, v_num=ip8c]
Epoch 0:   4%|▍         | 73/1812 [01:19<31:34,  0.92it/s, v_num=ip8c]
Epoch 0:   4%|▍         | 73/1812 [01:19<31:34,  0.92it/s, v_num=ip8c]
Epoch 0:   4%|▍         | 74/1812 [01:20<31:21,  0.92it/s, v_num=ip8c]
Epoch 0:   4%|▍         | 74/1812 [01:20<31:21,  0.92it/s, v_num=ip8c]
Epoch 0:   4%|▍         | 75/1812 [01:20<31:08,  0.93it/s, v_num=ip8c]
Epoch 0:   4%|▍         | 75/1812 [01:20<31:08,  0.93it/s, v_num=ip8c]
Epoch 0:   4%|▍         | 76/1812 [01:21<30:56,  0.93it/s, v_num=ip8c]
Epoch 0:   4%|▍         | 76/1812 [01:21<30:56,  0.93it/s, v_num=ip8c]
Epoch 0:   4%|▍         | 77/1812 [01:21<30:44,  0.94it/s, v_num=ip8c]
Epoch 0:   4%|▍         | 77/1812 [01:21<30:44,  0.94it/s, v_num=ip8c]
Epoch 0:   4%|▍         | 78/1812 [01:22<30:33,  0.95it/s, v_num=ip8c]
Epoch 0:   4%|▍         | 78/1812 [01:22<30:33,  0.95it/s, v_num=ip8c]
Epoch 0:   4%|▍         | 79/1812 [01:23<30:21,  0.95it/s, v_num=ip8c]
Epoch 0:   4%|▍         | 79/1812 [01:23<30:21,  0.95it/s, v_num=ip8c]
Epoch 0:   4%|▍         | 80/1812 [01:23<30:10,  0.96it/s, v_num=ip8c]
Epoch 0:   4%|▍         | 80/1812 [01:23<30:10,  0.96it/s, v_num=ip8c]
Epoch 0:   4%|▍         | 81/1812 [01:24<30:00,  0.96it/s, v_num=ip8c]
Epoch 0:   4%|▍         | 81/1812 [01:24<30:00,  0.96it/s, v_num=ip8c]
Epoch 0:   5%|▍         | 82/1812 [01:24<29:49,  0.97it/s, v_num=ip8c]
Epoch 0:   5%|▍         | 82/1812 [01:24<29:49,  0.97it/s, v_num=ip8c]
Epoch 0:   5%|▍         | 83/1812 [01:25<29:39,  0.97it/s, v_num=ip8c]
Epoch 0:   5%|▍         | 83/1812 [01:25<29:39,  0.97it/s, v_num=ip8c]
Epoch 0:   5%|▍         | 84/1812 [01:25<29:29,  0.98it/s, v_num=ip8c]
Epoch 0:   5%|▍         | 84/1812 [01:25<29:29,  0.98it/s, v_num=ip8c]
Epoch 0:   5%|▍         | 85/1812 [01:26<29:19,  0.98it/s, v_num=ip8c]
Epoch 0:   5%|▍         | 85/1812 [01:26<29:19,  0.98it/s, v_num=ip8c]
Epoch 0:   5%|▍         | 86/1812 [01:27<29:09,  0.99it/s, v_num=ip8c]
Epoch 0:   5%|▍         | 86/1812 [01:27<29:09,  0.99it/s, v_num=ip8c]
Epoch 0:   5%|▍         | 87/1812 [01:27<29:00,  0.99it/s, v_num=ip8c]
Epoch 0:   5%|▍         | 87/1812 [01:27<29:00,  0.99it/s, v_num=ip8c]
Epoch 0:   5%|▍         | 88/1812 [01:28<28:50,  1.00it/s, v_num=ip8c]
Epoch 0:   5%|▍         | 88/1812 [01:28<28:50,  1.00it/s, v_num=ip8c]
Epoch 0:   5%|▍         | 89/1812 [01:28<28:41,  1.00it/s, v_num=ip8c]
Epoch 0:   5%|▍         | 89/1812 [01:28<28:41,  1.00it/s, v_num=ip8c]
Epoch 0:   5%|▍         | 90/1812 [01:29<28:32,  1.01it/s, v_num=ip8c]
Epoch 0:   5%|▍         | 90/1812 [01:29<28:32,  1.01it/s, v_num=ip8c]
Epoch 0:   5%|▌         | 91/1812 [01:30<28:24,  1.01it/s, v_num=ip8c]
Epoch 0:   5%|▌         | 91/1812 [01:30<28:24,  1.01it/s, v_num=ip8c]
Epoch 0:   5%|▌         | 92/1812 [01:30<28:15,  1.01it/s, v_num=ip8c]
Epoch 0:   5%|▌         | 92/1812 [01:30<28:15,  1.01it/s, v_num=ip8c]
Epoch 0:   5%|▌         | 93/1812 [01:31<28:07,  1.02it/s, v_num=ip8c]
Epoch 0:   5%|▌         | 93/1812 [01:31<28:07,  1.02it/s, v_num=ip8c]
Epoch 0:   5%|▌         | 94/1812 [01:53<34:37,  0.83it/s, v_num=ip8c]
Epoch 0:   5%|▌         | 94/1812 [01:53<34:37,  0.83it/s, v_num=ip8c]
Epoch 0:   5%|▌         | 95/1812 [01:54<34:25,  0.83it/s, v_num=ip8c]
Epoch 0:   5%|▌         | 95/1812 [01:54<34:25,  0.83it/s, v_num=ip8c]
Epoch 0:   5%|▌         | 96/1812 [01:54<34:12,  0.84it/s, v_num=ip8c]
Epoch 0:   5%|▌         | 96/1812 [01:54<34:12,  0.84it/s, v_num=ip8c]
Epoch 0:   5%|▌         | 97/1812 [01:55<34:01,  0.84it/s, v_num=ip8c]
Epoch 0:   5%|▌         | 97/1812 [01:55<34:01,  0.84it/s, v_num=ip8c]
Epoch 0:   5%|▌         | 98/1812 [01:56<33:49,  0.84it/s, v_num=ip8c]
Epoch 0:   5%|▌         | 98/1812 [01:56<33:49,  0.84it/s, v_num=ip8c]
Epoch 0:   5%|▌         | 99/1812 [01:56<33:37,  0.85it/s, v_num=ip8c]
Epoch 0:   5%|▌         | 99/1812 [01:56<33:37,  0.85it/s, v_num=ip8c]
Epoch 0:   6%|▌         | 100/1812 [01:57<33:26,  0.85it/s, v_num=ip8c]
Epoch 0:   6%|▌         | 100/1812 [01:57<33:26,  0.85it/s, v_num=ip8c]
Epoch 0:   6%|▌         | 101/1812 [01:57<33:15,  0.86it/s, v_num=ip8c]
Epoch 0:   6%|▌         | 101/1812 [01:57<33:15,  0.86it/s, v_num=ip8c]
Epoch 0:   6%|▌         | 102/1812 [01:58<33:04,  0.86it/s, v_num=ip8c]
Epoch 0:   6%|▌         | 102/1812 [01:58<33:04,  0.86it/s, v_num=ip8c]
Epoch 0:   6%|▌         | 103/1812 [01:58<32:54,  0.87it/s, v_num=ip8c]
Epoch 0:   6%|▌         | 103/1812 [01:58<32:54,  0.87it/s, v_num=ip8c]
Epoch 0:   6%|▌         | 104/1812 [01:59<32:43,  0.87it/s, v_num=ip8c]
Epoch 0:   6%|▌         | 104/1812 [01:59<32:43,  0.87it/s, v_num=ip8c]
Epoch 0:   6%|▌         | 105/1812 [02:00<32:33,  0.87it/s, v_num=ip8c]
Epoch 0:   6%|▌         | 105/1812 [02:00<32:33,  0.87it/s, v_num=ip8c]
Epoch 0:   6%|▌         | 106/1812 [02:00<32:23,  0.88it/s, v_num=ip8c]
Epoch 0:   6%|▌         | 106/1812 [02:00<32:23,  0.88it/s, v_num=ip8c]
Epoch 0:   6%|▌         | 107/1812 [02:01<32:13,  0.88it/s, v_num=ip8c]
Epoch 0:   6%|▌         | 107/1812 [02:01<32:13,  0.88it/s, v_num=ip8c]
Epoch 0:   6%|▌         | 108/1812 [02:01<32:03,  0.89it/s, v_num=ip8c]
Epoch 0:   6%|▌         | 108/1812 [02:01<32:03,  0.89it/s, v_num=ip8c]
Epoch 0:   6%|▌         | 109/1812 [02:02<31:54,  0.89it/s, v_num=ip8c]
Epoch 0:   6%|▌         | 109/1812 [02:02<31:54,  0.89it/s, v_num=ip8c]
Epoch 0:   6%|▌         | 110/1812 [02:03<31:44,  0.89it/s, v_num=ip8c]
Epoch 0:   6%|▌         | 110/1812 [02:03<31:44,  0.89it/s, v_num=ip8c]
Epoch 0:   6%|▌         | 111/1812 [02:03<31:35,  0.90it/s, v_num=ip8c]
Epoch 0:   6%|▌         | 111/1812 [02:03<31:35,  0.90it/s, v_num=ip8c]
Epoch 0:   6%|▌         | 112/1812 [02:04<31:26,  0.90it/s, v_num=ip8c]
Epoch 0:   6%|▌         | 112/1812 [02:04<31:26,  0.90it/s, v_num=ip8c]
Epoch 0:   6%|▌         | 113/1812 [02:04<31:17,  0.91it/s, v_num=ip8c]
Epoch 0:   6%|▌         | 113/1812 [02:04<31:17,  0.91it/s, v_num=ip8c]
Epoch 0:   6%|▋         | 114/1812 [02:05<31:08,  0.91it/s, v_num=ip8c]
Epoch 0:   6%|▋         | 114/1812 [02:05<31:08,  0.91it/s, v_num=ip8c]
Epoch 0:   6%|▋         | 115/1812 [02:06<30:59,  0.91it/s, v_num=ip8c]
Epoch 0:   6%|▋         | 115/1812 [02:06<30:59,  0.91it/s, v_num=ip8c]
Epoch 0:   6%|▋         | 116/1812 [02:06<30:51,  0.92it/s, v_num=ip8c]
Epoch 0:   6%|▋         | 116/1812 [02:06<30:51,  0.92it/s, v_num=ip8c]
Epoch 0:   6%|▋         | 117/1812 [02:07<30:42,  0.92it/s, v_num=ip8c]
Epoch 0:   6%|▋         | 117/1812 [02:07<30:42,  0.92it/s, v_num=ip8c]
Epoch 0:   7%|▋         | 118/1812 [02:07<30:34,  0.92it/s, v_num=ip8c]
Epoch 0:   7%|▋         | 118/1812 [02:07<30:34,  0.92it/s, v_num=ip8c]
Epoch 0:   7%|▋         | 119/1812 [02:08<30:26,  0.93it/s, v_num=ip8c]
Epoch 0:   7%|▋         | 119/1812 [02:08<30:26,  0.93it/s, v_num=ip8c]
Epoch 0:   7%|▋         | 120/1812 [02:08<30:18,  0.93it/s, v_num=ip8c]
Epoch 0:   7%|▋         | 120/1812 [02:08<30:18,  0.93it/s, v_num=ip8c]
Epoch 0:   7%|▋         | 121/1812 [02:09<30:10,  0.93it/s, v_num=ip8c]
Epoch 0:   7%|▋         | 121/1812 [02:09<30:10,  0.93it/s, v_num=ip8c]
Epoch 0:   7%|▋         | 122/1812 [02:10<30:03,  0.94it/s, v_num=ip8c]
Epoch 0:   7%|▋         | 122/1812 [02:10<30:03,  0.94it/s, v_num=ip8c]
Epoch 0:   7%|▋         | 123/1812 [02:10<29:55,  0.94it/s, v_num=ip8c]
Epoch 0:   7%|▋         | 123/1812 [02:10<29:55,  0.94it/s, v_num=ip8c]
Epoch 0:   7%|▋         | 124/1812 [02:11<29:47,  0.94it/s, v_num=ip8c]
Epoch 0:   7%|▋         | 124/1812 [02:11<29:47,  0.94it/s, v_num=ip8c]
Epoch 0:   7%|▋         | 125/1812 [02:11<29:40,  0.95it/s, v_num=ip8c]
Epoch 0:   7%|▋         | 125/1812 [02:11<29:40,  0.95it/s, v_num=ip8c]
Epoch 0:   7%|▋         | 126/1812 [02:12<29:33,  0.95it/s, v_num=ip8c]
Epoch 0:   7%|▋         | 126/1812 [02:12<29:33,  0.95it/s, v_num=ip8c]
Epoch 0:   7%|▋         | 127/1812 [02:13<29:25,  0.95it/s, v_num=ip8c]
Epoch 0:   7%|▋         | 127/1812 [02:13<29:25,  0.95it/s, v_num=ip8c]
Epoch 0:   7%|▋         | 128/1812 [02:13<29:18,  0.96it/s, v_num=ip8c]
Epoch 0:   7%|▋         | 128/1812 [02:13<29:18,  0.96it/s, v_num=ip8c]
Epoch 0:   7%|▋         | 129/1812 [02:14<29:11,  0.96it/s, v_num=ip8c]
Epoch 0:   7%|▋         | 129/1812 [02:14<29:11,  0.96it/s, v_num=ip8c]
Epoch 0:   7%|▋         | 130/1812 [02:14<29:04,  0.96it/s, v_num=ip8c]
Epoch 0:   7%|▋         | 130/1812 [02:14<29:04,  0.96it/s, v_num=ip8c]
Epoch 0:   7%|▋         | 131/1812 [02:15<28:58,  0.97it/s, v_num=ip8c]
Epoch 0:   7%|▋         | 131/1812 [02:15<28:58,  0.97it/s, v_num=ip8c]
Epoch 0:   7%|▋         | 132/1812 [02:16<28:51,  0.97it/s, v_num=ip8c]
Epoch 0:   7%|▋         | 132/1812 [02:16<28:51,  0.97it/s, v_num=ip8c]
Epoch 0:   7%|▋         | 133/1812 [02:16<28:44,  0.97it/s, v_num=ip8c]
Epoch 0:   7%|▋         | 133/1812 [02:16<28:44,  0.97it/s, v_num=ip8c]
Epoch 0:   7%|▋         | 134/1812 [02:17<28:38,  0.98it/s, v_num=ip8c]
Epoch 0:   7%|▋         | 134/1812 [02:17<28:38,  0.98it/s, v_num=ip8c]
Epoch 0:   7%|▋         | 135/1812 [02:17<28:31,  0.98it/s, v_num=ip8c]
Epoch 0:   7%|▋         | 135/1812 [02:17<28:31,  0.98it/s, v_num=ip8c]
Epoch 0:   8%|▊         | 136/1812 [02:18<28:25,  0.98it/s, v_num=ip8c]
Epoch 0:   8%|▊         | 136/1812 [02:18<28:25,  0.98it/s, v_num=ip8c]
Epoch 0:   8%|▊         | 137/1812 [02:18<28:19,  0.99it/s, v_num=ip8c]
Epoch 0:   8%|▊         | 137/1812 [02:18<28:19,  0.99it/s, v_num=ip8c]
Epoch 0:   8%|▊         | 138/1812 [02:19<28:13,  0.99it/s, v_num=ip8c]
Epoch 0:   8%|▊         | 138/1812 [02:19<28:13,  0.99it/s, v_num=ip8c]
Epoch 0:   8%|▊         | 139/1812 [02:30<30:15,  0.92it/s, v_num=ip8c]
Epoch 0:   8%|▊         | 139/1812 [02:30<30:15,  0.92it/s, v_num=ip8c]
Epoch 0:   8%|▊         | 140/1812 [02:31<30:08,  0.92it/s, v_num=ip8c]
Epoch 0:   8%|▊         | 140/1812 [02:31<30:08,  0.92it/s, v_num=ip8c]
Epoch 0:   8%|▊         | 141/1812 [02:31<30:01,  0.93it/s, v_num=ip8c]
Epoch 0:   8%|▊         | 141/1812 [02:31<30:01,  0.93it/s, v_num=ip8c]
Epoch 0:   8%|▊         | 142/1812 [02:32<29:54,  0.93it/s, v_num=ip8c]
Epoch 0:   8%|▊         | 142/1812 [02:32<29:54,  0.93it/s, v_num=ip8c]
Epoch 0:   8%|▊         | 143/1812 [02:33<29:47,  0.93it/s, v_num=ip8c]
Epoch 0:   8%|▊         | 143/1812 [02:33<29:47,  0.93it/s, v_num=ip8c]
Epoch 0:   8%|▊         | 144/1812 [02:33<29:40,  0.94it/s, v_num=ip8c]
Epoch 0:   8%|▊         | 144/1812 [02:33<29:40,  0.94it/s, v_num=ip8c]
Epoch 0:   8%|▊         | 145/1812 [02:34<29:34,  0.94it/s, v_num=ip8c]
Epoch 0:   8%|▊         | 145/1812 [02:34<29:34,  0.94it/s, v_num=ip8c]
Epoch 0:   8%|▊         | 146/1812 [02:34<29:27,  0.94it/s, v_num=ip8c]
Epoch 0:   8%|▊         | 146/1812 [02:34<29:27,  0.94it/s, v_num=ip8c]
Epoch 0:   8%|▊         | 147/1812 [02:35<29:21,  0.95it/s, v_num=ip8c]
Epoch 0:   8%|▊         | 147/1812 [02:35<29:21,  0.95it/s, v_num=ip8c]
Epoch 0:   8%|▊         | 148/1812 [02:36<29:15,  0.95it/s, v_num=ip8c]
Epoch 0:   8%|▊         | 148/1812 [02:36<29:15,  0.95it/s, v_num=ip8c]
Epoch 0:   8%|▊         | 149/1812 [02:36<29:08,  0.95it/s, v_num=ip8c]
Epoch 0:   8%|▊         | 149/1812 [02:36<29:08,  0.95it/s, v_num=ip8c]
Epoch 0:   8%|▊         | 150/1812 [02:37<29:02,  0.95it/s, v_num=ip8c]
Epoch 0:   8%|▊         | 150/1812 [02:37<29:02,  0.95it/s, v_num=ip8c]
Epoch 0:   8%|▊         | 151/1812 [02:37<28:56,  0.96it/s, v_num=ip8c]
Epoch 0:   8%|▊         | 151/1812 [02:37<28:56,  0.96it/s, v_num=ip8c]
Epoch 0:   8%|▊         | 152/1812 [02:38<28:50,  0.96it/s, v_num=ip8c]
Epoch 0:   8%|▊         | 152/1812 [02:38<28:50,  0.96it/s, v_num=ip8c]
Epoch 0:   8%|▊         | 153/1812 [02:39<28:44,  0.96it/s, v_num=ip8c]
Epoch 0:   8%|▊         | 153/1812 [02:39<28:44,  0.96it/s, v_num=ip8c]
Epoch 0:   8%|▊         | 154/1812 [02:39<28:38,  0.96it/s, v_num=ip8c]
Epoch 0:   8%|▊         | 154/1812 [02:39<28:38,  0.96it/s, v_num=ip8c]
Epoch 0:   9%|▊         | 155/1812 [02:40<28:32,  0.97it/s, v_num=ip8c]
Epoch 0:   9%|▊         | 155/1812 [02:40<28:32,  0.97it/s, v_num=ip8c]
Epoch 0:   9%|▊         | 156/1812 [02:40<28:27,  0.97it/s, v_num=ip8c]
Epoch 0:   9%|▊         | 156/1812 [02:40<28:27,  0.97it/s, v_num=ip8c]
Epoch 0:   9%|▊         | 157/1812 [02:41<28:21,  0.97it/s, v_num=ip8c]
Epoch 0:   9%|▊         | 157/1812 [02:41<28:21,  0.97it/s, v_num=ip8c]
Epoch 0:   9%|▊         | 158/1812 [02:41<28:15,  0.98it/s, v_num=ip8c]
Epoch 0:   9%|▊         | 158/1812 [02:41<28:15,  0.98it/s, v_num=ip8c]
Epoch 0:   9%|▉         | 159/1812 [02:42<28:10,  0.98it/s, v_num=ip8c]
Epoch 0:   9%|▉         | 159/1812 [02:42<28:10,  0.98it/s, v_num=ip8c]
Epoch 0:   9%|▉         | 160/1812 [02:43<28:04,  0.98it/s, v_num=ip8c]
Epoch 0:   9%|▉         | 160/1812 [02:43<28:04,  0.98it/s, v_num=ip8c]
Epoch 0:   9%|▉         | 161/1812 [02:43<27:59,  0.98it/s, v_num=ip8c]
Epoch 0:   9%|▉         | 161/1812 [02:43<27:59,  0.98it/s, v_num=ip8c]
Epoch 0:   9%|▉         | 162/1812 [02:44<27:53,  0.99it/s, v_num=ip8c]
Epoch 0:   9%|▉         | 162/1812 [02:44<27:53,  0.99it/s, v_num=ip8c]
Epoch 0:   9%|▉         | 163/1812 [02:44<27:48,  0.99it/s, v_num=ip8c]
Epoch 0:   9%|▉         | 163/1812 [02:44<27:48,  0.99it/s, v_num=ip8c]
Epoch 0:   9%|▉         | 164/1812 [02:45<27:43,  0.99it/s, v_num=ip8c]
Epoch 0:   9%|▉         | 164/1812 [02:45<27:43,  0.99it/s, v_num=ip8c]
Epoch 0:   9%|▉         | 165/1812 [02:46<27:38,  0.99it/s, v_num=ip8c]
Epoch 0:   9%|▉         | 165/1812 [02:46<27:38,  0.99it/s, v_num=ip8c]
Epoch 0:   9%|▉         | 166/1812 [02:46<27:32,  1.00it/s, v_num=ip8c]
Epoch 0:   9%|▉         | 166/1812 [02:46<27:32,  1.00it/s, v_num=ip8c]
Epoch 0:   9%|▉         | 167/1812 [02:47<27:27,  1.00it/s, v_num=ip8c]
Epoch 0:   9%|▉         | 167/1812 [02:47<27:27,  1.00it/s, v_num=ip8c]
Epoch 0:   9%|▉         | 168/1812 [02:47<27:22,  1.00it/s, v_num=ip8c]
Epoch 0:   9%|▉         | 168/1812 [02:47<27:22,  1.00it/s, v_num=ip8c]
Epoch 0:   9%|▉         | 169/1812 [02:48<27:17,  1.00it/s, v_num=ip8c]
Epoch 0:   9%|▉         | 169/1812 [02:48<27:17,  1.00it/s, v_num=ip8c]
Epoch 0:   9%|▉         | 170/1812 [02:49<27:12,  1.01it/s, v_num=ip8c]
Epoch 0:   9%|▉         | 170/1812 [02:49<27:12,  1.01it/s, v_num=ip8c]
Epoch 0:   9%|▉         | 171/1812 [02:49<27:07,  1.01it/s, v_num=ip8c]
Epoch 0:   9%|▉         | 171/1812 [02:49<27:07,  1.01it/s, v_num=ip8c]
Epoch 0:   9%|▉         | 172/1812 [02:50<27:03,  1.01it/s, v_num=ip8c]
Epoch 0:   9%|▉         | 172/1812 [02:50<27:03,  1.01it/s, v_num=ip8c]
Epoch 0:  10%|▉         | 173/1812 [02:50<26:58,  1.01it/s, v_num=ip8c]
Epoch 0:  10%|▉         | 173/1812 [02:50<26:58,  1.01it/s, v_num=ip8c]
Epoch 0:  10%|▉         | 174/1812 [02:51<26:53,  1.02it/s, v_num=ip8c]
Epoch 0:  10%|▉         | 174/1812 [02:51<26:53,  1.02it/s, v_num=ip8c]
Epoch 0:  10%|▉         | 175/1812 [02:51<26:48,  1.02it/s, v_num=ip8c]
Epoch 0:  10%|▉         | 175/1812 [02:51<26:48,  1.02it/s, v_num=ip8c]
Epoch 0:  10%|▉         | 176/1812 [02:52<26:44,  1.02it/s, v_num=ip8c]
Epoch 0:  10%|▉         | 176/1812 [02:52<26:44,  1.02it/s, v_num=ip8c]
Epoch 0:  10%|▉         | 177/1812 [02:53<26:39,  1.02it/s, v_num=ip8c]
Epoch 0:  10%|▉         | 177/1812 [02:53<26:39,  1.02it/s, v_num=ip8c]
Epoch 0:  10%|▉         | 178/1812 [02:53<26:35,  1.02it/s, v_num=ip8c]
Epoch 0:  10%|▉         | 178/1812 [02:53<26:35,  1.02it/s, v_num=ip8c]
Epoch 0:  10%|▉         | 179/1812 [02:54<26:30,  1.03it/s, v_num=ip8c]
Epoch 0:  10%|▉         | 179/1812 [02:54<26:30,  1.03it/s, v_num=ip8c]
Epoch 0:  10%|▉         | 180/1812 [02:54<26:26,  1.03it/s, v_num=ip8c]
Epoch 0:  10%|▉         | 180/1812 [02:54<26:26,  1.03it/s, v_num=ip8c]
Epoch 0:  10%|▉         | 181/1812 [02:55<26:21,  1.03it/s, v_num=ip8c]
Epoch 0:  10%|▉         | 181/1812 [02:55<26:21,  1.03it/s, v_num=ip8c]
Epoch 0:  10%|█         | 182/1812 [02:56<26:17,  1.03it/s, v_num=ip8c]
Epoch 0:  10%|█         | 182/1812 [02:56<26:17,  1.03it/s, v_num=ip8c]
Epoch 0:  10%|█         | 183/1812 [02:56<26:12,  1.04it/s, v_num=ip8c]
Epoch 0:  10%|█         | 183/1812 [02:56<26:12,  1.04it/s, v_num=ip8c]
Epoch 0:  10%|█         | 184/1812 [02:57<26:08,  1.04it/s, v_num=ip8c]
Epoch 0:  10%|█         | 184/1812 [02:57<26:08,  1.04it/s, v_num=ip8c]
Epoch 0:  10%|█         | 185/1812 [02:57<26:04,  1.04it/s, v_num=ip8c]
Epoch 0:  10%|█         | 185/1812 [02:57<26:04,  1.04it/s, v_num=ip8c]
Epoch 0:  10%|█         | 186/1812 [02:58<26:00,  1.04it/s, v_num=ip8c]
Epoch 0:  10%|█         | 186/1812 [02:58<26:00,  1.04it/s, v_num=ip8c]
Epoch 0:  10%|█         | 187/1812 [03:08<27:21,  0.99it/s, v_num=ip8c]
Epoch 0:  10%|█         | 187/1812 [03:08<27:21,  0.99it/s, v_num=ip8c]
Epoch 0:  10%|█         | 188/1812 [03:09<27:17,  0.99it/s, v_num=ip8c]
Epoch 0:  10%|█         | 188/1812 [03:09<27:17,  0.99it/s, v_num=ip8c]
Epoch 0:  10%|█         | 189/1812 [03:10<27:12,  0.99it/s, v_num=ip8c]
Epoch 0:  10%|█         | 189/1812 [03:10<27:12,  0.99it/s, v_num=ip8c]
Epoch 0:  10%|█         | 190/1812 [03:10<27:07,  1.00it/s, v_num=ip8c]
Epoch 0:  10%|█         | 190/1812 [03:10<27:07,  1.00it/s, v_num=ip8c]
Epoch 0:  11%|█         | 191/1812 [03:11<27:03,  1.00it/s, v_num=ip8c]
Epoch 0:  11%|█         | 191/1812 [03:11<27:03,  1.00it/s, v_num=ip8c]
Epoch 0:  11%|█         | 192/1812 [03:11<26:58,  1.00it/s, v_num=ip8c]
Epoch 0:  11%|█         | 192/1812 [03:11<26:58,  1.00it/s, v_num=ip8c]
Epoch 0:  11%|█         | 193/1812 [03:12<26:54,  1.00it/s, v_num=ip8c]
Epoch 0:  11%|█         | 193/1812 [03:12<26:54,  1.00it/s, v_num=ip8c]
Epoch 0:  11%|█         | 194/1812 [03:13<26:50,  1.00it/s, v_num=ip8c]
Epoch 0:  11%|█         | 194/1812 [03:13<26:50,  1.00it/s, v_num=ip8c]
Epoch 0:  11%|█         | 195/1812 [03:13<26:45,  1.01it/s, v_num=ip8c]
Epoch 0:  11%|█         | 195/1812 [03:13<26:45,  1.01it/s, v_num=ip8c]
Epoch 0:  11%|█         | 196/1812 [03:14<26:41,  1.01it/s, v_num=ip8c]
Epoch 0:  11%|█         | 196/1812 [03:14<26:41,  1.01it/s, v_num=ip8c]
Epoch 0:  11%|█         | 197/1812 [03:14<26:37,  1.01it/s, v_num=ip8c]
Epoch 0:  11%|█         | 197/1812 [03:14<26:37,  1.01it/s, v_num=ip8c]
Epoch 0:  11%|█         | 198/1812 [03:15<26:32,  1.01it/s, v_num=ip8c]
Epoch 0:  11%|█         | 198/1812 [03:15<26:32,  1.01it/s, v_num=ip8c]
Epoch 0:  11%|█         | 199/1812 [03:16<26:28,  1.02it/s, v_num=ip8c]
Epoch 0:  11%|█         | 199/1812 [03:16<26:28,  1.02it/s, v_num=ip8c]
Epoch 0:  11%|█         | 200/1812 [03:16<26:24,  1.02it/s, v_num=ip8c]
Epoch 0:  11%|█         | 200/1812 [03:16<26:24,  1.02it/s, v_num=ip8c]
Epoch 0:  11%|█         | 201/1812 [03:17<26:20,  1.02it/s, v_num=ip8c]
Epoch 0:  11%|█         | 201/1812 [03:17<26:20,  1.02it/s, v_num=ip8c]
Epoch 0:  11%|█         | 202/1812 [03:17<26:16,  1.02it/s, v_num=ip8c]
Epoch 0:  11%|█         | 202/1812 [03:17<26:16,  1.02it/s, v_num=ip8c]
Epoch 0:  11%|█         | 203/1812 [03:18<26:12,  1.02it/s, v_num=ip8c]
Epoch 0:  11%|█         | 203/1812 [03:18<26:12,  1.02it/s, v_num=ip8c]
Epoch 0:  11%|█▏        | 204/1812 [03:18<26:08,  1.03it/s, v_num=ip8c]
Epoch 0:  11%|█▏        | 204/1812 [03:18<26:08,  1.03it/s, v_num=ip8c]
Epoch 0:  11%|█▏        | 205/1812 [03:19<26:04,  1.03it/s, v_num=ip8c]
Epoch 0:  11%|█▏        | 205/1812 [03:19<26:04,  1.03it/s, v_num=ip8c]
Epoch 0:  11%|█▏        | 206/1812 [03:20<26:00,  1.03it/s, v_num=ip8c]
Epoch 0:  11%|█▏        | 206/1812 [03:20<26:00,  1.03it/s, v_num=ip8c]
Epoch 0:  11%|█▏        | 207/1812 [03:20<25:56,  1.03it/s, v_num=ip8c]
Epoch 0:  11%|█▏        | 207/1812 [03:20<25:56,  1.03it/s, v_num=ip8c]
Epoch 0:  11%|█▏        | 208/1812 [03:21<25:52,  1.03it/s, v_num=ip8c]
Epoch 0:  11%|█▏        | 208/1812 [03:21<25:52,  1.03it/s, v_num=ip8c]
Epoch 0:  12%|█▏        | 209/1812 [03:21<25:48,  1.04it/s, v_num=ip8c]
Epoch 0:  12%|█▏        | 209/1812 [03:21<25:48,  1.04it/s, v_num=ip8c]
Epoch 0:  12%|█▏        | 210/1812 [03:22<25:44,  1.04it/s, v_num=ip8c]
Epoch 0:  12%|█▏        | 210/1812 [03:22<25:44,  1.04it/s, v_num=ip8c]
Epoch 0:  12%|█▏        | 211/1812 [03:23<25:40,  1.04it/s, v_num=ip8c]
Epoch 0:  12%|█▏        | 211/1812 [03:23<25:40,  1.04it/s, v_num=ip8c]
Epoch 0:  12%|█▏        | 212/1812 [03:23<25:37,  1.04it/s, v_num=ip8c]
Epoch 0:  12%|█▏        | 212/1812 [03:23<25:37,  1.04it/s, v_num=ip8c]
Epoch 0:  12%|█▏        | 213/1812 [03:24<25:33,  1.04it/s, v_num=ip8c]
Epoch 0:  12%|█▏        | 213/1812 [03:24<25:33,  1.04it/s, v_num=ip8c]
Epoch 0:  12%|█▏        | 214/1812 [03:24<25:29,  1.04it/s, v_num=ip8c]
Epoch 0:  12%|█▏        | 214/1812 [03:24<25:29,  1.04it/s, v_num=ip8c]
Epoch 0:  12%|█▏        | 215/1812 [03:25<25:25,  1.05it/s, v_num=ip8c]
Epoch 0:  12%|█▏        | 215/1812 [03:25<25:25,  1.05it/s, v_num=ip8c]
Epoch 0:  12%|█▏        | 216/1812 [03:26<25:22,  1.05it/s, v_num=ip8c]
Epoch 0:  12%|█▏        | 216/1812 [03:26<25:22,  1.05it/s, v_num=ip8c]
Epoch 0:  12%|█▏        | 217/1812 [03:26<25:18,  1.05it/s, v_num=ip8c]
Epoch 0:  12%|█▏        | 217/1812 [03:26<25:18,  1.05it/s, v_num=ip8c]
Epoch 0:  12%|█▏        | 218/1812 [03:27<25:14,  1.05it/s, v_num=ip8c]
Epoch 0:  12%|█▏        | 218/1812 [03:27<25:14,  1.05it/s, v_num=ip8c]
Epoch 0:  12%|█▏        | 219/1812 [03:27<25:11,  1.05it/s, v_num=ip8c]
Epoch 0:  12%|█▏        | 219/1812 [03:27<25:11,  1.05it/s, v_num=ip8c]
Epoch 0:  12%|█▏        | 220/1812 [03:28<25:07,  1.06it/s, v_num=ip8c]
Epoch 0:  12%|█▏        | 220/1812 [03:28<25:07,  1.06it/s, v_num=ip8c]
Epoch 0:  12%|█▏        | 221/1812 [03:28<25:04,  1.06it/s, v_num=ip8c]
Epoch 0:  12%|█▏        | 221/1812 [03:28<25:04,  1.06it/s, v_num=ip8c]
Epoch 0:  12%|█▏        | 222/1812 [03:29<25:00,  1.06it/s, v_num=ip8c]
Epoch 0:  12%|█▏        | 222/1812 [03:29<25:00,  1.06it/s, v_num=ip8c]
Epoch 0:  12%|█▏        | 223/1812 [03:30<24:57,  1.06it/s, v_num=ip8c]
Epoch 0:  12%|█▏        | 223/1812 [03:30<24:57,  1.06it/s, v_num=ip8c]
Epoch 0:  12%|█▏        | 224/1812 [03:30<24:53,  1.06it/s, v_num=ip8c]
Epoch 0:  12%|█▏        | 224/1812 [03:30<24:53,  1.06it/s, v_num=ip8c]
Epoch 0:  12%|█▏        | 225/1812 [03:31<24:50,  1.06it/s, v_num=ip8c]
Epoch 0:  12%|█▏        | 225/1812 [03:31<24:50,  1.06it/s, v_num=ip8c]
Epoch 0:  12%|█▏        | 226/1812 [03:31<24:47,  1.07it/s, v_num=ip8c]
Epoch 0:  12%|█▏        | 226/1812 [03:31<24:47,  1.07it/s, v_num=ip8c]
Epoch 0:  13%|█▎        | 227/1812 [03:32<24:43,  1.07it/s, v_num=ip8c]
Epoch 0:  13%|█▎        | 227/1812 [03:32<24:43,  1.07it/s, v_num=ip8c]
Epoch 0:  13%|█▎        | 228/1812 [03:33<24:40,  1.07it/s, v_num=ip8c]
Epoch 0:  13%|█▎        | 228/1812 [03:33<24:40,  1.07it/s, v_num=ip8c]
Epoch 0:  13%|█▎        | 229/1812 [03:33<24:36,  1.07it/s, v_num=ip8c]
Epoch 0:  13%|█▎        | 229/1812 [03:33<24:36,  1.07it/s, v_num=ip8c]
Epoch 0:  13%|█▎        | 230/1812 [03:34<24:33,  1.07it/s, v_num=ip8c]
Epoch 0:  13%|█▎        | 230/1812 [03:34<24:33,  1.07it/s, v_num=ip8c]
Epoch 0:  13%|█▎        | 231/1812 [03:34<24:30,  1.08it/s, v_num=ip8c]
Epoch 0:  13%|█▎        | 231/1812 [03:34<24:30,  1.08it/s, v_num=ip8c]
Epoch 0:  13%|█▎        | 232/1812 [03:35<24:27,  1.08it/s, v_num=ip8c]
Epoch 0:  13%|█▎        | 232/1812 [03:35<24:27,  1.08it/s, v_num=ip8c]
Epoch 0:  13%|█▎        | 233/1812 [03:36<24:23,  1.08it/s, v_num=ip8c]
Epoch 0:  13%|█▎        | 233/1812 [03:36<24:23,  1.08it/s, v_num=ip8c]
Epoch 0:  13%|█▎        | 234/1812 [03:36<24:20,  1.08it/s, v_num=ip8c]
Epoch 0:  13%|█▎        | 234/1812 [03:36<24:20,  1.08it/s, v_num=ip8c]
Epoch 0:  13%|█▎        | 235/1812 [03:45<25:10,  1.04it/s, v_num=ip8c]
Epoch 0:  13%|█▎        | 235/1812 [03:45<25:10,  1.04it/s, v_num=ip8c]
Epoch 0:  13%|█▎        | 236/1812 [03:45<25:07,  1.05it/s, v_num=ip8c]
Epoch 0:  13%|█▎        | 236/1812 [03:45<25:07,  1.05it/s, v_num=ip8c]
Epoch 0:  13%|█▎        | 237/1812 [03:46<25:03,  1.05it/s, v_num=ip8c]
Epoch 0:  13%|█▎        | 237/1812 [03:46<25:03,  1.05it/s, v_num=ip8c]
Epoch 0:  13%|█▎        | 238/1812 [03:46<25:00,  1.05it/s, v_num=ip8c]
Epoch 0:  13%|█▎        | 238/1812 [03:46<25:00,  1.05it/s, v_num=ip8c]
Epoch 0:  13%|█▎        | 239/1812 [03:47<24:56,  1.05it/s, v_num=ip8c]
Epoch 0:  13%|█▎        | 239/1812 [03:47<24:56,  1.05it/s, v_num=ip8c]
Epoch 0:  13%|█▎        | 240/1812 [03:48<24:53,  1.05it/s, v_num=ip8c]
Epoch 0:  13%|█▎        | 240/1812 [03:48<24:53,  1.05it/s, v_num=ip8c]
Epoch 0:  13%|█▎        | 241/1812 [03:48<24:50,  1.05it/s, v_num=ip8c]
Epoch 0:  13%|█▎        | 241/1812 [03:48<24:50,  1.05it/s, v_num=ip8c]
Epoch 0:  13%|█▎        | 242/1812 [03:49<24:47,  1.06it/s, v_num=ip8c]
Epoch 0:  13%|█▎        | 242/1812 [03:49<24:47,  1.06it/s, v_num=ip8c]
Epoch 0:  13%|█▎        | 243/1812 [03:49<24:43,  1.06it/s, v_num=ip8c]
Epoch 0:  13%|█▎        | 243/1812 [03:49<24:43,  1.06it/s, v_num=ip8c]
Epoch 0:  13%|█▎        | 244/1812 [03:50<24:40,  1.06it/s, v_num=ip8c]
Epoch 0:  13%|█▎        | 244/1812 [03:50<24:40,  1.06it/s, v_num=ip8c]
Epoch 0:  14%|█▎        | 245/1812 [03:50<24:37,  1.06it/s, v_num=ip8c]
Epoch 0:  14%|█▎        | 245/1812 [03:50<24:37,  1.06it/s, v_num=ip8c]
Epoch 0:  14%|█▎        | 246/1812 [03:51<24:34,  1.06it/s, v_num=ip8c]
Epoch 0:  14%|█▎        | 246/1812 [03:51<24:34,  1.06it/s, v_num=ip8c]
Epoch 0:  14%|█▎        | 247/1812 [03:52<24:31,  1.06it/s, v_num=ip8c]
Epoch 0:  14%|█▎        | 247/1812 [03:52<24:31,  1.06it/s, v_num=ip8c]
Epoch 0:  14%|█▎        | 248/1812 [03:52<24:27,  1.07it/s, v_num=ip8c]
Epoch 0:  14%|█▎        | 248/1812 [03:52<24:27,  1.07it/s, v_num=ip8c]
Epoch 0:  14%|█▎        | 249/1812 [03:53<24:24,  1.07it/s, v_num=ip8c]
Epoch 0:  14%|█▎        | 249/1812 [03:53<24:24,  1.07it/s, v_num=ip8c]
Epoch 0:  14%|█▍        | 250/1812 [03:53<24:21,  1.07it/s, v_num=ip8c]
Epoch 0:  14%|█▍        | 250/1812 [03:53<24:21,  1.07it/s, v_num=ip8c]
Epoch 0:  14%|█▍        | 251/1812 [03:54<24:18,  1.07it/s, v_num=ip8c]
Epoch 0:  14%|█▍        | 251/1812 [03:54<24:18,  1.07it/s, v_num=ip8c]
Epoch 0:  14%|█▍        | 252/1812 [03:55<24:15,  1.07it/s, v_num=ip8c]
Epoch 0:  14%|█▍        | 252/1812 [03:55<24:15,  1.07it/s, v_num=ip8c]
Epoch 0:  14%|█▍        | 253/1812 [03:55<24:12,  1.07it/s, v_num=ip8c]
Epoch 0:  14%|█▍        | 253/1812 [03:55<24:12,  1.07it/s, v_num=ip8c]
Epoch 0:  14%|█▍        | 254/1812 [03:56<24:09,  1.07it/s, v_num=ip8c]
Epoch 0:  14%|█▍        | 254/1812 [03:56<24:09,  1.07it/s, v_num=ip8c]
Epoch 0:  14%|█▍        | 255/1812 [03:56<24:06,  1.08it/s, v_num=ip8c]
Epoch 0:  14%|█▍        | 255/1812 [03:56<24:06,  1.08it/s, v_num=ip8c]
Epoch 0:  14%|█▍        | 256/1812 [03:57<24:03,  1.08it/s, v_num=ip8c]
Epoch 0:  14%|█▍        | 256/1812 [03:57<24:03,  1.08it/s, v_num=ip8c]
Epoch 0:  14%|█▍        | 257/1812 [03:58<24:00,  1.08it/s, v_num=ip8c]
Epoch 0:  14%|█▍        | 257/1812 [03:58<24:00,  1.08it/s, v_num=ip8c]
Epoch 0:  14%|█▍        | 258/1812 [03:58<23:57,  1.08it/s, v_num=ip8c]
Epoch 0:  14%|█▍        | 258/1812 [03:58<23:57,  1.08it/s, v_num=ip8c]
Epoch 0:  14%|█▍        | 259/1812 [03:59<23:54,  1.08it/s, v_num=ip8c]
Epoch 0:  14%|█▍        | 259/1812 [03:59<23:54,  1.08it/s, v_num=ip8c]
Epoch 0:  14%|█▍        | 260/1812 [03:59<23:51,  1.08it/s, v_num=ip8c]
Epoch 0:  14%|█▍        | 260/1812 [03:59<23:51,  1.08it/s, v_num=ip8c]
Epoch 0:  14%|█▍        | 261/1812 [04:00<23:48,  1.09it/s, v_num=ip8c]
Epoch 0:  14%|█▍        | 261/1812 [04:00<23:48,  1.09it/s, v_num=ip8c]
Epoch 0:  14%|█▍        | 262/1812 [04:01<23:45,  1.09it/s, v_num=ip8c]
Epoch 0:  14%|█▍        | 262/1812 [04:01<23:45,  1.09it/s, v_num=ip8c]
Epoch 0:  15%|█▍        | 263/1812 [04:01<23:42,  1.09it/s, v_num=ip8c]
Epoch 0:  15%|█▍        | 263/1812 [04:01<23:42,  1.09it/s, v_num=ip8c]
Epoch 0:  15%|█▍        | 264/1812 [04:02<23:40,  1.09it/s, v_num=ip8c]
Epoch 0:  15%|█▍        | 264/1812 [04:02<23:40,  1.09it/s, v_num=ip8c]
Epoch 0:  15%|█▍        | 265/1812 [04:02<23:37,  1.09it/s, v_num=ip8c]
Epoch 0:  15%|█▍        | 265/1812 [04:02<23:37,  1.09it/s, v_num=ip8c]
Epoch 0:  15%|█▍        | 266/1812 [04:03<23:34,  1.09it/s, v_num=ip8c]
Epoch 0:  15%|█▍        | 266/1812 [04:03<23:34,  1.09it/s, v_num=ip8c]
Epoch 0:  15%|█▍        | 267/1812 [04:03<23:31,  1.09it/s, v_num=ip8c]
Epoch 0:  15%|█▍        | 267/1812 [04:03<23:31,  1.09it/s, v_num=ip8c]
Epoch 0:  15%|█▍        | 268/1812 [04:04<23:28,  1.10it/s, v_num=ip8c]
Epoch 0:  15%|█▍        | 268/1812 [04:04<23:28,  1.10it/s, v_num=ip8c]
Epoch 0:  15%|█▍        | 269/1812 [04:05<23:26,  1.10it/s, v_num=ip8c]
Epoch 0:  15%|█▍        | 269/1812 [04:05<23:26,  1.10it/s, v_num=ip8c]
Epoch 0:  15%|█▍        | 270/1812 [04:05<23:23,  1.10it/s, v_num=ip8c]
Epoch 0:  15%|█▍        | 270/1812 [04:05<23:23,  1.10it/s, v_num=ip8c]
Epoch 0:  15%|█▍        | 271/1812 [04:06<23:20,  1.10it/s, v_num=ip8c]
Epoch 0:  15%|█▍        | 271/1812 [04:06<23:20,  1.10it/s, v_num=ip8c]
Epoch 0:  15%|█▌        | 272/1812 [04:06<23:17,  1.10it/s, v_num=ip8c]
Epoch 0:  15%|█▌        | 272/1812 [04:06<23:17,  1.10it/s, v_num=ip8c]
Epoch 0:  15%|█▌        | 273/1812 [04:07<23:15,  1.10it/s, v_num=ip8c]
Epoch 0:  15%|█▌        | 273/1812 [04:07<23:15,  1.10it/s, v_num=ip8c]
Epoch 0:  15%|█▌        | 274/1812 [04:08<23:12,  1.10it/s, v_num=ip8c]
Epoch 0:  15%|█▌        | 274/1812 [04:08<23:12,  1.10it/s, v_num=ip8c]
Epoch 0:  15%|█▌        | 275/1812 [04:08<23:09,  1.11it/s, v_num=ip8c]
Epoch 0:  15%|█▌        | 275/1812 [04:08<23:09,  1.11it/s, v_num=ip8c]
Epoch 0:  15%|█▌        | 276/1812 [04:09<23:07,  1.11it/s, v_num=ip8c]
Epoch 0:  15%|█▌        | 276/1812 [04:09<23:07,  1.11it/s, v_num=ip8c]
Epoch 0:  15%|█▌        | 277/1812 [04:09<23:04,  1.11it/s, v_num=ip8c]
Epoch 0:  15%|█▌        | 277/1812 [04:09<23:04,  1.11it/s, v_num=ip8c]
Epoch 0:  15%|█▌        | 278/1812 [04:10<23:01,  1.11it/s, v_num=ip8c]
Epoch 0:  15%|█▌        | 278/1812 [04:10<23:01,  1.11it/s, v_num=ip8c]
Epoch 0:  15%|█▌        | 279/1812 [04:11<22:59,  1.11it/s, v_num=ip8c]
Epoch 0:  15%|█▌        | 279/1812 [04:11<22:59,  1.11it/s, v_num=ip8c]
Epoch 0:  15%|█▌        | 280/1812 [04:19<23:39,  1.08it/s, v_num=ip8c]
Epoch 0:  15%|█▌        | 280/1812 [04:19<23:39,  1.08it/s, v_num=ip8c]
Epoch 0:  16%|█▌        | 281/1812 [04:19<23:36,  1.08it/s, v_num=ip8c]
Epoch 0:  16%|█▌        | 281/1812 [04:19<23:36,  1.08it/s, v_num=ip8c]
Epoch 0:  16%|█▌        | 282/1812 [04:20<23:33,  1.08it/s, v_num=ip8c]
Epoch 0:  16%|█▌        | 282/1812 [04:20<23:33,  1.08it/s, v_num=ip8c]
Epoch 0:  16%|█▌        | 283/1812 [04:21<23:30,  1.08it/s, v_num=ip8c]
Epoch 0:  16%|█▌        | 283/1812 [04:21<23:30,  1.08it/s, v_num=ip8c]
Epoch 0:  16%|█▌        | 284/1812 [04:21<23:28,  1.09it/s, v_num=ip8c]
Epoch 0:  16%|█▌        | 284/1812 [04:21<23:28,  1.09it/s, v_num=ip8c]
Epoch 0:  16%|█▌        | 285/1812 [04:22<23:25,  1.09it/s, v_num=ip8c]
Epoch 0:  16%|█▌        | 285/1812 [04:22<23:25,  1.09it/s, v_num=ip8c]
Epoch 0:  16%|█▌        | 286/1812 [04:22<23:22,  1.09it/s, v_num=ip8c]
Epoch 0:  16%|█▌        | 286/1812 [04:22<23:22,  1.09it/s, v_num=ip8c]
Epoch 0:  16%|█▌        | 287/1812 [04:23<23:20,  1.09it/s, v_num=ip8c]
Epoch 0:  16%|█▌        | 287/1812 [04:23<23:20,  1.09it/s, v_num=ip8c]
Epoch 0:  16%|█▌        | 288/1812 [04:24<23:17,  1.09it/s, v_num=ip8c]
Epoch 0:  16%|█▌        | 288/1812 [04:24<23:17,  1.09it/s, v_num=ip8c]
Epoch 0:  16%|█▌        | 289/1812 [04:24<23:14,  1.09it/s, v_num=ip8c]
Epoch 0:  16%|█▌        | 289/1812 [04:24<23:14,  1.09it/s, v_num=ip8c]
Epoch 0:  16%|█▌        | 290/1812 [04:25<23:12,  1.09it/s, v_num=ip8c]
Epoch 0:  16%|█▌        | 290/1812 [04:25<23:12,  1.09it/s, v_num=ip8c]
Epoch 0:  16%|█▌        | 291/1812 [04:25<23:09,  1.09it/s, v_num=ip8c]
Epoch 0:  16%|█▌        | 291/1812 [04:25<23:09,  1.09it/s, v_num=ip8c]
Epoch 0:  16%|█▌        | 292/1812 [04:26<23:06,  1.10it/s, v_num=ip8c]
Epoch 0:  16%|█▌        | 292/1812 [04:26<23:06,  1.10it/s, v_num=ip8c]
Epoch 0:  16%|█▌        | 293/1812 [04:27<23:04,  1.10it/s, v_num=ip8c]
Epoch 0:  16%|█▌        | 293/1812 [04:27<23:04,  1.10it/s, v_num=ip8c]
Epoch 0:  16%|█▌        | 294/1812 [04:27<23:01,  1.10it/s, v_num=ip8c]
Epoch 0:  16%|█▌        | 294/1812 [04:27<23:01,  1.10it/s, v_num=ip8c]
Epoch 0:  16%|█▋        | 295/1812 [04:28<22:59,  1.10it/s, v_num=ip8c]
Epoch 0:  16%|█▋        | 295/1812 [04:28<22:59,  1.10it/s, v_num=ip8c]
Epoch 0:  16%|█▋        | 296/1812 [04:28<22:56,  1.10it/s, v_num=ip8c]
Epoch 0:  16%|█▋        | 296/1812 [04:28<22:56,  1.10it/s, v_num=ip8c]
Epoch 0:  16%|█▋        | 297/1812 [04:29<22:54,  1.10it/s, v_num=ip8c]
Epoch 0:  16%|█▋        | 297/1812 [04:29<22:54,  1.10it/s, v_num=ip8c]
Epoch 0:  16%|█▋        | 298/1812 [04:29<22:51,  1.10it/s, v_num=ip8c]
Epoch 0:  16%|█▋        | 298/1812 [04:29<22:51,  1.10it/s, v_num=ip8c]
Epoch 0:  17%|█▋        | 299/1812 [04:30<22:49,  1.11it/s, v_num=ip8c]
Epoch 0:  17%|█▋        | 299/1812 [04:30<22:49,  1.11it/s, v_num=ip8c]
Epoch 0:  17%|█▋        | 300/1812 [04:31<22:46,  1.11it/s, v_num=ip8c]
Epoch 0:  17%|█▋        | 300/1812 [04:31<22:46,  1.11it/s, v_num=ip8c]
Epoch 0:  17%|█▋        | 301/1812 [04:31<22:44,  1.11it/s, v_num=ip8c]
Epoch 0:  17%|█▋        | 301/1812 [04:31<22:44,  1.11it/s, v_num=ip8c]
Epoch 0:  17%|█▋        | 302/1812 [04:32<22:41,  1.11it/s, v_num=ip8c]
Epoch 0:  17%|█▋        | 302/1812 [04:32<22:41,  1.11it/s, v_num=ip8c]
Epoch 0:  17%|█▋        | 303/1812 [04:32<22:39,  1.11it/s, v_num=ip8c]
Epoch 0:  17%|█▋        | 303/1812 [04:32<22:39,  1.11it/s, v_num=ip8c]
Epoch 0:  17%|█▋        | 304/1812 [04:33<22:36,  1.11it/s, v_num=ip8c]
Epoch 0:  17%|█▋        | 304/1812 [04:33<22:36,  1.11it/s, v_num=ip8c]
Epoch 0:  17%|█▋        | 305/1812 [04:34<22:34,  1.11it/s, v_num=ip8c]
Epoch 0:  17%|█▋        | 305/1812 [04:34<22:34,  1.11it/s, v_num=ip8c]
Epoch 0:  17%|█▋        | 306/1812 [04:34<22:31,  1.11it/s, v_num=ip8c]
Epoch 0:  17%|█▋        | 306/1812 [04:34<22:31,  1.11it/s, v_num=ip8c]
Epoch 0:  17%|█▋        | 307/1812 [04:35<22:29,  1.12it/s, v_num=ip8c]
Epoch 0:  17%|█▋        | 307/1812 [04:35<22:29,  1.12it/s, v_num=ip8c]
Epoch 0:  17%|█▋        | 308/1812 [04:35<22:27,  1.12it/s, v_num=ip8c]
Epoch 0:  17%|█▋        | 308/1812 [04:35<22:27,  1.12it/s, v_num=ip8c]
Epoch 0:  17%|█▋        | 309/1812 [04:36<22:24,  1.12it/s, v_num=ip8c]
Epoch 0:  17%|█▋        | 309/1812 [04:36<22:24,  1.12it/s, v_num=ip8c]
Epoch 0:  17%|█▋        | 310/1812 [04:37<22:22,  1.12it/s, v_num=ip8c]
Epoch 0:  17%|█▋        | 310/1812 [04:37<22:22,  1.12it/s, v_num=ip8c]
Epoch 0:  17%|█▋        | 311/1812 [04:37<22:19,  1.12it/s, v_num=ip8c]
Epoch 0:  17%|█▋        | 311/1812 [04:37<22:19,  1.12it/s, v_num=ip8c]
Epoch 0:  17%|█▋        | 312/1812 [04:38<22:17,  1.12it/s, v_num=ip8c]
Epoch 0:  17%|█▋        | 312/1812 [04:38<22:17,  1.12it/s, v_num=ip8c]
Epoch 0:  17%|█▋        | 313/1812 [04:38<22:15,  1.12it/s, v_num=ip8c]
Epoch 0:  17%|█▋        | 313/1812 [04:38<22:15,  1.12it/s, v_num=ip8c]
Epoch 0:  17%|█▋        | 314/1812 [04:39<22:12,  1.12it/s, v_num=ip8c]
Epoch 0:  17%|█▋        | 314/1812 [04:39<22:12,  1.12it/s, v_num=ip8c]
Epoch 0:  17%|█▋        | 315/1812 [04:39<22:10,  1.13it/s, v_num=ip8c]
Epoch 0:  17%|█▋        | 315/1812 [04:39<22:10,  1.13it/s, v_num=ip8c]
Epoch 0:  17%|█▋        | 316/1812 [04:40<22:08,  1.13it/s, v_num=ip8c]
Epoch 0:  17%|█▋        | 316/1812 [04:40<22:08,  1.13it/s, v_num=ip8c]
Epoch 0:  17%|█▋        | 317/1812 [04:41<22:05,  1.13it/s, v_num=ip8c]
Epoch 0:  17%|█▋        | 317/1812 [04:41<22:05,  1.13it/s, v_num=ip8c]
Epoch 0:  18%|█▊        | 318/1812 [04:41<22:03,  1.13it/s, v_num=ip8c]
Epoch 0:  18%|█▊        | 318/1812 [04:41<22:03,  1.13it/s, v_num=ip8c]
Epoch 0:  18%|█▊        | 319/1812 [04:42<22:01,  1.13it/s, v_num=ip8c]
Epoch 0:  18%|█▊        | 319/1812 [04:42<22:01,  1.13it/s, v_num=ip8c]
Epoch 0:  18%|█▊        | 320/1812 [04:42<21:59,  1.13it/s, v_num=ip8c]
Epoch 0:  18%|█▊        | 320/1812 [04:42<21:59,  1.13it/s, v_num=ip8c]
Epoch 0:  18%|█▊        | 321/1812 [04:43<21:56,  1.13it/s, v_num=ip8c]
Epoch 0:  18%|█▊        | 321/1812 [04:43<21:56,  1.13it/s, v_num=ip8c]
Epoch 0:  18%|█▊        | 322/1812 [04:44<21:54,  1.13it/s, v_num=ip8c]
Epoch 0:  18%|█▊        | 322/1812 [04:44<21:54,  1.13it/s, v_num=ip8c]
Epoch 0:  18%|█▊        | 323/1812 [04:44<21:52,  1.13it/s, v_num=ip8c]
Epoch 0:  18%|█▊        | 323/1812 [04:44<21:52,  1.13it/s, v_num=ip8c]
Epoch 0:  18%|█▊        | 324/1812 [04:45<21:50,  1.14it/s, v_num=ip8c]
Epoch 0:  18%|█▊        | 324/1812 [04:45<21:50,  1.14it/s, v_num=ip8c]
Epoch 0:  18%|█▊        | 325/1812 [04:45<21:48,  1.14it/s, v_num=ip8c]
Epoch 0:  18%|█▊        | 325/1812 [04:45<21:48,  1.14it/s, v_num=ip8c]
Epoch 0:  18%|█▊        | 326/1812 [04:46<21:45,  1.14it/s, v_num=ip8c]
Epoch 0:  18%|█▊        | 326/1812 [04:46<21:45,  1.14it/s, v_num=ip8c]
Epoch 0:  18%|█▊        | 327/1812 [04:47<21:43,  1.14it/s, v_num=ip8c]
Epoch 0:  18%|█▊        | 327/1812 [04:47<21:43,  1.14it/s, v_num=ip8c]
Epoch 0:  18%|█▊        | 328/1812 [04:55<22:17,  1.11it/s, v_num=ip8c]
Epoch 0:  18%|█▊        | 328/1812 [04:55<22:17,  1.11it/s, v_num=ip8c]
Epoch 0:  18%|█▊        | 329/1812 [04:56<22:15,  1.11it/s, v_num=ip8c]
Epoch 0:  18%|█▊        | 329/1812 [04:56<22:15,  1.11it/s, v_num=ip8c]
Epoch 0:  18%|█▊        | 330/1812 [04:56<22:13,  1.11it/s, v_num=ip8c]
Epoch 0:  18%|█▊        | 330/1812 [04:56<22:13,  1.11it/s, v_num=ip8c]
Epoch 0:  18%|█▊        | 331/1812 [04:57<22:11,  1.11it/s, v_num=ip8c]
Epoch 0:  18%|█▊        | 331/1812 [04:57<22:11,  1.11it/s, v_num=ip8c]
Epoch 0:  18%|█▊        | 332/1812 [04:58<22:08,  1.11it/s, v_num=ip8c]
Epoch 0:  18%|█▊        | 332/1812 [04:58<22:08,  1.11it/s, v_num=ip8c]
Epoch 0:  18%|█▊        | 333/1812 [04:58<22:06,  1.11it/s, v_num=ip8c]
Epoch 0:  18%|█▊        | 333/1812 [04:58<22:06,  1.11it/s, v_num=ip8c]
Epoch 0:  18%|█▊        | 334/1812 [04:59<22:04,  1.12it/s, v_num=ip8c]
Epoch 0:  18%|█▊        | 334/1812 [04:59<22:04,  1.12it/s, v_num=ip8c]
Epoch 0:  18%|█▊        | 335/1812 [04:59<22:01,  1.12it/s, v_num=ip8c]
Epoch 0:  18%|█▊        | 335/1812 [04:59<22:01,  1.12it/s, v_num=ip8c]
Epoch 0:  19%|█▊        | 336/1812 [05:00<21:59,  1.12it/s, v_num=ip8c]
Epoch 0:  19%|█▊        | 336/1812 [05:00<21:59,  1.12it/s, v_num=ip8c]
Epoch 0:  19%|█▊        | 337/1812 [05:01<21:57,  1.12it/s, v_num=ip8c]
Epoch 0:  19%|█▊        | 337/1812 [05:01<21:57,  1.12it/s, v_num=ip8c]
Epoch 0:  19%|█▊        | 338/1812 [05:01<21:55,  1.12it/s, v_num=ip8c]
Epoch 0:  19%|█▊        | 338/1812 [05:01<21:55,  1.12it/s, v_num=ip8c]
Epoch 0:  19%|█▊        | 339/1812 [05:02<21:53,  1.12it/s, v_num=ip8c]
Epoch 0:  19%|█▊        | 339/1812 [05:02<21:53,  1.12it/s, v_num=ip8c]
Epoch 0:  19%|█▉        | 340/1812 [05:02<21:50,  1.12it/s, v_num=ip8c]
Epoch 0:  19%|█▉        | 340/1812 [05:02<21:50,  1.12it/s, v_num=ip8c]
Epoch 0:  19%|█▉        | 341/1812 [05:03<21:48,  1.12it/s, v_num=ip8c]
Epoch 0:  19%|█▉        | 341/1812 [05:03<21:48,  1.12it/s, v_num=ip8c]
Epoch 0:  19%|█▉        | 342/1812 [05:03<21:46,  1.13it/s, v_num=ip8c]
Epoch 0:  19%|█▉        | 342/1812 [05:03<21:46,  1.13it/s, v_num=ip8c]
Epoch 0:  19%|█▉        | 343/1812 [05:04<21:44,  1.13it/s, v_num=ip8c]
Epoch 0:  19%|█▉        | 343/1812 [05:04<21:44,  1.13it/s, v_num=ip8c]
Epoch 0:  19%|█▉        | 344/1812 [05:05<21:42,  1.13it/s, v_num=ip8c]
Epoch 0:  19%|█▉        | 344/1812 [05:05<21:42,  1.13it/s, v_num=ip8c]
Epoch 0:  19%|█▉        | 345/1812 [05:05<21:40,  1.13it/s, v_num=ip8c]
Epoch 0:  19%|█▉        | 345/1812 [05:05<21:40,  1.13it/s, v_num=ip8c]
Epoch 0:  19%|█▉        | 346/1812 [05:06<21:37,  1.13it/s, v_num=ip8c]
Epoch 0:  19%|█▉        | 346/1812 [05:06<21:37,  1.13it/s, v_num=ip8c]
Epoch 0:  19%|█▉        | 347/1812 [05:06<21:35,  1.13it/s, v_num=ip8c]
Epoch 0:  19%|█▉        | 347/1812 [05:06<21:35,  1.13it/s, v_num=ip8c]
Epoch 0:  19%|█▉        | 348/1812 [05:07<21:33,  1.13it/s, v_num=ip8c]
Epoch 0:  19%|█▉        | 348/1812 [05:07<21:33,  1.13it/s, v_num=ip8c]
Epoch 0:  19%|█▉        | 349/1812 [05:08<21:31,  1.13it/s, v_num=ip8c]
Epoch 0:  19%|█▉        | 349/1812 [05:08<21:31,  1.13it/s, v_num=ip8c]
Epoch 0:  19%|█▉        | 350/1812 [05:08<21:29,  1.13it/s, v_num=ip8c]
Epoch 0:  19%|█▉        | 350/1812 [05:08<21:29,  1.13it/s, v_num=ip8c]
Epoch 0:  19%|█▉        | 351/1812 [05:09<21:27,  1.13it/s, v_num=ip8c]
Epoch 0:  19%|█▉        | 351/1812 [05:09<21:27,  1.13it/s, v_num=ip8c]
Epoch 0:  19%|█▉        | 352/1812 [05:09<21:25,  1.14it/s, v_num=ip8c]
Epoch 0:  19%|█▉        | 352/1812 [05:09<21:25,  1.14it/s, v_num=ip8c]
Epoch 0:  19%|█▉        | 353/1812 [05:10<21:23,  1.14it/s, v_num=ip8c]
Epoch 0:  19%|█▉        | 353/1812 [05:10<21:23,  1.14it/s, v_num=ip8c]
Epoch 0:  20%|█▉        | 354/1812 [05:11<21:21,  1.14it/s, v_num=ip8c]
Epoch 0:  20%|█▉        | 354/1812 [05:11<21:21,  1.14it/s, v_num=ip8c]
Epoch 0:  20%|█▉        | 355/1812 [05:11<21:19,  1.14it/s, v_num=ip8c]
Epoch 0:  20%|█▉        | 355/1812 [05:11<21:19,  1.14it/s, v_num=ip8c]
Epoch 0:  20%|█▉        | 356/1812 [05:12<21:16,  1.14it/s, v_num=ip8c]
Epoch 0:  20%|█▉        | 356/1812 [05:12<21:16,  1.14it/s, v_num=ip8c]
Epoch 0:  20%|█▉        | 357/1812 [05:12<21:14,  1.14it/s, v_num=ip8c]
Epoch 0:  20%|█▉        | 357/1812 [05:12<21:14,  1.14it/s, v_num=ip8c]
Epoch 0:  20%|█▉        | 358/1812 [05:13<21:12,  1.14it/s, v_num=ip8c]
Epoch 0:  20%|█▉        | 358/1812 [05:13<21:12,  1.14it/s, v_num=ip8c]
Epoch 0:  20%|█▉        | 359/1812 [05:13<21:10,  1.14it/s, v_num=ip8c]
Epoch 0:  20%|█▉        | 359/1812 [05:13<21:10,  1.14it/s, v_num=ip8c]
Epoch 0:  20%|█▉        | 360/1812 [05:14<21:08,  1.14it/s, v_num=ip8c]
Epoch 0:  20%|█▉        | 360/1812 [05:14<21:08,  1.14it/s, v_num=ip8c]
Epoch 0:  20%|█▉        | 361/1812 [05:15<21:06,  1.15it/s, v_num=ip8c]
Epoch 0:  20%|█▉        | 361/1812 [05:15<21:06,  1.15it/s, v_num=ip8c]
Epoch 0:  20%|█▉        | 362/1812 [05:15<21:04,  1.15it/s, v_num=ip8c]
Epoch 0:  20%|█▉        | 362/1812 [05:15<21:04,  1.15it/s, v_num=ip8c]
Epoch 0:  20%|██        | 363/1812 [05:16<21:02,  1.15it/s, v_num=ip8c]
Epoch 0:  20%|██        | 363/1812 [05:16<21:02,  1.15it/s, v_num=ip8c]
Epoch 0:  20%|██        | 364/1812 [05:16<21:00,  1.15it/s, v_num=ip8c]
Epoch 0:  20%|██        | 364/1812 [05:16<21:00,  1.15it/s, v_num=ip8c]
Epoch 0:  20%|██        | 365/1812 [05:17<20:58,  1.15it/s, v_num=ip8c]
Epoch 0:  20%|██        | 365/1812 [05:17<20:58,  1.15it/s, v_num=ip8c]
Epoch 0:  20%|██        | 366/1812 [05:18<20:56,  1.15it/s, v_num=ip8c]
Epoch 0:  20%|██        | 366/1812 [05:18<20:56,  1.15it/s, v_num=ip8c]
Epoch 0:  20%|██        | 367/1812 [05:18<20:54,  1.15it/s, v_num=ip8c]
Epoch 0:  20%|██        | 367/1812 [05:18<20:54,  1.15it/s, v_num=ip8c]
Epoch 0:  20%|██        | 368/1812 [05:19<20:52,  1.15it/s, v_num=ip8c]
Epoch 0:  20%|██        | 368/1812 [05:19<20:52,  1.15it/s, v_num=ip8c]
Epoch 0:  20%|██        | 369/1812 [05:19<20:50,  1.15it/s, v_num=ip8c]
Epoch 0:  20%|██        | 369/1812 [05:19<20:50,  1.15it/s, v_num=ip8c]
Epoch 0:  20%|██        | 370/1812 [05:20<20:48,  1.15it/s, v_num=ip8c]
Epoch 0:  20%|██        | 370/1812 [05:20<20:48,  1.15it/s, v_num=ip8c]
Epoch 0:  20%|██        | 371/1812 [05:21<20:47,  1.16it/s, v_num=ip8c]
Epoch 0:  20%|██        | 371/1812 [05:21<20:47,  1.16it/s, v_num=ip8c]
Epoch 0:  21%|██        | 372/1812 [05:21<20:45,  1.16it/s, v_num=ip8c]
Epoch 0:  21%|██        | 372/1812 [05:21<20:45,  1.16it/s, v_num=ip8c]
Epoch 0:  21%|██        | 373/1812 [05:22<20:43,  1.16it/s, v_num=ip8c]
Epoch 0:  21%|██        | 373/1812 [05:22<20:43,  1.16it/s, v_num=ip8c]
Epoch 0:  21%|██        | 374/1812 [05:22<20:41,  1.16it/s, v_num=ip8c]
Epoch 0:  21%|██        | 374/1812 [05:22<20:41,  1.16it/s, v_num=ip8c]
Epoch 0:  21%|██        | 375/1812 [05:23<20:39,  1.16it/s, v_num=ip8c]
Epoch 0:  21%|██        | 375/1812 [05:23<20:39,  1.16it/s, v_num=ip8c]
Epoch 0:  21%|██        | 376/1812 [05:33<21:12,  1.13it/s, v_num=ip8c]
Epoch 0:  21%|██        | 376/1812 [05:33<21:12,  1.13it/s, v_num=ip8c]
Epoch 0:  21%|██        | 377/1812 [05:33<21:10,  1.13it/s, v_num=ip8c]
Epoch 0:  21%|██        | 377/1812 [05:33<21:10,  1.13it/s, v_num=ip8c]
Epoch 0:  21%|██        | 378/1812 [05:34<21:08,  1.13it/s, v_num=ip8c]
Epoch 0:  21%|██        | 378/1812 [05:34<21:08,  1.13it/s, v_num=ip8c]
Epoch 0:  21%|██        | 379/1812 [05:34<21:06,  1.13it/s, v_num=ip8c]
Epoch 0:  21%|██        | 379/1812 [05:34<21:06,  1.13it/s, v_num=ip8c]
Epoch 0:  21%|██        | 380/1812 [05:35<21:04,  1.13it/s, v_num=ip8c]
Epoch 0:  21%|██        | 380/1812 [05:35<21:04,  1.13it/s, v_num=ip8c]
Epoch 0:  21%|██        | 381/1812 [05:36<21:02,  1.13it/s, v_num=ip8c]
Epoch 0:  21%|██        | 381/1812 [05:36<21:02,  1.13it/s, v_num=ip8c]
Epoch 0:  21%|██        | 382/1812 [05:36<21:00,  1.13it/s, v_num=ip8c]
Epoch 0:  21%|██        | 382/1812 [05:36<21:00,  1.13it/s, v_num=ip8c]
Epoch 0:  21%|██        | 383/1812 [05:37<20:58,  1.14it/s, v_num=ip8c]
Epoch 0:  21%|██        | 383/1812 [05:37<20:58,  1.14it/s, v_num=ip8c]
Epoch 0:  21%|██        | 384/1812 [05:37<20:56,  1.14it/s, v_num=ip8c]
Epoch 0:  21%|██        | 384/1812 [05:37<20:56,  1.14it/s, v_num=ip8c]
Epoch 0:  21%|██        | 385/1812 [05:38<20:54,  1.14it/s, v_num=ip8c]
Epoch 0:  21%|██        | 385/1812 [05:38<20:54,  1.14it/s, v_num=ip8c]
Epoch 0:  21%|██▏       | 386/1812 [05:39<20:52,  1.14it/s, v_num=ip8c]
Epoch 0:  21%|██▏       | 386/1812 [05:39<20:52,  1.14it/s, v_num=ip8c]
Epoch 0:  21%|██▏       | 387/1812 [05:39<20:50,  1.14it/s, v_num=ip8c]
Epoch 0:  21%|██▏       | 387/1812 [05:39<20:50,  1.14it/s, v_num=ip8c]
Epoch 0:  21%|██▏       | 388/1812 [05:40<20:48,  1.14it/s, v_num=ip8c]
Epoch 0:  21%|██▏       | 388/1812 [05:40<20:48,  1.14it/s, v_num=ip8c]
Epoch 0:  21%|██▏       | 389/1812 [05:40<20:46,  1.14it/s, v_num=ip8c]
Epoch 0:  21%|██▏       | 389/1812 [05:40<20:46,  1.14it/s, v_num=ip8c]
Epoch 0:  22%|██▏       | 390/1812 [05:41<20:45,  1.14it/s, v_num=ip8c]
Epoch 0:  22%|██▏       | 390/1812 [05:41<20:45,  1.14it/s, v_num=ip8c]
Epoch 0:  22%|██▏       | 391/1812 [05:42<20:43,  1.14it/s, v_num=ip8c]
Epoch 0:  22%|██▏       | 391/1812 [05:42<20:43,  1.14it/s, v_num=ip8c]
Epoch 0:  22%|██▏       | 392/1812 [05:42<20:41,  1.14it/s, v_num=ip8c]
Epoch 0:  22%|██▏       | 392/1812 [05:42<20:41,  1.14it/s, v_num=ip8c]
Epoch 0:  22%|██▏       | 393/1812 [05:43<20:39,  1.14it/s, v_num=ip8c]
Epoch 0:  22%|██▏       | 393/1812 [05:43<20:39,  1.14it/s, v_num=ip8c]
Epoch 0:  22%|██▏       | 394/1812 [05:43<20:37,  1.15it/s, v_num=ip8c]
Epoch 0:  22%|██▏       | 394/1812 [05:43<20:37,  1.15it/s, v_num=ip8c]
Epoch 0:  22%|██▏       | 395/1812 [05:44<20:35,  1.15it/s, v_num=ip8c]
Epoch 0:  22%|██▏       | 395/1812 [05:44<20:35,  1.15it/s, v_num=ip8c]
Epoch 0:  22%|██▏       | 396/1812 [05:44<20:33,  1.15it/s, v_num=ip8c]
Epoch 0:  22%|██▏       | 396/1812 [05:44<20:33,  1.15it/s, v_num=ip8c]
Epoch 0:  22%|██▏       | 397/1812 [05:45<20:31,  1.15it/s, v_num=ip8c]
Epoch 0:  22%|██▏       | 397/1812 [05:45<20:31,  1.15it/s, v_num=ip8c]
Epoch 0:  22%|██▏       | 398/1812 [05:46<20:29,  1.15it/s, v_num=ip8c]
Epoch 0:  22%|██▏       | 398/1812 [05:46<20:29,  1.15it/s, v_num=ip8c]
Epoch 0:  22%|██▏       | 399/1812 [05:46<20:28,  1.15it/s, v_num=ip8c]
Epoch 0:  22%|██▏       | 399/1812 [05:46<20:28,  1.15it/s, v_num=ip8c]
Epoch 0:  22%|██▏       | 400/1812 [05:47<20:26,  1.15it/s, v_num=ip8c]
Epoch 0:  22%|██▏       | 400/1812 [05:47<20:26,  1.15it/s, v_num=ip8c]
Epoch 0:  22%|██▏       | 401/1812 [05:47<20:24,  1.15it/s, v_num=ip8c]
Epoch 0:  22%|██▏       | 401/1812 [05:47<20:24,  1.15it/s, v_num=ip8c]
Epoch 0:  22%|██▏       | 402/1812 [05:48<20:22,  1.15it/s, v_num=ip8c]
Epoch 0:  22%|██▏       | 402/1812 [05:48<20:22,  1.15it/s, v_num=ip8c]
Epoch 0:  22%|██▏       | 403/1812 [05:49<20:20,  1.15it/s, v_num=ip8c]
Epoch 0:  22%|██▏       | 403/1812 [05:49<20:20,  1.15it/s, v_num=ip8c]
Epoch 0:  22%|██▏       | 404/1812 [05:49<20:18,  1.16it/s, v_num=ip8c]
Epoch 0:  22%|██▏       | 404/1812 [05:49<20:18,  1.16it/s, v_num=ip8c]
Epoch 0:  22%|██▏       | 405/1812 [05:50<20:16,  1.16it/s, v_num=ip8c]
Epoch 0:  22%|██▏       | 405/1812 [05:50<20:16,  1.16it/s, v_num=ip8c]
Epoch 0:  22%|██▏       | 406/1812 [05:50<20:15,  1.16it/s, v_num=ip8c]
Epoch 0:  22%|██▏       | 406/1812 [05:50<20:15,  1.16it/s, v_num=ip8c]
Epoch 0:  22%|██▏       | 407/1812 [05:51<20:13,  1.16it/s, v_num=ip8c]
Epoch 0:  22%|██▏       | 407/1812 [05:51<20:13,  1.16it/s, v_num=ip8c]
Epoch 0:  23%|██▎       | 408/1812 [05:52<20:11,  1.16it/s, v_num=ip8c]
Epoch 0:  23%|██▎       | 408/1812 [05:52<20:11,  1.16it/s, v_num=ip8c]
Epoch 0:  23%|██▎       | 409/1812 [05:52<20:09,  1.16it/s, v_num=ip8c]
Epoch 0:  23%|██▎       | 409/1812 [05:52<20:09,  1.16it/s, v_num=ip8c]
Epoch 0:  23%|██▎       | 410/1812 [05:53<20:07,  1.16it/s, v_num=ip8c]
Epoch 0:  23%|██▎       | 410/1812 [05:53<20:07,  1.16it/s, v_num=ip8c]
Epoch 0:  23%|██▎       | 411/1812 [05:53<20:06,  1.16it/s, v_num=ip8c]
Epoch 0:  23%|██▎       | 411/1812 [05:53<20:06,  1.16it/s, v_num=ip8c]
Epoch 0:  23%|██▎       | 412/1812 [05:54<20:04,  1.16it/s, v_num=ip8c]
Epoch 0:  23%|██▎       | 412/1812 [05:54<20:04,  1.16it/s, v_num=ip8c]
Epoch 0:  23%|██▎       | 413/1812 [05:55<20:02,  1.16it/s, v_num=ip8c]
Epoch 0:  23%|██▎       | 413/1812 [05:55<20:02,  1.16it/s, v_num=ip8c]
Epoch 0:  23%|██▎       | 414/1812 [05:55<20:00,  1.16it/s, v_num=ip8c]
Epoch 0:  23%|██▎       | 414/1812 [05:55<20:00,  1.16it/s, v_num=ip8c]
Epoch 0:  23%|██▎       | 415/1812 [05:56<19:59,  1.17it/s, v_num=ip8c]
Epoch 0:  23%|██▎       | 415/1812 [05:56<19:59,  1.17it/s, v_num=ip8c]
Epoch 0:  23%|██▎       | 416/1812 [05:56<19:57,  1.17it/s, v_num=ip8c]
Epoch 0:  23%|██▎       | 416/1812 [05:56<19:57,  1.17it/s, v_num=ip8c]
Epoch 0:  23%|██▎       | 417/1812 [05:57<19:55,  1.17it/s, v_num=ip8c]
Epoch 0:  23%|██▎       | 417/1812 [05:57<19:55,  1.17it/s, v_num=ip8c]
Epoch 0:  23%|██▎       | 418/1812 [05:57<19:53,  1.17it/s, v_num=ip8c]
Epoch 0:  23%|██▎       | 418/1812 [05:57<19:53,  1.17it/s, v_num=ip8c]
Epoch 0:  23%|██▎       | 419/1812 [05:58<19:52,  1.17it/s, v_num=ip8c]
Epoch 0:  23%|██▎       | 419/1812 [05:58<19:52,  1.17it/s, v_num=ip8c]
Epoch 0:  23%|██▎       | 420/1812 [05:59<19:50,  1.17it/s, v_num=ip8c]
Epoch 0:  23%|██▎       | 420/1812 [05:59<19:50,  1.17it/s, v_num=ip8c]
Epoch 0:  23%|██▎       | 421/1812 [06:09<20:20,  1.14it/s, v_num=ip8c]
Epoch 0:  23%|██▎       | 421/1812 [06:09<20:20,  1.14it/s, v_num=ip8c]
Epoch 0:  23%|██▎       | 422/1812 [06:10<20:18,  1.14it/s, v_num=ip8c]
Epoch 0:  23%|██▎       | 422/1812 [06:10<20:18,  1.14it/s, v_num=ip8c]
Epoch 0:  23%|██▎       | 423/1812 [06:10<20:17,  1.14it/s, v_num=ip8c]
Epoch 0:  23%|██▎       | 423/1812 [06:10<20:17,  1.14it/s, v_num=ip8c]
Epoch 0:  23%|██▎       | 424/1812 [06:11<20:15,  1.14it/s, v_num=ip8c]
Epoch 0:  23%|██▎       | 424/1812 [06:11<20:15,  1.14it/s, v_num=ip8c]
Epoch 0:  23%|██▎       | 425/1812 [06:11<20:13,  1.14it/s, v_num=ip8c]
Epoch 0:  23%|██▎       | 425/1812 [06:11<20:13,  1.14it/s, v_num=ip8c]
Epoch 0:  24%|██▎       | 426/1812 [06:12<20:11,  1.14it/s, v_num=ip8c]
Epoch 0:  24%|██▎       | 426/1812 [06:12<20:11,  1.14it/s, v_num=ip8c]
Epoch 0:  24%|██▎       | 427/1812 [06:13<20:09,  1.14it/s, v_num=ip8c]
Epoch 0:  24%|██▎       | 427/1812 [06:13<20:09,  1.14it/s, v_num=ip8c]
Epoch 0:  24%|██▎       | 428/1812 [06:13<20:08,  1.15it/s, v_num=ip8c]
Epoch 0:  24%|██▎       | 428/1812 [06:13<20:08,  1.15it/s, v_num=ip8c]
Epoch 0:  24%|██▎       | 429/1812 [06:14<20:06,  1.15it/s, v_num=ip8c]
Epoch 0:  24%|██▎       | 429/1812 [06:14<20:06,  1.15it/s, v_num=ip8c]
Epoch 0:  24%|██▎       | 430/1812 [06:14<20:04,  1.15it/s, v_num=ip8c]
Epoch 0:  24%|██▎       | 430/1812 [06:14<20:04,  1.15it/s, v_num=ip8c]
Epoch 0:  24%|██▍       | 431/1812 [06:15<20:02,  1.15it/s, v_num=ip8c]
Epoch 0:  24%|██▍       | 431/1812 [06:15<20:02,  1.15it/s, v_num=ip8c]
Epoch 0:  24%|██▍       | 432/1812 [06:15<20:01,  1.15it/s, v_num=ip8c]
Epoch 0:  24%|██▍       | 432/1812 [06:15<20:01,  1.15it/s, v_num=ip8c]
Epoch 0:  24%|██▍       | 433/1812 [06:16<19:59,  1.15it/s, v_num=ip8c]
Epoch 0:  24%|██▍       | 433/1812 [06:16<19:59,  1.15it/s, v_num=ip8c]
Epoch 0:  24%|██▍       | 434/1812 [06:17<19:57,  1.15it/s, v_num=ip8c]
Epoch 0:  24%|██▍       | 434/1812 [06:17<19:57,  1.15it/s, v_num=ip8c]
Epoch 0:  24%|██▍       | 435/1812 [06:17<19:55,  1.15it/s, v_num=ip8c]
Epoch 0:  24%|██▍       | 435/1812 [06:17<19:55,  1.15it/s, v_num=ip8c]
Epoch 0:  24%|██▍       | 436/1812 [06:18<19:53,  1.15it/s, v_num=ip8c]
Epoch 0:  24%|██▍       | 436/1812 [06:18<19:53,  1.15it/s, v_num=ip8c]
Epoch 0:  24%|██▍       | 437/1812 [06:18<19:52,  1.15it/s, v_num=ip8c]
Epoch 0:  24%|██▍       | 437/1812 [06:18<19:52,  1.15it/s, v_num=ip8c]
Epoch 0:  24%|██▍       | 438/1812 [06:19<19:50,  1.15it/s, v_num=ip8c]
Epoch 0:  24%|██▍       | 438/1812 [06:19<19:50,  1.15it/s, v_num=ip8c]
Epoch 0:  24%|██▍       | 439/1812 [06:20<19:48,  1.16it/s, v_num=ip8c]
Epoch 0:  24%|██▍       | 439/1812 [06:20<19:48,  1.16it/s, v_num=ip8c]
Epoch 0:  24%|██▍       | 440/1812 [06:20<19:47,  1.16it/s, v_num=ip8c]
Epoch 0:  24%|██▍       | 440/1812 [06:20<19:47,  1.16it/s, v_num=ip8c]
Epoch 0:  24%|██▍       | 441/1812 [06:21<19:45,  1.16it/s, v_num=ip8c]
Epoch 0:  24%|██▍       | 441/1812 [06:21<19:45,  1.16it/s, v_num=ip8c]
Epoch 0:  24%|██▍       | 442/1812 [06:21<19:43,  1.16it/s, v_num=ip8c]
Epoch 0:  24%|██▍       | 442/1812 [06:21<19:43,  1.16it/s, v_num=ip8c]
Epoch 0:  24%|██▍       | 443/1812 [06:22<19:41,  1.16it/s, v_num=ip8c]
Epoch 0:  24%|██▍       | 443/1812 [06:22<19:41,  1.16it/s, v_num=ip8c]
Epoch 0:  25%|██▍       | 444/1812 [06:23<19:40,  1.16it/s, v_num=ip8c]
Epoch 0:  25%|██▍       | 444/1812 [06:23<19:40,  1.16it/s, v_num=ip8c]
Epoch 0:  25%|██▍       | 445/1812 [06:23<19:38,  1.16it/s, v_num=ip8c]
Epoch 0:  25%|██▍       | 445/1812 [06:23<19:38,  1.16it/s, v_num=ip8c]
Epoch 0:  25%|██▍       | 446/1812 [06:24<19:36,  1.16it/s, v_num=ip8c]
Epoch 0:  25%|██▍       | 446/1812 [06:24<19:36,  1.16it/s, v_num=ip8c]
Epoch 0:  25%|██▍       | 447/1812 [06:24<19:35,  1.16it/s, v_num=ip8c]
Epoch 0:  25%|██▍       | 447/1812 [06:24<19:35,  1.16it/s, v_num=ip8c]
Epoch 0:  25%|██▍       | 448/1812 [06:25<19:33,  1.16it/s, v_num=ip8c]
Epoch 0:  25%|██▍       | 448/1812 [06:25<19:33,  1.16it/s, v_num=ip8c]
Epoch 0:  25%|██▍       | 449/1812 [06:25<19:31,  1.16it/s, v_num=ip8c]
Epoch 0:  25%|██▍       | 449/1812 [06:25<19:31,  1.16it/s, v_num=ip8c]
Epoch 0:  25%|██▍       | 450/1812 [06:26<19:29,  1.16it/s, v_num=ip8c]
Epoch 0:  25%|██▍       | 450/1812 [06:26<19:29,  1.16it/s, v_num=ip8c]
Epoch 0:  25%|██▍       | 451/1812 [06:27<19:28,  1.16it/s, v_num=ip8c]
Epoch 0:  25%|██▍       | 451/1812 [06:27<19:28,  1.16it/s, v_num=ip8c]
Epoch 0:  25%|██▍       | 452/1812 [06:27<19:26,  1.17it/s, v_num=ip8c]
Epoch 0:  25%|██▍       | 452/1812 [06:27<19:26,  1.17it/s, v_num=ip8c]
Epoch 0:  25%|██▌       | 453/1812 [06:28<19:24,  1.17it/s, v_num=ip8c]
Epoch 0:  25%|██▌       | 453/1812 [06:28<19:24,  1.17it/s, v_num=ip8c]
Epoch 0:  25%|██▌       | 454/1812 [06:28<19:23,  1.17it/s, v_num=ip8c]
Epoch 0:  25%|██▌       | 454/1812 [06:28<19:23,  1.17it/s, v_num=ip8c]
Epoch 0:  25%|██▌       | 455/1812 [06:29<19:21,  1.17it/s, v_num=ip8c]
Epoch 0:  25%|██▌       | 455/1812 [06:29<19:21,  1.17it/s, v_num=ip8c]
Epoch 0:  25%|██▌       | 456/1812 [06:30<19:20,  1.17it/s, v_num=ip8c]
Epoch 0:  25%|██▌       | 456/1812 [06:30<19:20,  1.17it/s, v_num=ip8c]
Epoch 0:  25%|██▌       | 457/1812 [06:30<19:18,  1.17it/s, v_num=ip8c]
Epoch 0:  25%|██▌       | 457/1812 [06:30<19:18,  1.17it/s, v_num=ip8c]
Epoch 0:  25%|██▌       | 458/1812 [06:31<19:16,  1.17it/s, v_num=ip8c]
Epoch 0:  25%|██▌       | 458/1812 [06:31<19:16,  1.17it/s, v_num=ip8c]
Epoch 0:  25%|██▌       | 459/1812 [06:31<19:15,  1.17it/s, v_num=ip8c]
Epoch 0:  25%|██▌       | 459/1812 [06:31<19:15,  1.17it/s, v_num=ip8c]
Epoch 0:  25%|██▌       | 460/1812 [06:32<19:13,  1.17it/s, v_num=ip8c]
Epoch 0:  25%|██▌       | 460/1812 [06:32<19:13,  1.17it/s, v_num=ip8c]
Epoch 0:  25%|██▌       | 461/1812 [06:33<19:11,  1.17it/s, v_num=ip8c]
Epoch 0:  25%|██▌       | 461/1812 [06:33<19:11,  1.17it/s, v_num=ip8c]
Epoch 0:  25%|██▌       | 462/1812 [06:33<19:10,  1.17it/s, v_num=ip8c]
Epoch 0:  25%|██▌       | 462/1812 [06:33<19:10,  1.17it/s, v_num=ip8c]
Epoch 0:  26%|██▌       | 463/1812 [06:34<19:08,  1.17it/s, v_num=ip8c]
Epoch 0:  26%|██▌       | 463/1812 [06:34<19:08,  1.17it/s, v_num=ip8c]
Epoch 0:  26%|██▌       | 464/1812 [06:34<19:06,  1.18it/s, v_num=ip8c]
Epoch 0:  26%|██▌       | 464/1812 [06:34<19:06,  1.18it/s, v_num=ip8c]
Epoch 0:  26%|██▌       | 465/1812 [06:35<19:05,  1.18it/s, v_num=ip8c]
Epoch 0:  26%|██▌       | 465/1812 [06:35<19:05,  1.18it/s, v_num=ip8c]
Epoch 0:  26%|██▌       | 466/1812 [06:35<19:03,  1.18it/s, v_num=ip8c]
Epoch 0:  26%|██▌       | 466/1812 [06:35<19:03,  1.18it/s, v_num=ip8c]
Epoch 0:  26%|██▌       | 467/1812 [06:36<19:02,  1.18it/s, v_num=ip8c]
Epoch 0:  26%|██▌       | 467/1812 [06:36<19:02,  1.18it/s, v_num=ip8c]
Epoch 0:  26%|██▌       | 468/1812 [06:37<19:00,  1.18it/s, v_num=ip8c]
Epoch 0:  26%|██▌       | 468/1812 [06:37<19:00,  1.18it/s, v_num=ip8c]
Epoch 0:  26%|██▌       | 469/1812 [06:47<19:26,  1.15it/s, v_num=ip8c]
Epoch 0:  26%|██▌       | 469/1812 [06:47<19:26,  1.15it/s, v_num=ip8c]
Epoch 0:  26%|██▌       | 470/1812 [06:48<19:25,  1.15it/s, v_num=ip8c]
Epoch 0:  26%|██▌       | 470/1812 [06:48<19:25,  1.15it/s, v_num=ip8c]
Epoch 0:  26%|██▌       | 471/1812 [06:48<19:23,  1.15it/s, v_num=ip8c]
Epoch 0:  26%|██▌       | 471/1812 [06:48<19:23,  1.15it/s, v_num=ip8c]
Epoch 0:  26%|██▌       | 472/1812 [06:49<19:21,  1.15it/s, v_num=ip8c]
Epoch 0:  26%|██▌       | 472/1812 [06:49<19:21,  1.15it/s, v_num=ip8c]
Epoch 0:  26%|██▌       | 473/1812 [06:49<19:20,  1.15it/s, v_num=ip8c]
Epoch 0:  26%|██▌       | 473/1812 [06:49<19:20,  1.15it/s, v_num=ip8c]
Epoch 0:  26%|██▌       | 474/1812 [06:50<19:18,  1.15it/s, v_num=ip8c]
Epoch 0:  26%|██▌       | 474/1812 [06:50<19:18,  1.15it/s, v_num=ip8c]
Epoch 0:  26%|██▌       | 475/1812 [06:50<19:16,  1.16it/s, v_num=ip8c]
Epoch 0:  26%|██▌       | 475/1812 [06:50<19:16,  1.16it/s, v_num=ip8c]
Epoch 0:  26%|██▋       | 476/1812 [06:51<19:15,  1.16it/s, v_num=ip8c]
Epoch 0:  26%|██▋       | 476/1812 [06:51<19:15,  1.16it/s, v_num=ip8c]
Epoch 0:  26%|██▋       | 477/1812 [06:52<19:13,  1.16it/s, v_num=ip8c]
Epoch 0:  26%|██▋       | 477/1812 [06:52<19:13,  1.16it/s, v_num=ip8c]
Epoch 0:  26%|██▋       | 478/1812 [06:52<19:11,  1.16it/s, v_num=ip8c]
Epoch 0:  26%|██▋       | 478/1812 [06:52<19:11,  1.16it/s, v_num=ip8c]
Epoch 0:  26%|██▋       | 479/1812 [06:53<19:10,  1.16it/s, v_num=ip8c]
Epoch 0:  26%|██▋       | 479/1812 [06:53<19:10,  1.16it/s, v_num=ip8c]
Epoch 0:  26%|██▋       | 480/1812 [06:53<19:08,  1.16it/s, v_num=ip8c]
Epoch 0:  26%|██▋       | 480/1812 [06:53<19:08,  1.16it/s, v_num=ip8c]
Epoch 0:  27%|██▋       | 481/1812 [06:54<19:07,  1.16it/s, v_num=ip8c]
Epoch 0:  27%|██▋       | 481/1812 [06:54<19:07,  1.16it/s, v_num=ip8c]
Epoch 0:  27%|██▋       | 482/1812 [06:55<19:05,  1.16it/s, v_num=ip8c]
Epoch 0:  27%|██▋       | 482/1812 [06:55<19:05,  1.16it/s, v_num=ip8c]
Epoch 0:  27%|██▋       | 483/1812 [06:55<19:03,  1.16it/s, v_num=ip8c]
Epoch 0:  27%|██▋       | 483/1812 [06:55<19:03,  1.16it/s, v_num=ip8c]
Epoch 0:  27%|██▋       | 484/1812 [06:56<19:02,  1.16it/s, v_num=ip8c]
Epoch 0:  27%|██▋       | 484/1812 [06:56<19:02,  1.16it/s, v_num=ip8c]
Epoch 0:  27%|██▋       | 485/1812 [06:56<19:00,  1.16it/s, v_num=ip8c]
Epoch 0:  27%|██▋       | 485/1812 [06:56<19:00,  1.16it/s, v_num=ip8c]
Epoch 0:  27%|██▋       | 486/1812 [06:57<18:59,  1.16it/s, v_num=ip8c]
Epoch 0:  27%|██▋       | 486/1812 [06:57<18:59,  1.16it/s, v_num=ip8c]
Epoch 0:  27%|██▋       | 487/1812 [06:58<18:57,  1.16it/s, v_num=ip8c]
Epoch 0:  27%|██▋       | 487/1812 [06:58<18:57,  1.16it/s, v_num=ip8c]
Epoch 0:  27%|██▋       | 488/1812 [06:58<18:55,  1.17it/s, v_num=ip8c]
Epoch 0:  27%|██▋       | 488/1812 [06:58<18:55,  1.17it/s, v_num=ip8c]
Epoch 0:  27%|██▋       | 489/1812 [06:59<18:54,  1.17it/s, v_num=ip8c]
Epoch 0:  27%|██▋       | 489/1812 [06:59<18:54,  1.17it/s, v_num=ip8c]
Epoch 0:  27%|██▋       | 490/1812 [06:59<18:52,  1.17it/s, v_num=ip8c]
Epoch 0:  27%|██▋       | 490/1812 [06:59<18:52,  1.17it/s, v_num=ip8c]
Epoch 0:  27%|██▋       | 491/1812 [07:00<18:51,  1.17it/s, v_num=ip8c]
Epoch 0:  27%|██▋       | 491/1812 [07:00<18:51,  1.17it/s, v_num=ip8c]
Epoch 0:  27%|██▋       | 492/1812 [07:01<18:49,  1.17it/s, v_num=ip8c]
Epoch 0:  27%|██▋       | 492/1812 [07:01<18:49,  1.17it/s, v_num=ip8c]
Epoch 0:  27%|██▋       | 493/1812 [07:01<18:47,  1.17it/s, v_num=ip8c]
Epoch 0:  27%|██▋       | 493/1812 [07:01<18:47,  1.17it/s, v_num=ip8c]
Epoch 0:  27%|██▋       | 494/1812 [07:02<18:46,  1.17it/s, v_num=ip8c]
Epoch 0:  27%|██▋       | 494/1812 [07:02<18:46,  1.17it/s, v_num=ip8c]
Epoch 0:  27%|██▋       | 495/1812 [07:02<18:44,  1.17it/s, v_num=ip8c]
Epoch 0:  27%|██▋       | 495/1812 [07:02<18:44,  1.17it/s, v_num=ip8c]
Epoch 0:  27%|██▋       | 496/1812 [07:03<18:43,  1.17it/s, v_num=ip8c]
Epoch 0:  27%|██▋       | 496/1812 [07:03<18:43,  1.17it/s, v_num=ip8c]
Epoch 0:  27%|██▋       | 497/1812 [07:03<18:41,  1.17it/s, v_num=ip8c]
Epoch 0:  27%|██▋       | 497/1812 [07:03<18:41,  1.17it/s, v_num=ip8c]
Epoch 0:  27%|██▋       | 498/1812 [07:04<18:40,  1.17it/s, v_num=ip8c]
Epoch 0:  27%|██▋       | 498/1812 [07:04<18:40,  1.17it/s, v_num=ip8c]
Epoch 0:  28%|██▊       | 499/1812 [07:05<18:38,  1.17it/s, v_num=ip8c]
Epoch 0:  28%|██▊       | 499/1812 [07:05<18:38,  1.17it/s, v_num=ip8c]
Epoch 0:  28%|██▊       | 500/1812 [07:05<18:37,  1.17it/s, v_num=ip8c]
Epoch 0:  28%|██▊       | 500/1812 [07:05<18:37,  1.17it/s, v_num=ip8c]
Epoch 0:  28%|██▊       | 501/1812 [07:06<18:35,  1.18it/s, v_num=ip8c]
Epoch 0:  28%|██▊       | 501/1812 [07:06<18:35,  1.18it/s, v_num=ip8c]
Epoch 0:  28%|██▊       | 502/1812 [07:06<18:33,  1.18it/s, v_num=ip8c]
Epoch 0:  28%|██▊       | 502/1812 [07:06<18:33,  1.18it/s, v_num=ip8c]
Epoch 0:  28%|██▊       | 503/1812 [07:07<18:32,  1.18it/s, v_num=ip8c]
Epoch 0:  28%|██▊       | 503/1812 [07:07<18:32,  1.18it/s, v_num=ip8c]
Epoch 0:  28%|██▊       | 504/1812 [07:08<18:30,  1.18it/s, v_num=ip8c]
Epoch 0:  28%|██▊       | 504/1812 [07:08<18:30,  1.18it/s, v_num=ip8c]
Epoch 0:  28%|██▊       | 505/1812 [07:08<18:29,  1.18it/s, v_num=ip8c]
Epoch 0:  28%|██▊       | 505/1812 [07:08<18:29,  1.18it/s, v_num=ip8c]
Epoch 0:  28%|██▊       | 506/1812 [07:09<18:27,  1.18it/s, v_num=ip8c]
Epoch 0:  28%|██▊       | 506/1812 [07:09<18:27,  1.18it/s, v_num=ip8c]
Epoch 0:  28%|██▊       | 507/1812 [07:09<18:26,  1.18it/s, v_num=ip8c]
Epoch 0:  28%|██▊       | 507/1812 [07:09<18:26,  1.18it/s, v_num=ip8c]
Epoch 0:  28%|██▊       | 508/1812 [07:10<18:24,  1.18it/s, v_num=ip8c]
Epoch 0:  28%|██▊       | 508/1812 [07:10<18:24,  1.18it/s, v_num=ip8c]
Epoch 0:  28%|██▊       | 509/1812 [07:11<18:23,  1.18it/s, v_num=ip8c]
Epoch 0:  28%|██▊       | 509/1812 [07:11<18:23,  1.18it/s, v_num=ip8c]
Epoch 0:  28%|██▊       | 510/1812 [07:11<18:21,  1.18it/s, v_num=ip8c]
Epoch 0:  28%|██▊       | 510/1812 [07:11<18:21,  1.18it/s, v_num=ip8c]
Epoch 0:  28%|██▊       | 511/1812 [07:12<18:20,  1.18it/s, v_num=ip8c]
Epoch 0:  28%|██▊       | 511/1812 [07:12<18:20,  1.18it/s, v_num=ip8c]
Epoch 0:  28%|██▊       | 512/1812 [07:12<18:18,  1.18it/s, v_num=ip8c]
Epoch 0:  28%|██▊       | 512/1812 [07:12<18:18,  1.18it/s, v_num=ip8c]
Epoch 0:  28%|██▊       | 513/1812 [07:13<18:17,  1.18it/s, v_num=ip8c]
Epoch 0:  28%|██▊       | 513/1812 [07:13<18:17,  1.18it/s, v_num=ip8c]
Epoch 0:  28%|██▊       | 514/1812 [07:20<18:32,  1.17it/s, v_num=ip8c]
Epoch 0:  28%|██▊       | 514/1812 [07:20<18:32,  1.17it/s, v_num=ip8c]
Epoch 0:  28%|██▊       | 515/1812 [07:21<18:31,  1.17it/s, v_num=ip8c]
Epoch 0:  28%|██▊       | 515/1812 [07:21<18:31,  1.17it/s, v_num=ip8c]
Epoch 0:  28%|██▊       | 516/1812 [07:21<18:29,  1.17it/s, v_num=ip8c]
Epoch 0:  28%|██▊       | 516/1812 [07:21<18:29,  1.17it/s, v_num=ip8c]
Epoch 0:  29%|██▊       | 517/1812 [07:22<18:28,  1.17it/s, v_num=ip8c]
Epoch 0:  29%|██▊       | 517/1812 [07:22<18:28,  1.17it/s, v_num=ip8c]
Epoch 0:  29%|██▊       | 518/1812 [07:22<18:26,  1.17it/s, v_num=ip8c]
Epoch 0:  29%|██▊       | 518/1812 [07:22<18:26,  1.17it/s, v_num=ip8c]
Epoch 0:  29%|██▊       | 519/1812 [07:23<18:25,  1.17it/s, v_num=ip8c]
Epoch 0:  29%|██▊       | 519/1812 [07:23<18:25,  1.17it/s, v_num=ip8c]
Epoch 0:  29%|██▊       | 520/1812 [07:24<18:23,  1.17it/s, v_num=ip8c]
Epoch 0:  29%|██▊       | 520/1812 [07:24<18:23,  1.17it/s, v_num=ip8c]
Epoch 0:  29%|██▉       | 521/1812 [07:24<18:22,  1.17it/s, v_num=ip8c]
Epoch 0:  29%|██▉       | 521/1812 [07:24<18:22,  1.17it/s, v_num=ip8c]
Epoch 0:  29%|██▉       | 522/1812 [07:25<18:20,  1.17it/s, v_num=ip8c]
Epoch 0:  29%|██▉       | 522/1812 [07:25<18:20,  1.17it/s, v_num=ip8c]
Epoch 0:  29%|██▉       | 523/1812 [07:25<18:19,  1.17it/s, v_num=ip8c]
Epoch 0:  29%|██▉       | 523/1812 [07:25<18:19,  1.17it/s, v_num=ip8c]
Epoch 0:  29%|██▉       | 524/1812 [07:26<18:17,  1.17it/s, v_num=ip8c]
Epoch 0:  29%|██▉       | 524/1812 [07:26<18:17,  1.17it/s, v_num=ip8c]
Epoch 0:  29%|██▉       | 525/1812 [07:27<18:16,  1.17it/s, v_num=ip8c]
Epoch 0:  29%|██▉       | 525/1812 [07:27<18:16,  1.17it/s, v_num=ip8c]
Epoch 0:  29%|██▉       | 526/1812 [07:27<18:14,  1.17it/s, v_num=ip8c]
Epoch 0:  29%|██▉       | 526/1812 [07:27<18:14,  1.17it/s, v_num=ip8c]
Epoch 0:  29%|██▉       | 527/1812 [07:28<18:13,  1.18it/s, v_num=ip8c]
Epoch 0:  29%|██▉       | 527/1812 [07:28<18:13,  1.18it/s, v_num=ip8c]
Epoch 0:  29%|██▉       | 528/1812 [07:28<18:11,  1.18it/s, v_num=ip8c]
Epoch 0:  29%|██▉       | 528/1812 [07:28<18:11,  1.18it/s, v_num=ip8c]
Epoch 0:  29%|██▉       | 529/1812 [07:29<18:10,  1.18it/s, v_num=ip8c]
Epoch 0:  29%|██▉       | 529/1812 [07:29<18:10,  1.18it/s, v_num=ip8c]
Epoch 0:  29%|██▉       | 530/1812 [07:30<18:08,  1.18it/s, v_num=ip8c]
Epoch 0:  29%|██▉       | 530/1812 [07:30<18:08,  1.18it/s, v_num=ip8c]
Epoch 0:  29%|██▉       | 531/1812 [07:30<18:07,  1.18it/s, v_num=ip8c]
Epoch 0:  29%|██▉       | 531/1812 [07:30<18:07,  1.18it/s, v_num=ip8c]
Epoch 0:  29%|██▉       | 532/1812 [07:31<18:05,  1.18it/s, v_num=ip8c]
Epoch 0:  29%|██▉       | 532/1812 [07:31<18:05,  1.18it/s, v_num=ip8c]
Epoch 0:  29%|██▉       | 533/1812 [07:31<18:04,  1.18it/s, v_num=ip8c]
Epoch 0:  29%|██▉       | 533/1812 [07:31<18:04,  1.18it/s, v_num=ip8c]
Epoch 0:  29%|██▉       | 534/1812 [07:32<18:02,  1.18it/s, v_num=ip8c]
Epoch 0:  29%|██▉       | 534/1812 [07:32<18:02,  1.18it/s, v_num=ip8c]
Epoch 0:  30%|██▉       | 535/1812 [07:33<18:01,  1.18it/s, v_num=ip8c]
Epoch 0:  30%|██▉       | 535/1812 [07:33<18:01,  1.18it/s, v_num=ip8c]
Epoch 0:  30%|██▉       | 536/1812 [07:33<17:59,  1.18it/s, v_num=ip8c]
Epoch 0:  30%|██▉       | 536/1812 [07:33<17:59,  1.18it/s, v_num=ip8c]
Epoch 0:  30%|██▉       | 537/1812 [07:34<17:58,  1.18it/s, v_num=ip8c]
Epoch 0:  30%|██▉       | 537/1812 [07:34<17:58,  1.18it/s, v_num=ip8c]
Epoch 0:  30%|██▉       | 538/1812 [07:34<17:56,  1.18it/s, v_num=ip8c]
Epoch 0:  30%|██▉       | 538/1812 [07:34<17:56,  1.18it/s, v_num=ip8c]
Epoch 0:  30%|██▉       | 539/1812 [07:35<17:55,  1.18it/s, v_num=ip8c]
Epoch 0:  30%|██▉       | 539/1812 [07:35<17:55,  1.18it/s, v_num=ip8c]
Epoch 0:  30%|██▉       | 540/1812 [07:35<17:54,  1.18it/s, v_num=ip8c]
Epoch 0:  30%|██▉       | 540/1812 [07:35<17:54,  1.18it/s, v_num=ip8c]
Epoch 0:  30%|██▉       | 541/1812 [07:36<17:52,  1.18it/s, v_num=ip8c]
Epoch 0:  30%|██▉       | 541/1812 [07:36<17:52,  1.18it/s, v_num=ip8c]
Epoch 0:  30%|██▉       | 542/1812 [07:37<17:51,  1.19it/s, v_num=ip8c]
Epoch 0:  30%|██▉       | 542/1812 [07:37<17:51,  1.19it/s, v_num=ip8c]
Epoch 0:  30%|██▉       | 543/1812 [07:37<17:49,  1.19it/s, v_num=ip8c]
Epoch 0:  30%|██▉       | 543/1812 [07:37<17:49,  1.19it/s, v_num=ip8c]
Epoch 0:  30%|███       | 544/1812 [07:38<17:48,  1.19it/s, v_num=ip8c]
Epoch 0:  30%|███       | 544/1812 [07:38<17:48,  1.19it/s, v_num=ip8c]
Epoch 0:  30%|███       | 545/1812 [07:38<17:46,  1.19it/s, v_num=ip8c]
Epoch 0:  30%|███       | 545/1812 [07:38<17:46,  1.19it/s, v_num=ip8c]
Epoch 0:  30%|███       | 546/1812 [07:39<17:45,  1.19it/s, v_num=ip8c]
Epoch 0:  30%|███       | 546/1812 [07:39<17:45,  1.19it/s, v_num=ip8c]
Epoch 0:  30%|███       | 547/1812 [07:40<17:43,  1.19it/s, v_num=ip8c]
Epoch 0:  30%|███       | 547/1812 [07:40<17:43,  1.19it/s, v_num=ip8c]
Epoch 0:  30%|███       | 548/1812 [07:40<17:42,  1.19it/s, v_num=ip8c]
Epoch 0:  30%|███       | 548/1812 [07:40<17:42,  1.19it/s, v_num=ip8c]
Epoch 0:  30%|███       | 549/1812 [07:41<17:41,  1.19it/s, v_num=ip8c]
Epoch 0:  30%|███       | 549/1812 [07:41<17:41,  1.19it/s, v_num=ip8c]
Epoch 0:  30%|███       | 550/1812 [07:41<17:39,  1.19it/s, v_num=ip8c]
Epoch 0:  30%|███       | 550/1812 [07:41<17:39,  1.19it/s, v_num=ip8c]
Epoch 0:  30%|███       | 551/1812 [07:42<17:38,  1.19it/s, v_num=ip8c]
Epoch 0:  30%|███       | 551/1812 [07:42<17:38,  1.19it/s, v_num=ip8c]
Epoch 0:  30%|███       | 552/1812 [07:43<17:36,  1.19it/s, v_num=ip8c]
Epoch 0:  30%|███       | 552/1812 [07:43<17:36,  1.19it/s, v_num=ip8c]
Epoch 0:  31%|███       | 553/1812 [07:43<17:35,  1.19it/s, v_num=ip8c]
Epoch 0:  31%|███       | 553/1812 [07:43<17:35,  1.19it/s, v_num=ip8c]
Epoch 0:  31%|███       | 554/1812 [07:44<17:34,  1.19it/s, v_num=ip8c]
Epoch 0:  31%|███       | 554/1812 [07:44<17:34,  1.19it/s, v_num=ip8c]
Epoch 0:  31%|███       | 555/1812 [07:44<17:32,  1.19it/s, v_num=ip8c]
Epoch 0:  31%|███       | 555/1812 [07:44<17:32,  1.19it/s, v_num=ip8c]
Epoch 0:  31%|███       | 556/1812 [07:45<17:31,  1.19it/s, v_num=ip8c]
Epoch 0:  31%|███       | 556/1812 [07:45<17:31,  1.19it/s, v_num=ip8c]
Epoch 0:  31%|███       | 557/1812 [07:45<17:29,  1.20it/s, v_num=ip8c]
Epoch 0:  31%|███       | 557/1812 [07:45<17:29,  1.20it/s, v_num=ip8c]
Epoch 0:  31%|███       | 558/1812 [07:46<17:28,  1.20it/s, v_num=ip8c]
Epoch 0:  31%|███       | 558/1812 [07:46<17:28,  1.20it/s, v_num=ip8c]
Epoch 0:  31%|███       | 559/1812 [07:47<17:27,  1.20it/s, v_num=ip8c]
Epoch 0:  31%|███       | 559/1812 [07:47<17:27,  1.20it/s, v_num=ip8c]
Epoch 0:  31%|███       | 560/1812 [07:47<17:25,  1.20it/s, v_num=ip8c]
Epoch 0:  31%|███       | 560/1812 [07:47<17:25,  1.20it/s, v_num=ip8c]
Epoch 0:  31%|███       | 561/1812 [07:48<17:24,  1.20it/s, v_num=ip8c]
Epoch 0:  31%|███       | 561/1812 [07:48<17:24,  1.20it/s, v_num=ip8c]
Epoch 0:  31%|███       | 562/1812 [07:59<17:46,  1.17it/s, v_num=ip8c]
Epoch 0:  31%|███       | 562/1812 [07:59<17:46,  1.17it/s, v_num=ip8c]
Epoch 0:  31%|███       | 563/1812 [08:00<17:45,  1.17it/s, v_num=ip8c]
Epoch 0:  31%|███       | 563/1812 [08:00<17:45,  1.17it/s, v_num=ip8c]
Epoch 0:  31%|███       | 564/1812 [08:00<17:43,  1.17it/s, v_num=ip8c]
Epoch 0:  31%|███       | 564/1812 [08:00<17:43,  1.17it/s, v_num=ip8c]
Epoch 0:  31%|███       | 565/1812 [08:01<17:42,  1.17it/s, v_num=ip8c]
Epoch 0:  31%|███       | 565/1812 [08:01<17:42,  1.17it/s, v_num=ip8c]
Epoch 0:  31%|███       | 566/1812 [08:01<17:40,  1.17it/s, v_num=ip8c]
Epoch 0:  31%|███       | 566/1812 [08:01<17:40,  1.17it/s, v_num=ip8c]
Epoch 0:  31%|███▏      | 567/1812 [08:02<17:39,  1.18it/s, v_num=ip8c]
Epoch 0:  31%|███▏      | 567/1812 [08:02<17:39,  1.18it/s, v_num=ip8c]
Epoch 0:  31%|███▏      | 568/1812 [08:03<17:38,  1.18it/s, v_num=ip8c]
Epoch 0:  31%|███▏      | 568/1812 [08:03<17:38,  1.18it/s, v_num=ip8c]
Epoch 0:  31%|███▏      | 569/1812 [08:03<17:36,  1.18it/s, v_num=ip8c]
Epoch 0:  31%|███▏      | 569/1812 [08:03<17:36,  1.18it/s, v_num=ip8c]
Epoch 0:  31%|███▏      | 570/1812 [08:04<17:35,  1.18it/s, v_num=ip8c]
Epoch 0:  31%|███▏      | 570/1812 [08:04<17:35,  1.18it/s, v_num=ip8c]
Epoch 0:  32%|███▏      | 571/1812 [08:04<17:33,  1.18it/s, v_num=ip8c]
Epoch 0:  32%|███▏      | 571/1812 [08:04<17:33,  1.18it/s, v_num=ip8c]
Epoch 0:  32%|███▏      | 572/1812 [08:05<17:32,  1.18it/s, v_num=ip8c]
Epoch 0:  32%|███▏      | 572/1812 [08:05<17:32,  1.18it/s, v_num=ip8c]
Epoch 0:  32%|███▏      | 573/1812 [08:06<17:30,  1.18it/s, v_num=ip8c]
Epoch 0:  32%|███▏      | 573/1812 [08:06<17:30,  1.18it/s, v_num=ip8c]
Epoch 0:  32%|███▏      | 574/1812 [08:06<17:29,  1.18it/s, v_num=ip8c]
Epoch 0:  32%|███▏      | 574/1812 [08:06<17:29,  1.18it/s, v_num=ip8c]
Epoch 0:  32%|███▏      | 575/1812 [08:07<17:28,  1.18it/s, v_num=ip8c]
Epoch 0:  32%|███▏      | 575/1812 [08:07<17:28,  1.18it/s, v_num=ip8c]
Epoch 0:  32%|███▏      | 576/1812 [08:07<17:26,  1.18it/s, v_num=ip8c]
Epoch 0:  32%|███▏      | 576/1812 [08:07<17:26,  1.18it/s, v_num=ip8c]
Epoch 0:  32%|███▏      | 577/1812 [08:08<17:25,  1.18it/s, v_num=ip8c]
Epoch 0:  32%|███▏      | 577/1812 [08:08<17:25,  1.18it/s, v_num=ip8c]
Epoch 0:  32%|███▏      | 578/1812 [08:08<17:23,  1.18it/s, v_num=ip8c]
Epoch 0:  32%|███▏      | 578/1812 [08:08<17:23,  1.18it/s, v_num=ip8c]
Epoch 0:  32%|███▏      | 579/1812 [08:09<17:22,  1.18it/s, v_num=ip8c]
Epoch 0:  32%|███▏      | 579/1812 [08:09<17:22,  1.18it/s, v_num=ip8c]
Epoch 0:  32%|███▏      | 580/1812 [08:10<17:21,  1.18it/s, v_num=ip8c]
Epoch 0:  32%|███▏      | 580/1812 [08:10<17:21,  1.18it/s, v_num=ip8c]
Epoch 0:  32%|███▏      | 581/1812 [08:10<17:19,  1.18it/s, v_num=ip8c]
Epoch 0:  32%|███▏      | 581/1812 [08:10<17:19,  1.18it/s, v_num=ip8c]
Epoch 0:  32%|███▏      | 582/1812 [08:11<17:18,  1.18it/s, v_num=ip8c]
Epoch 0:  32%|███▏      | 582/1812 [08:11<17:18,  1.18it/s, v_num=ip8c]
Epoch 0:  32%|███▏      | 583/1812 [08:11<17:17,  1.19it/s, v_num=ip8c]
Epoch 0:  32%|███▏      | 583/1812 [08:11<17:17,  1.19it/s, v_num=ip8c]
Epoch 0:  32%|███▏      | 584/1812 [08:12<17:15,  1.19it/s, v_num=ip8c]
Epoch 0:  32%|███▏      | 584/1812 [08:12<17:15,  1.19it/s, v_num=ip8c]
Epoch 0:  32%|███▏      | 585/1812 [08:13<17:14,  1.19it/s, v_num=ip8c]
Epoch 0:  32%|███▏      | 585/1812 [08:13<17:14,  1.19it/s, v_num=ip8c]
Epoch 0:  32%|███▏      | 586/1812 [08:13<17:12,  1.19it/s, v_num=ip8c]
Epoch 0:  32%|███▏      | 586/1812 [08:13<17:12,  1.19it/s, v_num=ip8c]
Epoch 0:  32%|███▏      | 587/1812 [08:14<17:11,  1.19it/s, v_num=ip8c]
Epoch 0:  32%|███▏      | 587/1812 [08:14<17:11,  1.19it/s, v_num=ip8c]
Epoch 0:  32%|███▏      | 588/1812 [08:14<17:10,  1.19it/s, v_num=ip8c]
Epoch 0:  32%|███▏      | 588/1812 [08:14<17:10,  1.19it/s, v_num=ip8c]
Epoch 0:  33%|███▎      | 589/1812 [08:15<17:08,  1.19it/s, v_num=ip8c]
Epoch 0:  33%|███▎      | 589/1812 [08:15<17:08,  1.19it/s, v_num=ip8c]
Epoch 0:  33%|███▎      | 590/1812 [08:16<17:07,  1.19it/s, v_num=ip8c]
Epoch 0:  33%|███▎      | 590/1812 [08:16<17:07,  1.19it/s, v_num=ip8c]
Epoch 0:  33%|███▎      | 591/1812 [08:16<17:06,  1.19it/s, v_num=ip8c]
Epoch 0:  33%|███▎      | 591/1812 [08:16<17:06,  1.19it/s, v_num=ip8c]
Epoch 0:  33%|███▎      | 592/1812 [08:17<17:04,  1.19it/s, v_num=ip8c]
Epoch 0:  33%|███▎      | 592/1812 [08:17<17:04,  1.19it/s, v_num=ip8c]
Epoch 0:  33%|███▎      | 593/1812 [08:17<17:03,  1.19it/s, v_num=ip8c]
Epoch 0:  33%|███▎      | 593/1812 [08:17<17:03,  1.19it/s, v_num=ip8c]
Epoch 0:  33%|███▎      | 594/1812 [08:18<17:02,  1.19it/s, v_num=ip8c]
Epoch 0:  33%|███▎      | 594/1812 [08:18<17:02,  1.19it/s, v_num=ip8c]
Epoch 0:  33%|███▎      | 595/1812 [08:19<17:00,  1.19it/s, v_num=ip8c]
Epoch 0:  33%|███▎      | 595/1812 [08:19<17:00,  1.19it/s, v_num=ip8c]
Epoch 0:  33%|███▎      | 596/1812 [08:19<16:59,  1.19it/s, v_num=ip8c]
Epoch 0:  33%|███▎      | 596/1812 [08:19<16:59,  1.19it/s, v_num=ip8c]
Epoch 0:  33%|███▎      | 597/1812 [08:20<16:57,  1.19it/s, v_num=ip8c]
Epoch 0:  33%|███▎      | 597/1812 [08:20<16:57,  1.19it/s, v_num=ip8c]
Epoch 0:  33%|███▎      | 598/1812 [08:20<16:56,  1.19it/s, v_num=ip8c]
Epoch 0:  33%|███▎      | 598/1812 [08:20<16:56,  1.19it/s, v_num=ip8c]
Epoch 0:  33%|███▎      | 599/1812 [08:21<16:55,  1.19it/s, v_num=ip8c]
Epoch 0:  33%|███▎      | 599/1812 [08:21<16:55,  1.19it/s, v_num=ip8c]
Epoch 0:  33%|███▎      | 600/1812 [08:21<16:53,  1.20it/s, v_num=ip8c]
Epoch 0:  33%|███▎      | 600/1812 [08:21<16:53,  1.20it/s, v_num=ip8c]
Epoch 0:  33%|███▎      | 601/1812 [08:22<16:52,  1.20it/s, v_num=ip8c]
Epoch 0:  33%|███▎      | 601/1812 [08:22<16:52,  1.20it/s, v_num=ip8c]
Epoch 0:  33%|███▎      | 602/1812 [08:23<16:51,  1.20it/s, v_num=ip8c]
Epoch 0:  33%|███▎      | 602/1812 [08:23<16:51,  1.20it/s, v_num=ip8c]
Epoch 0:  33%|███▎      | 603/1812 [08:23<16:49,  1.20it/s, v_num=ip8c]
Epoch 0:  33%|███▎      | 603/1812 [08:23<16:49,  1.20it/s, v_num=ip8c]
Epoch 0:  33%|███▎      | 604/1812 [08:24<16:48,  1.20it/s, v_num=ip8c]
Epoch 0:  33%|███▎      | 604/1812 [08:24<16:48,  1.20it/s, v_num=ip8c]
Epoch 0:  33%|███▎      | 605/1812 [08:24<16:47,  1.20it/s, v_num=ip8c]
Epoch 0:  33%|███▎      | 605/1812 [08:24<16:47,  1.20it/s, v_num=ip8c]
Epoch 0:  33%|███▎      | 606/1812 [08:25<16:45,  1.20it/s, v_num=ip8c]
Epoch 0:  33%|███▎      | 606/1812 [08:25<16:45,  1.20it/s, v_num=ip8c]
Epoch 0:  33%|███▎      | 607/1812 [08:26<16:44,  1.20it/s, v_num=ip8c]
Epoch 0:  33%|███▎      | 607/1812 [08:26<16:44,  1.20it/s, v_num=ip8c]
Epoch 0:  34%|███▎      | 608/1812 [08:26<16:43,  1.20it/s, v_num=ip8c]
Epoch 0:  34%|███▎      | 608/1812 [08:26<16:43,  1.20it/s, v_num=ip8c]
Epoch 0:  34%|███▎      | 609/1812 [08:27<16:41,  1.20it/s, v_num=ip8c]
Epoch 0:  34%|███▎      | 609/1812 [08:27<16:41,  1.20it/s, v_num=ip8c]
Epoch 0:  34%|███▎      | 610/1812 [08:36<16:56,  1.18it/s, v_num=ip8c]
Epoch 0:  34%|███▎      | 610/1812 [08:36<16:56,  1.18it/s, v_num=ip8c]
Epoch 0:  34%|███▎      | 611/1812 [08:36<16:55,  1.18it/s, v_num=ip8c]
Epoch 0:  34%|███▎      | 611/1812 [08:36<16:55,  1.18it/s, v_num=ip8c]
Epoch 0:  34%|███▍      | 612/1812 [08:37<16:54,  1.18it/s, v_num=ip8c]
Epoch 0:  34%|███▍      | 612/1812 [08:37<16:54,  1.18it/s, v_num=ip8c]
Epoch 0:  34%|███▍      | 613/1812 [08:37<16:52,  1.18it/s, v_num=ip8c]
Epoch 0:  34%|███▍      | 613/1812 [08:37<16:52,  1.18it/s, v_num=ip8c]
Epoch 0:  34%|███▍      | 614/1812 [08:38<16:51,  1.18it/s, v_num=ip8c]
Epoch 0:  34%|███▍      | 614/1812 [08:38<16:51,  1.18it/s, v_num=ip8c]
Epoch 0:  34%|███▍      | 615/1812 [08:38<16:50,  1.18it/s, v_num=ip8c]
Epoch 0:  34%|███▍      | 615/1812 [08:38<16:50,  1.18it/s, v_num=ip8c]
Epoch 0:  34%|███▍      | 616/1812 [08:39<16:48,  1.19it/s, v_num=ip8c]
Epoch 0:  34%|███▍      | 616/1812 [08:39<16:48,  1.19it/s, v_num=ip8c]
Epoch 0:  34%|███▍      | 617/1812 [08:40<16:47,  1.19it/s, v_num=ip8c]
Epoch 0:  34%|███▍      | 617/1812 [08:40<16:47,  1.19it/s, v_num=ip8c]
Epoch 0:  34%|███▍      | 618/1812 [08:40<16:46,  1.19it/s, v_num=ip8c]
Epoch 0:  34%|███▍      | 618/1812 [08:40<16:46,  1.19it/s, v_num=ip8c]
Epoch 0:  34%|███▍      | 619/1812 [08:41<16:44,  1.19it/s, v_num=ip8c]
Epoch 0:  34%|███▍      | 619/1812 [08:41<16:44,  1.19it/s, v_num=ip8c]
Epoch 0:  34%|███▍      | 620/1812 [08:41<16:43,  1.19it/s, v_num=ip8c]
Epoch 0:  34%|███▍      | 620/1812 [08:41<16:43,  1.19it/s, v_num=ip8c]
Epoch 0:  34%|███▍      | 621/1812 [08:42<16:42,  1.19it/s, v_num=ip8c]
Epoch 0:  34%|███▍      | 621/1812 [08:42<16:42,  1.19it/s, v_num=ip8c]
Epoch 0:  34%|███▍      | 622/1812 [08:43<16:40,  1.19it/s, v_num=ip8c]
Epoch 0:  34%|███▍      | 622/1812 [08:43<16:40,  1.19it/s, v_num=ip8c]
Epoch 0:  34%|███▍      | 623/1812 [08:43<16:39,  1.19it/s, v_num=ip8c]
Epoch 0:  34%|███▍      | 623/1812 [08:43<16:39,  1.19it/s, v_num=ip8c]
Epoch 0:  34%|███▍      | 624/1812 [08:44<16:38,  1.19it/s, v_num=ip8c]
Epoch 0:  34%|███▍      | 624/1812 [08:44<16:38,  1.19it/s, v_num=ip8c]
Epoch 0:  34%|███▍      | 625/1812 [08:44<16:36,  1.19it/s, v_num=ip8c]
Epoch 0:  34%|███▍      | 625/1812 [08:44<16:36,  1.19it/s, v_num=ip8c]
Epoch 0:  35%|███▍      | 626/1812 [08:45<16:35,  1.19it/s, v_num=ip8c]
Epoch 0:  35%|███▍      | 626/1812 [08:45<16:35,  1.19it/s, v_num=ip8c]
Epoch 0:  35%|███▍      | 627/1812 [08:46<16:34,  1.19it/s, v_num=ip8c]
Epoch 0:  35%|███▍      | 627/1812 [08:46<16:34,  1.19it/s, v_num=ip8c]
Epoch 0:  35%|███▍      | 628/1812 [08:46<16:32,  1.19it/s, v_num=ip8c]
Epoch 0:  35%|███▍      | 628/1812 [08:46<16:32,  1.19it/s, v_num=ip8c]
Epoch 0:  35%|███▍      | 629/1812 [08:47<16:31,  1.19it/s, v_num=ip8c]
Epoch 0:  35%|███▍      | 629/1812 [08:47<16:31,  1.19it/s, v_num=ip8c]
Epoch 0:  35%|███▍      | 630/1812 [08:47<16:30,  1.19it/s, v_num=ip8c]
Epoch 0:  35%|███▍      | 630/1812 [08:47<16:30,  1.19it/s, v_num=ip8c]
Epoch 0:  35%|███▍      | 631/1812 [08:48<16:29,  1.19it/s, v_num=ip8c]
Epoch 0:  35%|███▍      | 631/1812 [08:48<16:29,  1.19it/s, v_num=ip8c]
Epoch 0:  35%|███▍      | 632/1812 [08:49<16:27,  1.19it/s, v_num=ip8c]
Epoch 0:  35%|███▍      | 632/1812 [08:49<16:27,  1.19it/s, v_num=ip8c]
Epoch 0:  35%|███▍      | 633/1812 [08:49<16:26,  1.20it/s, v_num=ip8c]
Epoch 0:  35%|███▍      | 633/1812 [08:49<16:26,  1.20it/s, v_num=ip8c]
Epoch 0:  35%|███▍      | 634/1812 [08:50<16:25,  1.20it/s, v_num=ip8c]
Epoch 0:  35%|███▍      | 634/1812 [08:50<16:25,  1.20it/s, v_num=ip8c]
Epoch 0:  35%|███▌      | 635/1812 [08:50<16:23,  1.20it/s, v_num=ip8c]
Epoch 0:  35%|███▌      | 635/1812 [08:50<16:23,  1.20it/s, v_num=ip8c]
Epoch 0:  35%|███▌      | 636/1812 [08:51<16:22,  1.20it/s, v_num=ip8c]
Epoch 0:  35%|███▌      | 636/1812 [08:51<16:22,  1.20it/s, v_num=ip8c]
Epoch 0:  35%|███▌      | 637/1812 [08:51<16:21,  1.20it/s, v_num=ip8c]
Epoch 0:  35%|███▌      | 637/1812 [08:51<16:21,  1.20it/s, v_num=ip8c]
Epoch 0:  35%|███▌      | 638/1812 [08:52<16:19,  1.20it/s, v_num=ip8c]
Epoch 0:  35%|███▌      | 638/1812 [08:52<16:19,  1.20it/s, v_num=ip8c]
Epoch 0:  35%|███▌      | 639/1812 [08:53<16:18,  1.20it/s, v_num=ip8c]
Epoch 0:  35%|███▌      | 639/1812 [08:53<16:18,  1.20it/s, v_num=ip8c]
Epoch 0:  35%|███▌      | 640/1812 [08:53<16:17,  1.20it/s, v_num=ip8c]
Epoch 0:  35%|███▌      | 640/1812 [08:53<16:17,  1.20it/s, v_num=ip8c]
Epoch 0:  35%|███▌      | 641/1812 [08:54<16:16,  1.20it/s, v_num=ip8c]
Epoch 0:  35%|███▌      | 641/1812 [08:54<16:16,  1.20it/s, v_num=ip8c]
Epoch 0:  35%|███▌      | 642/1812 [08:54<16:14,  1.20it/s, v_num=ip8c]
Epoch 0:  35%|███▌      | 642/1812 [08:54<16:14,  1.20it/s, v_num=ip8c]
Epoch 0:  35%|███▌      | 643/1812 [08:55<16:13,  1.20it/s, v_num=ip8c]
Epoch 0:  35%|███▌      | 643/1812 [08:55<16:13,  1.20it/s, v_num=ip8c]
Epoch 0:  36%|███▌      | 644/1812 [08:56<16:12,  1.20it/s, v_num=ip8c]
Epoch 0:  36%|███▌      | 644/1812 [08:56<16:12,  1.20it/s, v_num=ip8c]
Epoch 0:  36%|███▌      | 645/1812 [08:56<16:10,  1.20it/s, v_num=ip8c]
Epoch 0:  36%|███▌      | 645/1812 [08:56<16:10,  1.20it/s, v_num=ip8c]
Epoch 0:  36%|███▌      | 646/1812 [08:57<16:09,  1.20it/s, v_num=ip8c]
Epoch 0:  36%|███▌      | 646/1812 [08:57<16:09,  1.20it/s, v_num=ip8c]
Epoch 0:  36%|███▌      | 647/1812 [08:57<16:08,  1.20it/s, v_num=ip8c]
Epoch 0:  36%|███▌      | 647/1812 [08:57<16:08,  1.20it/s, v_num=ip8c]
Epoch 0:  36%|███▌      | 648/1812 [08:58<16:07,  1.20it/s, v_num=ip8c]
Epoch 0:  36%|███▌      | 648/1812 [08:58<16:07,  1.20it/s, v_num=ip8c]
Epoch 0:  36%|███▌      | 649/1812 [08:59<16:05,  1.20it/s, v_num=ip8c]
Epoch 0:  36%|███▌      | 649/1812 [08:59<16:05,  1.20it/s, v_num=ip8c]
Epoch 0:  36%|███▌      | 650/1812 [08:59<16:04,  1.20it/s, v_num=ip8c]
Epoch 0:  36%|███▌      | 650/1812 [08:59<16:04,  1.20it/s, v_num=ip8c]
Epoch 0:  36%|███▌      | 651/1812 [09:00<16:03,  1.21it/s, v_num=ip8c]
Epoch 0:  36%|███▌      | 651/1812 [09:00<16:03,  1.21it/s, v_num=ip8c]
Epoch 0:  36%|███▌      | 652/1812 [09:00<16:02,  1.21it/s, v_num=ip8c]
Epoch 0:  36%|███▌      | 652/1812 [09:00<16:02,  1.21it/s, v_num=ip8c]
Epoch 0:  36%|███▌      | 653/1812 [09:01<16:00,  1.21it/s, v_num=ip8c]
Epoch 0:  36%|███▌      | 653/1812 [09:01<16:00,  1.21it/s, v_num=ip8c]
Epoch 0:  36%|███▌      | 654/1812 [09:01<15:59,  1.21it/s, v_num=ip8c]
Epoch 0:  36%|███▌      | 654/1812 [09:01<15:59,  1.21it/s, v_num=ip8c]
Epoch 0:  36%|███▌      | 655/1812 [09:12<16:16,  1.19it/s, v_num=ip8c]
Epoch 0:  36%|███▌      | 655/1812 [09:12<16:16,  1.19it/s, v_num=ip8c]
Epoch 0:  36%|███▌      | 656/1812 [09:13<16:14,  1.19it/s, v_num=ip8c]
Epoch 0:  36%|███▌      | 656/1812 [09:13<16:14,  1.19it/s, v_num=ip8c]
Epoch 0:  36%|███▋      | 657/1812 [09:13<16:13,  1.19it/s, v_num=ip8c]
Epoch 0:  36%|███▋      | 657/1812 [09:13<16:13,  1.19it/s, v_num=ip8c]
Epoch 0:  36%|███▋      | 658/1812 [09:14<16:12,  1.19it/s, v_num=ip8c]
Epoch 0:  36%|███▋      | 658/1812 [09:14<16:12,  1.19it/s, v_num=ip8c]
Epoch 0:  36%|███▋      | 659/1812 [09:15<16:11,  1.19it/s, v_num=ip8c]
Epoch 0:  36%|███▋      | 659/1812 [09:15<16:11,  1.19it/s, v_num=ip8c]
Epoch 0:  36%|███▋      | 660/1812 [09:15<16:09,  1.19it/s, v_num=ip8c]
Epoch 0:  36%|███▋      | 660/1812 [09:15<16:09,  1.19it/s, v_num=ip8c]
Epoch 0:  36%|███▋      | 661/1812 [09:16<16:08,  1.19it/s, v_num=ip8c]
Epoch 0:  36%|███▋      | 661/1812 [09:16<16:08,  1.19it/s, v_num=ip8c]
Epoch 0:  37%|███▋      | 662/1812 [09:16<16:07,  1.19it/s, v_num=ip8c]
Epoch 0:  37%|███▋      | 662/1812 [09:16<16:07,  1.19it/s, v_num=ip8c]
Epoch 0:  37%|███▋      | 663/1812 [09:17<16:06,  1.19it/s, v_num=ip8c]
Epoch 0:  37%|███▋      | 663/1812 [09:17<16:06,  1.19it/s, v_num=ip8c]
Epoch 0:  37%|███▋      | 664/1812 [09:17<16:04,  1.19it/s, v_num=ip8c]
Epoch 0:  37%|███▋      | 664/1812 [09:17<16:04,  1.19it/s, v_num=ip8c]
Epoch 0:  37%|███▋      | 665/1812 [09:18<16:03,  1.19it/s, v_num=ip8c]
Epoch 0:  37%|███▋      | 665/1812 [09:18<16:03,  1.19it/s, v_num=ip8c]
Epoch 0:  37%|███▋      | 666/1812 [09:19<16:02,  1.19it/s, v_num=ip8c]
Epoch 0:  37%|███▋      | 666/1812 [09:19<16:02,  1.19it/s, v_num=ip8c]
Epoch 0:  37%|███▋      | 667/1812 [09:19<16:00,  1.19it/s, v_num=ip8c]
Epoch 0:  37%|███▋      | 667/1812 [09:19<16:00,  1.19it/s, v_num=ip8c]
Epoch 0:  37%|███▋      | 668/1812 [09:20<15:59,  1.19it/s, v_num=ip8c]
Epoch 0:  37%|███▋      | 668/1812 [09:20<15:59,  1.19it/s, v_num=ip8c]
Epoch 0:  37%|███▋      | 669/1812 [09:20<15:58,  1.19it/s, v_num=ip8c]
Epoch 0:  37%|███▋      | 669/1812 [09:20<15:58,  1.19it/s, v_num=ip8c]
Epoch 0:  37%|███▋      | 670/1812 [09:21<15:57,  1.19it/s, v_num=ip8c]
Epoch 0:  37%|███▋      | 670/1812 [09:21<15:57,  1.19it/s, v_num=ip8c]
Epoch 0:  37%|███▋      | 671/1812 [09:22<15:55,  1.19it/s, v_num=ip8c]
Epoch 0:  37%|███▋      | 671/1812 [09:22<15:55,  1.19it/s, v_num=ip8c]
Epoch 0:  37%|███▋      | 672/1812 [09:22<15:54,  1.19it/s, v_num=ip8c]
Epoch 0:  37%|███▋      | 672/1812 [09:22<15:54,  1.19it/s, v_num=ip8c]
Epoch 0:  37%|███▋      | 673/1812 [09:23<15:53,  1.19it/s, v_num=ip8c]
Epoch 0:  37%|███▋      | 673/1812 [09:23<15:53,  1.19it/s, v_num=ip8c]
Epoch 0:  37%|███▋      | 674/1812 [09:23<15:52,  1.20it/s, v_num=ip8c]
Epoch 0:  37%|███▋      | 674/1812 [09:23<15:52,  1.20it/s, v_num=ip8c]
Epoch 0:  37%|███▋      | 675/1812 [09:24<15:50,  1.20it/s, v_num=ip8c]
Epoch 0:  37%|███▋      | 675/1812 [09:24<15:50,  1.20it/s, v_num=ip8c]
Epoch 0:  37%|███▋      | 676/1812 [09:25<15:49,  1.20it/s, v_num=ip8c]
Epoch 0:  37%|███▋      | 676/1812 [09:25<15:49,  1.20it/s, v_num=ip8c]
Epoch 0:  37%|███▋      | 677/1812 [09:25<15:48,  1.20it/s, v_num=ip8c]
Epoch 0:  37%|███▋      | 677/1812 [09:25<15:48,  1.20it/s, v_num=ip8c]
Epoch 0:  37%|███▋      | 678/1812 [09:26<15:47,  1.20it/s, v_num=ip8c]
Epoch 0:  37%|███▋      | 678/1812 [09:26<15:47,  1.20it/s, v_num=ip8c]
Epoch 0:  37%|███▋      | 679/1812 [09:26<15:45,  1.20it/s, v_num=ip8c]
Epoch 0:  37%|███▋      | 679/1812 [09:26<15:45,  1.20it/s, v_num=ip8c]
Epoch 0:  38%|███▊      | 680/1812 [09:27<15:44,  1.20it/s, v_num=ip8c]
Epoch 0:  38%|███▊      | 680/1812 [09:27<15:44,  1.20it/s, v_num=ip8c]
Epoch 0:  38%|███▊      | 681/1812 [09:28<15:43,  1.20it/s, v_num=ip8c]
Epoch 0:  38%|███▊      | 681/1812 [09:28<15:43,  1.20it/s, v_num=ip8c]
Epoch 0:  38%|███▊      | 682/1812 [09:28<15:42,  1.20it/s, v_num=ip8c]
Epoch 0:  38%|███▊      | 682/1812 [09:28<15:42,  1.20it/s, v_num=ip8c]
Epoch 0:  38%|███▊      | 683/1812 [09:29<15:40,  1.20it/s, v_num=ip8c]
Epoch 0:  38%|███▊      | 683/1812 [09:29<15:40,  1.20it/s, v_num=ip8c]
Epoch 0:  38%|███▊      | 684/1812 [09:29<15:39,  1.20it/s, v_num=ip8c]
Epoch 0:  38%|███▊      | 684/1812 [09:29<15:39,  1.20it/s, v_num=ip8c]
Epoch 0:  38%|███▊      | 685/1812 [09:30<15:38,  1.20it/s, v_num=ip8c]
Epoch 0:  38%|███▊      | 685/1812 [09:30<15:38,  1.20it/s, v_num=ip8c]
Epoch 0:  38%|███▊      | 686/1812 [09:30<15:37,  1.20it/s, v_num=ip8c]
Epoch 0:  38%|███▊      | 686/1812 [09:30<15:37,  1.20it/s, v_num=ip8c]
Epoch 0:  38%|███▊      | 687/1812 [09:31<15:35,  1.20it/s, v_num=ip8c]
Epoch 0:  38%|███▊      | 687/1812 [09:31<15:35,  1.20it/s, v_num=ip8c]
Epoch 0:  38%|███▊      | 688/1812 [09:32<15:34,  1.20it/s, v_num=ip8c]
Epoch 0:  38%|███▊      | 688/1812 [09:32<15:34,  1.20it/s, v_num=ip8c]
Epoch 0:  38%|███▊      | 689/1812 [09:32<15:33,  1.20it/s, v_num=ip8c]
Epoch 0:  38%|███▊      | 689/1812 [09:32<15:33,  1.20it/s, v_num=ip8c]
Epoch 0:  38%|███▊      | 690/1812 [09:33<15:32,  1.20it/s, v_num=ip8c]
Epoch 0:  38%|███▊      | 690/1812 [09:33<15:32,  1.20it/s, v_num=ip8c]
Epoch 0:  38%|███▊      | 691/1812 [09:33<15:31,  1.20it/s, v_num=ip8c]
Epoch 0:  38%|███▊      | 691/1812 [09:33<15:31,  1.20it/s, v_num=ip8c]
Epoch 0:  38%|███▊      | 692/1812 [09:34<15:29,  1.20it/s, v_num=ip8c]
Epoch 0:  38%|███▊      | 692/1812 [09:34<15:29,  1.20it/s, v_num=ip8c]
Epoch 0:  38%|███▊      | 693/1812 [09:35<15:28,  1.21it/s, v_num=ip8c]
Epoch 0:  38%|███▊      | 693/1812 [09:35<15:28,  1.21it/s, v_num=ip8c]
Epoch 0:  38%|███▊      | 694/1812 [09:35<15:27,  1.21it/s, v_num=ip8c]
Epoch 0:  38%|███▊      | 694/1812 [09:35<15:27,  1.21it/s, v_num=ip8c]
Epoch 0:  38%|███▊      | 695/1812 [09:36<15:26,  1.21it/s, v_num=ip8c]
Epoch 0:  38%|███▊      | 695/1812 [09:36<15:26,  1.21it/s, v_num=ip8c]
Epoch 0:  38%|███▊      | 696/1812 [09:36<15:24,  1.21it/s, v_num=ip8c]
Epoch 0:  38%|███▊      | 696/1812 [09:36<15:24,  1.21it/s, v_num=ip8c]
Epoch 0:  38%|███▊      | 697/1812 [09:37<15:23,  1.21it/s, v_num=ip8c]
Epoch 0:  38%|███▊      | 697/1812 [09:37<15:23,  1.21it/s, v_num=ip8c]
Epoch 0:  39%|███▊      | 698/1812 [09:38<15:22,  1.21it/s, v_num=ip8c]
Epoch 0:  39%|███▊      | 698/1812 [09:38<15:22,  1.21it/s, v_num=ip8c]
Epoch 0:  39%|███▊      | 699/1812 [09:38<15:21,  1.21it/s, v_num=ip8c]
Epoch 0:  39%|███▊      | 699/1812 [09:38<15:21,  1.21it/s, v_num=ip8c]
Epoch 0:  39%|███▊      | 700/1812 [09:39<15:20,  1.21it/s, v_num=ip8c]
Epoch 0:  39%|███▊      | 700/1812 [09:39<15:20,  1.21it/s, v_num=ip8c]
Epoch 0:  39%|███▊      | 701/1812 [09:39<15:18,  1.21it/s, v_num=ip8c]
Epoch 0:  39%|███▊      | 701/1812 [09:39<15:18,  1.21it/s, v_num=ip8c]
Epoch 0:  39%|███▊      | 702/1812 [09:40<15:17,  1.21it/s, v_num=ip8c]
Epoch 0:  39%|███▊      | 702/1812 [09:40<15:17,  1.21it/s, v_num=ip8c]
Epoch 0:  39%|███▉      | 703/1812 [10:03<15:51,  1.17it/s, v_num=ip8c]
Epoch 0:  39%|███▉      | 703/1812 [10:03<15:51,  1.17it/s, v_num=ip8c]
Epoch 0:  39%|███▉      | 704/1812 [10:03<15:50,  1.17it/s, v_num=ip8c]
Epoch 0:  39%|███▉      | 704/1812 [10:03<15:50,  1.17it/s, v_num=ip8c]
Epoch 0:  39%|███▉      | 705/1812 [10:04<15:48,  1.17it/s, v_num=ip8c]
Epoch 0:  39%|███▉      | 705/1812 [10:04<15:48,  1.17it/s, v_num=ip8c]
Epoch 0:  39%|███▉      | 706/1812 [10:04<15:47,  1.17it/s, v_num=ip8c]
Epoch 0:  39%|███▉      | 706/1812 [10:04<15:47,  1.17it/s, v_num=ip8c]
Epoch 0:  39%|███▉      | 707/1812 [10:05<15:46,  1.17it/s, v_num=ip8c]
Epoch 0:  39%|███▉      | 707/1812 [10:05<15:46,  1.17it/s, v_num=ip8c]
Epoch 0:  39%|███▉      | 708/1812 [10:06<15:45,  1.17it/s, v_num=ip8c]
Epoch 0:  39%|███▉      | 708/1812 [10:06<15:45,  1.17it/s, v_num=ip8c]
Epoch 0:  39%|███▉      | 709/1812 [10:06<15:43,  1.17it/s, v_num=ip8c]
Epoch 0:  39%|███▉      | 709/1812 [10:06<15:43,  1.17it/s, v_num=ip8c]
Epoch 0:  39%|███▉      | 710/1812 [10:07<15:42,  1.17it/s, v_num=ip8c]
Epoch 0:  39%|███▉      | 710/1812 [10:07<15:42,  1.17it/s, v_num=ip8c]
Epoch 0:  39%|███▉      | 711/1812 [10:07<15:41,  1.17it/s, v_num=ip8c]
Epoch 0:  39%|███▉      | 711/1812 [10:07<15:41,  1.17it/s, v_num=ip8c]
Epoch 0:  39%|███▉      | 712/1812 [10:08<15:39,  1.17it/s, v_num=ip8c]
Epoch 0:  39%|███▉      | 712/1812 [10:08<15:39,  1.17it/s, v_num=ip8c]
Epoch 0:  39%|███▉      | 713/1812 [10:09<15:38,  1.17it/s, v_num=ip8c]
Epoch 0:  39%|███▉      | 713/1812 [10:09<15:38,  1.17it/s, v_num=ip8c]
Epoch 0:  39%|███▉      | 714/1812 [10:09<15:37,  1.17it/s, v_num=ip8c]
Epoch 0:  39%|███▉      | 714/1812 [10:09<15:37,  1.17it/s, v_num=ip8c]
Epoch 0:  39%|███▉      | 715/1812 [10:10<15:36,  1.17it/s, v_num=ip8c]
Epoch 0:  39%|███▉      | 715/1812 [10:10<15:36,  1.17it/s, v_num=ip8c]
Epoch 0:  40%|███▉      | 716/1812 [10:10<15:34,  1.17it/s, v_num=ip8c]
Epoch 0:  40%|███▉      | 716/1812 [10:10<15:34,  1.17it/s, v_num=ip8c]
Epoch 0:  40%|███▉      | 717/1812 [10:11<15:33,  1.17it/s, v_num=ip8c]
Epoch 0:  40%|███▉      | 717/1812 [10:11<15:33,  1.17it/s, v_num=ip8c]
Epoch 0:  40%|███▉      | 718/1812 [10:11<15:32,  1.17it/s, v_num=ip8c]
Epoch 0:  40%|███▉      | 718/1812 [10:11<15:32,  1.17it/s, v_num=ip8c]
Epoch 0:  40%|███▉      | 719/1812 [10:12<15:31,  1.17it/s, v_num=ip8c]
Epoch 0:  40%|███▉      | 719/1812 [10:12<15:31,  1.17it/s, v_num=ip8c]
Epoch 0:  40%|███▉      | 720/1812 [10:13<15:29,  1.17it/s, v_num=ip8c]
Epoch 0:  40%|███▉      | 720/1812 [10:13<15:29,  1.17it/s, v_num=ip8c]
Epoch 0:  40%|███▉      | 721/1812 [10:13<15:28,  1.17it/s, v_num=ip8c]
Epoch 0:  40%|███▉      | 721/1812 [10:13<15:28,  1.17it/s, v_num=ip8c]
Epoch 0:  40%|███▉      | 722/1812 [10:14<15:27,  1.18it/s, v_num=ip8c]
Epoch 0:  40%|███▉      | 722/1812 [10:14<15:27,  1.18it/s, v_num=ip8c]
Epoch 0:  40%|███▉      | 723/1812 [10:14<15:26,  1.18it/s, v_num=ip8c]
Epoch 0:  40%|███▉      | 723/1812 [10:14<15:26,  1.18it/s, v_num=ip8c]
Epoch 0:  40%|███▉      | 724/1812 [10:15<15:24,  1.18it/s, v_num=ip8c]
Epoch 0:  40%|███▉      | 724/1812 [10:15<15:24,  1.18it/s, v_num=ip8c]
Epoch 0:  40%|████      | 725/1812 [10:16<15:23,  1.18it/s, v_num=ip8c]
Epoch 0:  40%|████      | 725/1812 [10:16<15:23,  1.18it/s, v_num=ip8c]
Epoch 0:  40%|████      | 726/1812 [10:16<15:22,  1.18it/s, v_num=ip8c]
Epoch 0:  40%|████      | 726/1812 [10:16<15:22,  1.18it/s, v_num=ip8c]
Epoch 0:  40%|████      | 727/1812 [10:17<15:21,  1.18it/s, v_num=ip8c]
Epoch 0:  40%|████      | 727/1812 [10:17<15:21,  1.18it/s, v_num=ip8c]
Epoch 0:  40%|████      | 728/1812 [10:17<15:19,  1.18it/s, v_num=ip8c]
Epoch 0:  40%|████      | 728/1812 [10:17<15:19,  1.18it/s, v_num=ip8c]
Epoch 0:  40%|████      | 729/1812 [10:18<15:18,  1.18it/s, v_num=ip8c]
Epoch 0:  40%|████      | 729/1812 [10:18<15:18,  1.18it/s, v_num=ip8c]
Epoch 0:  40%|████      | 730/1812 [10:19<15:17,  1.18it/s, v_num=ip8c]
Epoch 0:  40%|████      | 730/1812 [10:19<15:17,  1.18it/s, v_num=ip8c]
Epoch 0:  40%|████      | 731/1812 [10:19<15:16,  1.18it/s, v_num=ip8c]
Epoch 0:  40%|████      | 731/1812 [10:19<15:16,  1.18it/s, v_num=ip8c]
Epoch 0:  40%|████      | 732/1812 [10:20<15:15,  1.18it/s, v_num=ip8c]
Epoch 0:  40%|████      | 732/1812 [10:20<15:15,  1.18it/s, v_num=ip8c]
Epoch 0:  40%|████      | 733/1812 [10:20<15:13,  1.18it/s, v_num=ip8c]
Epoch 0:  40%|████      | 733/1812 [10:20<15:13,  1.18it/s, v_num=ip8c]
Epoch 0:  41%|████      | 734/1812 [10:21<15:12,  1.18it/s, v_num=ip8c]
Epoch 0:  41%|████      | 734/1812 [10:21<15:12,  1.18it/s, v_num=ip8c]
Epoch 0:  41%|████      | 735/1812 [10:21<15:11,  1.18it/s, v_num=ip8c]
Epoch 0:  41%|████      | 735/1812 [10:21<15:11,  1.18it/s, v_num=ip8c]
Epoch 0:  41%|████      | 736/1812 [10:22<15:10,  1.18it/s, v_num=ip8c]
Epoch 0:  41%|████      | 736/1812 [10:22<15:10,  1.18it/s, v_num=ip8c]
Epoch 0:  41%|████      | 737/1812 [10:23<15:08,  1.18it/s, v_num=ip8c]
Epoch 0:  41%|████      | 737/1812 [10:23<15:08,  1.18it/s, v_num=ip8c]
Epoch 0:  41%|████      | 738/1812 [10:23<15:07,  1.18it/s, v_num=ip8c]
Epoch 0:  41%|████      | 738/1812 [10:23<15:07,  1.18it/s, v_num=ip8c]
Epoch 0:  41%|████      | 739/1812 [10:24<15:06,  1.18it/s, v_num=ip8c]
Epoch 0:  41%|████      | 739/1812 [10:24<15:06,  1.18it/s, v_num=ip8c]
Epoch 0:  41%|████      | 740/1812 [10:24<15:05,  1.18it/s, v_num=ip8c]
Epoch 0:  41%|████      | 740/1812 [10:24<15:05,  1.18it/s, v_num=ip8c]
Epoch 0:  41%|████      | 741/1812 [10:25<15:04,  1.18it/s, v_num=ip8c]
Epoch 0:  41%|████      | 741/1812 [10:25<15:04,  1.18it/s, v_num=ip8c]
Epoch 0:  41%|████      | 742/1812 [10:26<15:02,  1.19it/s, v_num=ip8c]
Epoch 0:  41%|████      | 742/1812 [10:26<15:02,  1.19it/s, v_num=ip8c]
Epoch 0:  41%|████      | 743/1812 [10:26<15:01,  1.19it/s, v_num=ip8c]
Epoch 0:  41%|████      | 743/1812 [10:26<15:01,  1.19it/s, v_num=ip8c]
Epoch 0:  41%|████      | 744/1812 [10:27<15:00,  1.19it/s, v_num=ip8c]
Epoch 0:  41%|████      | 744/1812 [10:27<15:00,  1.19it/s, v_num=ip8c]
Epoch 0:  41%|████      | 745/1812 [10:27<14:59,  1.19it/s, v_num=ip8c]
Epoch 0:  41%|████      | 745/1812 [10:27<14:59,  1.19it/s, v_num=ip8c]
Epoch 0:  41%|████      | 746/1812 [10:28<14:58,  1.19it/s, v_num=ip8c]
Epoch 0:  41%|████      | 746/1812 [10:28<14:58,  1.19it/s, v_num=ip8c]
Epoch 0:  41%|████      | 747/1812 [10:29<14:56,  1.19it/s, v_num=ip8c]
Epoch 0:  41%|████      | 747/1812 [10:29<14:56,  1.19it/s, v_num=ip8c]
Epoch 0:  41%|████▏     | 748/1812 [10:29<14:55,  1.19it/s, v_num=ip8c]
Epoch 0:  41%|████▏     | 748/1812 [10:29<14:55,  1.19it/s, v_num=ip8c]
Epoch 0:  41%|████▏     | 749/1812 [10:30<14:54,  1.19it/s, v_num=ip8c]
Epoch 0:  41%|████▏     | 749/1812 [10:30<14:54,  1.19it/s, v_num=ip8c]
Epoch 0:  41%|████▏     | 750/1812 [10:30<14:53,  1.19it/s, v_num=ip8c]
Epoch 0:  41%|████▏     | 750/1812 [10:30<14:53,  1.19it/s, v_num=ip8c]
Epoch 0:  41%|████▏     | 751/1812 [10:49<15:16,  1.16it/s, v_num=ip8c]
Epoch 0:  41%|████▏     | 751/1812 [10:49<15:16,  1.16it/s, v_num=ip8c]
Epoch 0:  42%|████▏     | 752/1812 [10:49<15:15,  1.16it/s, v_num=ip8c]
Epoch 0:  42%|████▏     | 752/1812 [10:49<15:15,  1.16it/s, v_num=ip8c]
Epoch 0:  42%|████▏     | 753/1812 [10:50<15:14,  1.16it/s, v_num=ip8c]
Epoch 0:  42%|████▏     | 753/1812 [10:50<15:14,  1.16it/s, v_num=ip8c]
Epoch 0:  42%|████▏     | 754/1812 [10:50<15:13,  1.16it/s, v_num=ip8c]
Epoch 0:  42%|████▏     | 754/1812 [10:50<15:13,  1.16it/s, v_num=ip8c]
Epoch 0:  42%|████▏     | 755/1812 [10:51<15:11,  1.16it/s, v_num=ip8c]
Epoch 0:  42%|████▏     | 755/1812 [10:51<15:11,  1.16it/s, v_num=ip8c]
Epoch 0:  42%|████▏     | 756/1812 [10:52<15:10,  1.16it/s, v_num=ip8c]
Epoch 0:  42%|████▏     | 756/1812 [10:52<15:10,  1.16it/s, v_num=ip8c]
Epoch 0:  42%|████▏     | 757/1812 [10:52<15:09,  1.16it/s, v_num=ip8c]
Epoch 0:  42%|████▏     | 757/1812 [10:52<15:09,  1.16it/s, v_num=ip8c]
Epoch 0:  42%|████▏     | 758/1812 [10:53<15:08,  1.16it/s, v_num=ip8c]
Epoch 0:  42%|████▏     | 758/1812 [10:53<15:08,  1.16it/s, v_num=ip8c]
Epoch 0:  42%|████▏     | 759/1812 [10:53<15:07,  1.16it/s, v_num=ip8c]
Epoch 0:  42%|████▏     | 759/1812 [10:53<15:07,  1.16it/s, v_num=ip8c]
Epoch 0:  42%|████▏     | 760/1812 [10:54<15:05,  1.16it/s, v_num=ip8c]
Epoch 0:  42%|████▏     | 760/1812 [10:54<15:05,  1.16it/s, v_num=ip8c]
Epoch 0:  42%|████▏     | 761/1812 [10:54<15:04,  1.16it/s, v_num=ip8c]
Epoch 0:  42%|████▏     | 761/1812 [10:54<15:04,  1.16it/s, v_num=ip8c]
Epoch 0:  42%|████▏     | 762/1812 [10:55<15:03,  1.16it/s, v_num=ip8c]
Epoch 0:  42%|████▏     | 762/1812 [10:55<15:03,  1.16it/s, v_num=ip8c]
Epoch 0:  42%|████▏     | 763/1812 [10:56<15:02,  1.16it/s, v_num=ip8c]
Epoch 0:  42%|████▏     | 763/1812 [10:56<15:02,  1.16it/s, v_num=ip8c]
Epoch 0:  42%|████▏     | 764/1812 [10:56<15:00,  1.16it/s, v_num=ip8c]
Epoch 0:  42%|████▏     | 764/1812 [10:56<15:00,  1.16it/s, v_num=ip8c]
Epoch 0:  42%|████▏     | 765/1812 [10:57<14:59,  1.16it/s, v_num=ip8c]
Epoch 0:  42%|████▏     | 765/1812 [10:57<14:59,  1.16it/s, v_num=ip8c]
Epoch 0:  42%|████▏     | 766/1812 [10:57<14:58,  1.16it/s, v_num=ip8c]
Epoch 0:  42%|████▏     | 766/1812 [10:57<14:58,  1.16it/s, v_num=ip8c]
Epoch 0:  42%|████▏     | 767/1812 [10:58<14:57,  1.16it/s, v_num=ip8c]
Epoch 0:  42%|████▏     | 767/1812 [10:58<14:57,  1.16it/s, v_num=ip8c]
Epoch 0:  42%|████▏     | 768/1812 [10:59<14:55,  1.17it/s, v_num=ip8c]
Epoch 0:  42%|████▏     | 768/1812 [10:59<14:55,  1.17it/s, v_num=ip8c]
Epoch 0:  42%|████▏     | 769/1812 [10:59<14:54,  1.17it/s, v_num=ip8c]
Epoch 0:  42%|████▏     | 769/1812 [10:59<14:54,  1.17it/s, v_num=ip8c]
Epoch 0:  42%|████▏     | 770/1812 [11:00<14:53,  1.17it/s, v_num=ip8c]
Epoch 0:  42%|████▏     | 770/1812 [11:00<14:53,  1.17it/s, v_num=ip8c]
Epoch 0:  43%|████▎     | 771/1812 [11:00<14:52,  1.17it/s, v_num=ip8c]
Epoch 0:  43%|████▎     | 771/1812 [11:00<14:52,  1.17it/s, v_num=ip8c]
Epoch 0:  43%|████▎     | 772/1812 [11:01<14:51,  1.17it/s, v_num=ip8c]
Epoch 0:  43%|████▎     | 772/1812 [11:01<14:51,  1.17it/s, v_num=ip8c]
Epoch 0:  43%|████▎     | 773/1812 [11:02<14:49,  1.17it/s, v_num=ip8c]
Epoch 0:  43%|████▎     | 773/1812 [11:02<14:49,  1.17it/s, v_num=ip8c]
Epoch 0:  43%|████▎     | 774/1812 [11:02<14:48,  1.17it/s, v_num=ip8c]
Epoch 0:  43%|████▎     | 774/1812 [11:02<14:48,  1.17it/s, v_num=ip8c]
Epoch 0:  43%|████▎     | 775/1812 [11:03<14:47,  1.17it/s, v_num=ip8c]
Epoch 0:  43%|████▎     | 775/1812 [11:03<14:47,  1.17it/s, v_num=ip8c]
Epoch 0:  43%|████▎     | 776/1812 [11:03<14:46,  1.17it/s, v_num=ip8c]
Epoch 0:  43%|████▎     | 776/1812 [11:03<14:46,  1.17it/s, v_num=ip8c]
Epoch 0:  43%|████▎     | 777/1812 [11:04<14:44,  1.17it/s, v_num=ip8c]
Epoch 0:  43%|████▎     | 777/1812 [11:04<14:44,  1.17it/s, v_num=ip8c]
Epoch 0:  43%|████▎     | 778/1812 [11:04<14:43,  1.17it/s, v_num=ip8c]
Epoch 0:  43%|████▎     | 778/1812 [11:04<14:43,  1.17it/s, v_num=ip8c]
Epoch 0:  43%|████▎     | 779/1812 [11:05<14:42,  1.17it/s, v_num=ip8c]
Epoch 0:  43%|████▎     | 779/1812 [11:05<14:42,  1.17it/s, v_num=ip8c]
Epoch 0:  43%|████▎     | 780/1812 [11:06<14:41,  1.17it/s, v_num=ip8c]
Epoch 0:  43%|████▎     | 780/1812 [11:06<14:41,  1.17it/s, v_num=ip8c]
Epoch 0:  43%|████▎     | 781/1812 [11:06<14:40,  1.17it/s, v_num=ip8c]
Epoch 0:  43%|████▎     | 781/1812 [11:06<14:40,  1.17it/s, v_num=ip8c]
Epoch 0:  43%|████▎     | 782/1812 [11:07<14:38,  1.17it/s, v_num=ip8c]
Epoch 0:  43%|████▎     | 782/1812 [11:07<14:38,  1.17it/s, v_num=ip8c]
Epoch 0:  43%|████▎     | 783/1812 [11:07<14:37,  1.17it/s, v_num=ip8c]
Epoch 0:  43%|████▎     | 783/1812 [11:07<14:37,  1.17it/s, v_num=ip8c]
Epoch 0:  43%|████▎     | 784/1812 [11:08<14:36,  1.17it/s, v_num=ip8c]
Epoch 0:  43%|████▎     | 784/1812 [11:08<14:36,  1.17it/s, v_num=ip8c]
Epoch 0:  43%|████▎     | 785/1812 [11:09<14:35,  1.17it/s, v_num=ip8c]
Epoch 0:  43%|████▎     | 785/1812 [11:09<14:35,  1.17it/s, v_num=ip8c]
Epoch 0:  43%|████▎     | 786/1812 [11:09<14:34,  1.17it/s, v_num=ip8c]
Epoch 0:  43%|████▎     | 786/1812 [11:09<14:34,  1.17it/s, v_num=ip8c]
Epoch 0:  43%|████▎     | 787/1812 [11:10<14:32,  1.17it/s, v_num=ip8c]
Epoch 0:  43%|████▎     | 787/1812 [11:10<14:32,  1.17it/s, v_num=ip8c]
Epoch 0:  43%|████▎     | 788/1812 [11:10<14:31,  1.17it/s, v_num=ip8c]
Epoch 0:  43%|████▎     | 788/1812 [11:10<14:31,  1.17it/s, v_num=ip8c]
Epoch 0:  44%|████▎     | 789/1812 [11:11<14:30,  1.18it/s, v_num=ip8c]
Epoch 0:  44%|████▎     | 789/1812 [11:11<14:30,  1.18it/s, v_num=ip8c]
Epoch 0:  44%|████▎     | 790/1812 [11:12<14:29,  1.18it/s, v_num=ip8c]
Epoch 0:  44%|████▎     | 790/1812 [11:12<14:29,  1.18it/s, v_num=ip8c]
Epoch 0:  44%|████▎     | 791/1812 [11:12<14:28,  1.18it/s, v_num=ip8c]
Epoch 0:  44%|████▎     | 791/1812 [11:12<14:28,  1.18it/s, v_num=ip8c]
Epoch 0:  44%|████▎     | 792/1812 [11:13<14:27,  1.18it/s, v_num=ip8c]
Epoch 0:  44%|████▎     | 792/1812 [11:13<14:27,  1.18it/s, v_num=ip8c]
Epoch 0:  44%|████▍     | 793/1812 [11:13<14:25,  1.18it/s, v_num=ip8c]
Epoch 0:  44%|████▍     | 793/1812 [11:13<14:25,  1.18it/s, v_num=ip8c]
Epoch 0:  44%|████▍     | 794/1812 [11:14<14:24,  1.18it/s, v_num=ip8c]
Epoch 0:  44%|████▍     | 794/1812 [11:14<14:24,  1.18it/s, v_num=ip8c]
Epoch 0:  44%|████▍     | 795/1812 [11:14<14:23,  1.18it/s, v_num=ip8c]
Epoch 0:  44%|████▍     | 795/1812 [11:14<14:23,  1.18it/s, v_num=ip8c]
Epoch 0:  44%|████▍     | 796/1812 [11:36<14:49,  1.14it/s, v_num=ip8c]
Epoch 0:  44%|████▍     | 796/1812 [11:36<14:49,  1.14it/s, v_num=ip8c]
Epoch 0:  44%|████▍     | 797/1812 [11:37<14:47,  1.14it/s, v_num=ip8c]
Epoch 0:  44%|████▍     | 797/1812 [11:37<14:47,  1.14it/s, v_num=ip8c]
Epoch 0:  44%|████▍     | 798/1812 [11:37<14:46,  1.14it/s, v_num=ip8c]
Epoch 0:  44%|████▍     | 798/1812 [11:37<14:46,  1.14it/s, v_num=ip8c]
Epoch 0:  44%|████▍     | 799/1812 [11:38<14:45,  1.14it/s, v_num=ip8c]
Epoch 0:  44%|████▍     | 799/1812 [11:38<14:45,  1.14it/s, v_num=ip8c]
Epoch 0:  44%|████▍     | 800/1812 [11:38<14:44,  1.14it/s, v_num=ip8c]
Epoch 0:  44%|████▍     | 800/1812 [11:38<14:44,  1.14it/s, v_num=ip8c]
Epoch 0:  44%|████▍     | 801/1812 [11:39<14:42,  1.15it/s, v_num=ip8c]
Epoch 0:  44%|████▍     | 801/1812 [11:39<14:42,  1.15it/s, v_num=ip8c]
Epoch 0:  44%|████▍     | 802/1812 [11:40<14:41,  1.15it/s, v_num=ip8c]
Epoch 0:  44%|████▍     | 802/1812 [11:40<14:41,  1.15it/s, v_num=ip8c]
Epoch 0:  44%|████▍     | 803/1812 [11:40<14:40,  1.15it/s, v_num=ip8c]
Epoch 0:  44%|████▍     | 803/1812 [11:40<14:40,  1.15it/s, v_num=ip8c]
Epoch 0:  44%|████▍     | 804/1812 [11:41<14:39,  1.15it/s, v_num=ip8c]
Epoch 0:  44%|████▍     | 804/1812 [11:41<14:39,  1.15it/s, v_num=ip8c]
Epoch 0:  44%|████▍     | 805/1812 [11:41<14:37,  1.15it/s, v_num=ip8c]
Epoch 0:  44%|████▍     | 805/1812 [11:41<14:37,  1.15it/s, v_num=ip8c]
Epoch 0:  44%|████▍     | 806/1812 [11:42<14:36,  1.15it/s, v_num=ip8c]
Epoch 0:  44%|████▍     | 806/1812 [11:42<14:36,  1.15it/s, v_num=ip8c]
Epoch 0:  45%|████▍     | 807/1812 [11:42<14:35,  1.15it/s, v_num=ip8c]
Epoch 0:  45%|████▍     | 807/1812 [11:42<14:35,  1.15it/s, v_num=ip8c]
Epoch 0:  45%|████▍     | 808/1812 [11:43<14:34,  1.15it/s, v_num=ip8c]
Epoch 0:  45%|████▍     | 808/1812 [11:43<14:34,  1.15it/s, v_num=ip8c]
Epoch 0:  45%|████▍     | 809/1812 [11:44<14:33,  1.15it/s, v_num=ip8c]
Epoch 0:  45%|████▍     | 809/1812 [11:44<14:33,  1.15it/s, v_num=ip8c]
Epoch 0:  45%|████▍     | 810/1812 [11:44<14:31,  1.15it/s, v_num=ip8c]
Epoch 0:  45%|████▍     | 810/1812 [11:44<14:31,  1.15it/s, v_num=ip8c]
Epoch 0:  45%|████▍     | 811/1812 [11:45<14:30,  1.15it/s, v_num=ip8c]
Epoch 0:  45%|████▍     | 811/1812 [11:45<14:30,  1.15it/s, v_num=ip8c]
Epoch 0:  45%|████▍     | 812/1812 [11:45<14:29,  1.15it/s, v_num=ip8c]
Epoch 0:  45%|████▍     | 812/1812 [11:45<14:29,  1.15it/s, v_num=ip8c]
Epoch 0:  45%|████▍     | 813/1812 [11:46<14:28,  1.15it/s, v_num=ip8c]
Epoch 0:  45%|████▍     | 813/1812 [11:46<14:28,  1.15it/s, v_num=ip8c]
Epoch 0:  45%|████▍     | 814/1812 [11:47<14:26,  1.15it/s, v_num=ip8c]
Epoch 0:  45%|████▍     | 814/1812 [11:47<14:26,  1.15it/s, v_num=ip8c]
Epoch 0:  45%|████▍     | 815/1812 [11:47<14:25,  1.15it/s, v_num=ip8c]
Epoch 0:  45%|████▍     | 815/1812 [11:47<14:25,  1.15it/s, v_num=ip8c]
Epoch 0:  45%|████▌     | 816/1812 [11:48<14:24,  1.15it/s, v_num=ip8c]
Epoch 0:  45%|████▌     | 816/1812 [11:48<14:24,  1.15it/s, v_num=ip8c]
Epoch 0:  45%|████▌     | 817/1812 [11:48<14:23,  1.15it/s, v_num=ip8c]
Epoch 0:  45%|████▌     | 817/1812 [11:48<14:23,  1.15it/s, v_num=ip8c]
Epoch 0:  45%|████▌     | 818/1812 [11:49<14:22,  1.15it/s, v_num=ip8c]
Epoch 0:  45%|████▌     | 818/1812 [11:49<14:22,  1.15it/s, v_num=ip8c]
Epoch 0:  45%|████▌     | 819/1812 [11:50<14:20,  1.15it/s, v_num=ip8c]
Epoch 0:  45%|████▌     | 819/1812 [11:50<14:20,  1.15it/s, v_num=ip8c]
Epoch 0:  45%|████▌     | 820/1812 [11:50<14:19,  1.15it/s, v_num=ip8c]
Epoch 0:  45%|████▌     | 820/1812 [11:50<14:19,  1.15it/s, v_num=ip8c]
Epoch 0:  45%|████▌     | 821/1812 [11:51<14:18,  1.15it/s, v_num=ip8c]
Epoch 0:  45%|████▌     | 821/1812 [11:51<14:18,  1.15it/s, v_num=ip8c]
Epoch 0:  45%|████▌     | 822/1812 [11:51<14:17,  1.15it/s, v_num=ip8c]
Epoch 0:  45%|████▌     | 822/1812 [11:51<14:17,  1.15it/s, v_num=ip8c]
Epoch 0:  45%|████▌     | 823/1812 [11:52<14:16,  1.16it/s, v_num=ip8c]
Epoch 0:  45%|████▌     | 823/1812 [11:52<14:16,  1.16it/s, v_num=ip8c]
Epoch 0:  45%|████▌     | 824/1812 [11:53<14:14,  1.16it/s, v_num=ip8c]
Epoch 0:  45%|████▌     | 824/1812 [11:53<14:14,  1.16it/s, v_num=ip8c]
Epoch 0:  46%|████▌     | 825/1812 [11:53<14:13,  1.16it/s, v_num=ip8c]
Epoch 0:  46%|████▌     | 825/1812 [11:53<14:13,  1.16it/s, v_num=ip8c]
Epoch 0:  46%|████▌     | 826/1812 [11:54<14:12,  1.16it/s, v_num=ip8c]
Epoch 0:  46%|████▌     | 826/1812 [11:54<14:12,  1.16it/s, v_num=ip8c]
Epoch 0:  46%|████▌     | 827/1812 [11:54<14:11,  1.16it/s, v_num=ip8c]
Epoch 0:  46%|████▌     | 827/1812 [11:54<14:11,  1.16it/s, v_num=ip8c]
Epoch 0:  46%|████▌     | 828/1812 [11:55<14:10,  1.16it/s, v_num=ip8c]
Epoch 0:  46%|████▌     | 828/1812 [11:55<14:10,  1.16it/s, v_num=ip8c]
Epoch 0:  46%|████▌     | 829/1812 [11:55<14:08,  1.16it/s, v_num=ip8c]
Epoch 0:  46%|████▌     | 829/1812 [11:55<14:08,  1.16it/s, v_num=ip8c]
Epoch 0:  46%|████▌     | 830/1812 [11:56<14:07,  1.16it/s, v_num=ip8c]
Epoch 0:  46%|████▌     | 830/1812 [11:56<14:07,  1.16it/s, v_num=ip8c]
Epoch 0:  46%|████▌     | 831/1812 [11:57<14:06,  1.16it/s, v_num=ip8c]
Epoch 0:  46%|████▌     | 831/1812 [11:57<14:06,  1.16it/s, v_num=ip8c]
Epoch 0:  46%|████▌     | 832/1812 [11:57<14:05,  1.16it/s, v_num=ip8c]
Epoch 0:  46%|████▌     | 832/1812 [11:57<14:05,  1.16it/s, v_num=ip8c]
Epoch 0:  46%|████▌     | 833/1812 [11:58<14:04,  1.16it/s, v_num=ip8c]
Epoch 0:  46%|████▌     | 833/1812 [11:58<14:04,  1.16it/s, v_num=ip8c]
Epoch 0:  46%|████▌     | 834/1812 [11:58<14:03,  1.16it/s, v_num=ip8c]
Epoch 0:  46%|████▌     | 834/1812 [11:58<14:03,  1.16it/s, v_num=ip8c]
Epoch 0:  46%|████▌     | 835/1812 [11:59<14:01,  1.16it/s, v_num=ip8c]
Epoch 0:  46%|████▌     | 835/1812 [11:59<14:01,  1.16it/s, v_num=ip8c]
Epoch 0:  46%|████▌     | 836/1812 [12:00<14:00,  1.16it/s, v_num=ip8c]
Epoch 0:  46%|████▌     | 836/1812 [12:00<14:00,  1.16it/s, v_num=ip8c]
Epoch 0:  46%|████▌     | 837/1812 [12:00<13:59,  1.16it/s, v_num=ip8c]
Epoch 0:  46%|████▌     | 837/1812 [12:00<13:59,  1.16it/s, v_num=ip8c]
Epoch 0:  46%|████▌     | 838/1812 [12:01<13:58,  1.16it/s, v_num=ip8c]
Epoch 0:  46%|████▌     | 838/1812 [12:01<13:58,  1.16it/s, v_num=ip8c]
Epoch 0:  46%|████▋     | 839/1812 [12:01<13:57,  1.16it/s, v_num=ip8c]
Epoch 0:  46%|████▋     | 839/1812 [12:01<13:57,  1.16it/s, v_num=ip8c]
Epoch 0:  46%|████▋     | 840/1812 [12:02<13:55,  1.16it/s, v_num=ip8c]
Epoch 0:  46%|████▋     | 840/1812 [12:02<13:55,  1.16it/s, v_num=ip8c]
Epoch 0:  46%|████▋     | 841/1812 [12:03<13:54,  1.16it/s, v_num=ip8c]
Epoch 0:  46%|████▋     | 841/1812 [12:03<13:54,  1.16it/s, v_num=ip8c]
Epoch 0:  46%|████▋     | 842/1812 [12:03<13:53,  1.16it/s, v_num=ip8c]
Epoch 0:  46%|████▋     | 842/1812 [12:03<13:53,  1.16it/s, v_num=ip8c]
Epoch 0:  47%|████▋     | 843/1812 [12:04<13:52,  1.16it/s, v_num=ip8c]
Epoch 0:  47%|████▋     | 843/1812 [12:04<13:52,  1.16it/s, v_num=ip8c]
Epoch 0:  47%|████▋     | 844/1812 [12:34<14:24,  1.12it/s, v_num=ip8c]
Epoch 0:  47%|████▋     | 844/1812 [12:34<14:24,  1.12it/s, v_num=ip8c]
Epoch 0:  47%|████▋     | 845/1812 [12:34<14:23,  1.12it/s, v_num=ip8c]
Epoch 0:  47%|████▋     | 845/1812 [12:34<14:23,  1.12it/s, v_num=ip8c]
Epoch 0:  47%|████▋     | 846/1812 [12:35<14:22,  1.12it/s, v_num=ip8c]
Epoch 0:  47%|████▋     | 846/1812 [12:35<14:22,  1.12it/s, v_num=ip8c]
Epoch 0:  47%|████▋     | 847/1812 [12:35<14:21,  1.12it/s, v_num=ip8c]
Epoch 0:  47%|████▋     | 847/1812 [12:35<14:21,  1.12it/s, v_num=ip8c]
Epoch 0:  47%|████▋     | 848/1812 [12:36<14:19,  1.12it/s, v_num=ip8c]
Epoch 0:  47%|████▋     | 848/1812 [12:36<14:19,  1.12it/s, v_num=ip8c]
Epoch 0:  47%|████▋     | 849/1812 [12:37<14:18,  1.12it/s, v_num=ip8c]
Epoch 0:  47%|████▋     | 849/1812 [12:37<14:18,  1.12it/s, v_num=ip8c]
Epoch 0:  47%|████▋     | 850/1812 [12:37<14:17,  1.12it/s, v_num=ip8c]
Epoch 0:  47%|████▋     | 850/1812 [12:37<14:17,  1.12it/s, v_num=ip8c]
Epoch 0:  47%|████▋     | 851/1812 [12:38<14:16,  1.12it/s, v_num=ip8c]
Epoch 0:  47%|████▋     | 851/1812 [12:38<14:16,  1.12it/s, v_num=ip8c]
Epoch 0:  47%|████▋     | 852/1812 [12:38<14:14,  1.12it/s, v_num=ip8c]
Epoch 0:  47%|████▋     | 852/1812 [12:38<14:14,  1.12it/s, v_num=ip8c]
Epoch 0:  47%|████▋     | 853/1812 [12:39<14:13,  1.12it/s, v_num=ip8c]
Epoch 0:  47%|████▋     | 853/1812 [12:39<14:13,  1.12it/s, v_num=ip8c]
Epoch 0:  47%|████▋     | 854/1812 [12:39<14:12,  1.12it/s, v_num=ip8c]
Epoch 0:  47%|████▋     | 854/1812 [12:39<14:12,  1.12it/s, v_num=ip8c]
Epoch 0:  47%|████▋     | 855/1812 [12:40<14:11,  1.12it/s, v_num=ip8c]
Epoch 0:  47%|████▋     | 855/1812 [12:40<14:11,  1.12it/s, v_num=ip8c]
Epoch 0:  47%|████▋     | 856/1812 [12:41<14:10,  1.12it/s, v_num=ip8c]
Epoch 0:  47%|████▋     | 856/1812 [12:41<14:10,  1.12it/s, v_num=ip8c]
Epoch 0:  47%|████▋     | 857/1812 [12:41<14:08,  1.13it/s, v_num=ip8c]
Epoch 0:  47%|████▋     | 857/1812 [12:41<14:08,  1.13it/s, v_num=ip8c]
Epoch 0:  47%|████▋     | 858/1812 [12:42<14:07,  1.13it/s, v_num=ip8c]
Epoch 0:  47%|████▋     | 858/1812 [12:42<14:07,  1.13it/s, v_num=ip8c]
Epoch 0:  47%|████▋     | 859/1812 [12:42<14:06,  1.13it/s, v_num=ip8c]
Epoch 0:  47%|████▋     | 859/1812 [12:42<14:06,  1.13it/s, v_num=ip8c]
Epoch 0:  47%|████▋     | 860/1812 [12:43<14:05,  1.13it/s, v_num=ip8c]
Epoch 0:  47%|████▋     | 860/1812 [12:43<14:05,  1.13it/s, v_num=ip8c]
Epoch 0:  48%|████▊     | 861/1812 [12:44<14:03,  1.13it/s, v_num=ip8c]
Epoch 0:  48%|████▊     | 861/1812 [12:44<14:03,  1.13it/s, v_num=ip8c]
Epoch 0:  48%|████▊     | 862/1812 [12:44<14:02,  1.13it/s, v_num=ip8c]
Epoch 0:  48%|████▊     | 862/1812 [12:44<14:02,  1.13it/s, v_num=ip8c]
Epoch 0:  48%|████▊     | 863/1812 [12:45<14:01,  1.13it/s, v_num=ip8c]
Epoch 0:  48%|████▊     | 863/1812 [12:45<14:01,  1.13it/s, v_num=ip8c]
Epoch 0:  48%|████▊     | 864/1812 [12:45<14:00,  1.13it/s, v_num=ip8c]
Epoch 0:  48%|████▊     | 864/1812 [12:45<14:00,  1.13it/s, v_num=ip8c]
Epoch 0:  48%|████▊     | 865/1812 [12:46<13:59,  1.13it/s, v_num=ip8c]
Epoch 0:  48%|████▊     | 865/1812 [12:46<13:59,  1.13it/s, v_num=ip8c]
Epoch 0:  48%|████▊     | 866/1812 [12:47<13:57,  1.13it/s, v_num=ip8c]
Epoch 0:  48%|████▊     | 866/1812 [12:47<13:57,  1.13it/s, v_num=ip8c]
Epoch 0:  48%|████▊     | 867/1812 [12:47<13:56,  1.13it/s, v_num=ip8c]
Epoch 0:  48%|████▊     | 867/1812 [12:47<13:56,  1.13it/s, v_num=ip8c]
Epoch 0:  48%|████▊     | 868/1812 [12:48<13:55,  1.13it/s, v_num=ip8c]
Epoch 0:  48%|████▊     | 868/1812 [12:48<13:55,  1.13it/s, v_num=ip8c]
Epoch 0:  48%|████▊     | 869/1812 [12:48<13:54,  1.13it/s, v_num=ip8c]
Epoch 0:  48%|████▊     | 869/1812 [12:48<13:54,  1.13it/s, v_num=ip8c]
Epoch 0:  48%|████▊     | 870/1812 [12:49<13:53,  1.13it/s, v_num=ip8c]
Epoch 0:  48%|████▊     | 870/1812 [12:49<13:53,  1.13it/s, v_num=ip8c]
Epoch 0:  48%|████▊     | 871/1812 [12:49<13:51,  1.13it/s, v_num=ip8c]
Epoch 0:  48%|████▊     | 871/1812 [12:49<13:51,  1.13it/s, v_num=ip8c]
Epoch 0:  48%|████▊     | 872/1812 [12:50<13:50,  1.13it/s, v_num=ip8c]
Epoch 0:  48%|████▊     | 872/1812 [12:50<13:50,  1.13it/s, v_num=ip8c]
Epoch 0:  48%|████▊     | 873/1812 [12:51<13:49,  1.13it/s, v_num=ip8c]
Epoch 0:  48%|████▊     | 873/1812 [12:51<13:49,  1.13it/s, v_num=ip8c]
Epoch 0:  48%|████▊     | 874/1812 [12:51<13:48,  1.13it/s, v_num=ip8c]
Epoch 0:  48%|████▊     | 874/1812 [12:51<13:48,  1.13it/s, v_num=ip8c]
Epoch 0:  48%|████▊     | 875/1812 [12:52<13:47,  1.13it/s, v_num=ip8c]
Epoch 0:  48%|████▊     | 875/1812 [12:52<13:47,  1.13it/s, v_num=ip8c]
Epoch 0:  48%|████▊     | 876/1812 [12:52<13:45,  1.13it/s, v_num=ip8c]
Epoch 0:  48%|████▊     | 876/1812 [12:52<13:45,  1.13it/s, v_num=ip8c]
Epoch 0:  48%|████▊     | 877/1812 [12:53<13:44,  1.13it/s, v_num=ip8c]
Epoch 0:  48%|████▊     | 877/1812 [12:53<13:44,  1.13it/s, v_num=ip8c]
Epoch 0:  48%|████▊     | 878/1812 [12:54<13:43,  1.13it/s, v_num=ip8c]
Epoch 0:  48%|████▊     | 878/1812 [12:54<13:43,  1.13it/s, v_num=ip8c]
Epoch 0:  49%|████▊     | 879/1812 [12:54<13:42,  1.13it/s, v_num=ip8c]
Epoch 0:  49%|████▊     | 879/1812 [12:54<13:42,  1.13it/s, v_num=ip8c]
Epoch 0:  49%|████▊     | 880/1812 [12:55<13:41,  1.14it/s, v_num=ip8c]
Epoch 0:  49%|████▊     | 880/1812 [12:55<13:41,  1.14it/s, v_num=ip8c]
Epoch 0:  49%|████▊     | 881/1812 [12:55<13:39,  1.14it/s, v_num=ip8c]
Epoch 0:  49%|████▊     | 881/1812 [12:55<13:39,  1.14it/s, v_num=ip8c]
Epoch 0:  49%|████▊     | 882/1812 [12:56<13:38,  1.14it/s, v_num=ip8c]
Epoch 0:  49%|████▊     | 882/1812 [12:56<13:38,  1.14it/s, v_num=ip8c]
Epoch 0:  49%|████▊     | 883/1812 [12:57<13:37,  1.14it/s, v_num=ip8c]
Epoch 0:  49%|████▊     | 883/1812 [12:57<13:37,  1.14it/s, v_num=ip8c]
Epoch 0:  49%|████▉     | 884/1812 [12:57<13:36,  1.14it/s, v_num=ip8c]
Epoch 0:  49%|████▉     | 884/1812 [12:57<13:36,  1.14it/s, v_num=ip8c]
Epoch 0:  49%|████▉     | 885/1812 [12:58<13:35,  1.14it/s, v_num=ip8c]
Epoch 0:  49%|████▉     | 885/1812 [12:58<13:35,  1.14it/s, v_num=ip8c]
Epoch 0:  49%|████▉     | 886/1812 [12:58<13:33,  1.14it/s, v_num=ip8c]
Epoch 0:  49%|████▉     | 886/1812 [12:58<13:33,  1.14it/s, v_num=ip8c]
Epoch 0:  49%|████▉     | 887/1812 [12:59<13:32,  1.14it/s, v_num=ip8c]
Epoch 0:  49%|████▉     | 887/1812 [12:59<13:32,  1.14it/s, v_num=ip8c]
Epoch 0:  49%|████▉     | 888/1812 [13:00<13:31,  1.14it/s, v_num=ip8c]
Epoch 0:  49%|████▉     | 888/1812 [13:00<13:31,  1.14it/s, v_num=ip8c]
Epoch 0:  49%|████▉     | 889/1812 [13:20<13:51,  1.11it/s, v_num=ip8c]
Epoch 0:  49%|████▉     | 889/1812 [13:20<13:51,  1.11it/s, v_num=ip8c]
Epoch 0:  49%|████▉     | 890/1812 [13:21<13:50,  1.11it/s, v_num=ip8c]
Epoch 0:  49%|████▉     | 890/1812 [13:21<13:50,  1.11it/s, v_num=ip8c]
Epoch 0:  49%|████▉     | 891/1812 [13:22<13:49,  1.11it/s, v_num=ip8c]
Epoch 0:  49%|████▉     | 891/1812 [13:22<13:49,  1.11it/s, v_num=ip8c]
Epoch 0:  49%|████▉     | 892/1812 [13:22<13:47,  1.11it/s, v_num=ip8c]
Epoch 0:  49%|████▉     | 892/1812 [13:22<13:47,  1.11it/s, v_num=ip8c]
Epoch 0:  49%|████▉     | 893/1812 [13:23<13:46,  1.11it/s, v_num=ip8c]
Epoch 0:  49%|████▉     | 893/1812 [13:23<13:46,  1.11it/s, v_num=ip8c]
Epoch 0:  49%|████▉     | 894/1812 [13:23<13:45,  1.11it/s, v_num=ip8c]
Epoch 0:  49%|████▉     | 894/1812 [13:23<13:45,  1.11it/s, v_num=ip8c]
Epoch 0:  49%|████▉     | 895/1812 [13:24<13:44,  1.11it/s, v_num=ip8c]
Epoch 0:  49%|████▉     | 895/1812 [13:24<13:44,  1.11it/s, v_num=ip8c]
Epoch 0:  49%|████▉     | 896/1812 [13:24<13:42,  1.11it/s, v_num=ip8c]
Epoch 0:  49%|████▉     | 896/1812 [13:24<13:42,  1.11it/s, v_num=ip8c]
Epoch 0:  50%|████▉     | 897/1812 [13:25<13:41,  1.11it/s, v_num=ip8c]
Epoch 0:  50%|████▉     | 897/1812 [13:25<13:41,  1.11it/s, v_num=ip8c]
Epoch 0:  50%|████▉     | 898/1812 [13:26<13:40,  1.11it/s, v_num=ip8c]
Epoch 0:  50%|████▉     | 898/1812 [13:26<13:40,  1.11it/s, v_num=ip8c]
Epoch 0:  50%|████▉     | 899/1812 [13:26<13:39,  1.11it/s, v_num=ip8c]
Epoch 0:  50%|████▉     | 899/1812 [13:26<13:39,  1.11it/s, v_num=ip8c]
Epoch 0:  50%|████▉     | 900/1812 [13:27<13:38,  1.11it/s, v_num=ip8c]
Epoch 0:  50%|████▉     | 900/1812 [13:27<13:38,  1.11it/s, v_num=ip8c]
Epoch 0:  50%|████▉     | 901/1812 [13:27<13:36,  1.12it/s, v_num=ip8c]
Epoch 0:  50%|████▉     | 901/1812 [13:27<13:36,  1.12it/s, v_num=ip8c]
Epoch 0:  50%|████▉     | 902/1812 [13:28<13:35,  1.12it/s, v_num=ip8c]
Epoch 0:  50%|████▉     | 902/1812 [13:28<13:35,  1.12it/s, v_num=ip8c]
Epoch 0:  50%|████▉     | 903/1812 [13:29<13:34,  1.12it/s, v_num=ip8c]
Epoch 0:  50%|████▉     | 903/1812 [13:29<13:34,  1.12it/s, v_num=ip8c]
Epoch 0:  50%|████▉     | 904/1812 [13:29<13:33,  1.12it/s, v_num=ip8c]
Epoch 0:  50%|████▉     | 904/1812 [13:29<13:33,  1.12it/s, v_num=ip8c]
Epoch 0:  50%|████▉     | 905/1812 [13:30<13:32,  1.12it/s, v_num=ip8c]
Epoch 0:  50%|████▉     | 905/1812 [13:30<13:32,  1.12it/s, v_num=ip8c]
Epoch 0:  50%|█████     | 906/1812 [13:30<13:30,  1.12it/s, v_num=ip8c]
Epoch 0:  50%|█████     | 906/1812 [13:30<13:30,  1.12it/s, v_num=ip8c]
Epoch 0:  50%|█████     | 907/1812 [13:31<13:29,  1.12it/s, v_num=ip8c]
Epoch 0:  50%|█████     | 907/1812 [13:31<13:29,  1.12it/s, v_num=ip8c]
Epoch 0:  50%|█████     | 908/1812 [13:32<13:28,  1.12it/s, v_num=ip8c]
Epoch 0:  50%|█████     | 908/1812 [13:32<13:28,  1.12it/s, v_num=ip8c]
Epoch 0:  50%|█████     | 909/1812 [13:32<13:27,  1.12it/s, v_num=ip8c]
Epoch 0:  50%|█████     | 909/1812 [13:32<13:27,  1.12it/s, v_num=ip8c]
Epoch 0:  50%|█████     | 910/1812 [13:33<13:26,  1.12it/s, v_num=ip8c]
Epoch 0:  50%|█████     | 910/1812 [13:33<13:26,  1.12it/s, v_num=ip8c]
Epoch 0:  50%|█████     | 911/1812 [13:33<13:24,  1.12it/s, v_num=ip8c]
Epoch 0:  50%|█████     | 911/1812 [13:33<13:24,  1.12it/s, v_num=ip8c]
Epoch 0:  50%|█████     | 912/1812 [13:34<13:23,  1.12it/s, v_num=ip8c]
Epoch 0:  50%|█████     | 912/1812 [13:34<13:23,  1.12it/s, v_num=ip8c]
Epoch 0:  50%|█████     | 913/1812 [13:34<13:22,  1.12it/s, v_num=ip8c]
Epoch 0:  50%|█████     | 913/1812 [13:34<13:22,  1.12it/s, v_num=ip8c]
Epoch 0:  50%|█████     | 914/1812 [13:35<13:21,  1.12it/s, v_num=ip8c]
Epoch 0:  50%|█████     | 914/1812 [13:35<13:21,  1.12it/s, v_num=ip8c]
Epoch 0:  50%|█████     | 915/1812 [13:36<13:20,  1.12it/s, v_num=ip8c]
Epoch 0:  50%|█████     | 915/1812 [13:36<13:20,  1.12it/s, v_num=ip8c]
Epoch 0:  51%|█████     | 916/1812 [13:36<13:18,  1.12it/s, v_num=ip8c]
Epoch 0:  51%|█████     | 916/1812 [13:36<13:18,  1.12it/s, v_num=ip8c]
Epoch 0:  51%|█████     | 917/1812 [13:37<13:17,  1.12it/s, v_num=ip8c]
Epoch 0:  51%|█████     | 917/1812 [13:37<13:17,  1.12it/s, v_num=ip8c]
Epoch 0:  51%|█████     | 918/1812 [13:37<13:16,  1.12it/s, v_num=ip8c]
Epoch 0:  51%|█████     | 918/1812 [13:37<13:16,  1.12it/s, v_num=ip8c]
Epoch 0:  51%|█████     | 919/1812 [13:38<13:15,  1.12it/s, v_num=ip8c]
Epoch 0:  51%|█████     | 919/1812 [13:38<13:15,  1.12it/s, v_num=ip8c]
Epoch 0:  51%|█████     | 920/1812 [13:39<13:14,  1.12it/s, v_num=ip8c]
Epoch 0:  51%|█████     | 920/1812 [13:39<13:14,  1.12it/s, v_num=ip8c]
Epoch 0:  51%|█████     | 921/1812 [13:39<13:13,  1.12it/s, v_num=ip8c]
Epoch 0:  51%|█████     | 921/1812 [13:39<13:13,  1.12it/s, v_num=ip8c]
Epoch 0:  51%|█████     | 922/1812 [13:40<13:11,  1.12it/s, v_num=ip8c]
Epoch 0:  51%|█████     | 922/1812 [13:40<13:11,  1.12it/s, v_num=ip8c]
Epoch 0:  51%|█████     | 923/1812 [13:40<13:10,  1.12it/s, v_num=ip8c]
Epoch 0:  51%|█████     | 923/1812 [13:40<13:10,  1.12it/s, v_num=ip8c]
Epoch 0:  51%|█████     | 924/1812 [13:41<13:09,  1.12it/s, v_num=ip8c]
Epoch 0:  51%|█████     | 924/1812 [13:41<13:09,  1.12it/s, v_num=ip8c]
Epoch 0:  51%|█████     | 925/1812 [13:42<13:08,  1.13it/s, v_num=ip8c]
Epoch 0:  51%|█████     | 925/1812 [13:42<13:08,  1.13it/s, v_num=ip8c]
Epoch 0:  51%|█████     | 926/1812 [13:42<13:07,  1.13it/s, v_num=ip8c]
Epoch 0:  51%|█████     | 926/1812 [13:42<13:07,  1.13it/s, v_num=ip8c]
Epoch 0:  51%|█████     | 927/1812 [13:43<13:05,  1.13it/s, v_num=ip8c]
Epoch 0:  51%|█████     | 927/1812 [13:43<13:05,  1.13it/s, v_num=ip8c]
Epoch 0:  51%|█████     | 928/1812 [13:43<13:04,  1.13it/s, v_num=ip8c]
Epoch 0:  51%|█████     | 928/1812 [13:43<13:04,  1.13it/s, v_num=ip8c]
Epoch 0:  51%|█████▏    | 929/1812 [13:44<13:03,  1.13it/s, v_num=ip8c]
Epoch 0:  51%|█████▏    | 929/1812 [13:44<13:03,  1.13it/s, v_num=ip8c]
Epoch 0:  51%|█████▏    | 930/1812 [13:45<13:02,  1.13it/s, v_num=ip8c]
Epoch 0:  51%|█████▏    | 930/1812 [13:45<13:02,  1.13it/s, v_num=ip8c]
Epoch 0:  51%|█████▏    | 931/1812 [13:45<13:01,  1.13it/s, v_num=ip8c]
Epoch 0:  51%|█████▏    | 931/1812 [13:45<13:01,  1.13it/s, v_num=ip8c]
Epoch 0:  51%|█████▏    | 932/1812 [13:46<13:00,  1.13it/s, v_num=ip8c]
Epoch 0:  51%|█████▏    | 932/1812 [13:46<13:00,  1.13it/s, v_num=ip8c]
Epoch 0:  51%|█████▏    | 933/1812 [13:46<12:58,  1.13it/s, v_num=ip8c]
Epoch 0:  51%|█████▏    | 933/1812 [13:46<12:58,  1.13it/s, v_num=ip8c]
Epoch 0:  52%|█████▏    | 934/1812 [13:47<12:57,  1.13it/s, v_num=ip8c]
Epoch 0:  52%|█████▏    | 934/1812 [13:47<12:57,  1.13it/s, v_num=ip8c]
Epoch 0:  52%|█████▏    | 935/1812 [13:47<12:56,  1.13it/s, v_num=ip8c]
Epoch 0:  52%|█████▏    | 935/1812 [13:47<12:56,  1.13it/s, v_num=ip8c]
Epoch 0:  52%|█████▏    | 936/1812 [13:48<12:55,  1.13it/s, v_num=ip8c]
Epoch 0:  52%|█████▏    | 936/1812 [13:48<12:55,  1.13it/s, v_num=ip8c]