Node: gpuhost004.jc.rl.ac.uk
Mon Jun 23 09:53:49 2025       
+-----------------------------------------------------------------------------------------+
| NVIDIA-SMI 570.133.20             Driver Version: 570.133.20     CUDA Version: 12.8     |
|-----------------------------------------+------------------------+----------------------+
| GPU  Name                 Persistence-M | Bus-Id          Disp.A | Volatile Uncorr. ECC |
| Fan  Temp   Perf          Pwr:Usage/Cap |           Memory-Usage | GPU-Util  Compute M. |
|                                         |                        |               MIG M. |
|=========================================+========================+======================|
|   0  NVIDIA A100-SXM4-40GB          On  |   00000000:01:00.0 Off |                    0 |
| N/A   28C    P0             51W /  400W |       0MiB /  40960MiB |      0%      Default |
|                                         |                        |             Disabled |
+-----------------------------------------+------------------------+----------------------+
|   1  NVIDIA A100-SXM4-40GB          On  |   00000000:41:00.0 Off |                    0 |
| N/A   28C    P0             51W /  400W |       0MiB /  40960MiB |      0%      Default |
|                                         |                        |             Disabled |
+-----------------------------------------+------------------------+----------------------+
|   2  NVIDIA A100-SXM4-40GB          On  |   00000000:81:00.0 Off |                    0 |
| N/A   28C    P0             55W /  400W |       0MiB /  40960MiB |      0%      Default |
|                                         |                        |             Disabled |
+-----------------------------------------+------------------------+----------------------+
|   3  NVIDIA A100-SXM4-40GB          On  |   00000000:C1:00.0 Off |                    0 |
| N/A   27C    P0             52W /  400W |       0MiB /  40960MiB |      0%      Default |
|                                         |                        |             Disabled |
+-----------------------------------------+------------------------+----------------------+
                                                                                         
+-----------------------------------------------------------------------------------------+
| Processes:                                                                              |
|  GPU   GI   CI              PID   Type   Process name                        GPU Memory |
|        ID   ID                                                               Usage      |
|=========================================================================================|
|  No running processes found                                                             |
+-----------------------------------------------------------------------------------------+
[Rank 2] Training with 1812 batches per epoch.
[Rank 1] Training with 1812 batches per epoch.
[Rank 3] Training with 1806 batches per epoch.
[Rank 0] Training with 1812 batches per epoch.

Sanity Checking: |          | 0/? [00:00<?, ?it/s]
Sanity Checking:   0%|          | 0/2 [00:00<?, ?it/s]
Sanity Checking DataLoader 0:   0%|          | 0/2 [00:00<?, ?it/s]
Sanity Checking DataLoader 0:  50%|█████     | 1/2 [00:01<00:01,  0.55it/s]
Sanity Checking DataLoader 0: 100%|██████████| 2/2 [00:01<00:00,  1.09it/s]
                                                                           

Training: |          | 0/? [00:00<?, ?it/s]
Training:   0%|          | 0/1812 [00:00<?, ?it/s]
Epoch 0:   0%|          | 0/1812 [00:00<?, ?it/s] 
Epoch 0:   0%|          | 1/1812 [00:15<7:40:28,  0.07it/s]
Epoch 0:   0%|          | 1/1812 [00:15<7:40:30,  0.07it/s, v_num=2ob0]
Epoch 0:   0%|          | 2/1812 [00:15<3:53:52,  0.13it/s, v_num=2ob0]
Epoch 0:   0%|          | 2/1812 [00:15<3:53:53,  0.13it/s, v_num=2ob0]
Epoch 0:   0%|          | 3/1812 [00:16<2:42:54,  0.19it/s, v_num=2ob0]
Epoch 0:   0%|          | 3/1812 [00:16<2:42:54,  0.19it/s, v_num=2ob0]
Epoch 0:   0%|          | 4/1812 [00:16<2:06:34,  0.24it/s, v_num=2ob0]
Epoch 0:   0%|          | 4/1812 [00:16<2:06:34,  0.24it/s, v_num=2ob0]
Epoch 0:   0%|          | 5/1812 [00:17<1:44:46,  0.29it/s, v_num=2ob0]
Epoch 0:   0%|          | 5/1812 [00:17<1:44:47,  0.29it/s, v_num=2ob0]
Epoch 0:   0%|          | 6/1812 [00:17<1:30:14,  0.33it/s, v_num=2ob0]
Epoch 0:   0%|          | 6/1812 [00:17<1:30:14,  0.33it/s, v_num=2ob0]
Epoch 0:   0%|          | 7/1812 [00:18<1:19:51,  0.38it/s, v_num=2ob0]
Epoch 0:   0%|          | 7/1812 [00:18<1:19:51,  0.38it/s, v_num=2ob0]
Epoch 0:   0%|          | 8/1812 [00:19<1:12:03,  0.42it/s, v_num=2ob0]
Epoch 0:   0%|          | 8/1812 [00:19<1:12:03,  0.42it/s, v_num=2ob0]
Epoch 0:   0%|          | 9/1812 [00:19<1:05:59,  0.46it/s, v_num=2ob0]
Epoch 0:   0%|          | 9/1812 [00:19<1:05:59,  0.46it/s, v_num=2ob0]
Epoch 0:   1%|          | 10/1812 [00:20<1:01:10,  0.49it/s, v_num=2ob0]
Epoch 0:   1%|          | 10/1812 [00:20<1:01:10,  0.49it/s, v_num=2ob0]
Epoch 0:   1%|          | 11/1812 [00:20<57:08,  0.53it/s, v_num=2ob0]  
Epoch 0:   1%|          | 11/1812 [00:20<57:08,  0.53it/s, v_num=2ob0]
Epoch 0:   1%|          | 12/1812 [00:21<53:55,  0.56it/s, v_num=2ob0]
Epoch 0:   1%|          | 12/1812 [00:21<53:55,  0.56it/s, v_num=2ob0]
Epoch 0:   1%|          | 13/1812 [00:22<51:06,  0.59it/s, v_num=2ob0]
Epoch 0:   1%|          | 13/1812 [00:22<51:06,  0.59it/s, v_num=2ob0]
Epoch 0:   1%|          | 14/1812 [00:22<48:42,  0.62it/s, v_num=2ob0]
Epoch 0:   1%|          | 14/1812 [00:22<48:43,  0.62it/s, v_num=2ob0]
Epoch 0:   1%|          | 15/1812 [00:23<46:36,  0.64it/s, v_num=2ob0]
Epoch 0:   1%|          | 15/1812 [00:23<46:37,  0.64it/s, v_num=2ob0]
Epoch 0:   1%|          | 16/1812 [00:23<44:46,  0.67it/s, v_num=2ob0]
Epoch 0:   1%|          | 16/1812 [00:23<44:46,  0.67it/s, v_num=2ob0]
Epoch 0:   1%|          | 17/1812 [00:24<43:09,  0.69it/s, v_num=2ob0]
Epoch 0:   1%|          | 17/1812 [00:24<43:09,  0.69it/s, v_num=2ob0]
Epoch 0:   1%|          | 18/1812 [00:25<41:43,  0.72it/s, v_num=2ob0]
Epoch 0:   1%|          | 18/1812 [00:25<41:43,  0.72it/s, v_num=2ob0]
Epoch 0:   1%|          | 19/1812 [00:25<40:25,  0.74it/s, v_num=2ob0]
Epoch 0:   1%|          | 19/1812 [00:25<40:26,  0.74it/s, v_num=2ob0]
Epoch 0:   1%|          | 20/1812 [00:26<39:16,  0.76it/s, v_num=2ob0]
Epoch 0:   1%|          | 20/1812 [00:26<39:16,  0.76it/s, v_num=2ob0]
Epoch 0:   1%|          | 21/1812 [00:26<38:13,  0.78it/s, v_num=2ob0]
Epoch 0:   1%|          | 21/1812 [00:26<38:13,  0.78it/s, v_num=2ob0]
Epoch 0:   1%|          | 22/1812 [00:27<37:16,  0.80it/s, v_num=2ob0]
Epoch 0:   1%|          | 22/1812 [00:27<37:16,  0.80it/s, v_num=2ob0]
Epoch 0:   1%|▏         | 23/1812 [00:28<36:23,  0.82it/s, v_num=2ob0]
Epoch 0:   1%|▏         | 23/1812 [00:28<36:23,  0.82it/s, v_num=2ob0]
Epoch 0:   1%|▏         | 24/1812 [00:28<35:35,  0.84it/s, v_num=2ob0]
Epoch 0:   1%|▏         | 24/1812 [00:28<35:35,  0.84it/s, v_num=2ob0]
Epoch 0:   1%|▏         | 25/1812 [00:29<34:51,  0.85it/s, v_num=2ob0]
Epoch 0:   1%|▏         | 25/1812 [00:29<34:51,  0.85it/s, v_num=2ob0]
Epoch 0:   1%|▏         | 26/1812 [00:29<34:10,  0.87it/s, v_num=2ob0]
Epoch 0:   1%|▏         | 26/1812 [00:29<34:10,  0.87it/s, v_num=2ob0]
Epoch 0:   1%|▏         | 27/1812 [00:30<33:32,  0.89it/s, v_num=2ob0]
Epoch 0:   1%|▏         | 27/1812 [00:30<33:32,  0.89it/s, v_num=2ob0]
Epoch 0:   2%|▏         | 28/1812 [00:31<32:56,  0.90it/s, v_num=2ob0]
Epoch 0:   2%|▏         | 28/1812 [00:31<32:56,  0.90it/s, v_num=2ob0]
Epoch 0:   2%|▏         | 29/1812 [00:31<32:24,  0.92it/s, v_num=2ob0]
Epoch 0:   2%|▏         | 29/1812 [00:31<32:24,  0.92it/s, v_num=2ob0]
Epoch 0:   2%|▏         | 30/1812 [00:32<31:53,  0.93it/s, v_num=2ob0]
Epoch 0:   2%|▏         | 30/1812 [00:32<31:53,  0.93it/s, v_num=2ob0]
Epoch 0:   2%|▏         | 31/1812 [00:32<31:24,  0.95it/s, v_num=2ob0]
Epoch 0:   2%|▏         | 31/1812 [00:32<31:24,  0.95it/s, v_num=2ob0]
Epoch 0:   2%|▏         | 32/1812 [00:33<30:57,  0.96it/s, v_num=2ob0]
Epoch 0:   2%|▏         | 32/1812 [00:33<30:57,  0.96it/s, v_num=2ob0]
Epoch 0:   2%|▏         | 33/1812 [00:33<30:31,  0.97it/s, v_num=2ob0]
Epoch 0:   2%|▏         | 33/1812 [00:33<30:31,  0.97it/s, v_num=2ob0]
Epoch 0:   2%|▏         | 34/1812 [00:34<30:07,  0.98it/s, v_num=2ob0]
Epoch 0:   2%|▏         | 34/1812 [00:34<30:07,  0.98it/s, v_num=2ob0]
Epoch 0:   2%|▏         | 35/1812 [00:35<29:45,  1.00it/s, v_num=2ob0]
Epoch 0:   2%|▏         | 35/1812 [00:35<29:45,  1.00it/s, v_num=2ob0]
Epoch 0:   2%|▏         | 36/1812 [00:35<29:23,  1.01it/s, v_num=2ob0]
Epoch 0:   2%|▏         | 36/1812 [00:35<29:23,  1.01it/s, v_num=2ob0]
Epoch 0:   2%|▏         | 37/1812 [00:36<29:03,  1.02it/s, v_num=2ob0]
Epoch 0:   2%|▏         | 37/1812 [00:36<29:03,  1.02it/s, v_num=2ob0]
Epoch 0:   2%|▏         | 38/1812 [00:36<28:44,  1.03it/s, v_num=2ob0]
Epoch 0:   2%|▏         | 38/1812 [00:36<28:44,  1.03it/s, v_num=2ob0]
Epoch 0:   2%|▏         | 39/1812 [00:37<28:25,  1.04it/s, v_num=2ob0]
Epoch 0:   2%|▏         | 39/1812 [00:37<28:25,  1.04it/s, v_num=2ob0]
Epoch 0:   2%|▏         | 40/1812 [00:38<28:08,  1.05it/s, v_num=2ob0]
Epoch 0:   2%|▏         | 40/1812 [00:38<28:08,  1.05it/s, v_num=2ob0]
Epoch 0:   2%|▏         | 41/1812 [00:38<27:52,  1.06it/s, v_num=2ob0]
Epoch 0:   2%|▏         | 41/1812 [00:38<27:52,  1.06it/s, v_num=2ob0]
Epoch 0:   2%|▏         | 42/1812 [00:39<27:36,  1.07it/s, v_num=2ob0]
Epoch 0:   2%|▏         | 42/1812 [00:39<27:36,  1.07it/s, v_num=2ob0]
Epoch 0:   2%|▏         | 43/1812 [00:39<27:21,  1.08it/s, v_num=2ob0]
Epoch 0:   2%|▏         | 43/1812 [00:39<27:21,  1.08it/s, v_num=2ob0]
Epoch 0:   2%|▏         | 44/1812 [00:40<27:06,  1.09it/s, v_num=2ob0]
Epoch 0:   2%|▏         | 44/1812 [00:40<27:06,  1.09it/s, v_num=2ob0]
Epoch 0:   2%|▏         | 45/1812 [00:41<26:53,  1.10it/s, v_num=2ob0]
Epoch 0:   2%|▏         | 45/1812 [00:41<26:53,  1.10it/s, v_num=2ob0]
Epoch 0:   3%|▎         | 46/1812 [00:49<31:25,  0.94it/s, v_num=2ob0]
Epoch 0:   3%|▎         | 46/1812 [00:49<31:25,  0.94it/s, v_num=2ob0]
Epoch 0:   3%|▎         | 47/1812 [00:49<31:05,  0.95it/s, v_num=2ob0]
Epoch 0:   3%|▎         | 47/1812 [00:49<31:05,  0.95it/s, v_num=2ob0]
Epoch 0:   3%|▎         | 48/1812 [00:50<30:47,  0.95it/s, v_num=2ob0]
Epoch 0:   3%|▎         | 48/1812 [00:50<30:47,  0.95it/s, v_num=2ob0]
Epoch 0:   3%|▎         | 49/1812 [00:50<30:30,  0.96it/s, v_num=2ob0]
Epoch 0:   3%|▎         | 49/1812 [00:50<30:30,  0.96it/s, v_num=2ob0]
Epoch 0:   3%|▎         | 50/1812 [00:51<30:13,  0.97it/s, v_num=2ob0]
Epoch 0:   3%|▎         | 50/1812 [00:51<30:13,  0.97it/s, v_num=2ob0]
Epoch 0:   3%|▎         | 51/1812 [00:52<29:57,  0.98it/s, v_num=2ob0]
Epoch 0:   3%|▎         | 51/1812 [00:52<29:57,  0.98it/s, v_num=2ob0]
Epoch 0:   3%|▎         | 52/1812 [00:52<29:41,  0.99it/s, v_num=2ob0]
Epoch 0:   3%|▎         | 52/1812 [00:52<29:41,  0.99it/s, v_num=2ob0]
Epoch 0:   3%|▎         | 53/1812 [00:53<29:26,  1.00it/s, v_num=2ob0]
Epoch 0:   3%|▎         | 53/1812 [00:53<29:26,  1.00it/s, v_num=2ob0]
Epoch 0:   3%|▎         | 54/1812 [00:53<29:12,  1.00it/s, v_num=2ob0]
Epoch 0:   3%|▎         | 54/1812 [00:53<29:12,  1.00it/s, v_num=2ob0]
Epoch 0:   3%|▎         | 55/1812 [00:54<28:58,  1.01it/s, v_num=2ob0]
Epoch 0:   3%|▎         | 55/1812 [00:54<28:58,  1.01it/s, v_num=2ob0]
Epoch 0:   3%|▎         | 56/1812 [00:55<28:45,  1.02it/s, v_num=2ob0]
Epoch 0:   3%|▎         | 56/1812 [00:55<28:45,  1.02it/s, v_num=2ob0]
Epoch 0:   3%|▎         | 57/1812 [00:55<28:31,  1.03it/s, v_num=2ob0]
Epoch 0:   3%|▎         | 57/1812 [00:55<28:31,  1.03it/s, v_num=2ob0]
Epoch 0:   3%|▎         | 58/1812 [00:56<28:19,  1.03it/s, v_num=2ob0]
Epoch 0:   3%|▎         | 58/1812 [00:56<28:19,  1.03it/s, v_num=2ob0]
Epoch 0:   3%|▎         | 59/1812 [00:56<28:07,  1.04it/s, v_num=2ob0]
Epoch 0:   3%|▎         | 59/1812 [00:56<28:07,  1.04it/s, v_num=2ob0]
Epoch 0:   3%|▎         | 60/1812 [00:57<27:55,  1.05it/s, v_num=2ob0]
Epoch 0:   3%|▎         | 60/1812 [00:57<27:55,  1.05it/s, v_num=2ob0]
Epoch 0:   3%|▎         | 61/1812 [00:57<27:43,  1.05it/s, v_num=2ob0]
Epoch 0:   3%|▎         | 61/1812 [00:57<27:43,  1.05it/s, v_num=2ob0]
Epoch 0:   3%|▎         | 62/1812 [00:58<27:32,  1.06it/s, v_num=2ob0]
Epoch 0:   3%|▎         | 62/1812 [00:58<27:32,  1.06it/s, v_num=2ob0]
Epoch 0:   3%|▎         | 63/1812 [00:59<27:22,  1.07it/s, v_num=2ob0]
Epoch 0:   3%|▎         | 63/1812 [00:59<27:22,  1.07it/s, v_num=2ob0]
Epoch 0:   4%|▎         | 64/1812 [00:59<27:11,  1.07it/s, v_num=2ob0]
Epoch 0:   4%|▎         | 64/1812 [00:59<27:11,  1.07it/s, v_num=2ob0]
Epoch 0:   4%|▎         | 65/1812 [01:00<27:01,  1.08it/s, v_num=2ob0]
Epoch 0:   4%|▎         | 65/1812 [01:00<27:01,  1.08it/s, v_num=2ob0]
Epoch 0:   4%|▎         | 66/1812 [01:00<26:51,  1.08it/s, v_num=2ob0]
Epoch 0:   4%|▎         | 66/1812 [01:00<26:51,  1.08it/s, v_num=2ob0]
Epoch 0:   4%|▎         | 67/1812 [01:01<26:41,  1.09it/s, v_num=2ob0]
Epoch 0:   4%|▎         | 67/1812 [01:01<26:41,  1.09it/s, v_num=2ob0]
Epoch 0:   4%|▍         | 68/1812 [01:02<26:32,  1.10it/s, v_num=2ob0]
Epoch 0:   4%|▍         | 68/1812 [01:02<26:32,  1.10it/s, v_num=2ob0]
Epoch 0:   4%|▍         | 69/1812 [01:02<26:23,  1.10it/s, v_num=2ob0]
Epoch 0:   4%|▍         | 69/1812 [01:02<26:23,  1.10it/s, v_num=2ob0]
Epoch 0:   4%|▍         | 70/1812 [01:03<26:14,  1.11it/s, v_num=2ob0]
Epoch 0:   4%|▍         | 70/1812 [01:03<26:14,  1.11it/s, v_num=2ob0]
Epoch 0:   4%|▍         | 71/1812 [01:03<26:06,  1.11it/s, v_num=2ob0]
Epoch 0:   4%|▍         | 71/1812 [01:03<26:06,  1.11it/s, v_num=2ob0]
Epoch 0:   4%|▍         | 72/1812 [01:04<25:57,  1.12it/s, v_num=2ob0]
Epoch 0:   4%|▍         | 72/1812 [01:04<25:57,  1.12it/s, v_num=2ob0]
Epoch 0:   4%|▍         | 73/1812 [01:05<25:49,  1.12it/s, v_num=2ob0]
Epoch 0:   4%|▍         | 73/1812 [01:05<25:49,  1.12it/s, v_num=2ob0]
Epoch 0:   4%|▍         | 74/1812 [01:05<25:41,  1.13it/s, v_num=2ob0]
Epoch 0:   4%|▍         | 74/1812 [01:05<25:41,  1.13it/s, v_num=2ob0]
Epoch 0:   4%|▍         | 75/1812 [01:06<25:33,  1.13it/s, v_num=2ob0]
Epoch 0:   4%|▍         | 75/1812 [01:06<25:33,  1.13it/s, v_num=2ob0]
Epoch 0:   4%|▍         | 76/1812 [01:06<25:26,  1.14it/s, v_num=2ob0]
Epoch 0:   4%|▍         | 76/1812 [01:06<25:26,  1.14it/s, v_num=2ob0]
Epoch 0:   4%|▍         | 77/1812 [01:07<25:18,  1.14it/s, v_num=2ob0]
Epoch 0:   4%|▍         | 77/1812 [01:07<25:18,  1.14it/s, v_num=2ob0]
Epoch 0:   4%|▍         | 78/1812 [01:08<25:11,  1.15it/s, v_num=2ob0]
Epoch 0:   4%|▍         | 78/1812 [01:08<25:11,  1.15it/s, v_num=2ob0]
Epoch 0:   4%|▍         | 79/1812 [01:08<25:04,  1.15it/s, v_num=2ob0]
Epoch 0:   4%|▍         | 79/1812 [01:08<25:04,  1.15it/s, v_num=2ob0]
Epoch 0:   4%|▍         | 80/1812 [01:09<24:57,  1.16it/s, v_num=2ob0]
Epoch 0:   4%|▍         | 80/1812 [01:09<24:57,  1.16it/s, v_num=2ob0]
Epoch 0:   4%|▍         | 81/1812 [01:09<24:51,  1.16it/s, v_num=2ob0]
Epoch 0:   4%|▍         | 81/1812 [01:09<24:51,  1.16it/s, v_num=2ob0]
Epoch 0:   5%|▍         | 82/1812 [01:10<24:44,  1.17it/s, v_num=2ob0]
Epoch 0:   5%|▍         | 82/1812 [01:10<24:44,  1.17it/s, v_num=2ob0]
Epoch 0:   5%|▍         | 83/1812 [01:10<24:38,  1.17it/s, v_num=2ob0]
Epoch 0:   5%|▍         | 83/1812 [01:10<24:38,  1.17it/s, v_num=2ob0]
Epoch 0:   5%|▍         | 84/1812 [01:11<24:31,  1.17it/s, v_num=2ob0]
Epoch 0:   5%|▍         | 84/1812 [01:11<24:31,  1.17it/s, v_num=2ob0]
Epoch 0:   5%|▍         | 85/1812 [01:12<24:25,  1.18it/s, v_num=2ob0]
Epoch 0:   5%|▍         | 85/1812 [01:12<24:25,  1.18it/s, v_num=2ob0]
Epoch 0:   5%|▍         | 86/1812 [01:12<24:19,  1.18it/s, v_num=2ob0]
Epoch 0:   5%|▍         | 86/1812 [01:12<24:19,  1.18it/s, v_num=2ob0]
Epoch 0:   5%|▍         | 87/1812 [01:13<24:13,  1.19it/s, v_num=2ob0]
Epoch 0:   5%|▍         | 87/1812 [01:13<24:13,  1.19it/s, v_num=2ob0]
Epoch 0:   5%|▍         | 88/1812 [01:13<24:07,  1.19it/s, v_num=2ob0]
Epoch 0:   5%|▍         | 88/1812 [01:13<24:07,  1.19it/s, v_num=2ob0]
Epoch 0:   5%|▍         | 89/1812 [01:14<24:02,  1.19it/s, v_num=2ob0]
Epoch 0:   5%|▍         | 89/1812 [01:14<24:02,  1.19it/s, v_num=2ob0]
Epoch 0:   5%|▍         | 90/1812 [01:15<23:56,  1.20it/s, v_num=2ob0]
Epoch 0:   5%|▍         | 90/1812 [01:15<23:56,  1.20it/s, v_num=2ob0]
Epoch 0:   5%|▌         | 91/1812 [01:15<23:51,  1.20it/s, v_num=2ob0]
Epoch 0:   5%|▌         | 91/1812 [01:15<23:51,  1.20it/s, v_num=2ob0]
Epoch 0:   5%|▌         | 92/1812 [01:16<23:45,  1.21it/s, v_num=2ob0]
Epoch 0:   5%|▌         | 92/1812 [01:16<23:45,  1.21it/s, v_num=2ob0]
Epoch 0:   5%|▌         | 93/1812 [01:16<23:40,  1.21it/s, v_num=2ob0]
Epoch 0:   5%|▌         | 93/1812 [01:16<23:40,  1.21it/s, v_num=2ob0]
Epoch 0:   5%|▌         | 94/1812 [01:30<27:41,  1.03it/s, v_num=2ob0]
Epoch 0:   5%|▌         | 94/1812 [01:30<27:41,  1.03it/s, v_num=2ob0]
Epoch 0:   5%|▌         | 95/1812 [01:31<27:33,  1.04it/s, v_num=2ob0]
Epoch 0:   5%|▌         | 95/1812 [01:31<27:33,  1.04it/s, v_num=2ob0]
Epoch 0:   5%|▌         | 96/1812 [01:32<27:26,  1.04it/s, v_num=2ob0]
Epoch 0:   5%|▌         | 96/1812 [01:32<27:26,  1.04it/s, v_num=2ob0]
Epoch 0:   5%|▌         | 97/1812 [01:32<27:18,  1.05it/s, v_num=2ob0]
Epoch 0:   5%|▌         | 97/1812 [01:32<27:18,  1.05it/s, v_num=2ob0]
Epoch 0:   5%|▌         | 98/1812 [01:33<27:11,  1.05it/s, v_num=2ob0]
Epoch 0:   5%|▌         | 98/1812 [01:33<27:11,  1.05it/s, v_num=2ob0]
Epoch 0:   5%|▌         | 99/1812 [01:33<27:04,  1.05it/s, v_num=2ob0]
Epoch 0:   5%|▌         | 99/1812 [01:33<27:04,  1.05it/s, v_num=2ob0]
Epoch 0:   6%|▌         | 100/1812 [01:34<26:57,  1.06it/s, v_num=2ob0]
Epoch 0:   6%|▌         | 100/1812 [01:34<26:57,  1.06it/s, v_num=2ob0]
Epoch 0:   6%|▌         | 101/1812 [01:35<26:50,  1.06it/s, v_num=2ob0]
Epoch 0:   6%|▌         | 101/1812 [01:35<26:50,  1.06it/s, v_num=2ob0]
Epoch 0:   6%|▌         | 102/1812 [01:35<26:43,  1.07it/s, v_num=2ob0]
Epoch 0:   6%|▌         | 102/1812 [01:35<26:43,  1.07it/s, v_num=2ob0]
Epoch 0:   6%|▌         | 103/1812 [01:36<26:36,  1.07it/s, v_num=2ob0]
Epoch 0:   6%|▌         | 103/1812 [01:36<26:36,  1.07it/s, v_num=2ob0]
Epoch 0:   6%|▌         | 104/1812 [01:36<26:30,  1.07it/s, v_num=2ob0]
Epoch 0:   6%|▌         | 104/1812 [01:36<26:30,  1.07it/s, v_num=2ob0]
Epoch 0:   6%|▌         | 105/1812 [01:37<26:23,  1.08it/s, v_num=2ob0]
Epoch 0:   6%|▌         | 105/1812 [01:37<26:23,  1.08it/s, v_num=2ob0]
Epoch 0:   6%|▌         | 106/1812 [01:37<26:17,  1.08it/s, v_num=2ob0]
Epoch 0:   6%|▌         | 106/1812 [01:38<26:17,  1.08it/s, v_num=2ob0]
Epoch 0:   6%|▌         | 107/1812 [01:38<26:11,  1.09it/s, v_num=2ob0]
Epoch 0:   6%|▌         | 107/1812 [01:38<26:11,  1.09it/s, v_num=2ob0]
Epoch 0:   6%|▌         | 108/1812 [01:39<26:04,  1.09it/s, v_num=2ob0]
Epoch 0:   6%|▌         | 108/1812 [01:39<26:04,  1.09it/s, v_num=2ob0]
Epoch 0:   6%|▌         | 109/1812 [01:39<25:58,  1.09it/s, v_num=2ob0]
Epoch 0:   6%|▌         | 109/1812 [01:39<25:58,  1.09it/s, v_num=2ob0]
Epoch 0:   6%|▌         | 110/1812 [01:40<25:52,  1.10it/s, v_num=2ob0]
Epoch 0:   6%|▌         | 110/1812 [01:40<25:52,  1.10it/s, v_num=2ob0]
Epoch 0:   6%|▌         | 111/1812 [01:40<25:47,  1.10it/s, v_num=2ob0]
Epoch 0:   6%|▌         | 111/1812 [01:40<25:47,  1.10it/s, v_num=2ob0]
Epoch 0:   6%|▌         | 112/1812 [01:41<25:41,  1.10it/s, v_num=2ob0]
Epoch 0:   6%|▌         | 112/1812 [01:41<25:41,  1.10it/s, v_num=2ob0]
Epoch 0:   6%|▌         | 113/1812 [01:42<25:35,  1.11it/s, v_num=2ob0]
Epoch 0:   6%|▌         | 113/1812 [01:42<25:35,  1.11it/s, v_num=2ob0]
Epoch 0:   6%|▋         | 114/1812 [01:42<25:30,  1.11it/s, v_num=2ob0]
Epoch 0:   6%|▋         | 114/1812 [01:42<25:30,  1.11it/s, v_num=2ob0]
Epoch 0:   6%|▋         | 115/1812 [01:43<25:24,  1.11it/s, v_num=2ob0]
Epoch 0:   6%|▋         | 115/1812 [01:43<25:24,  1.11it/s, v_num=2ob0]
Epoch 0:   6%|▋         | 116/1812 [01:43<25:19,  1.12it/s, v_num=2ob0]
Epoch 0:   6%|▋         | 116/1812 [01:43<25:19,  1.12it/s, v_num=2ob0]
Epoch 0:   6%|▋         | 117/1812 [01:44<25:13,  1.12it/s, v_num=2ob0]
Epoch 0:   6%|▋         | 117/1812 [01:44<25:13,  1.12it/s, v_num=2ob0]
Epoch 0:   7%|▋         | 118/1812 [01:45<25:08,  1.12it/s, v_num=2ob0]
Epoch 0:   7%|▋         | 118/1812 [01:45<25:08,  1.12it/s, v_num=2ob0]
Epoch 0:   7%|▋         | 119/1812 [01:45<25:03,  1.13it/s, v_num=2ob0]
Epoch 0:   7%|▋         | 119/1812 [01:45<25:03,  1.13it/s, v_num=2ob0]
Epoch 0:   7%|▋         | 120/1812 [01:46<24:58,  1.13it/s, v_num=2ob0]
Epoch 0:   7%|▋         | 120/1812 [01:46<24:58,  1.13it/s, v_num=2ob0]
Epoch 0:   7%|▋         | 121/1812 [01:46<24:53,  1.13it/s, v_num=2ob0]
Epoch 0:   7%|▋         | 121/1812 [01:46<24:53,  1.13it/s, v_num=2ob0]
Epoch 0:   7%|▋         | 122/1812 [01:47<24:48,  1.14it/s, v_num=2ob0]
Epoch 0:   7%|▋         | 122/1812 [01:47<24:48,  1.14it/s, v_num=2ob0]
Epoch 0:   7%|▋         | 123/1812 [01:48<24:43,  1.14it/s, v_num=2ob0]
Epoch 0:   7%|▋         | 123/1812 [01:48<24:43,  1.14it/s, v_num=2ob0]
Epoch 0:   7%|▋         | 124/1812 [01:48<24:38,  1.14it/s, v_num=2ob0]
Epoch 0:   7%|▋         | 124/1812 [01:48<24:38,  1.14it/s, v_num=2ob0]
Epoch 0:   7%|▋         | 125/1812 [01:49<24:34,  1.14it/s, v_num=2ob0]
Epoch 0:   7%|▋         | 125/1812 [01:49<24:34,  1.14it/s, v_num=2ob0]
Epoch 0:   7%|▋         | 126/1812 [01:49<24:29,  1.15it/s, v_num=2ob0]
Epoch 0:   7%|▋         | 126/1812 [01:49<24:29,  1.15it/s, v_num=2ob0]
Epoch 0:   7%|▋         | 127/1812 [01:50<24:24,  1.15it/s, v_num=2ob0]
Epoch 0:   7%|▋         | 127/1812 [01:50<24:24,  1.15it/s, v_num=2ob0]
Epoch 0:   7%|▋         | 128/1812 [01:51<24:20,  1.15it/s, v_num=2ob0]
Epoch 0:   7%|▋         | 128/1812 [01:51<24:20,  1.15it/s, v_num=2ob0]
Epoch 0:   7%|▋         | 129/1812 [01:51<24:15,  1.16it/s, v_num=2ob0]
Epoch 0:   7%|▋         | 129/1812 [01:51<24:15,  1.16it/s, v_num=2ob0]
Epoch 0:   7%|▋         | 130/1812 [01:52<24:11,  1.16it/s, v_num=2ob0]
Epoch 0:   7%|▋         | 130/1812 [01:52<24:11,  1.16it/s, v_num=2ob0]
Epoch 0:   7%|▋         | 131/1812 [01:52<24:07,  1.16it/s, v_num=2ob0]
Epoch 0:   7%|▋         | 131/1812 [01:52<24:07,  1.16it/s, v_num=2ob0]
Epoch 0:   7%|▋         | 132/1812 [01:53<24:02,  1.16it/s, v_num=2ob0]
Epoch 0:   7%|▋         | 132/1812 [01:53<24:02,  1.16it/s, v_num=2ob0]
Epoch 0:   7%|▋         | 133/1812 [01:53<23:58,  1.17it/s, v_num=2ob0]
Epoch 0:   7%|▋         | 133/1812 [01:53<23:58,  1.17it/s, v_num=2ob0]
Epoch 0:   7%|▋         | 134/1812 [01:54<23:54,  1.17it/s, v_num=2ob0]
Epoch 0:   7%|▋         | 134/1812 [01:54<23:54,  1.17it/s, v_num=2ob0]
Epoch 0:   7%|▋         | 135/1812 [01:55<23:50,  1.17it/s, v_num=2ob0]
Epoch 0:   7%|▋         | 135/1812 [01:55<23:50,  1.17it/s, v_num=2ob0]
Epoch 0:   8%|▊         | 136/1812 [01:55<23:46,  1.18it/s, v_num=2ob0]
Epoch 0:   8%|▊         | 136/1812 [01:55<23:46,  1.18it/s, v_num=2ob0]
Epoch 0:   8%|▊         | 137/1812 [01:56<23:42,  1.18it/s, v_num=2ob0]
Epoch 0:   8%|▊         | 137/1812 [01:56<23:42,  1.18it/s, v_num=2ob0]
Epoch 0:   8%|▊         | 138/1812 [01:56<23:38,  1.18it/s, v_num=2ob0]
Epoch 0:   8%|▊         | 138/1812 [01:56<23:38,  1.18it/s, v_num=2ob0]
Epoch 0:   8%|▊         | 139/1812 [02:05<25:07,  1.11it/s, v_num=2ob0]
Epoch 0:   8%|▊         | 139/1812 [02:05<25:07,  1.11it/s, v_num=2ob0]
Epoch 0:   8%|▊         | 140/1812 [02:05<25:02,  1.11it/s, v_num=2ob0]
Epoch 0:   8%|▊         | 140/1812 [02:05<25:02,  1.11it/s, v_num=2ob0]
Epoch 0:   8%|▊         | 141/1812 [02:06<24:57,  1.12it/s, v_num=2ob0]
Epoch 0:   8%|▊         | 141/1812 [02:06<24:57,  1.12it/s, v_num=2ob0]
Epoch 0:   8%|▊         | 142/1812 [02:06<24:53,  1.12it/s, v_num=2ob0]
Epoch 0:   8%|▊         | 142/1812 [02:06<24:53,  1.12it/s, v_num=2ob0]
Epoch 0:   8%|▊         | 143/1812 [02:07<24:48,  1.12it/s, v_num=2ob0]
Epoch 0:   8%|▊         | 143/1812 [02:07<24:48,  1.12it/s, v_num=2ob0]
Epoch 0:   8%|▊         | 144/1812 [02:08<24:44,  1.12it/s, v_num=2ob0]
Epoch 0:   8%|▊         | 144/1812 [02:08<24:44,  1.12it/s, v_num=2ob0]
Epoch 0:   8%|▊         | 145/1812 [02:08<24:40,  1.13it/s, v_num=2ob0]
Epoch 0:   8%|▊         | 145/1812 [02:08<24:40,  1.13it/s, v_num=2ob0]
Epoch 0:   8%|▊         | 146/1812 [02:09<24:35,  1.13it/s, v_num=2ob0]
Epoch 0:   8%|▊         | 146/1812 [02:09<24:35,  1.13it/s, v_num=2ob0]
Epoch 0:   8%|▊         | 147/1812 [02:09<24:31,  1.13it/s, v_num=2ob0]
Epoch 0:   8%|▊         | 147/1812 [02:09<24:31,  1.13it/s, v_num=2ob0]
Epoch 0:   8%|▊         | 148/1812 [02:10<24:27,  1.13it/s, v_num=2ob0]
Epoch 0:   8%|▊         | 148/1812 [02:10<24:27,  1.13it/s, v_num=2ob0]
Epoch 0:   8%|▊         | 149/1812 [02:11<24:23,  1.14it/s, v_num=2ob0]
Epoch 0:   8%|▊         | 149/1812 [02:11<24:23,  1.14it/s, v_num=2ob0]
Epoch 0:   8%|▊         | 150/1812 [02:11<24:19,  1.14it/s, v_num=2ob0]
Epoch 0:   8%|▊         | 150/1812 [02:11<24:19,  1.14it/s, v_num=2ob0]
Epoch 0:   8%|▊         | 151/1812 [02:12<24:15,  1.14it/s, v_num=2ob0]
Epoch 0:   8%|▊         | 151/1812 [02:12<24:15,  1.14it/s, v_num=2ob0]
Epoch 0:   8%|▊         | 152/1812 [02:12<24:11,  1.14it/s, v_num=2ob0]
Epoch 0:   8%|▊         | 152/1812 [02:12<24:11,  1.14it/s, v_num=2ob0]
Epoch 0:   8%|▊         | 153/1812 [02:13<24:07,  1.15it/s, v_num=2ob0]
Epoch 0:   8%|▊         | 153/1812 [02:13<24:07,  1.15it/s, v_num=2ob0]
Epoch 0:   8%|▊         | 154/1812 [02:14<24:03,  1.15it/s, v_num=2ob0]
Epoch 0:   8%|▊         | 154/1812 [02:14<24:03,  1.15it/s, v_num=2ob0]
Epoch 0:   9%|▊         | 155/1812 [02:14<23:59,  1.15it/s, v_num=2ob0]
Epoch 0:   9%|▊         | 155/1812 [02:14<23:59,  1.15it/s, v_num=2ob0]
Epoch 0:   9%|▊         | 156/1812 [02:15<23:55,  1.15it/s, v_num=2ob0]
Epoch 0:   9%|▊         | 156/1812 [02:15<23:55,  1.15it/s, v_num=2ob0]
Epoch 0:   9%|▊         | 157/1812 [02:15<23:52,  1.16it/s, v_num=2ob0]
Epoch 0:   9%|▊         | 157/1812 [02:15<23:52,  1.16it/s, v_num=2ob0]
Epoch 0:   9%|▊         | 158/1812 [02:16<23:48,  1.16it/s, v_num=2ob0]
Epoch 0:   9%|▊         | 158/1812 [02:16<23:48,  1.16it/s, v_num=2ob0]
Epoch 0:   9%|▉         | 159/1812 [02:17<23:44,  1.16it/s, v_num=2ob0]
Epoch 0:   9%|▉         | 159/1812 [02:17<23:44,  1.16it/s, v_num=2ob0]
Epoch 0:   9%|▉         | 160/1812 [02:17<23:41,  1.16it/s, v_num=2ob0]
Epoch 0:   9%|▉         | 160/1812 [02:17<23:41,  1.16it/s, v_num=2ob0]
Epoch 0:   9%|▉         | 161/1812 [02:18<23:37,  1.16it/s, v_num=2ob0]
Epoch 0:   9%|▉         | 161/1812 [02:18<23:37,  1.16it/s, v_num=2ob0]
Epoch 0:   9%|▉         | 162/1812 [02:18<23:33,  1.17it/s, v_num=2ob0]
Epoch 0:   9%|▉         | 162/1812 [02:18<23:33,  1.17it/s, v_num=2ob0]
Epoch 0:   9%|▉         | 163/1812 [02:19<23:30,  1.17it/s, v_num=2ob0]
Epoch 0:   9%|▉         | 163/1812 [02:19<23:30,  1.17it/s, v_num=2ob0]
Epoch 0:   9%|▉         | 164/1812 [02:19<23:26,  1.17it/s, v_num=2ob0]
Epoch 0:   9%|▉         | 164/1812 [02:19<23:26,  1.17it/s, v_num=2ob0]
Epoch 0:   9%|▉         | 165/1812 [02:20<23:23,  1.17it/s, v_num=2ob0]
Epoch 0:   9%|▉         | 165/1812 [02:20<23:23,  1.17it/s, v_num=2ob0]
Epoch 0:   9%|▉         | 166/1812 [02:21<23:19,  1.18it/s, v_num=2ob0]
Epoch 0:   9%|▉         | 166/1812 [02:21<23:19,  1.18it/s, v_num=2ob0]
Epoch 0:   9%|▉         | 167/1812 [02:21<23:16,  1.18it/s, v_num=2ob0]
Epoch 0:   9%|▉         | 167/1812 [02:21<23:16,  1.18it/s, v_num=2ob0]
Epoch 0:   9%|▉         | 168/1812 [02:22<23:13,  1.18it/s, v_num=2ob0]
Epoch 0:   9%|▉         | 168/1812 [02:22<23:13,  1.18it/s, v_num=2ob0]
Epoch 0:   9%|▉         | 169/1812 [02:22<23:09,  1.18it/s, v_num=2ob0]
Epoch 0:   9%|▉         | 169/1812 [02:22<23:09,  1.18it/s, v_num=2ob0]
Epoch 0:   9%|▉         | 170/1812 [02:23<23:06,  1.18it/s, v_num=2ob0]
Epoch 0:   9%|▉         | 170/1812 [02:23<23:06,  1.18it/s, v_num=2ob0]
Epoch 0:   9%|▉         | 171/1812 [02:24<23:03,  1.19it/s, v_num=2ob0]
Epoch 0:   9%|▉         | 171/1812 [02:24<23:03,  1.19it/s, v_num=2ob0]
Epoch 0:   9%|▉         | 172/1812 [02:24<22:59,  1.19it/s, v_num=2ob0]
Epoch 0:   9%|▉         | 172/1812 [02:24<22:59,  1.19it/s, v_num=2ob0]
Epoch 0:  10%|▉         | 173/1812 [02:25<22:56,  1.19it/s, v_num=2ob0]
Epoch 0:  10%|▉         | 173/1812 [02:25<22:56,  1.19it/s, v_num=2ob0]
Epoch 0:  10%|▉         | 174/1812 [02:25<22:53,  1.19it/s, v_num=2ob0]
Epoch 0:  10%|▉         | 174/1812 [02:25<22:53,  1.19it/s, v_num=2ob0]
Epoch 0:  10%|▉         | 175/1812 [02:26<22:50,  1.19it/s, v_num=2ob0]
Epoch 0:  10%|▉         | 175/1812 [02:26<22:50,  1.19it/s, v_num=2ob0]
Epoch 0:  10%|▉         | 176/1812 [02:27<22:47,  1.20it/s, v_num=2ob0]
Epoch 0:  10%|▉         | 176/1812 [02:27<22:47,  1.20it/s, v_num=2ob0]
Epoch 0:  10%|▉         | 177/1812 [02:27<22:44,  1.20it/s, v_num=2ob0]
Epoch 0:  10%|▉         | 177/1812 [02:27<22:44,  1.20it/s, v_num=2ob0]
Epoch 0:  10%|▉         | 178/1812 [02:28<22:41,  1.20it/s, v_num=2ob0]
Epoch 0:  10%|▉         | 178/1812 [02:28<22:41,  1.20it/s, v_num=2ob0]
Epoch 0:  10%|▉         | 179/1812 [02:28<22:38,  1.20it/s, v_num=2ob0]
Epoch 0:  10%|▉         | 179/1812 [02:28<22:38,  1.20it/s, v_num=2ob0]
Epoch 0:  10%|▉         | 180/1812 [02:29<22:34,  1.20it/s, v_num=2ob0]
Epoch 0:  10%|▉         | 180/1812 [02:29<22:34,  1.20it/s, v_num=2ob0]
Epoch 0:  10%|▉         | 181/1812 [02:30<22:32,  1.21it/s, v_num=2ob0]
Epoch 0:  10%|▉         | 181/1812 [02:30<22:32,  1.21it/s, v_num=2ob0]
Epoch 0:  10%|█         | 182/1812 [02:30<22:29,  1.21it/s, v_num=2ob0]
Epoch 0:  10%|█         | 182/1812 [02:30<22:29,  1.21it/s, v_num=2ob0]
Epoch 0:  10%|█         | 183/1812 [02:31<22:26,  1.21it/s, v_num=2ob0]
Epoch 0:  10%|█         | 183/1812 [02:31<22:26,  1.21it/s, v_num=2ob0]
Epoch 0:  10%|█         | 184/1812 [02:31<22:23,  1.21it/s, v_num=2ob0]
Epoch 0:  10%|█         | 184/1812 [02:31<22:23,  1.21it/s, v_num=2ob0]
Epoch 0:  10%|█         | 185/1812 [02:32<22:20,  1.21it/s, v_num=2ob0]
Epoch 0:  10%|█         | 185/1812 [02:32<22:20,  1.21it/s, v_num=2ob0]
Epoch 0:  10%|█         | 186/1812 [02:32<22:17,  1.22it/s, v_num=2ob0]
Epoch 0:  10%|█         | 186/1812 [02:32<22:17,  1.22it/s, v_num=2ob0]
Epoch 0:  10%|█         | 187/1812 [02:42<23:34,  1.15it/s, v_num=2ob0]
Epoch 0:  10%|█         | 187/1812 [02:42<23:34,  1.15it/s, v_num=2ob0]
Epoch 0:  10%|█         | 188/1812 [02:43<23:30,  1.15it/s, v_num=2ob0]
Epoch 0:  10%|█         | 188/1812 [02:43<23:31,  1.15it/s, v_num=2ob0]
Epoch 0:  10%|█         | 189/1812 [02:43<23:27,  1.15it/s, v_num=2ob0]
Epoch 0:  10%|█         | 189/1812 [02:43<23:27,  1.15it/s, v_num=2ob0]
Epoch 0:  10%|█         | 190/1812 [02:44<23:24,  1.15it/s, v_num=2ob0]
Epoch 0:  10%|█         | 190/1812 [02:44<23:24,  1.15it/s, v_num=2ob0]
Epoch 0:  11%|█         | 191/1812 [02:45<23:21,  1.16it/s, v_num=2ob0]
Epoch 0:  11%|█         | 191/1812 [02:45<23:21,  1.16it/s, v_num=2ob0]
Epoch 0:  11%|█         | 192/1812 [02:45<23:18,  1.16it/s, v_num=2ob0]
Epoch 0:  11%|█         | 192/1812 [02:45<23:18,  1.16it/s, v_num=2ob0]
Epoch 0:  11%|█         | 193/1812 [02:46<23:14,  1.16it/s, v_num=2ob0]
Epoch 0:  11%|█         | 193/1812 [02:46<23:14,  1.16it/s, v_num=2ob0]
Epoch 0:  11%|█         | 194/1812 [02:46<23:11,  1.16it/s, v_num=2ob0]
Epoch 0:  11%|█         | 194/1812 [02:46<23:11,  1.16it/s, v_num=2ob0]
Epoch 0:  11%|█         | 195/1812 [02:47<23:08,  1.16it/s, v_num=2ob0]
Epoch 0:  11%|█         | 195/1812 [02:47<23:08,  1.16it/s, v_num=2ob0]
Epoch 0:  11%|█         | 196/1812 [02:48<23:05,  1.17it/s, v_num=2ob0]
Epoch 0:  11%|█         | 196/1812 [02:48<23:05,  1.17it/s, v_num=2ob0]
Epoch 0:  11%|█         | 197/1812 [02:48<23:02,  1.17it/s, v_num=2ob0]
Epoch 0:  11%|█         | 197/1812 [02:48<23:02,  1.17it/s, v_num=2ob0]
Epoch 0:  11%|█         | 198/1812 [02:49<22:59,  1.17it/s, v_num=2ob0]
Epoch 0:  11%|█         | 198/1812 [02:49<22:59,  1.17it/s, v_num=2ob0]
Epoch 0:  11%|█         | 199/1812 [02:49<22:56,  1.17it/s, v_num=2ob0]
Epoch 0:  11%|█         | 199/1812 [02:49<22:56,  1.17it/s, v_num=2ob0]
Epoch 0:  11%|█         | 200/1812 [02:50<22:53,  1.17it/s, v_num=2ob0]
Epoch 0:  11%|█         | 200/1812 [02:50<22:53,  1.17it/s, v_num=2ob0]
Epoch 0:  11%|█         | 201/1812 [02:51<22:50,  1.18it/s, v_num=2ob0]
Epoch 0:  11%|█         | 201/1812 [02:51<22:50,  1.18it/s, v_num=2ob0]
Epoch 0:  11%|█         | 202/1812 [02:51<22:47,  1.18it/s, v_num=2ob0]
Epoch 0:  11%|█         | 202/1812 [02:51<22:47,  1.18it/s, v_num=2ob0]
Epoch 0:  11%|█         | 203/1812 [02:52<22:44,  1.18it/s, v_num=2ob0]
Epoch 0:  11%|█         | 203/1812 [02:52<22:44,  1.18it/s, v_num=2ob0]
Epoch 0:  11%|█▏        | 204/1812 [02:52<22:42,  1.18it/s, v_num=2ob0]
Epoch 0:  11%|█▏        | 204/1812 [02:52<22:42,  1.18it/s, v_num=2ob0]
Epoch 0:  11%|█▏        | 205/1812 [02:53<22:39,  1.18it/s, v_num=2ob0]
Epoch 0:  11%|█▏        | 205/1812 [02:53<22:39,  1.18it/s, v_num=2ob0]
Epoch 0:  11%|█▏        | 206/1812 [02:53<22:36,  1.18it/s, v_num=2ob0]
Epoch 0:  11%|█▏        | 206/1812 [02:53<22:36,  1.18it/s, v_num=2ob0]
Epoch 0:  11%|█▏        | 207/1812 [02:54<22:33,  1.19it/s, v_num=2ob0]
Epoch 0:  11%|█▏        | 207/1812 [02:54<22:33,  1.19it/s, v_num=2ob0]
Epoch 0:  11%|█▏        | 208/1812 [02:55<22:30,  1.19it/s, v_num=2ob0]
Epoch 0:  11%|█▏        | 208/1812 [02:55<22:30,  1.19it/s, v_num=2ob0]
Epoch 0:  12%|█▏        | 209/1812 [02:55<22:27,  1.19it/s, v_num=2ob0]
Epoch 0:  12%|█▏        | 209/1812 [02:55<22:27,  1.19it/s, v_num=2ob0]
Epoch 0:  12%|█▏        | 210/1812 [02:56<22:25,  1.19it/s, v_num=2ob0]
Epoch 0:  12%|█▏        | 210/1812 [02:56<22:25,  1.19it/s, v_num=2ob0]
Epoch 0:  12%|█▏        | 211/1812 [02:56<22:22,  1.19it/s, v_num=2ob0]
Epoch 0:  12%|█▏        | 211/1812 [02:56<22:22,  1.19it/s, v_num=2ob0]
Epoch 0:  12%|█▏        | 212/1812 [02:57<22:19,  1.19it/s, v_num=2ob0]
Epoch 0:  12%|█▏        | 212/1812 [02:57<22:19,  1.19it/s, v_num=2ob0]
Epoch 0:  12%|█▏        | 213/1812 [02:58<22:17,  1.20it/s, v_num=2ob0]
Epoch 0:  12%|█▏        | 213/1812 [02:58<22:17,  1.20it/s, v_num=2ob0]
Epoch 0:  12%|█▏        | 214/1812 [02:58<22:14,  1.20it/s, v_num=2ob0]
Epoch 0:  12%|█▏        | 214/1812 [02:58<22:14,  1.20it/s, v_num=2ob0]
Epoch 0:  12%|█▏        | 215/1812 [02:59<22:11,  1.20it/s, v_num=2ob0]
Epoch 0:  12%|█▏        | 215/1812 [02:59<22:11,  1.20it/s, v_num=2ob0]
Epoch 0:  12%|█▏        | 216/1812 [02:59<22:09,  1.20it/s, v_num=2ob0]
Epoch 0:  12%|█▏        | 216/1812 [02:59<22:09,  1.20it/s, v_num=2ob0]
Epoch 0:  12%|█▏        | 217/1812 [03:00<22:06,  1.20it/s, v_num=2ob0]
Epoch 0:  12%|█▏        | 217/1812 [03:00<22:06,  1.20it/s, v_num=2ob0]
Epoch 0:  12%|█▏        | 218/1812 [03:01<22:03,  1.20it/s, v_num=2ob0]
Epoch 0:  12%|█▏        | 218/1812 [03:01<22:03,  1.20it/s, v_num=2ob0]
Epoch 0:  12%|█▏        | 219/1812 [03:01<22:01,  1.21it/s, v_num=2ob0]
Epoch 0:  12%|█▏        | 219/1812 [03:01<22:01,  1.21it/s, v_num=2ob0]
Epoch 0:  12%|█▏        | 220/1812 [03:02<21:58,  1.21it/s, v_num=2ob0]
Epoch 0:  12%|█▏        | 220/1812 [03:02<21:58,  1.21it/s, v_num=2ob0]
Epoch 0:  12%|█▏        | 221/1812 [03:02<21:56,  1.21it/s, v_num=2ob0]
Epoch 0:  12%|█▏        | 221/1812 [03:02<21:56,  1.21it/s, v_num=2ob0]
Epoch 0:  12%|█▏        | 222/1812 [03:03<21:53,  1.21it/s, v_num=2ob0]
Epoch 0:  12%|█▏        | 222/1812 [03:03<21:53,  1.21it/s, v_num=2ob0]
Epoch 0:  12%|█▏        | 223/1812 [03:04<21:51,  1.21it/s, v_num=2ob0]
Epoch 0:  12%|█▏        | 223/1812 [03:04<21:51,  1.21it/s, v_num=2ob0]
Epoch 0:  12%|█▏        | 224/1812 [03:04<21:48,  1.21it/s, v_num=2ob0]
Epoch 0:  12%|█▏        | 224/1812 [03:04<21:48,  1.21it/s, v_num=2ob0]
Epoch 0:  12%|█▏        | 225/1812 [03:05<21:46,  1.21it/s, v_num=2ob0]
Epoch 0:  12%|█▏        | 225/1812 [03:05<21:46,  1.21it/s, v_num=2ob0]
Epoch 0:  12%|█▏        | 226/1812 [03:05<21:43,  1.22it/s, v_num=2ob0]
Epoch 0:  12%|█▏        | 226/1812 [03:05<21:43,  1.22it/s, v_num=2ob0]
Epoch 0:  13%|█▎        | 227/1812 [03:06<21:41,  1.22it/s, v_num=2ob0]
Epoch 0:  13%|█▎        | 227/1812 [03:06<21:41,  1.22it/s, v_num=2ob0]
Epoch 0:  13%|█▎        | 228/1812 [03:06<21:39,  1.22it/s, v_num=2ob0]
Epoch 0:  13%|█▎        | 228/1812 [03:06<21:39,  1.22it/s, v_num=2ob0]
Epoch 0:  13%|█▎        | 229/1812 [03:07<21:36,  1.22it/s, v_num=2ob0]
Epoch 0:  13%|█▎        | 229/1812 [03:07<21:36,  1.22it/s, v_num=2ob0]
Epoch 0:  13%|█▎        | 230/1812 [03:08<21:34,  1.22it/s, v_num=2ob0]
Epoch 0:  13%|█▎        | 230/1812 [03:08<21:34,  1.22it/s, v_num=2ob0]
Epoch 0:  13%|█▎        | 231/1812 [03:08<21:31,  1.22it/s, v_num=2ob0]
Epoch 0:  13%|█▎        | 231/1812 [03:08<21:31,  1.22it/s, v_num=2ob0]
Epoch 0:  13%|█▎        | 232/1812 [03:09<21:29,  1.23it/s, v_num=2ob0]
Epoch 0:  13%|█▎        | 232/1812 [03:09<21:29,  1.23it/s, v_num=2ob0]
Epoch 0:  13%|█▎        | 233/1812 [03:09<21:27,  1.23it/s, v_num=2ob0]
Epoch 0:  13%|█▎        | 233/1812 [03:09<21:27,  1.23it/s, v_num=2ob0]
Epoch 0:  13%|█▎        | 234/1812 [03:10<21:24,  1.23it/s, v_num=2ob0]
Epoch 0:  13%|█▎        | 234/1812 [03:10<21:24,  1.23it/s, v_num=2ob0]
Epoch 0:  13%|█▎        | 235/1812 [03:24<22:52,  1.15it/s, v_num=2ob0]
Epoch 0:  13%|█▎        | 235/1812 [03:24<22:52,  1.15it/s, v_num=2ob0]
Epoch 0:  13%|█▎        | 236/1812 [03:25<22:49,  1.15it/s, v_num=2ob0]
Epoch 0:  13%|█▎        | 236/1812 [03:25<22:49,  1.15it/s, v_num=2ob0]
Epoch 0:  13%|█▎        | 237/1812 [03:25<22:46,  1.15it/s, v_num=2ob0]
Epoch 0:  13%|█▎        | 237/1812 [03:25<22:46,  1.15it/s, v_num=2ob0]
Epoch 0:  13%|█▎        | 238/1812 [03:26<22:44,  1.15it/s, v_num=2ob0]
Epoch 0:  13%|█▎        | 238/1812 [03:26<22:44,  1.15it/s, v_num=2ob0]
Epoch 0:  13%|█▎        | 239/1812 [03:26<22:41,  1.16it/s, v_num=2ob0]
Epoch 0:  13%|█▎        | 239/1812 [03:26<22:41,  1.16it/s, v_num=2ob0]
Epoch 0:  13%|█▎        | 240/1812 [03:27<22:38,  1.16it/s, v_num=2ob0]
Epoch 0:  13%|█▎        | 240/1812 [03:27<22:38,  1.16it/s, v_num=2ob0]
Epoch 0:  13%|█▎        | 241/1812 [03:28<22:36,  1.16it/s, v_num=2ob0]
Epoch 0:  13%|█▎        | 241/1812 [03:28<22:36,  1.16it/s, v_num=2ob0]
Epoch 0:  13%|█▎        | 242/1812 [03:28<22:33,  1.16it/s, v_num=2ob0]
Epoch 0:  13%|█▎        | 242/1812 [03:28<22:33,  1.16it/s, v_num=2ob0]
Epoch 0:  13%|█▎        | 243/1812 [03:29<22:30,  1.16it/s, v_num=2ob0]
Epoch 0:  13%|█▎        | 243/1812 [03:29<22:30,  1.16it/s, v_num=2ob0]
Epoch 0:  13%|█▎        | 244/1812 [03:29<22:28,  1.16it/s, v_num=2ob0]
Epoch 0:  13%|█▎        | 244/1812 [03:29<22:28,  1.16it/s, v_num=2ob0]
Epoch 0:  14%|█▎        | 245/1812 [03:30<22:25,  1.16it/s, v_num=2ob0]
Epoch 0:  14%|█▎        | 245/1812 [03:30<22:25,  1.16it/s, v_num=2ob0]
Epoch 0:  14%|█▎        | 246/1812 [03:30<22:23,  1.17it/s, v_num=2ob0]
Epoch 0:  14%|█▎        | 246/1812 [03:30<22:23,  1.17it/s, v_num=2ob0]
Epoch 0:  14%|█▎        | 247/1812 [03:31<22:20,  1.17it/s, v_num=2ob0]
Epoch 0:  14%|█▎        | 247/1812 [03:31<22:20,  1.17it/s, v_num=2ob0]
Epoch 0:  14%|█▎        | 248/1812 [03:32<22:18,  1.17it/s, v_num=2ob0]
Epoch 0:  14%|█▎        | 248/1812 [03:32<22:18,  1.17it/s, v_num=2ob0]
Epoch 0:  14%|█▎        | 249/1812 [03:32<22:15,  1.17it/s, v_num=2ob0]
Epoch 0:  14%|█▎        | 249/1812 [03:32<22:15,  1.17it/s, v_num=2ob0]
Epoch 0:  14%|█▍        | 250/1812 [03:33<22:13,  1.17it/s, v_num=2ob0]
Epoch 0:  14%|█▍        | 250/1812 [03:33<22:13,  1.17it/s, v_num=2ob0]
Epoch 0:  14%|█▍        | 251/1812 [03:33<22:10,  1.17it/s, v_num=2ob0]
Epoch 0:  14%|█▍        | 251/1812 [03:33<22:10,  1.17it/s, v_num=2ob0]
Epoch 0:  14%|█▍        | 252/1812 [03:34<22:08,  1.17it/s, v_num=2ob0]
Epoch 0:  14%|█▍        | 252/1812 [03:34<22:08,  1.17it/s, v_num=2ob0]
Epoch 0:  14%|█▍        | 253/1812 [03:35<22:05,  1.18it/s, v_num=2ob0]
Epoch 0:  14%|█▍        | 253/1812 [03:35<22:05,  1.18it/s, v_num=2ob0]
Epoch 0:  14%|█▍        | 254/1812 [03:35<22:03,  1.18it/s, v_num=2ob0]
Epoch 0:  14%|█▍        | 254/1812 [03:35<22:03,  1.18it/s, v_num=2ob0]
Epoch 0:  14%|█▍        | 255/1812 [03:36<22:00,  1.18it/s, v_num=2ob0]
Epoch 0:  14%|█▍        | 255/1812 [03:36<22:00,  1.18it/s, v_num=2ob0]
Epoch 0:  14%|█▍        | 256/1812 [03:36<21:58,  1.18it/s, v_num=2ob0]
Epoch 0:  14%|█▍        | 256/1812 [03:36<21:58,  1.18it/s, v_num=2ob0]
Epoch 0:  14%|█▍        | 257/1812 [03:37<21:55,  1.18it/s, v_num=2ob0]
Epoch 0:  14%|█▍        | 257/1812 [03:37<21:55,  1.18it/s, v_num=2ob0]
Epoch 0:  14%|█▍        | 258/1812 [03:38<21:53,  1.18it/s, v_num=2ob0]
Epoch 0:  14%|█▍        | 258/1812 [03:38<21:53,  1.18it/s, v_num=2ob0]
Epoch 0:  14%|█▍        | 259/1812 [03:38<21:51,  1.18it/s, v_num=2ob0]
Epoch 0:  14%|█▍        | 259/1812 [03:38<21:51,  1.18it/s, v_num=2ob0]
Epoch 0:  14%|█▍        | 260/1812 [03:39<21:48,  1.19it/s, v_num=2ob0]
Epoch 0:  14%|█▍        | 260/1812 [03:39<21:48,  1.19it/s, v_num=2ob0]
Epoch 0:  14%|█▍        | 261/1812 [03:39<21:46,  1.19it/s, v_num=2ob0]
Epoch 0:  14%|█▍        | 261/1812 [03:39<21:46,  1.19it/s, v_num=2ob0]
Epoch 0:  14%|█▍        | 262/1812 [03:40<21:44,  1.19it/s, v_num=2ob0]
Epoch 0:  14%|█▍        | 262/1812 [03:40<21:44,  1.19it/s, v_num=2ob0]
Epoch 0:  15%|█▍        | 263/1812 [03:41<21:41,  1.19it/s, v_num=2ob0]
Epoch 0:  15%|█▍        | 263/1812 [03:41<21:41,  1.19it/s, v_num=2ob0]
Epoch 0:  15%|█▍        | 264/1812 [03:41<21:39,  1.19it/s, v_num=2ob0]
Epoch 0:  15%|█▍        | 264/1812 [03:41<21:39,  1.19it/s, v_num=2ob0]
Epoch 0:  15%|█▍        | 265/1812 [03:42<21:37,  1.19it/s, v_num=2ob0]
Epoch 0:  15%|█▍        | 265/1812 [03:42<21:37,  1.19it/s, v_num=2ob0]
Epoch 0:  15%|█▍        | 266/1812 [03:42<21:35,  1.19it/s, v_num=2ob0]
Epoch 0:  15%|█▍        | 266/1812 [03:42<21:35,  1.19it/s, v_num=2ob0]
Epoch 0:  15%|█▍        | 267/1812 [03:43<21:32,  1.20it/s, v_num=2ob0]
Epoch 0:  15%|█▍        | 267/1812 [03:43<21:32,  1.20it/s, v_num=2ob0]
Epoch 0:  15%|█▍        | 268/1812 [03:44<21:30,  1.20it/s, v_num=2ob0]
Epoch 0:  15%|█▍        | 268/1812 [03:44<21:30,  1.20it/s, v_num=2ob0]
Epoch 0:  15%|█▍        | 269/1812 [03:44<21:28,  1.20it/s, v_num=2ob0]
Epoch 0:  15%|█▍        | 269/1812 [03:44<21:28,  1.20it/s, v_num=2ob0]
Epoch 0:  15%|█▍        | 270/1812 [03:45<21:26,  1.20it/s, v_num=2ob0]
Epoch 0:  15%|█▍        | 270/1812 [03:45<21:26,  1.20it/s, v_num=2ob0]
Epoch 0:  15%|█▍        | 271/1812 [03:45<21:23,  1.20it/s, v_num=2ob0]
Epoch 0:  15%|█▍        | 271/1812 [03:45<21:23,  1.20it/s, v_num=2ob0]
Epoch 0:  15%|█▌        | 272/1812 [03:46<21:21,  1.20it/s, v_num=2ob0]
Epoch 0:  15%|█▌        | 272/1812 [03:46<21:21,  1.20it/s, v_num=2ob0]
Epoch 0:  15%|█▌        | 273/1812 [03:46<21:19,  1.20it/s, v_num=2ob0]
Epoch 0:  15%|█▌        | 273/1812 [03:46<21:19,  1.20it/s, v_num=2ob0]
Epoch 0:  15%|█▌        | 274/1812 [03:47<21:17,  1.20it/s, v_num=2ob0]
Epoch 0:  15%|█▌        | 274/1812 [03:47<21:17,  1.20it/s, v_num=2ob0]
Epoch 0:  15%|█▌        | 275/1812 [03:48<21:15,  1.21it/s, v_num=2ob0]
Epoch 0:  15%|█▌        | 275/1812 [03:48<21:15,  1.21it/s, v_num=2ob0]
Epoch 0:  15%|█▌        | 276/1812 [03:48<21:12,  1.21it/s, v_num=2ob0]
Epoch 0:  15%|█▌        | 276/1812 [03:48<21:12,  1.21it/s, v_num=2ob0]
Epoch 0:  15%|█▌        | 277/1812 [03:49<21:10,  1.21it/s, v_num=2ob0]
Epoch 0:  15%|█▌        | 277/1812 [03:49<21:10,  1.21it/s, v_num=2ob0]
Epoch 0:  15%|█▌        | 278/1812 [03:49<21:08,  1.21it/s, v_num=2ob0]
Epoch 0:  15%|█▌        | 278/1812 [03:49<21:08,  1.21it/s, v_num=2ob0]
Epoch 0:  15%|█▌        | 279/1812 [03:50<21:06,  1.21it/s, v_num=2ob0]
Epoch 0:  15%|█▌        | 279/1812 [03:50<21:06,  1.21it/s, v_num=2ob0]
Epoch 0:  15%|█▌        | 280/1812 [03:59<21:47,  1.17it/s, v_num=2ob0]
Epoch 0:  15%|█▌        | 280/1812 [03:59<21:47,  1.17it/s, v_num=2ob0]
Epoch 0:  16%|█▌        | 281/1812 [03:59<21:45,  1.17it/s, v_num=2ob0]
Epoch 0:  16%|█▌        | 281/1812 [03:59<21:45,  1.17it/s, v_num=2ob0]
Epoch 0:  16%|█▌        | 282/1812 [04:00<21:43,  1.17it/s, v_num=2ob0]
Epoch 0:  16%|█▌        | 282/1812 [04:00<21:43,  1.17it/s, v_num=2ob0]
Epoch 0:  16%|█▌        | 283/1812 [04:00<21:40,  1.18it/s, v_num=2ob0]
Epoch 0:  16%|█▌        | 283/1812 [04:00<21:40,  1.18it/s, v_num=2ob0]
Epoch 0:  16%|█▌        | 284/1812 [04:01<21:38,  1.18it/s, v_num=2ob0]
Epoch 0:  16%|█▌        | 284/1812 [04:01<21:38,  1.18it/s, v_num=2ob0]
Epoch 0:  16%|█▌        | 285/1812 [04:01<21:36,  1.18it/s, v_num=2ob0]
Epoch 0:  16%|█▌        | 285/1812 [04:01<21:36,  1.18it/s, v_num=2ob0]
Epoch 0:  16%|█▌        | 286/1812 [04:02<21:34,  1.18it/s, v_num=2ob0]
Epoch 0:  16%|█▌        | 286/1812 [04:02<21:34,  1.18it/s, v_num=2ob0]
Epoch 0:  16%|█▌        | 287/1812 [04:03<21:31,  1.18it/s, v_num=2ob0]
Epoch 0:  16%|█▌        | 287/1812 [04:03<21:31,  1.18it/s, v_num=2ob0]
Epoch 0:  16%|█▌        | 288/1812 [04:03<21:29,  1.18it/s, v_num=2ob0]
Epoch 0:  16%|█▌        | 288/1812 [04:03<21:29,  1.18it/s, v_num=2ob0]
Epoch 0:  16%|█▌        | 289/1812 [04:04<21:27,  1.18it/s, v_num=2ob0]
Epoch 0:  16%|█▌        | 289/1812 [04:04<21:27,  1.18it/s, v_num=2ob0]
Epoch 0:  16%|█▌        | 290/1812 [04:04<21:25,  1.18it/s, v_num=2ob0]
Epoch 0:  16%|█▌        | 290/1812 [04:04<21:25,  1.18it/s, v_num=2ob0]
Epoch 0:  16%|█▌        | 291/1812 [04:05<21:23,  1.19it/s, v_num=2ob0]
Epoch 0:  16%|█▌        | 291/1812 [04:05<21:23,  1.19it/s, v_num=2ob0]
Epoch 0:  16%|█▌        | 292/1812 [04:06<21:21,  1.19it/s, v_num=2ob0]
Epoch 0:  16%|█▌        | 292/1812 [04:06<21:21,  1.19it/s, v_num=2ob0]
Epoch 0:  16%|█▌        | 293/1812 [04:06<21:18,  1.19it/s, v_num=2ob0]
Epoch 0:  16%|█▌        | 293/1812 [04:06<21:18,  1.19it/s, v_num=2ob0]
Epoch 0:  16%|█▌        | 294/1812 [04:07<21:16,  1.19it/s, v_num=2ob0]
Epoch 0:  16%|█▌        | 294/1812 [04:07<21:16,  1.19it/s, v_num=2ob0]
Epoch 0:  16%|█▋        | 295/1812 [04:07<21:14,  1.19it/s, v_num=2ob0]
Epoch 0:  16%|█▋        | 295/1812 [04:07<21:14,  1.19it/s, v_num=2ob0]
Epoch 0:  16%|█▋        | 296/1812 [04:08<21:12,  1.19it/s, v_num=2ob0]
Epoch 0:  16%|█▋        | 296/1812 [04:08<21:12,  1.19it/s, v_num=2ob0]
Epoch 0:  16%|█▋        | 297/1812 [04:09<21:10,  1.19it/s, v_num=2ob0]
Epoch 0:  16%|█▋        | 297/1812 [04:09<21:10,  1.19it/s, v_num=2ob0]
Epoch 0:  16%|█▋        | 298/1812 [04:09<21:08,  1.19it/s, v_num=2ob0]
Epoch 0:  16%|█▋        | 298/1812 [04:09<21:08,  1.19it/s, v_num=2ob0]
Epoch 0:  17%|█▋        | 299/1812 [04:10<21:06,  1.19it/s, v_num=2ob0]
Epoch 0:  17%|█▋        | 299/1812 [04:10<21:06,  1.19it/s, v_num=2ob0]
Epoch 0:  17%|█▋        | 300/1812 [04:10<21:04,  1.20it/s, v_num=2ob0]
Epoch 0:  17%|█▋        | 300/1812 [04:10<21:04,  1.20it/s, v_num=2ob0]
Epoch 0:  17%|█▋        | 301/1812 [04:11<21:02,  1.20it/s, v_num=2ob0]
Epoch 0:  17%|█▋        | 301/1812 [04:11<21:02,  1.20it/s, v_num=2ob0]
Epoch 0:  17%|█▋        | 302/1812 [04:11<20:59,  1.20it/s, v_num=2ob0]
Epoch 0:  17%|█▋        | 302/1812 [04:11<20:59,  1.20it/s, v_num=2ob0]
Epoch 0:  17%|█▋        | 303/1812 [04:12<20:57,  1.20it/s, v_num=2ob0]
Epoch 0:  17%|█▋        | 303/1812 [04:12<20:57,  1.20it/s, v_num=2ob0]
Epoch 0:  17%|█▋        | 304/1812 [04:13<20:55,  1.20it/s, v_num=2ob0]
Epoch 0:  17%|█▋        | 304/1812 [04:13<20:55,  1.20it/s, v_num=2ob0]
Epoch 0:  17%|█▋        | 305/1812 [04:13<20:53,  1.20it/s, v_num=2ob0]
Epoch 0:  17%|█▋        | 305/1812 [04:13<20:53,  1.20it/s, v_num=2ob0]
Epoch 0:  17%|█▋        | 306/1812 [04:14<20:51,  1.20it/s, v_num=2ob0]
Epoch 0:  17%|█▋        | 306/1812 [04:14<20:51,  1.20it/s, v_num=2ob0]
Epoch 0:  17%|█▋        | 307/1812 [04:14<20:49,  1.20it/s, v_num=2ob0]
Epoch 0:  17%|█▋        | 307/1812 [04:14<20:49,  1.20it/s, v_num=2ob0]
Epoch 0:  17%|█▋        | 308/1812 [04:15<20:47,  1.21it/s, v_num=2ob0]
Epoch 0:  17%|█▋        | 308/1812 [04:15<20:47,  1.21it/s, v_num=2ob0]
Epoch 0:  17%|█▋        | 309/1812 [04:16<20:45,  1.21it/s, v_num=2ob0]
Epoch 0:  17%|█▋        | 309/1812 [04:16<20:45,  1.21it/s, v_num=2ob0]
Epoch 0:  17%|█▋        | 310/1812 [04:16<20:43,  1.21it/s, v_num=2ob0]
Epoch 0:  17%|█▋        | 310/1812 [04:16<20:43,  1.21it/s, v_num=2ob0]
Epoch 0:  17%|█▋        | 311/1812 [04:17<20:41,  1.21it/s, v_num=2ob0]
Epoch 0:  17%|█▋        | 311/1812 [04:17<20:41,  1.21it/s, v_num=2ob0]
Epoch 0:  17%|█▋        | 312/1812 [04:17<20:39,  1.21it/s, v_num=2ob0]
Epoch 0:  17%|█▋        | 312/1812 [04:17<20:39,  1.21it/s, v_num=2ob0]
Epoch 0:  17%|█▋        | 313/1812 [04:18<20:37,  1.21it/s, v_num=2ob0]
Epoch 0:  17%|█▋        | 313/1812 [04:18<20:37,  1.21it/s, v_num=2ob0]
Epoch 0:  17%|█▋        | 314/1812 [04:19<20:36,  1.21it/s, v_num=2ob0]
Epoch 0:  17%|█▋        | 314/1812 [04:19<20:36,  1.21it/s, v_num=2ob0]
Epoch 0:  17%|█▋        | 315/1812 [04:19<20:34,  1.21it/s, v_num=2ob0]
Epoch 0:  17%|█▋        | 315/1812 [04:19<20:34,  1.21it/s, v_num=2ob0]
Epoch 0:  17%|█▋        | 316/1812 [04:20<20:32,  1.21it/s, v_num=2ob0]
Epoch 0:  17%|█▋        | 316/1812 [04:20<20:32,  1.21it/s, v_num=2ob0]
Epoch 0:  17%|█▋        | 317/1812 [04:20<20:30,  1.22it/s, v_num=2ob0]
Epoch 0:  17%|█▋        | 317/1812 [04:20<20:30,  1.22it/s, v_num=2ob0]
Epoch 0:  18%|█▊        | 318/1812 [04:21<20:28,  1.22it/s, v_num=2ob0]
Epoch 0:  18%|█▊        | 318/1812 [04:21<20:28,  1.22it/s, v_num=2ob0]
Epoch 0:  18%|█▊        | 319/1812 [04:22<20:26,  1.22it/s, v_num=2ob0]
Epoch 0:  18%|█▊        | 319/1812 [04:22<20:26,  1.22it/s, v_num=2ob0]
Epoch 0:  18%|█▊        | 320/1812 [04:22<20:24,  1.22it/s, v_num=2ob0]
Epoch 0:  18%|█▊        | 320/1812 [04:22<20:24,  1.22it/s, v_num=2ob0]
Epoch 0:  18%|█▊        | 321/1812 [04:23<20:22,  1.22it/s, v_num=2ob0]
Epoch 0:  18%|█▊        | 321/1812 [04:23<20:22,  1.22it/s, v_num=2ob0]
Epoch 0:  18%|█▊        | 322/1812 [04:23<20:20,  1.22it/s, v_num=2ob0]
Epoch 0:  18%|█▊        | 322/1812 [04:23<20:20,  1.22it/s, v_num=2ob0]
Epoch 0:  18%|█▊        | 323/1812 [04:24<20:18,  1.22it/s, v_num=2ob0]
Epoch 0:  18%|█▊        | 323/1812 [04:24<20:18,  1.22it/s, v_num=2ob0]
Epoch 0:  18%|█▊        | 324/1812 [04:25<20:17,  1.22it/s, v_num=2ob0]
Epoch 0:  18%|█▊        | 324/1812 [04:25<20:17,  1.22it/s, v_num=2ob0]
Epoch 0:  18%|█▊        | 325/1812 [04:25<20:15,  1.22it/s, v_num=2ob0]
Epoch 0:  18%|█▊        | 325/1812 [04:25<20:15,  1.22it/s, v_num=2ob0]
Epoch 0:  18%|█▊        | 326/1812 [04:26<20:13,  1.22it/s, v_num=2ob0]
Epoch 0:  18%|█▊        | 326/1812 [04:26<20:13,  1.22it/s, v_num=2ob0]
Epoch 0:  18%|█▊        | 327/1812 [04:26<20:11,  1.23it/s, v_num=2ob0]
Epoch 0:  18%|█▊        | 327/1812 [04:26<20:11,  1.23it/s, v_num=2ob0]
Epoch 0:  18%|█▊        | 328/1812 [04:33<20:36,  1.20it/s, v_num=2ob0]
Epoch 0:  18%|█▊        | 328/1812 [04:33<20:36,  1.20it/s, v_num=2ob0]
Epoch 0:  18%|█▊        | 329/1812 [04:33<20:34,  1.20it/s, v_num=2ob0]
Epoch 0:  18%|█▊        | 329/1812 [04:33<20:34,  1.20it/s, v_num=2ob0]
Epoch 0:  18%|█▊        | 330/1812 [04:34<20:32,  1.20it/s, v_num=2ob0]
Epoch 0:  18%|█▊        | 330/1812 [04:34<20:32,  1.20it/s, v_num=2ob0]
Epoch 0:  18%|█▊        | 331/1812 [04:35<20:30,  1.20it/s, v_num=2ob0]
Epoch 0:  18%|█▊        | 331/1812 [04:35<20:30,  1.20it/s, v_num=2ob0]
Epoch 0:  18%|█▊        | 332/1812 [04:35<20:28,  1.20it/s, v_num=2ob0]
Epoch 0:  18%|█▊        | 332/1812 [04:35<20:28,  1.20it/s, v_num=2ob0]
Epoch 0:  18%|█▊        | 333/1812 [04:36<20:26,  1.21it/s, v_num=2ob0]
Epoch 0:  18%|█▊        | 333/1812 [04:36<20:26,  1.21it/s, v_num=2ob0]
Epoch 0:  18%|█▊        | 334/1812 [04:36<20:24,  1.21it/s, v_num=2ob0]
Epoch 0:  18%|█▊        | 334/1812 [04:36<20:24,  1.21it/s, v_num=2ob0]
Epoch 0:  18%|█▊        | 335/1812 [04:37<20:23,  1.21it/s, v_num=2ob0]
Epoch 0:  18%|█▊        | 335/1812 [04:37<20:23,  1.21it/s, v_num=2ob0]
Epoch 0:  19%|█▊        | 336/1812 [04:37<20:21,  1.21it/s, v_num=2ob0]
Epoch 0:  19%|█▊        | 336/1812 [04:37<20:21,  1.21it/s, v_num=2ob0]
Epoch 0:  19%|█▊        | 337/1812 [04:38<20:19,  1.21it/s, v_num=2ob0]
Epoch 0:  19%|█▊        | 337/1812 [04:38<20:19,  1.21it/s, v_num=2ob0]
Epoch 0:  19%|█▊        | 338/1812 [04:39<20:17,  1.21it/s, v_num=2ob0]
Epoch 0:  19%|█▊        | 338/1812 [04:39<20:17,  1.21it/s, v_num=2ob0]
Epoch 0:  19%|█▊        | 339/1812 [04:39<20:15,  1.21it/s, v_num=2ob0]
Epoch 0:  19%|█▊        | 339/1812 [04:39<20:15,  1.21it/s, v_num=2ob0]
Epoch 0:  19%|█▉        | 340/1812 [04:40<20:13,  1.21it/s, v_num=2ob0]
Epoch 0:  19%|█▉        | 340/1812 [04:40<20:13,  1.21it/s, v_num=2ob0]
Epoch 0:  19%|█▉        | 341/1812 [04:40<20:11,  1.21it/s, v_num=2ob0]
Epoch 0:  19%|█▉        | 341/1812 [04:40<20:11,  1.21it/s, v_num=2ob0]
Epoch 0:  19%|█▉        | 342/1812 [04:41<20:10,  1.21it/s, v_num=2ob0]
Epoch 0:  19%|█▉        | 342/1812 [04:41<20:10,  1.21it/s, v_num=2ob0]
Epoch 0:  19%|█▉        | 343/1812 [04:42<20:08,  1.22it/s, v_num=2ob0]
Epoch 0:  19%|█▉        | 343/1812 [04:42<20:08,  1.22it/s, v_num=2ob0]
Epoch 0:  19%|█▉        | 344/1812 [04:42<20:06,  1.22it/s, v_num=2ob0]
Epoch 0:  19%|█▉        | 344/1812 [04:42<20:06,  1.22it/s, v_num=2ob0]
Epoch 0:  19%|█▉        | 345/1812 [04:43<20:04,  1.22it/s, v_num=2ob0]
Epoch 0:  19%|█▉        | 345/1812 [04:43<20:04,  1.22it/s, v_num=2ob0]
Epoch 0:  19%|█▉        | 346/1812 [04:43<20:02,  1.22it/s, v_num=2ob0]
Epoch 0:  19%|█▉        | 346/1812 [04:43<20:02,  1.22it/s, v_num=2ob0]
Epoch 0:  19%|█▉        | 347/1812 [04:44<20:01,  1.22it/s, v_num=2ob0]
Epoch 0:  19%|█▉        | 347/1812 [04:44<20:01,  1.22it/s, v_num=2ob0]
Epoch 0:  19%|█▉        | 348/1812 [04:45<19:59,  1.22it/s, v_num=2ob0]
Epoch 0:  19%|█▉        | 348/1812 [04:45<19:59,  1.22it/s, v_num=2ob0]
Epoch 0:  19%|█▉        | 349/1812 [04:45<19:57,  1.22it/s, v_num=2ob0]
Epoch 0:  19%|█▉        | 349/1812 [04:45<19:57,  1.22it/s, v_num=2ob0]
Epoch 0:  19%|█▉        | 350/1812 [04:46<19:55,  1.22it/s, v_num=2ob0]
Epoch 0:  19%|█▉        | 350/1812 [04:46<19:55,  1.22it/s, v_num=2ob0]
Epoch 0:  19%|█▉        | 351/1812 [04:46<19:53,  1.22it/s, v_num=2ob0]
Epoch 0:  19%|█▉        | 351/1812 [04:46<19:53,  1.22it/s, v_num=2ob0]
Epoch 0:  19%|█▉        | 352/1812 [04:47<19:52,  1.22it/s, v_num=2ob0]
Epoch 0:  19%|█▉        | 352/1812 [04:47<19:52,  1.22it/s, v_num=2ob0]
Epoch 0:  19%|█▉        | 353/1812 [04:48<19:50,  1.23it/s, v_num=2ob0]
Epoch 0:  19%|█▉        | 353/1812 [04:48<19:50,  1.23it/s, v_num=2ob0]
Epoch 0:  20%|█▉        | 354/1812 [04:48<19:48,  1.23it/s, v_num=2ob0]
Epoch 0:  20%|█▉        | 354/1812 [04:48<19:48,  1.23it/s, v_num=2ob0]
Epoch 0:  20%|█▉        | 355/1812 [04:49<19:47,  1.23it/s, v_num=2ob0]
Epoch 0:  20%|█▉        | 355/1812 [04:49<19:47,  1.23it/s, v_num=2ob0]
Epoch 0:  20%|█▉        | 356/1812 [04:49<19:45,  1.23it/s, v_num=2ob0]
Epoch 0:  20%|█▉        | 356/1812 [04:49<19:45,  1.23it/s, v_num=2ob0]
Epoch 0:  20%|█▉        | 357/1812 [04:50<19:43,  1.23it/s, v_num=2ob0]
Epoch 0:  20%|█▉        | 357/1812 [04:50<19:43,  1.23it/s, v_num=2ob0]
Epoch 0:  20%|█▉        | 358/1812 [04:50<19:41,  1.23it/s, v_num=2ob0]
Epoch 0:  20%|█▉        | 358/1812 [04:50<19:41,  1.23it/s, v_num=2ob0]
Epoch 0:  20%|█▉        | 359/1812 [04:51<19:40,  1.23it/s, v_num=2ob0]
Epoch 0:  20%|█▉        | 359/1812 [04:51<19:40,  1.23it/s, v_num=2ob0]
Epoch 0:  20%|█▉        | 360/1812 [04:52<19:38,  1.23it/s, v_num=2ob0]
Epoch 0:  20%|█▉        | 360/1812 [04:52<19:38,  1.23it/s, v_num=2ob0]
Epoch 0:  20%|█▉        | 361/1812 [04:52<19:36,  1.23it/s, v_num=2ob0]
Epoch 0:  20%|█▉        | 361/1812 [04:52<19:36,  1.23it/s, v_num=2ob0]
Epoch 0:  20%|█▉        | 362/1812 [04:53<19:35,  1.23it/s, v_num=2ob0]
Epoch 0:  20%|█▉        | 362/1812 [04:53<19:35,  1.23it/s, v_num=2ob0]
Epoch 0:  20%|██        | 363/1812 [04:53<19:33,  1.23it/s, v_num=2ob0]
Epoch 0:  20%|██        | 363/1812 [04:53<19:33,  1.23it/s, v_num=2ob0]
Epoch 0:  20%|██        | 364/1812 [04:54<19:31,  1.24it/s, v_num=2ob0]
Epoch 0:  20%|██        | 364/1812 [04:54<19:31,  1.24it/s, v_num=2ob0]
Epoch 0:  20%|██        | 365/1812 [04:55<19:29,  1.24it/s, v_num=2ob0]
Epoch 0:  20%|██        | 365/1812 [04:55<19:29,  1.24it/s, v_num=2ob0]
Epoch 0:  20%|██        | 366/1812 [04:55<19:28,  1.24it/s, v_num=2ob0]
Epoch 0:  20%|██        | 366/1812 [04:55<19:28,  1.24it/s, v_num=2ob0]
Epoch 0:  20%|██        | 367/1812 [04:56<19:26,  1.24it/s, v_num=2ob0]
Epoch 0:  20%|██        | 367/1812 [04:56<19:26,  1.24it/s, v_num=2ob0]
Epoch 0:  20%|██        | 368/1812 [04:56<19:24,  1.24it/s, v_num=2ob0]
Epoch 0:  20%|██        | 368/1812 [04:56<19:24,  1.24it/s, v_num=2ob0]
Epoch 0:  20%|██        | 369/1812 [04:57<19:23,  1.24it/s, v_num=2ob0]
Epoch 0:  20%|██        | 369/1812 [04:57<19:23,  1.24it/s, v_num=2ob0]
Epoch 0:  20%|██        | 370/1812 [04:58<19:21,  1.24it/s, v_num=2ob0]
Epoch 0:  20%|██        | 370/1812 [04:58<19:21,  1.24it/s, v_num=2ob0]
Epoch 0:  20%|██        | 371/1812 [04:58<19:20,  1.24it/s, v_num=2ob0]
Epoch 0:  20%|██        | 371/1812 [04:58<19:20,  1.24it/s, v_num=2ob0]
Epoch 0:  21%|██        | 372/1812 [04:59<19:18,  1.24it/s, v_num=2ob0]
Epoch 0:  21%|██        | 372/1812 [04:59<19:18,  1.24it/s, v_num=2ob0]
Epoch 0:  21%|██        | 373/1812 [04:59<19:16,  1.24it/s, v_num=2ob0]
Epoch 0:  21%|██        | 373/1812 [04:59<19:16,  1.24it/s, v_num=2ob0]
Epoch 0:  21%|██        | 374/1812 [05:00<19:15,  1.24it/s, v_num=2ob0]
Epoch 0:  21%|██        | 374/1812 [05:00<19:15,  1.24it/s, v_num=2ob0]
Epoch 0:  21%|██        | 375/1812 [05:01<19:13,  1.25it/s, v_num=2ob0]
Epoch 0:  21%|██        | 375/1812 [05:01<19:13,  1.25it/s, v_num=2ob0]
Epoch 0:  21%|██        | 376/1812 [05:17<20:13,  1.18it/s, v_num=2ob0]
Epoch 0:  21%|██        | 376/1812 [05:17<20:13,  1.18it/s, v_num=2ob0]
Epoch 0:  21%|██        | 377/1812 [05:18<20:11,  1.18it/s, v_num=2ob0]
Epoch 0:  21%|██        | 377/1812 [05:18<20:11,  1.18it/s, v_num=2ob0]
Epoch 0:  21%|██        | 378/1812 [05:18<20:09,  1.19it/s, v_num=2ob0]
Epoch 0:  21%|██        | 378/1812 [05:18<20:09,  1.19it/s, v_num=2ob0]
Epoch 0:  21%|██        | 379/1812 [05:19<20:07,  1.19it/s, v_num=2ob0]
Epoch 0:  21%|██        | 379/1812 [05:19<20:07,  1.19it/s, v_num=2ob0]
Epoch 0:  21%|██        | 380/1812 [05:20<20:06,  1.19it/s, v_num=2ob0]
Epoch 0:  21%|██        | 380/1812 [05:20<20:06,  1.19it/s, v_num=2ob0]
Epoch 0:  21%|██        | 381/1812 [05:20<20:04,  1.19it/s, v_num=2ob0]
Epoch 0:  21%|██        | 381/1812 [05:20<20:04,  1.19it/s, v_num=2ob0]
Epoch 0:  21%|██        | 382/1812 [05:21<20:02,  1.19it/s, v_num=2ob0]
Epoch 0:  21%|██        | 382/1812 [05:21<20:02,  1.19it/s, v_num=2ob0]
Epoch 0:  21%|██        | 383/1812 [05:21<20:00,  1.19it/s, v_num=2ob0]
Epoch 0:  21%|██        | 383/1812 [05:21<20:00,  1.19it/s, v_num=2ob0]
Epoch 0:  21%|██        | 384/1812 [05:22<19:58,  1.19it/s, v_num=2ob0]
Epoch 0:  21%|██        | 384/1812 [05:22<19:58,  1.19it/s, v_num=2ob0]
Epoch 0:  21%|██        | 385/1812 [05:22<19:57,  1.19it/s, v_num=2ob0]
Epoch 0:  21%|██        | 385/1812 [05:22<19:57,  1.19it/s, v_num=2ob0]
Epoch 0:  21%|██▏       | 386/1812 [05:23<19:55,  1.19it/s, v_num=2ob0]
Epoch 0:  21%|██▏       | 386/1812 [05:23<19:55,  1.19it/s, v_num=2ob0]
Epoch 0:  21%|██▏       | 387/1812 [05:24<19:53,  1.19it/s, v_num=2ob0]
Epoch 0:  21%|██▏       | 387/1812 [05:24<19:53,  1.19it/s, v_num=2ob0]
Epoch 0:  21%|██▏       | 388/1812 [05:24<19:51,  1.19it/s, v_num=2ob0]
Epoch 0:  21%|██▏       | 388/1812 [05:24<19:51,  1.19it/s, v_num=2ob0]
Epoch 0:  21%|██▏       | 389/1812 [05:25<19:50,  1.20it/s, v_num=2ob0]
Epoch 0:  21%|██▏       | 389/1812 [05:25<19:50,  1.20it/s, v_num=2ob0]
Epoch 0:  22%|██▏       | 390/1812 [05:25<19:48,  1.20it/s, v_num=2ob0]
Epoch 0:  22%|██▏       | 390/1812 [05:25<19:48,  1.20it/s, v_num=2ob0]
Epoch 0:  22%|██▏       | 391/1812 [05:26<19:46,  1.20it/s, v_num=2ob0]
Epoch 0:  22%|██▏       | 391/1812 [05:26<19:46,  1.20it/s, v_num=2ob0]
Epoch 0:  22%|██▏       | 392/1812 [05:27<19:45,  1.20it/s, v_num=2ob0]
Epoch 0:  22%|██▏       | 392/1812 [05:27<19:45,  1.20it/s, v_num=2ob0]
Epoch 0:  22%|██▏       | 393/1812 [05:27<19:43,  1.20it/s, v_num=2ob0]
Epoch 0:  22%|██▏       | 393/1812 [05:27<19:43,  1.20it/s, v_num=2ob0]
Epoch 0:  22%|██▏       | 394/1812 [05:28<19:41,  1.20it/s, v_num=2ob0]
Epoch 0:  22%|██▏       | 394/1812 [05:28<19:41,  1.20it/s, v_num=2ob0]
Epoch 0:  22%|██▏       | 395/1812 [05:28<19:39,  1.20it/s, v_num=2ob0]
Epoch 0:  22%|██▏       | 395/1812 [05:28<19:39,  1.20it/s, v_num=2ob0]
Epoch 0:  22%|██▏       | 396/1812 [05:29<19:38,  1.20it/s, v_num=2ob0]
Epoch 0:  22%|██▏       | 396/1812 [05:29<19:38,  1.20it/s, v_num=2ob0]
Epoch 0:  22%|██▏       | 397/1812 [05:30<19:36,  1.20it/s, v_num=2ob0]
Epoch 0:  22%|██▏       | 397/1812 [05:30<19:36,  1.20it/s, v_num=2ob0]
Epoch 0:  22%|██▏       | 398/1812 [05:30<19:34,  1.20it/s, v_num=2ob0]
Epoch 0:  22%|██▏       | 398/1812 [05:30<19:34,  1.20it/s, v_num=2ob0]
Epoch 0:  22%|██▏       | 399/1812 [05:31<19:33,  1.20it/s, v_num=2ob0]
Epoch 0:  22%|██▏       | 399/1812 [05:31<19:33,  1.20it/s, v_num=2ob0]
Epoch 0:  22%|██▏       | 400/1812 [05:31<19:31,  1.21it/s, v_num=2ob0]
Epoch 0:  22%|██▏       | 400/1812 [05:31<19:31,  1.21it/s, v_num=2ob0]
Epoch 0:  22%|██▏       | 401/1812 [05:32<19:29,  1.21it/s, v_num=2ob0]
Epoch 0:  22%|██▏       | 401/1812 [05:32<19:29,  1.21it/s, v_num=2ob0]
Epoch 0:  22%|██▏       | 402/1812 [05:33<19:28,  1.21it/s, v_num=2ob0]
Epoch 0:  22%|██▏       | 402/1812 [05:33<19:28,  1.21it/s, v_num=2ob0]
Epoch 0:  22%|██▏       | 403/1812 [05:33<19:26,  1.21it/s, v_num=2ob0]
Epoch 0:  22%|██▏       | 403/1812 [05:33<19:26,  1.21it/s, v_num=2ob0]
Epoch 0:  22%|██▏       | 404/1812 [05:34<19:24,  1.21it/s, v_num=2ob0]
Epoch 0:  22%|██▏       | 404/1812 [05:34<19:24,  1.21it/s, v_num=2ob0]
Epoch 0:  22%|██▏       | 405/1812 [05:34<19:23,  1.21it/s, v_num=2ob0]
Epoch 0:  22%|██▏       | 405/1812 [05:34<19:23,  1.21it/s, v_num=2ob0]
Epoch 0:  22%|██▏       | 406/1812 [05:35<19:21,  1.21it/s, v_num=2ob0]
Epoch 0:  22%|██▏       | 406/1812 [05:35<19:21,  1.21it/s, v_num=2ob0]
Epoch 0:  22%|██▏       | 407/1812 [05:35<19:19,  1.21it/s, v_num=2ob0]
Epoch 0:  22%|██▏       | 407/1812 [05:35<19:19,  1.21it/s, v_num=2ob0]
Epoch 0:  23%|██▎       | 408/1812 [05:36<19:18,  1.21it/s, v_num=2ob0]
Epoch 0:  23%|██▎       | 408/1812 [05:36<19:18,  1.21it/s, v_num=2ob0]
Epoch 0:  23%|██▎       | 409/1812 [05:37<19:16,  1.21it/s, v_num=2ob0]
Epoch 0:  23%|██▎       | 409/1812 [05:37<19:16,  1.21it/s, v_num=2ob0]
Epoch 0:  23%|██▎       | 410/1812 [05:37<19:14,  1.21it/s, v_num=2ob0]
Epoch 0:  23%|██▎       | 410/1812 [05:37<19:14,  1.21it/s, v_num=2ob0]
Epoch 0:  23%|██▎       | 411/1812 [05:38<19:13,  1.21it/s, v_num=2ob0]
Epoch 0:  23%|██▎       | 411/1812 [05:38<19:13,  1.21it/s, v_num=2ob0]
Epoch 0:  23%|██▎       | 412/1812 [05:38<19:11,  1.22it/s, v_num=2ob0]
Epoch 0:  23%|██▎       | 412/1812 [05:38<19:11,  1.22it/s, v_num=2ob0]
Epoch 0:  23%|██▎       | 413/1812 [05:39<19:10,  1.22it/s, v_num=2ob0]
Epoch 0:  23%|██▎       | 413/1812 [05:39<19:10,  1.22it/s, v_num=2ob0]
Epoch 0:  23%|██▎       | 414/1812 [05:40<19:08,  1.22it/s, v_num=2ob0]
Epoch 0:  23%|██▎       | 414/1812 [05:40<19:08,  1.22it/s, v_num=2ob0]
Epoch 0:  23%|██▎       | 415/1812 [05:40<19:06,  1.22it/s, v_num=2ob0]
Epoch 0:  23%|██▎       | 415/1812 [05:40<19:06,  1.22it/s, v_num=2ob0]
Epoch 0:  23%|██▎       | 416/1812 [05:41<19:05,  1.22it/s, v_num=2ob0]
Epoch 0:  23%|██▎       | 416/1812 [05:41<19:05,  1.22it/s, v_num=2ob0]
Epoch 0:  23%|██▎       | 417/1812 [05:41<19:03,  1.22it/s, v_num=2ob0]
Epoch 0:  23%|██▎       | 417/1812 [05:41<19:03,  1.22it/s, v_num=2ob0]
Epoch 0:  23%|██▎       | 418/1812 [05:42<19:02,  1.22it/s, v_num=2ob0]
Epoch 0:  23%|██▎       | 418/1812 [05:42<19:02,  1.22it/s, v_num=2ob0]
Epoch 0:  23%|██▎       | 419/1812 [05:43<19:00,  1.22it/s, v_num=2ob0]
Epoch 0:  23%|██▎       | 419/1812 [05:43<19:00,  1.22it/s, v_num=2ob0]
Epoch 0:  23%|██▎       | 420/1812 [05:43<18:59,  1.22it/s, v_num=2ob0]
Epoch 0:  23%|██▎       | 420/1812 [05:43<18:59,  1.22it/s, v_num=2ob0]
Epoch 0:  23%|██▎       | 421/1812 [06:02<19:59,  1.16it/s, v_num=2ob0]
Epoch 0:  23%|██▎       | 421/1812 [06:02<19:59,  1.16it/s, v_num=2ob0]
Epoch 0:  23%|██▎       | 422/1812 [06:03<19:57,  1.16it/s, v_num=2ob0]
Epoch 0:  23%|██▎       | 422/1812 [06:03<19:57,  1.16it/s, v_num=2ob0]
Epoch 0:  23%|██▎       | 423/1812 [06:04<19:55,  1.16it/s, v_num=2ob0]
Epoch 0:  23%|██▎       | 423/1812 [06:04<19:55,  1.16it/s, v_num=2ob0]
Epoch 0:  23%|██▎       | 424/1812 [06:04<19:53,  1.16it/s, v_num=2ob0]
Epoch 0:  23%|██▎       | 424/1812 [06:04<19:53,  1.16it/s, v_num=2ob0]
Epoch 0:  23%|██▎       | 425/1812 [06:05<19:52,  1.16it/s, v_num=2ob0]
Epoch 0:  23%|██▎       | 425/1812 [06:05<19:52,  1.16it/s, v_num=2ob0]
Epoch 0:  24%|██▎       | 426/1812 [06:05<19:50,  1.16it/s, v_num=2ob0]
Epoch 0:  24%|██▎       | 426/1812 [06:05<19:50,  1.16it/s, v_num=2ob0]
Epoch 0:  24%|██▎       | 427/1812 [06:06<19:48,  1.17it/s, v_num=2ob0]
Epoch 0:  24%|██▎       | 427/1812 [06:06<19:48,  1.17it/s, v_num=2ob0]
Epoch 0:  24%|██▎       | 428/1812 [06:07<19:46,  1.17it/s, v_num=2ob0]
Epoch 0:  24%|██▎       | 428/1812 [06:07<19:46,  1.17it/s, v_num=2ob0]
Epoch 0:  24%|██▎       | 429/1812 [06:07<19:45,  1.17it/s, v_num=2ob0]
Epoch 0:  24%|██▎       | 429/1812 [06:07<19:45,  1.17it/s, v_num=2ob0]
Epoch 0:  24%|██▎       | 430/1812 [06:08<19:43,  1.17it/s, v_num=2ob0]
Epoch 0:  24%|██▎       | 430/1812 [06:08<19:43,  1.17it/s, v_num=2ob0]
Epoch 0:  24%|██▍       | 431/1812 [06:08<19:41,  1.17it/s, v_num=2ob0]
Epoch 0:  24%|██▍       | 431/1812 [06:08<19:41,  1.17it/s, v_num=2ob0]
Epoch 0:  24%|██▍       | 432/1812 [06:09<19:40,  1.17it/s, v_num=2ob0]
Epoch 0:  24%|██▍       | 432/1812 [06:09<19:40,  1.17it/s, v_num=2ob0]
Epoch 0:  24%|██▍       | 433/1812 [06:09<19:38,  1.17it/s, v_num=2ob0]
Epoch 0:  24%|██▍       | 433/1812 [06:09<19:38,  1.17it/s, v_num=2ob0]
Epoch 0:  24%|██▍       | 434/1812 [06:10<19:36,  1.17it/s, v_num=2ob0]
Epoch 0:  24%|██▍       | 434/1812 [06:10<19:36,  1.17it/s, v_num=2ob0]
Epoch 0:  24%|██▍       | 435/1812 [06:11<19:34,  1.17it/s, v_num=2ob0]
Epoch 0:  24%|██▍       | 435/1812 [06:11<19:34,  1.17it/s, v_num=2ob0]
Epoch 0:  24%|██▍       | 436/1812 [06:11<19:33,  1.17it/s, v_num=2ob0]
Epoch 0:  24%|██▍       | 436/1812 [06:11<19:33,  1.17it/s, v_num=2ob0]
Epoch 0:  24%|██▍       | 437/1812 [06:12<19:31,  1.17it/s, v_num=2ob0]
Epoch 0:  24%|██▍       | 437/1812 [06:12<19:31,  1.17it/s, v_num=2ob0]
Epoch 0:  24%|██▍       | 438/1812 [06:12<19:29,  1.17it/s, v_num=2ob0]
Epoch 0:  24%|██▍       | 438/1812 [06:12<19:29,  1.17it/s, v_num=2ob0]
Epoch 0:  24%|██▍       | 439/1812 [06:13<19:28,  1.18it/s, v_num=2ob0]
Epoch 0:  24%|██▍       | 439/1812 [06:13<19:28,  1.18it/s, v_num=2ob0]
Epoch 0:  24%|██▍       | 440/1812 [06:14<19:26,  1.18it/s, v_num=2ob0]
Epoch 0:  24%|██▍       | 440/1812 [06:14<19:26,  1.18it/s, v_num=2ob0]
Epoch 0:  24%|██▍       | 441/1812 [06:14<19:24,  1.18it/s, v_num=2ob0]
Epoch 0:  24%|██▍       | 441/1812 [06:14<19:24,  1.18it/s, v_num=2ob0]
Epoch 0:  24%|██▍       | 442/1812 [06:15<19:23,  1.18it/s, v_num=2ob0]
Epoch 0:  24%|██▍       | 442/1812 [06:15<19:23,  1.18it/s, v_num=2ob0]
Epoch 0:  24%|██▍       | 443/1812 [06:15<19:21,  1.18it/s, v_num=2ob0]
Epoch 0:  24%|██▍       | 443/1812 [06:15<19:21,  1.18it/s, v_num=2ob0]
Epoch 0:  25%|██▍       | 444/1812 [06:16<19:20,  1.18it/s, v_num=2ob0]
Epoch 0:  25%|██▍       | 444/1812 [06:16<19:20,  1.18it/s, v_num=2ob0]
Epoch 0:  25%|██▍       | 445/1812 [06:17<19:18,  1.18it/s, v_num=2ob0]
Epoch 0:  25%|██▍       | 445/1812 [06:17<19:18,  1.18it/s, v_num=2ob0]
Epoch 0:  25%|██▍       | 446/1812 [06:17<19:16,  1.18it/s, v_num=2ob0]
Epoch 0:  25%|██▍       | 446/1812 [06:17<19:16,  1.18it/s, v_num=2ob0]
Epoch 0:  25%|██▍       | 447/1812 [06:18<19:15,  1.18it/s, v_num=2ob0]
Epoch 0:  25%|██▍       | 447/1812 [06:18<19:15,  1.18it/s, v_num=2ob0]
Epoch 0:  25%|██▍       | 448/1812 [06:18<19:13,  1.18it/s, v_num=2ob0]
Epoch 0:  25%|██▍       | 448/1812 [06:18<19:13,  1.18it/s, v_num=2ob0]
Epoch 0:  25%|██▍       | 449/1812 [06:19<19:11,  1.18it/s, v_num=2ob0]
Epoch 0:  25%|██▍       | 449/1812 [06:19<19:11,  1.18it/s, v_num=2ob0]
Epoch 0:  25%|██▍       | 450/1812 [06:20<19:10,  1.18it/s, v_num=2ob0]
Epoch 0:  25%|██▍       | 450/1812 [06:20<19:10,  1.18it/s, v_num=2ob0]
Epoch 0:  25%|██▍       | 451/1812 [06:20<19:08,  1.18it/s, v_num=2ob0]
Epoch 0:  25%|██▍       | 451/1812 [06:20<19:08,  1.18it/s, v_num=2ob0]
Epoch 0:  25%|██▍       | 452/1812 [06:21<19:07,  1.19it/s, v_num=2ob0]
Epoch 0:  25%|██▍       | 452/1812 [06:21<19:07,  1.19it/s, v_num=2ob0]
Epoch 0:  25%|██▌       | 453/1812 [06:21<19:05,  1.19it/s, v_num=2ob0]
Epoch 0:  25%|██▌       | 453/1812 [06:21<19:05,  1.19it/s, v_num=2ob0]
Epoch 0:  25%|██▌       | 454/1812 [06:22<19:03,  1.19it/s, v_num=2ob0]
Epoch 0:  25%|██▌       | 454/1812 [06:22<19:03,  1.19it/s, v_num=2ob0]
Epoch 0:  25%|██▌       | 455/1812 [06:22<19:02,  1.19it/s, v_num=2ob0]
Epoch 0:  25%|██▌       | 455/1812 [06:22<19:02,  1.19it/s, v_num=2ob0]
Epoch 0:  25%|██▌       | 456/1812 [06:23<19:00,  1.19it/s, v_num=2ob0]
Epoch 0:  25%|██▌       | 456/1812 [06:23<19:00,  1.19it/s, v_num=2ob0]
Epoch 0:  25%|██▌       | 457/1812 [06:24<18:59,  1.19it/s, v_num=2ob0]
Epoch 0:  25%|██▌       | 457/1812 [06:24<18:59,  1.19it/s, v_num=2ob0]
Epoch 0:  25%|██▌       | 458/1812 [06:24<18:57,  1.19it/s, v_num=2ob0]
Epoch 0:  25%|██▌       | 458/1812 [06:24<18:57,  1.19it/s, v_num=2ob0]
Epoch 0:  25%|██▌       | 459/1812 [06:25<18:55,  1.19it/s, v_num=2ob0]
Epoch 0:  25%|██▌       | 459/1812 [06:25<18:55,  1.19it/s, v_num=2ob0]
Epoch 0:  25%|██▌       | 460/1812 [06:25<18:54,  1.19it/s, v_num=2ob0]
Epoch 0:  25%|██▌       | 460/1812 [06:25<18:54,  1.19it/s, v_num=2ob0]
Epoch 0:  25%|██▌       | 461/1812 [06:26<18:52,  1.19it/s, v_num=2ob0]
Epoch 0:  25%|██▌       | 461/1812 [06:26<18:52,  1.19it/s, v_num=2ob0]
Epoch 0:  25%|██▌       | 462/1812 [06:27<18:51,  1.19it/s, v_num=2ob0]
Epoch 0:  25%|██▌       | 462/1812 [06:27<18:51,  1.19it/s, v_num=2ob0]
Epoch 0:  26%|██▌       | 463/1812 [06:27<18:49,  1.19it/s, v_num=2ob0]
Epoch 0:  26%|██▌       | 463/1812 [06:27<18:49,  1.19it/s, v_num=2ob0]
Epoch 0:  26%|██▌       | 464/1812 [06:28<18:48,  1.19it/s, v_num=2ob0]
Epoch 0:  26%|██▌       | 464/1812 [06:28<18:48,  1.19it/s, v_num=2ob0]
Epoch 0:  26%|██▌       | 465/1812 [06:28<18:46,  1.20it/s, v_num=2ob0]
Epoch 0:  26%|██▌       | 465/1812 [06:28<18:46,  1.20it/s, v_num=2ob0]
Epoch 0:  26%|██▌       | 466/1812 [06:29<18:45,  1.20it/s, v_num=2ob0]
Epoch 0:  26%|██▌       | 466/1812 [06:29<18:45,  1.20it/s, v_num=2ob0]
Epoch 0:  26%|██▌       | 467/1812 [06:30<18:43,  1.20it/s, v_num=2ob0]
Epoch 0:  26%|██▌       | 467/1812 [06:30<18:43,  1.20it/s, v_num=2ob0]
Epoch 0:  26%|██▌       | 468/1812 [06:30<18:41,  1.20it/s, v_num=2ob0]
Epoch 0:  26%|██▌       | 468/1812 [06:30<18:41,  1.20it/s, v_num=2ob0]
Epoch 0:  26%|██▌       | 469/1812 [06:44<19:17,  1.16it/s, v_num=2ob0]
Epoch 0:  26%|██▌       | 469/1812 [06:44<19:17,  1.16it/s, v_num=2ob0]
Epoch 0:  26%|██▌       | 470/1812 [06:44<19:16,  1.16it/s, v_num=2ob0]
Epoch 0:  26%|██▌       | 470/1812 [06:44<19:16,  1.16it/s, v_num=2ob0]
Epoch 0:  26%|██▌       | 471/1812 [06:45<19:14,  1.16it/s, v_num=2ob0]
Epoch 0:  26%|██▌       | 471/1812 [06:45<19:14,  1.16it/s, v_num=2ob0]
Epoch 0:  26%|██▌       | 472/1812 [06:46<19:13,  1.16it/s, v_num=2ob0]
Epoch 0:  26%|██▌       | 472/1812 [06:46<19:13,  1.16it/s, v_num=2ob0]
Epoch 0:  26%|██▌       | 473/1812 [06:46<19:11,  1.16it/s, v_num=2ob0]
Epoch 0:  26%|██▌       | 473/1812 [06:46<19:11,  1.16it/s, v_num=2ob0]
Epoch 0:  26%|██▌       | 474/1812 [06:47<19:09,  1.16it/s, v_num=2ob0]
Epoch 0:  26%|██▌       | 474/1812 [06:47<19:09,  1.16it/s, v_num=2ob0]
Epoch 0:  26%|██▌       | 475/1812 [06:47<19:08,  1.16it/s, v_num=2ob0]
Epoch 0:  26%|██▌       | 475/1812 [06:47<19:08,  1.16it/s, v_num=2ob0]
Epoch 0:  26%|██▋       | 476/1812 [06:48<19:06,  1.17it/s, v_num=2ob0]
Epoch 0:  26%|██▋       | 476/1812 [06:48<19:06,  1.17it/s, v_num=2ob0]
Epoch 0:  26%|██▋       | 477/1812 [06:49<19:04,  1.17it/s, v_num=2ob0]
Epoch 0:  26%|██▋       | 477/1812 [06:49<19:04,  1.17it/s, v_num=2ob0]
Epoch 0:  26%|██▋       | 478/1812 [06:49<19:03,  1.17it/s, v_num=2ob0]
Epoch 0:  26%|██▋       | 478/1812 [06:49<19:03,  1.17it/s, v_num=2ob0]
Epoch 0:  26%|██▋       | 479/1812 [06:50<19:01,  1.17it/s, v_num=2ob0]
Epoch 0:  26%|██▋       | 479/1812 [06:50<19:01,  1.17it/s, v_num=2ob0]
Epoch 0:  26%|██▋       | 480/1812 [06:50<19:00,  1.17it/s, v_num=2ob0]
Epoch 0:  26%|██▋       | 480/1812 [06:50<19:00,  1.17it/s, v_num=2ob0]
Epoch 0:  27%|██▋       | 481/1812 [06:51<18:58,  1.17it/s, v_num=2ob0]
Epoch 0:  27%|██▋       | 481/1812 [06:51<18:58,  1.17it/s, v_num=2ob0]
Epoch 0:  27%|██▋       | 482/1812 [06:52<18:56,  1.17it/s, v_num=2ob0]
Epoch 0:  27%|██▋       | 482/1812 [06:52<18:56,  1.17it/s, v_num=2ob0]
Epoch 0:  27%|██▋       | 483/1812 [06:52<18:55,  1.17it/s, v_num=2ob0]
Epoch 0:  27%|██▋       | 483/1812 [06:52<18:55,  1.17it/s, v_num=2ob0]
Epoch 0:  27%|██▋       | 484/1812 [06:53<18:53,  1.17it/s, v_num=2ob0]
Epoch 0:  27%|██▋       | 484/1812 [06:53<18:53,  1.17it/s, v_num=2ob0]
Epoch 0:  27%|██▋       | 485/1812 [06:53<18:52,  1.17it/s, v_num=2ob0]
Epoch 0:  27%|██▋       | 485/1812 [06:53<18:52,  1.17it/s, v_num=2ob0]
Epoch 0:  27%|██▋       | 486/1812 [06:54<18:50,  1.17it/s, v_num=2ob0]
Epoch 0:  27%|██▋       | 486/1812 [06:54<18:50,  1.17it/s, v_num=2ob0]
Epoch 0:  27%|██▋       | 487/1812 [06:55<18:49,  1.17it/s, v_num=2ob0]
Epoch 0:  27%|██▋       | 487/1812 [06:55<18:49,  1.17it/s, v_num=2ob0]
Epoch 0:  27%|██▋       | 488/1812 [06:55<18:47,  1.17it/s, v_num=2ob0]
Epoch 0:  27%|██▋       | 488/1812 [06:55<18:47,  1.17it/s, v_num=2ob0]
Epoch 0:  27%|██▋       | 489/1812 [06:56<18:46,  1.17it/s, v_num=2ob0]
Epoch 0:  27%|██▋       | 489/1812 [06:56<18:46,  1.17it/s, v_num=2ob0]
Epoch 0:  27%|██▋       | 490/1812 [06:56<18:44,  1.18it/s, v_num=2ob0]
Epoch 0:  27%|██▋       | 490/1812 [06:56<18:44,  1.18it/s, v_num=2ob0]
Epoch 0:  27%|██▋       | 491/1812 [06:57<18:42,  1.18it/s, v_num=2ob0]
Epoch 0:  27%|██▋       | 491/1812 [06:57<18:42,  1.18it/s, v_num=2ob0]
Epoch 0:  27%|██▋       | 492/1812 [06:57<18:41,  1.18it/s, v_num=2ob0]
Epoch 0:  27%|██▋       | 492/1812 [06:57<18:41,  1.18it/s, v_num=2ob0]
Epoch 0:  27%|██▋       | 493/1812 [06:58<18:39,  1.18it/s, v_num=2ob0]
Epoch 0:  27%|██▋       | 493/1812 [06:58<18:39,  1.18it/s, v_num=2ob0]
Epoch 0:  27%|██▋       | 494/1812 [06:59<18:38,  1.18it/s, v_num=2ob0]
Epoch 0:  27%|██▋       | 494/1812 [06:59<18:38,  1.18it/s, v_num=2ob0]
Epoch 0:  27%|██▋       | 495/1812 [06:59<18:36,  1.18it/s, v_num=2ob0]
Epoch 0:  27%|██▋       | 495/1812 [06:59<18:36,  1.18it/s, v_num=2ob0]
Epoch 0:  27%|██▋       | 496/1812 [07:00<18:35,  1.18it/s, v_num=2ob0]
Epoch 0:  27%|██▋       | 496/1812 [07:00<18:35,  1.18it/s, v_num=2ob0]
Epoch 0:  27%|██▋       | 497/1812 [07:00<18:33,  1.18it/s, v_num=2ob0]
Epoch 0:  27%|██▋       | 497/1812 [07:00<18:33,  1.18it/s, v_num=2ob0]
Epoch 0:  27%|██▋       | 498/1812 [07:01<18:32,  1.18it/s, v_num=2ob0]
Epoch 0:  27%|██▋       | 498/1812 [07:01<18:32,  1.18it/s, v_num=2ob0]
Epoch 0:  28%|██▊       | 499/1812 [07:02<18:30,  1.18it/s, v_num=2ob0]
Epoch 0:  28%|██▊       | 499/1812 [07:02<18:30,  1.18it/s, v_num=2ob0]
Epoch 0:  28%|██▊       | 500/1812 [07:02<18:29,  1.18it/s, v_num=2ob0]
Epoch 0:  28%|██▊       | 500/1812 [07:02<18:29,  1.18it/s, v_num=2ob0]
Epoch 0:  28%|██▊       | 501/1812 [07:03<18:27,  1.18it/s, v_num=2ob0]
Epoch 0:  28%|██▊       | 501/1812 [07:03<18:27,  1.18it/s, v_num=2ob0]
Epoch 0:  28%|██▊       | 502/1812 [07:03<18:26,  1.18it/s, v_num=2ob0]
Epoch 0:  28%|██▊       | 502/1812 [07:03<18:26,  1.18it/s, v_num=2ob0]
Epoch 0:  28%|██▊       | 503/1812 [07:04<18:24,  1.19it/s, v_num=2ob0]
Epoch 0:  28%|██▊       | 503/1812 [07:04<18:24,  1.19it/s, v_num=2ob0]
Epoch 0:  28%|██▊       | 504/1812 [07:05<18:23,  1.19it/s, v_num=2ob0]
Epoch 0:  28%|██▊       | 504/1812 [07:05<18:23,  1.19it/s, v_num=2ob0]
Epoch 0:  28%|██▊       | 505/1812 [07:05<18:21,  1.19it/s, v_num=2ob0]
Epoch 0:  28%|██▊       | 505/1812 [07:05<18:21,  1.19it/s, v_num=2ob0]
Epoch 0:  28%|██▊       | 506/1812 [07:06<18:20,  1.19it/s, v_num=2ob0]
Epoch 0:  28%|██▊       | 506/1812 [07:06<18:20,  1.19it/s, v_num=2ob0]
Epoch 0:  28%|██▊       | 507/1812 [07:06<18:18,  1.19it/s, v_num=2ob0]
Epoch 0:  28%|██▊       | 507/1812 [07:06<18:18,  1.19it/s, v_num=2ob0]
Epoch 0:  28%|██▊       | 508/1812 [07:07<18:17,  1.19it/s, v_num=2ob0]
Epoch 0:  28%|██▊       | 508/1812 [07:07<18:17,  1.19it/s, v_num=2ob0]
Epoch 0:  28%|██▊       | 509/1812 [07:08<18:15,  1.19it/s, v_num=2ob0]
Epoch 0:  28%|██▊       | 509/1812 [07:08<18:15,  1.19it/s, v_num=2ob0]
Epoch 0:  28%|██▊       | 510/1812 [07:08<18:14,  1.19it/s, v_num=2ob0]
Epoch 0:  28%|██▊       | 510/1812 [07:08<18:14,  1.19it/s, v_num=2ob0]
Epoch 0:  28%|██▊       | 511/1812 [07:09<18:12,  1.19it/s, v_num=2ob0]
Epoch 0:  28%|██▊       | 511/1812 [07:09<18:12,  1.19it/s, v_num=2ob0]
Epoch 0:  28%|██▊       | 512/1812 [07:09<18:11,  1.19it/s, v_num=2ob0]
Epoch 0:  28%|██▊       | 512/1812 [07:09<18:11,  1.19it/s, v_num=2ob0]
Epoch 0:  28%|██▊       | 513/1812 [07:10<18:09,  1.19it/s, v_num=2ob0]
Epoch 0:  28%|██▊       | 513/1812 [07:10<18:09,  1.19it/s, v_num=2ob0]
Epoch 0:  28%|██▊       | 514/1812 [07:23<18:40,  1.16it/s, v_num=2ob0]
Epoch 0:  28%|██▊       | 514/1812 [07:23<18:40,  1.16it/s, v_num=2ob0]
Epoch 0:  28%|██▊       | 515/1812 [07:24<18:38,  1.16it/s, v_num=2ob0]
Epoch 0:  28%|██▊       | 515/1812 [07:24<18:38,  1.16it/s, v_num=2ob0]
Epoch 0:  28%|██▊       | 516/1812 [07:24<18:37,  1.16it/s, v_num=2ob0]
Epoch 0:  28%|██▊       | 516/1812 [07:24<18:37,  1.16it/s, v_num=2ob0]
Epoch 0:  29%|██▊       | 517/1812 [07:25<18:35,  1.16it/s, v_num=2ob0]
Epoch 0:  29%|██▊       | 517/1812 [07:25<18:35,  1.16it/s, v_num=2ob0]
Epoch 0:  29%|██▊       | 518/1812 [07:25<18:33,  1.16it/s, v_num=2ob0]
Epoch 0:  29%|██▊       | 518/1812 [07:25<18:33,  1.16it/s, v_num=2ob0]
Epoch 0:  29%|██▊       | 519/1812 [07:26<18:32,  1.16it/s, v_num=2ob0]
Epoch 0:  29%|██▊       | 519/1812 [07:26<18:32,  1.16it/s, v_num=2ob0]
Epoch 0:  29%|██▊       | 520/1812 [07:27<18:30,  1.16it/s, v_num=2ob0]
Epoch 0:  29%|██▊       | 520/1812 [07:27<18:30,  1.16it/s, v_num=2ob0]
Epoch 0:  29%|██▉       | 521/1812 [07:27<18:29,  1.16it/s, v_num=2ob0]
Epoch 0:  29%|██▉       | 521/1812 [07:27<18:29,  1.16it/s, v_num=2ob0]
Epoch 0:  29%|██▉       | 522/1812 [07:28<18:27,  1.16it/s, v_num=2ob0]
Epoch 0:  29%|██▉       | 522/1812 [07:28<18:27,  1.16it/s, v_num=2ob0]
Epoch 0:  29%|██▉       | 523/1812 [07:28<18:26,  1.17it/s, v_num=2ob0]
Epoch 0:  29%|██▉       | 523/1812 [07:28<18:26,  1.17it/s, v_num=2ob0]
Epoch 0:  29%|██▉       | 524/1812 [07:29<18:24,  1.17it/s, v_num=2ob0]
Epoch 0:  29%|██▉       | 524/1812 [07:29<18:24,  1.17it/s, v_num=2ob0]
Epoch 0:  29%|██▉       | 525/1812 [07:30<18:23,  1.17it/s, v_num=2ob0]
Epoch 0:  29%|██▉       | 525/1812 [07:30<18:23,  1.17it/s, v_num=2ob0]
Epoch 0:  29%|██▉       | 526/1812 [07:30<18:21,  1.17it/s, v_num=2ob0]
Epoch 0:  29%|██▉       | 526/1812 [07:30<18:21,  1.17it/s, v_num=2ob0]
Epoch 0:  29%|██▉       | 527/1812 [07:31<18:20,  1.17it/s, v_num=2ob0]
Epoch 0:  29%|██▉       | 527/1812 [07:31<18:20,  1.17it/s, v_num=2ob0]
Epoch 0:  29%|██▉       | 528/1812 [07:31<18:18,  1.17it/s, v_num=2ob0]
Epoch 0:  29%|██▉       | 528/1812 [07:31<18:18,  1.17it/s, v_num=2ob0]
Epoch 0:  29%|██▉       | 529/1812 [07:32<18:17,  1.17it/s, v_num=2ob0]
Epoch 0:  29%|██▉       | 529/1812 [07:32<18:17,  1.17it/s, v_num=2ob0]
Epoch 0:  29%|██▉       | 530/1812 [07:33<18:15,  1.17it/s, v_num=2ob0]
Epoch 0:  29%|██▉       | 530/1812 [07:33<18:15,  1.17it/s, v_num=2ob0]
Epoch 0:  29%|██▉       | 531/1812 [07:33<18:14,  1.17it/s, v_num=2ob0]
Epoch 0:  29%|██▉       | 531/1812 [07:33<18:14,  1.17it/s, v_num=2ob0]
Epoch 0:  29%|██▉       | 532/1812 [07:34<18:12,  1.17it/s, v_num=2ob0]
Epoch 0:  29%|██▉       | 532/1812 [07:34<18:12,  1.17it/s, v_num=2ob0]
Epoch 0:  29%|██▉       | 533/1812 [07:34<18:11,  1.17it/s, v_num=2ob0]
Epoch 0:  29%|██▉       | 533/1812 [07:34<18:11,  1.17it/s, v_num=2ob0]
Epoch 0:  29%|██▉       | 534/1812 [07:35<18:09,  1.17it/s, v_num=2ob0]
Epoch 0:  29%|██▉       | 534/1812 [07:35<18:09,  1.17it/s, v_num=2ob0]
Epoch 0:  30%|██▉       | 535/1812 [07:35<18:08,  1.17it/s, v_num=2ob0]
Epoch 0:  30%|██▉       | 535/1812 [07:35<18:08,  1.17it/s, v_num=2ob0]
Epoch 0:  30%|██▉       | 536/1812 [07:36<18:06,  1.17it/s, v_num=2ob0]
Epoch 0:  30%|██▉       | 536/1812 [07:36<18:06,  1.17it/s, v_num=2ob0]
Epoch 0:  30%|██▉       | 537/1812 [07:37<18:05,  1.17it/s, v_num=2ob0]
Epoch 0:  30%|██▉       | 537/1812 [07:37<18:05,  1.17it/s, v_num=2ob0]
Epoch 0:  30%|██▉       | 538/1812 [07:37<18:03,  1.18it/s, v_num=2ob0]
Epoch 0:  30%|██▉       | 538/1812 [07:37<18:03,  1.18it/s, v_num=2ob0]
Epoch 0:  30%|██▉       | 539/1812 [07:38<18:02,  1.18it/s, v_num=2ob0]
Epoch 0:  30%|██▉       | 539/1812 [07:38<18:02,  1.18it/s, v_num=2ob0]
Epoch 0:  30%|██▉       | 540/1812 [07:38<18:01,  1.18it/s, v_num=2ob0]
Epoch 0:  30%|██▉       | 540/1812 [07:38<18:01,  1.18it/s, v_num=2ob0]
Epoch 0:  30%|██▉       | 541/1812 [07:39<17:59,  1.18it/s, v_num=2ob0]
Epoch 0:  30%|██▉       | 541/1812 [07:39<17:59,  1.18it/s, v_num=2ob0]
Epoch 0:  30%|██▉       | 542/1812 [07:40<17:58,  1.18it/s, v_num=2ob0]
Epoch 0:  30%|██▉       | 542/1812 [07:40<17:58,  1.18it/s, v_num=2ob0]
Epoch 0:  30%|██▉       | 543/1812 [07:40<17:56,  1.18it/s, v_num=2ob0]
Epoch 0:  30%|██▉       | 543/1812 [07:40<17:56,  1.18it/s, v_num=2ob0]
Epoch 0:  30%|███       | 544/1812 [07:41<17:55,  1.18it/s, v_num=2ob0]
Epoch 0:  30%|███       | 544/1812 [07:41<17:55,  1.18it/s, v_num=2ob0]
Epoch 0:  30%|███       | 545/1812 [07:41<17:53,  1.18it/s, v_num=2ob0]
Epoch 0:  30%|███       | 545/1812 [07:41<17:53,  1.18it/s, v_num=2ob0]
Epoch 0:  30%|███       | 546/1812 [07:42<17:52,  1.18it/s, v_num=2ob0]
Epoch 0:  30%|███       | 546/1812 [07:42<17:52,  1.18it/s, v_num=2ob0]
Epoch 0:  30%|███       | 547/1812 [07:43<17:50,  1.18it/s, v_num=2ob0]
Epoch 0:  30%|███       | 547/1812 [07:43<17:50,  1.18it/s, v_num=2ob0]
Epoch 0:  30%|███       | 548/1812 [07:43<17:49,  1.18it/s, v_num=2ob0]
Epoch 0:  30%|███       | 548/1812 [07:43<17:49,  1.18it/s, v_num=2ob0]
Epoch 0:  30%|███       | 549/1812 [07:44<17:47,  1.18it/s, v_num=2ob0]
Epoch 0:  30%|███       | 549/1812 [07:44<17:47,  1.18it/s, v_num=2ob0]
Epoch 0:  30%|███       | 550/1812 [07:44<17:46,  1.18it/s, v_num=2ob0]
Epoch 0:  30%|███       | 550/1812 [07:44<17:46,  1.18it/s, v_num=2ob0]
Epoch 0:  30%|███       | 551/1812 [07:45<17:45,  1.18it/s, v_num=2ob0]
Epoch 0:  30%|███       | 551/1812 [07:45<17:45,  1.18it/s, v_num=2ob0]
Epoch 0:  30%|███       | 552/1812 [07:46<17:43,  1.18it/s, v_num=2ob0]
Epoch 0:  30%|███       | 552/1812 [07:46<17:43,  1.18it/s, v_num=2ob0]
Epoch 0:  31%|███       | 553/1812 [07:46<17:42,  1.19it/s, v_num=2ob0]
Epoch 0:  31%|███       | 553/1812 [07:46<17:42,  1.19it/s, v_num=2ob0]
Epoch 0:  31%|███       | 554/1812 [07:47<17:40,  1.19it/s, v_num=2ob0]
Epoch 0:  31%|███       | 554/1812 [07:47<17:40,  1.19it/s, v_num=2ob0]
Epoch 0:  31%|███       | 555/1812 [07:47<17:39,  1.19it/s, v_num=2ob0]
Epoch 0:  31%|███       | 555/1812 [07:47<17:39,  1.19it/s, v_num=2ob0]
Epoch 0:  31%|███       | 556/1812 [07:48<17:38,  1.19it/s, v_num=2ob0]
Epoch 0:  31%|███       | 556/1812 [07:48<17:38,  1.19it/s, v_num=2ob0]
Epoch 0:  31%|███       | 557/1812 [07:48<17:36,  1.19it/s, v_num=2ob0]
Epoch 0:  31%|███       | 557/1812 [07:48<17:36,  1.19it/s, v_num=2ob0]
Epoch 0:  31%|███       | 558/1812 [07:49<17:35,  1.19it/s, v_num=2ob0]
Epoch 0:  31%|███       | 558/1812 [07:49<17:35,  1.19it/s, v_num=2ob0]
Epoch 0:  31%|███       | 559/1812 [07:50<17:33,  1.19it/s, v_num=2ob0]
Epoch 0:  31%|███       | 559/1812 [07:50<17:33,  1.19it/s, v_num=2ob0]
Epoch 0:  31%|███       | 560/1812 [07:50<17:32,  1.19it/s, v_num=2ob0]
Epoch 0:  31%|███       | 560/1812 [07:50<17:32,  1.19it/s, v_num=2ob0]
Epoch 0:  31%|███       | 561/1812 [07:51<17:31,  1.19it/s, v_num=2ob0]
Epoch 0:  31%|███       | 561/1812 [07:51<17:31,  1.19it/s, v_num=2ob0]
Epoch 0:  31%|███       | 562/1812 [08:10<18:10,  1.15it/s, v_num=2ob0]
Epoch 0:  31%|███       | 562/1812 [08:10<18:10,  1.15it/s, v_num=2ob0]
Epoch 0:  31%|███       | 563/1812 [08:11<18:09,  1.15it/s, v_num=2ob0]
Epoch 0:  31%|███       | 563/1812 [08:11<18:09,  1.15it/s, v_num=2ob0]
Epoch 0:  31%|███       | 564/1812 [08:11<18:07,  1.15it/s, v_num=2ob0]
Epoch 0:  31%|███       | 564/1812 [08:11<18:07,  1.15it/s, v_num=2ob0]
Epoch 0:  31%|███       | 565/1812 [08:12<18:06,  1.15it/s, v_num=2ob0]
Epoch 0:  31%|███       | 565/1812 [08:12<18:06,  1.15it/s, v_num=2ob0]
Epoch 0:  31%|███       | 566/1812 [08:12<18:04,  1.15it/s, v_num=2ob0]
Epoch 0:  31%|███       | 566/1812 [08:12<18:04,  1.15it/s, v_num=2ob0]
Epoch 0:  31%|███▏      | 567/1812 [08:13<18:03,  1.15it/s, v_num=2ob0]
Epoch 0:  31%|███▏      | 567/1812 [08:13<18:03,  1.15it/s, v_num=2ob0]
Epoch 0:  31%|███▏      | 568/1812 [08:13<18:01,  1.15it/s, v_num=2ob0]
Epoch 0:  31%|███▏      | 568/1812 [08:13<18:01,  1.15it/s, v_num=2ob0]
Epoch 0:  31%|███▏      | 569/1812 [08:14<18:00,  1.15it/s, v_num=2ob0]
Epoch 0:  31%|███▏      | 569/1812 [08:14<18:00,  1.15it/s, v_num=2ob0]
Epoch 0:  31%|███▏      | 570/1812 [08:15<17:58,  1.15it/s, v_num=2ob0]
Epoch 0:  31%|███▏      | 570/1812 [08:15<17:58,  1.15it/s, v_num=2ob0]
Epoch 0:  32%|███▏      | 571/1812 [08:15<17:57,  1.15it/s, v_num=2ob0]
Epoch 0:  32%|███▏      | 571/1812 [08:15<17:57,  1.15it/s, v_num=2ob0]
Epoch 0:  32%|███▏      | 572/1812 [08:16<17:55,  1.15it/s, v_num=2ob0]
Epoch 0:  32%|███▏      | 572/1812 [08:16<17:55,  1.15it/s, v_num=2ob0]
Epoch 0:  32%|███▏      | 573/1812 [08:16<17:54,  1.15it/s, v_num=2ob0]
Epoch 0:  32%|███▏      | 573/1812 [08:16<17:54,  1.15it/s, v_num=2ob0]
Epoch 0:  32%|███▏      | 574/1812 [08:17<17:53,  1.15it/s, v_num=2ob0]
Epoch 0:  32%|███▏      | 574/1812 [08:17<17:53,  1.15it/s, v_num=2ob0]
Epoch 0:  32%|███▏      | 575/1812 [08:18<17:51,  1.15it/s, v_num=2ob0]
Epoch 0:  32%|███▏      | 575/1812 [08:18<17:51,  1.15it/s, v_num=2ob0]
Epoch 0:  32%|███▏      | 576/1812 [08:18<17:50,  1.16it/s, v_num=2ob0]
Epoch 0:  32%|███▏      | 576/1812 [08:18<17:50,  1.16it/s, v_num=2ob0]
Epoch 0:  32%|███▏      | 577/1812 [08:19<17:48,  1.16it/s, v_num=2ob0]
Epoch 0:  32%|███▏      | 577/1812 [08:19<17:48,  1.16it/s, v_num=2ob0]
Epoch 0:  32%|███▏      | 578/1812 [08:19<17:47,  1.16it/s, v_num=2ob0]
Epoch 0:  32%|███▏      | 578/1812 [08:19<17:47,  1.16it/s, v_num=2ob0]
Epoch 0:  32%|███▏      | 579/1812 [08:20<17:45,  1.16it/s, v_num=2ob0]
Epoch 0:  32%|███▏      | 579/1812 [08:20<17:45,  1.16it/s, v_num=2ob0]
Epoch 0:  32%|███▏      | 580/1812 [08:21<17:44,  1.16it/s, v_num=2ob0]
Epoch 0:  32%|███▏      | 580/1812 [08:21<17:44,  1.16it/s, v_num=2ob0]
Epoch 0:  32%|███▏      | 581/1812 [08:21<17:42,  1.16it/s, v_num=2ob0]
Epoch 0:  32%|███▏      | 581/1812 [08:21<17:42,  1.16it/s, v_num=2ob0]
Epoch 0:  32%|███▏      | 582/1812 [08:22<17:41,  1.16it/s, v_num=2ob0]
Epoch 0:  32%|███▏      | 582/1812 [08:22<17:41,  1.16it/s, v_num=2ob0]
Epoch 0:  32%|███▏      | 583/1812 [08:22<17:39,  1.16it/s, v_num=2ob0]
Epoch 0:  32%|███▏      | 583/1812 [08:22<17:39,  1.16it/s, v_num=2ob0]
Epoch 0:  32%|███▏      | 584/1812 [08:23<17:38,  1.16it/s, v_num=2ob0]
Epoch 0:  32%|███▏      | 584/1812 [08:23<17:38,  1.16it/s, v_num=2ob0]
Epoch 0:  32%|███▏      | 585/1812 [08:24<17:37,  1.16it/s, v_num=2ob0]
Epoch 0:  32%|███▏      | 585/1812 [08:24<17:37,  1.16it/s, v_num=2ob0]
Epoch 0:  32%|███▏      | 586/1812 [08:24<17:35,  1.16it/s, v_num=2ob0]
Epoch 0:  32%|███▏      | 586/1812 [08:24<17:35,  1.16it/s, v_num=2ob0]
Epoch 0:  32%|███▏      | 587/1812 [08:25<17:34,  1.16it/s, v_num=2ob0]
Epoch 0:  32%|███▏      | 587/1812 [08:25<17:34,  1.16it/s, v_num=2ob0]
Epoch 0:  32%|███▏      | 588/1812 [08:25<17:32,  1.16it/s, v_num=2ob0]
Epoch 0:  32%|███▏      | 588/1812 [08:25<17:32,  1.16it/s, v_num=2ob0]
Epoch 0:  33%|███▎      | 589/1812 [08:26<17:31,  1.16it/s, v_num=2ob0]
Epoch 0:  33%|███▎      | 589/1812 [08:26<17:31,  1.16it/s, v_num=2ob0]
Epoch 0:  33%|███▎      | 590/1812 [08:26<17:30,  1.16it/s, v_num=2ob0]
Epoch 0:  33%|███▎      | 590/1812 [08:26<17:30,  1.16it/s, v_num=2ob0]
Epoch 0:  33%|███▎      | 591/1812 [08:27<17:28,  1.16it/s, v_num=2ob0]
Epoch 0:  33%|███▎      | 591/1812 [08:27<17:28,  1.16it/s, v_num=2ob0]
Epoch 0:  33%|███▎      | 592/1812 [08:28<17:27,  1.17it/s, v_num=2ob0]
Epoch 0:  33%|███▎      | 592/1812 [08:28<17:27,  1.17it/s, v_num=2ob0]
Epoch 0:  33%|███▎      | 593/1812 [08:28<17:25,  1.17it/s, v_num=2ob0]
Epoch 0:  33%|███▎      | 593/1812 [08:28<17:25,  1.17it/s, v_num=2ob0]
Epoch 0:  33%|███▎      | 594/1812 [08:29<17:24,  1.17it/s, v_num=2ob0]
Epoch 0:  33%|███▎      | 594/1812 [08:29<17:24,  1.17it/s, v_num=2ob0]
Epoch 0:  33%|███▎      | 595/1812 [08:29<17:22,  1.17it/s, v_num=2ob0]
Epoch 0:  33%|███▎      | 595/1812 [08:29<17:22,  1.17it/s, v_num=2ob0]
Epoch 0:  33%|███▎      | 596/1812 [08:30<17:21,  1.17it/s, v_num=2ob0]
Epoch 0:  33%|███▎      | 596/1812 [08:30<17:21,  1.17it/s, v_num=2ob0]
Epoch 0:  33%|███▎      | 597/1812 [08:31<17:20,  1.17it/s, v_num=2ob0]
Epoch 0:  33%|███▎      | 597/1812 [08:31<17:20,  1.17it/s, v_num=2ob0]
Epoch 0:  33%|███▎      | 598/1812 [08:31<17:18,  1.17it/s, v_num=2ob0]
Epoch 0:  33%|███▎      | 598/1812 [08:31<17:18,  1.17it/s, v_num=2ob0]
Epoch 0:  33%|███▎      | 599/1812 [08:32<17:17,  1.17it/s, v_num=2ob0]
Epoch 0:  33%|███▎      | 599/1812 [08:32<17:17,  1.17it/s, v_num=2ob0]
Epoch 0:  33%|███▎      | 600/1812 [08:32<17:15,  1.17it/s, v_num=2ob0]
Epoch 0:  33%|███▎      | 600/1812 [08:32<17:15,  1.17it/s, v_num=2ob0]
Epoch 0:  33%|███▎      | 601/1812 [08:33<17:14,  1.17it/s, v_num=2ob0]
Epoch 0:  33%|███▎      | 601/1812 [08:33<17:14,  1.17it/s, v_num=2ob0]
Epoch 0:  33%|███▎   
Epoch 0:  34%|███▎      | 610/1812 [09:09<18:03,  1.11it/s, v_num=2ob0]
Epoch 0:  34%|███▎      | 610/1812 [09:09<18:03,  1.11it/s, v_num=2ob0]
Epoch 0:  34%|███▎      | 611/1812 [09:10<18:01,  1.11it/s, v_num=2ob0]
Epoch 0:  34%|███▎      | 611/1812 [09:10<18:01,  1.11it/s, v_num=2ob0]
Epoch 0:  34%|███▍      | 612/1812 [09:10<18:00,  1.11it/s, v_num=2ob0]
Epoch 0:  34%|███▍      | 612/1812 [09:10<18:00,  1.11it/s, v_num=2ob0]
Epoch 0:  34%|███▍      | 613/1812 [09:11<17:58,  1.11it/s, v_num=2ob0]
Epoch 0:  34%|███▍      | 613/1812 [09:11<17:58,  1.11it/s, v_num=2ob0]
Epoch 0:  34%|███▍      | 614/1812 [09:12<17:57,  1.11it/s, v_num=2ob0]
Epoch 0:  34%|███▍      | 614/1812 [09:12<17:57,  1.11it/s, v_num=2ob0]
Epoch 0:  34%|███▍      | 615/1812 [09:12<17:55,  1.11it/s, v_num=2ob0]
Epoch 0:  34%|███▍      | 615/1812 [09:12<17:55,  1.11it/s, v_num=2ob0]
Epoch 0:  34%|███▍      | 616/1812 [09:13<17:54,  1.11it/s, v_num=2ob0]
Epoch 0:  34%|███▍      | 616/1812 [09:13<17:54,  1.11it/s, v_num=2ob0]
Epoch 0:  34%|███▍      | 617/1812 [09:13<17:52,  1.11it/s, v_num=2ob0]
Epoch 0:  34%|███▍      | 617/1812 [09:13<17:52,  1.11it/s, v_num=2ob0]
Epoch 0:  34%|███▍      | 618/1812 [09:14<17:51,  1.11it/s, v_num=2ob0]
Epoch 0:  34%|███▍      | 618/1812 [09:14<17:51,  1.11it/s, v_num=2ob0]
Epoch 0:  34%|███▍      | 619/1812 [09:14<17:49,  1.12it/s, v_num=2ob0]
Epoch 0:  34%|███▍      | 619/1812 [09:14<17:49,  1.12it/s, v_num=2ob0]
Epoch 0:  34%|███▍      | 620/1812 [09:15<17:48,  1.12it/s, v_num=2ob0]
Epoch 0:  34%|███▍      | 620/1812 [09:15<17:48,  1.12it/s, v_num=2ob0]
Epoch 0:  34%|███▍      | 621/1812 [09:16<17:46,  1.12it/s, v_num=2ob0]
Epoch 0:  34%|███▍      | 621/1812 [09:16<17:46,  1.12it/s, v_num=2ob0]
Epoch 0:  34%|███▍      | 622/1812 [09:16<17:45,  1.12it/s, v_num=2ob0]
Epoch 0:  34%|███▍      | 622/1812 [09:16<17:45,  1.12it/s, v_num=2ob0]
Epoch 0:  34%|███▍      | 623/1812 [09:17<17:43,  1.12it/s, v_num=2ob0]
Epoch 0:  34%|███▍      | 623/1812 [09:17<17:43,  1.12it/s, v_num=2ob0]
Epoch 0:  34%|███▍      | 624/1812 [09:17<17:42,  1.12it/s, v_num=2ob0]
Epoch 0:  34%|███▍      | 624/1812 [09:17<17:42,  1.12it/s, v_num=2ob0]
Epoch 0:  34%|███▍      | 625/1812 [09:18<17:40,  1.12it/s, v_num=2ob0]
Epoch 0:  34%|███▍      | 625/1812 [09:18<17:40,  1.12it/s, v_num=2ob0]
Epoch 0:  35%|███▍      | 626/1812 [09:19<17:39,  1.12it/s, v_num=2ob0]
Epoch 0:  35%|███▍      | 626/1812 [09:19<17:39,  1.12it/s, v_num=2ob0]
Epoch 0:  35%|███▍      | 627/1812 [09:19<17:37,  1.12it/s, v_num=2ob0]
Epoch 0:  35%|███▍      | 627/1812 [09:19<17:37,  1.12it/s, v_num=2ob0]
Epoch 0:  35%|███▍      | 628/1812 [09:20<17:36,  1.12it/s, v_num=2ob0]
Epoch 0:  35%|███▍      | 628/1812 [09:20<17:36,  1.12it/s, v_num=2ob0]
Epoch 0:  35%|███▍      | 629/1812 [09:20<17:34,  1.12it/s, v_num=2ob0]
Epoch 0:  35%|███▍      | 629/1812 [09:20<17:34,  1.12it/s, v_num=2ob0]
Epoch 0:  35%|███▍      | 630/1812 [09:21<17:33,  1.12it/s, v_num=2ob0]
Epoch 0:  35%|███▍      | 630/1812 [09:21<17:33,  1.12it/s, v_num=2ob0]
Epoch 0:  35%|███▍      | 631/1812 [09:22<17:32,  1.12it/s, v_num=2ob0]
Epoch 0:  35%|███▍      | 631/1812 [09:22<17:32,  1.12it/s, v_num=2ob0]
Epoch 0:  35%|███▍      | 632/1812 [09:22<17:30,  1.12it/s, v_num=2ob0]
Epoch 0:  35%|███▍      | 632/1812 [09:22<17:30,  1.12it/s, v_num=2ob0]
Epoch 0:  35%|███▍      | 633/1812 [09:23<17:29,  1.12it/s, v_num=2ob0]
Epoch 0:  35%|███▍      | 633/1812 [09:23<17:29,  1.12it/s, v_num=2ob0]
Epoch 0:  35%|███▍      | 634/1812 [09:23<17:27,  1.12it/s, v_num=2ob0]
Epoch 0:  35%|███▍      | 634/1812 [09:23<17:27,  1.12it/s, v_num=2ob0]
Epoch 0:  35%|███▌      | 635/1812 [09:24<17:26,  1.12it/s, v_num=2ob0]
Epoch 0:  35%|███▌      | 635/1812 [09:24<17:26,  1.12it/s, v_num=2ob0]
Epoch 0:  35%|███▌      | 636/1812 [09:25<17:24,  1.13it/s, v_num=2ob0]
Epoch 0:  35%|███▌      | 636/1812 [09:25<17:24,  1.13it/s, v_num=2ob0]
Epoch 0:  35%|███▌      | 637/1812 [09:25<17:23,  1.13it/s, v_num=2ob0]
Epoch 0:  35%|███▌      | 637/1812 [09:25<17:23,  1.13it/s, v_num=2ob0]
Epoch 0:  35%|███▌      | 638/1812 [09:26<17:21,  1.13it/s, v_num=2ob0]
Epoch 0:  35%|███▌      | 638/1812 [09:26<17:21,  1.13it/s, v_num=2ob0]
Epoch 0:  35%|███▌      | 639/1812 [09:26<17:20,  1.13it/s, v_num=2ob0]
Epoch 0:  35%|███▌      | 639/1812 [09:26<17:20,  1.13it/s, v_num=2ob0]
Epoch 0:  35%|███▌      | 640/1812 [09:27<17:19,  1.13it/s, v_num=2ob0]
Epoch 0:  35%|███▌      | 640/1812 [09:27<17:19,  1.13it/s, v_num=2ob0]
Epoch 0:  35%|███▌      | 641/1812 [09:27<17:17,  1.13it/s, v_num=2ob0]
Epoch 0:  35%|███▌      | 641/1812 [09:27<17:17,  1.13it/s, v_num=2ob0]
Epoch 0:  35%|███▌      | 642/1812 [09:28<17:16,  1.13it/s, v_num=2ob0]
Epoch 0:  35%|███▌      | 642/1812 [09:28<17:16,  1.13it/s, v_num=2ob0]
Epoch 0:  35%|███▌      | 643/1812 [09:29<17:14,  1.13it/s, v_num=2ob0]
Epoch 0:  35%|███▌      | 643/1812 [09:29<17:14,  1.13it/s, v_num=2ob0]
Epoch 0:  36%|███▌      | 644/1812 [09:29<17:13,  1.13it/s, v_num=2ob0]
Epoch 0:  36%|███▌      | 644/1812 [09:29<17:13,  1.13it/s, v_num=2ob0]
Epoch 0:  36%|███▌      | 645/1812 [09:30<17:11,  1.13it/s, v_num=2ob0]
Epoch 0:  36%|███▌      | 645/1812 [09:30<17:11,  1.13it/s, v_num=2ob0]
Epoch 0:  36%|███▌      | 646/1812 [09:30<17:10,  1.13it/s, v_num=2ob0]
Epoch 0:  36%|███▌      | 646/1812 [09:30<17:10,  1.13it/s, v_num=2ob0]
Epoch 0:  36%|███▌      | 647/1812 [09:31<17:09,  1.13it/s, v_num=2ob0]
Epoch 0:  36%|███▌      | 647/1812 [09:31<17:09,  1.13it/s, v_num=2ob0]
Epoch 0:  36%|6%|███▌      | 648/1812 [09:32<17:07,  1.13it/s, v_num=2ob0]
Epoch 0:  36%|███▌      | 649/1812 [09:32<17:06,  1.13it/s, v_num=2ob0]
Epoch 0:  36%|███▌      | 649/1812 [09:32<17:06,  1.13it/s, v_num=2ob0]
Epoch 0:  36%|███▌      | 650/1812 [09:33<17:04,  1.13it/s, v_num=2ob0]
Epoch 0:  36%|███▌      | 650/1812 [09:33<17:04,  1.13it/s, v_num=2ob0]
Epoch 0:  36%|███▌      | 651/1812 [09:33<17:03,  1.13it/s, v_num=2ob0]
Epoch 0:  36%|███▌      | 651/1812 [09:33<17:03,  1.13it/s, v_num=2ob0]
Epoch 0:  36%|███▌      | 652/1812 [09:34<17:02,  1.13it/s, v_num=2ob0]
Epoch 0:  36%|███▌      | 652/1812 [09:34<17:02,  1.13it/s, v_num=2ob0]
Epoch 0:  36%|███▌      | 653/1812 [09:35<17:00,  1.14it/s, v_num=2ob0]
Epoch 0:  36%|███▌      | 653/1812 [09:35<17:00,  1.14it/s, v_num=2ob0]
Epoch 0:  36%|███▌      | 654/1812 [09:35<16:59,  1.14it/s, v_num=2ob0]
Epoch 0:  36%|███▌      | 654/1812 [09:35<16:59,  1.14it/s, v_num=2ob0]
Epoch 0:  36%|███▌      | 655/1812 [10:05<17:50,  1.08it/s, v_num=2ob0]
Epoch 0:  36%|███▌      | 655/1812 [10:05<17:50,  1.08it/s, v_num=2ob0]
Epoch 0:  36%|███▌      | 656/1812 [10:06<17:48,  1.08it/s, v_num=2ob0]
Epoch 0:  36%|███▌      | 656/1812 [10:06<17:48,  1.08it/s, v_num=2ob0]
Epoch 0:  36%|███▋      | 657/1812 [10:07<17:47,  1.08it/s, v_num=2ob0]
Epoch 0:  36%|███▋      | 657/1812 [10:07<17:47,  1.08it/s, v_num=2ob0]
Epoch 0:  36%|███▋      | 658/1812 [10:07<17:45,  1.08it/s, v_num=2ob0]
Epoch 0:  36%|███▋      | 658/1812 [10:07<17:45,  1.08it/s, v_num=2ob0]
Epoch 0:  36%|███▋      | 659/1812 [10:08<17:44,  1.08it/s, v_num=2ob0]
Epoch 0:  36%|███▋      | 659/1812 [10:08<17:44,  1.08it/s, v_num=2ob0]
Epoch 0:  36%|███▋      | 660/1812 [10:08<17:42,  1.08it/s, v_num=2ob0]
Epoch 0:  36%|███▋      | 660/1812 [10:08<17:42,  1.08it/s, v_num=2ob0]
Epoch 0:  36%|███▋      | 661/1812 [10:09<17:41,  1.08it/s, v_num=2ob0]
Epoch 0:  36%|███▋      | 661/1812 [10:09<17:41,  1.08it/s, v_num=2ob0]
Epoch 0:  37%|███▋      | 662/1812 [10:10<17:39,  1.09it/s, v_num=2ob0]
Epoch 0:  37%|███▋      | 662/1812 [10:10<17:39,  1.09it/s, v_num=2ob0]
Epoch 0:  37%|███▋      | 663/1812 [10:10<17:38,  1.09it/s, v_num=2ob0]
Epoch 0:  37%|███▋      | 663/1812 [10:10<17:38,  1.09it/s, v_num=2ob0]
Epoch 0:  37%|███▋      | 664/1812 [10:11<17:36,  1.09it/s, v_num=2ob0]
Epoch 0:  37%|███▋      | 664/1812 [10:11<17:36,  1.09it/s, v_num=2ob0]
Epoch 0:  37%|███▋      | 665/1812 [10:11<17:35,  1.09it/s, v_num=2ob0]
Epoch 0:  37%|███▋      | 665/1812 [10:11<17:35,  1.09it/s, v_num=2ob0]
Epoch 0:  37%|███▋      | 666/1812 [10:12<17:33,  1.09it/s, v_num=2ob0]
Epoch 0:  37%|███▋      | 666/1812 [10:12<17:33,  1.09it/s, v_num=2ob0]
Epoch 0:  37%|███▋      | 667/1812 [10:12<17:32,  1.09it/s, v_num=2ob0]
Epoch 0:  37%|███▋      | 667/1812 [10:12<17:32,  1.09it/s, v_num=2ob0]
Epoch 0:  37%|███▋      | 668/1812 [10:13<17:30,  1.09it/s, v_num=2ob0]
Epoch 0:  37%|███▋      | 668/1812 [10:13<17:30,  1.09it/s, v_num=2ob0]
Epoch 0:  37%|███▋      | 669/1812 [10:14<17:29,  1.09it/s, v_num=2ob0]
Epoch 0:  37%|███▋      | 669/1812 [10:14<17:29,  1.09it/s, v_num=2ob0]
Epoch 0:  37%|███▋      | 670/1812 [10:14<17:27,  1.09it/s, v_num=2ob0]
Epoch 0:  37%|███▋      | 670/1812 [10:14<17:27,  1.09it/s, v_num=2ob0]
Epoch 0:  37%|███▋      | 671/1812 [10:15<17:26,  1.09it/s, v_num=2ob0]
Epoch 0:  37%|███▋      | 671/1812 [10:15<17:26,  1.09it/s, v_num=2ob0]
Epoch 0:  37%|███▋      | 672/1812 [10:15<17:24,  1.09it/s, v_num=2ob0]
Epoch 0:  37%|███▋      | 672/1812 [10:15<17:24,  1.09it/s, v_num=2ob0]
Epoch 0:  37%|███▋      | 673/1812 [10:16<17:23,  1.09it/s, v_num=2ob0]
Epoch 0:  37%|███▋      | 673/1812 [10:16<17:23,  1.09it/s, v_num=2ob0]
Epoch 0:  37%|███▋      | 674/1812 [10:17<17:21,  1.09it/s, v_num=2ob0]
Epoch 0:  37%|███▋      | 674/1812 [10:17<17:21,  1.09it/s, v_num=2ob0]
Epoch 0:  37%|███▋      | 675/1812 [10:17<17:20,  1.09it/s, v_num=2ob0]
Epoch 0:  37%|███▋      | 675/1812 [10:17<17:20,  1.09it/s, v_num=2ob0]
Epoch 0:  37%|███▋      | 676/1812 [10:18<17:19,  1.09it/s, v_num=2ob0]
Epoch 0:  37%|███▋      | 676/1812 [10:18<17:19,  1.09it/s, v_num=2ob0]
Epoch 0:  37%|███▋      | 677/1812 [10:18<17:17,  1.09it/s, v_num=2ob0]
Epoch 0:  37%|███▋      | 677/1812 [10:18<17:17,  1.09it/s, v_num=2ob0]
Epoch 0:  37%|███▋      | 678/1812 [10:19<17:16,  1.09it/s, v_num=2ob0]
Epoch 0:  37%|███▋      | 678/1812 [10:19<17:16,  1.09it/s, v_num=2ob0]
Epoch 0:  37%|███▋      | 679/1812 [10:20<17:14,  1.10it/s, v_num=2ob0]
Epoch 0:  37%|███▋      | 679/1812 [10:20<17:14,  1.10it/s, v_num=2ob0]
Epoch 0:  38%|███▊      | 680/1812 [10:20<17:13,  1.10it/s, v_num=2ob0]
Epoch 0:  38%|███▊      | 680/1812 [10:20<17:13,  1.10it/s, v_num=2ob0]
Epoch 0:  38%|███▊      | 681/1812 [10:21<17:11,  1.10it/s, v_num=2ob0]
Epoch 0:  38%|███▊      | 681/1812 [10:21<17:11,  1.10it/s, v_num=2ob0]
Epoch 0:  38%|███▊      | 682/1812 [10:21<17:10,  1.10it/s, v_num=2ob0]
Epoch 0:  38%|███▊      | 682/1812 [10:21<17:10,  1.10it/s, v_num=2ob0]
Epoch 0:  38%|███▊      | 683/1812 [10:22<17:08,  1.10it/s, v_num=2ob0]
Epoch 0:  38%|███▊      | 683/1812 [10:22<17:08,  1.10it/s, v_num=2ob0]
Epoch 0:  38%|███▊      | 684/1812 [10:23<17:07,  1.10it/s, v_num=2ob0]
Epoch 0:  38%|███▊      | 684/1812 [10:23<17:07,  1.10it/s, v_num=2ob0]
Epoch 0:  38%|███▊      | 685/1812 [10:23<17:05,  1.10it/s, v_num=2ob0]
Epoch 0:  38%|███▊      | 685/1812 [10:23<17:05,  1.10it/s, v_num=2ob0]
Epoch 0:  38%|███▊      | 686/1812 [10:24<17:04,  1.10it/s, v_num=2ob0]
Epoch 0:  38%|███▊      | 686/1812 [10:24<17:04,  1.10it/s, v_num=2ob0]
Epoch 0:  38%|███▊      | 687/1812 [10:24<17:03,  1.10it/s, v_num=2ob0]
Epoch 0:  38%|███▊      | 687/1812 [10:24<17:03,  1.10it/s, v_num=2ob0]
Epoch 0:  38%|███▊      | 688/1812 [10:25<17:01,  1.10it/s, v_num=2ob0]
Epoch 0:  38%|███▊      | 688/1812 [10:25<17:01,  1.10it/s, v_num=2ob0]
Epoch 0:  38%|███▊      | 689/1812 [10:25<17:00,  1.10it/s, v_num=2ob0]
Epoch 0:  38%|███▊      | 689/1812 [10:25<17:00,  1.10it/s, v_num=2ob0]
Epoch 0:  38%|███▊      | 690/1812 [10:26<16:58,  1.10it/s, v_num=2ob0]
Epoch 0:  38%|███▊      | 690/1812 [10:26<16:58,  1.10it/s, v_num=2ob0]
Epoch 0:  38%|███▊      | 691/1812 [10:27<16:57,  1.10it/s, v_num=2ob0]
Epoch 0:  38%|███▊      | 691/1812 [10:27<16:57,  1.10it/s, v_num=2ob0]
Epoch 0:  38%|███▊      | 692/1812 [10:27<16:55,  1.10it/s, v_num=2ob0]
Epoch 0:  38%|███▊      | 692/1812 [10:27<16:55,  1.10it/s, v_num=2ob0]
Epoch 0:  38%|███▊      | 693/1812 [10:28<16:54,  1.10it/s, v_num=2ob0]
Epoch 0:  38%|███▊      | 693/1812 [10:28<16:54,  1.10it/s, v_num=2ob0]
Epoch 0:  38%|███▊      | 694/1812 [10:28<16:53,  1.10it/s, v_num=2ob0]
Epoch 0:  38%|███▊      | 694/1812 [10:28<16:53,  1.10it/s, v_num=2ob0]
Epoch 0:  38%|███▊      | 695/1812 [10:29<16:51,  1.10it/s, v_num=2ob0]
Epoch 0:  38%|███▊      | 695/1812 [10:29<16:51,  1.10it/s, v_num=2ob0]
Epoch 0:  38%|███▊      | 696/1812 [10:30<16:50,  1.10it/s, v_num=2ob0]
Epoch 0:  38%|███▊      | 696/1812 [10:30<16:50,  1.10it/s, v_num=2ob0]
Epoch 0:  38%|███▊      | 697/1812 [10:30<16:48,  1.11it/s, v_num=2ob0]
Epoch 0:  38%|███▊      | 697/1812 [10:30<16:48,  1.11it/s, v_num=2ob0]
Epoch 0:  39%|███▊      | 698/1812 [10:31<16:47,  1.11it/s, v_num=2ob0]
Epoch 0:  39%|███▊      | 698/1812 [10:31<16:47,  1.11it/s, v_num=2ob0]
Epoch 0:  39%|███▊      | 699/1812 [10:31<16:46,  1.11it/s, v_num=2ob0]
Epoch 0:  39%|███▊      | 699/1812 [10:31<16:46,  1.11it/s, v_num=2ob0]
Epoch 0:  39%|███▊      | 700/1812 [10:32<16:44,  1.11it/s, v_num=2ob0]
Epoch 0:  39%|███▊      | 700/1812 [10:32<16:44,  1.11it/s, v_num=2ob0]
Epoch 0:  39%|███▊      | 701/1812 [10:33<16:43,  1.11it/s, v_num=2ob0]
Epoch 0:  39%|███▊      | 701/1812 [10:33<16:43,  1.11it/s, v_num=2ob0]
Epoch 0:  39%|███▊      | 702/1812 [10:33<16:41,  1.11it/s, v_num=2ob0]
Epoch 0:  39%|███▊      | 702/1812 [10:33<16:41,  1.11it/s, v_num=2ob0]
Epoch 0:  39%|███▉      | 703/1812 [11:08<17:34,  1.05it/s, v_num=2ob0]
Epoch 0:  39%|███▉      | 703/1812 [11:08<17:34,  1.05it/s, v_num=2ob0]
Epoch 0:  39%|███▉      | 704/1812 [11:08<17:32,  1.05it/s, v_num=2ob0]
Epoch 0:  39%|███▉      | 704/1812 [11:08<17:32,  1.05it/s, v_num=2ob0]
Epoch 0:  39%|███▉      | 705/1812 [11:09<17:31,  1.05it/s, v_num=2ob0]
Epoch 0:  39%|███▉      | 705/1812 [11:09<17:31,  1.05it/s, v_num=2ob0]
Epoch 0:  39%|███▉      | 706/1812 [11:10<17:29,  1.05it/s, v_num=2ob0]
Epoch 0:  39%|███▉      | 706/1812 [11:10<17:29,  1.05it/s, v_num=2ob0]
Epoch 0:  39%|███▉      | 707/1812 [11:10<17:28,  1.05it/s, v_num=2ob0]
Epoch 0:  39%|███▉      | 707/1812 [11:10<17:28,  1.05it/s, v_num=2ob0]
Epoch 0:  39%|███▉      | 708/1812 [11:11<17:26,  1.05it/s, v_num=2ob0]
Epoch 0:  39%|███▉      | 708/1812 [11:11<17:26,  1.05it/s, v_num=2ob0]
Epoch 0:  39%|███▉      | 709/1812 [11:11<17:25,  1.06it/s, v_num=2ob0]
Epoch 0:  39%|███▉      | 709/1812 [11:11<17:25,  1.06it/s, v_num=2ob0]
Epoch 0:  39%|███▉      | 710/1812 [11:12<17:23,  1.06it/s, v_num=2ob0]
Epoch 0:  39%|███▉      | 710/1812 [11:12<17:23,  1.06it/s, v_num=2ob0]
Epoch 0:  39%|███▉      | 711/1812 [11:13<17:22,  1.06it/s, v_num=2ob0]
Epoch 0:  39%|███▉      | 711/1812 [11:13<17:22,  1.06it/s, v_num=2ob0]
Epoch 0:  39%|███▉      | 712/1812 [11:13<17:20,  1.06it/s, v_num=2ob0]
Epoch 0:  39%|███▉      | 712/1812 [11:13<17:20,  1.06it/s, v_num=2ob0]
Epoch 0:  39%|███▉      | 713/1812 [11:14<17:19,  1.06it/s, v_num=2ob0]
Epoch 0:  39%|███▉      | 713/1812 [11:14<17:19,  1.06it/s, v_num=2ob0]
Epoch 0:  39%|███▉      | 714/1812 [11:14<17:17,  1.06it/s, v_num=2ob0]
Epoch 0:  39%|███▉      | 714/1812 [11:14<17:17,  1.06it/s, v_num=2ob0]
Epoch 0:  39%|███▉      | 715/1812 [11:15<17:16,  1.06it/s, v_num=2ob0]
Epoch 0:  39%|███▉      | 715/1812 [11:15<17:16,  1.06it/s, v_num=2ob0]
Epoch 0:  40%|███▉      | 716/1812 [11:16<17:14,  1.06it/s, v_num=2ob0]
Epoch 0:  40%|███▉      | 716/1812 [11:16<17:14,  1.06it/s, v_num=2ob0]
Epoch 0:  40%|███▉      | 717/1812 [11:16<17:13,  1.06it/s, v_num=2ob0]
Epoch 0:  40%|███▉      | 717/1812 [11:16<17:13,  1.06it/s, v_num=2ob0]
Epoch 0:  40%|███▉      | 718/1812 [11:17<17:11,  1.06it/s, v_num=2ob0]
Epoch 0:  40%|███▉      | 718/1812 [11:17<17:11,  1.06it/s, v_num=2ob0]
Epoch 0:  40%|███▉      | 719/1812 [11:17<17:10,  1.06it/s, v_num=2ob0]
Epoch 0:  40%|███▉      | 719/1812 [11:17<17:10,  1.06it/s, v_num=2ob0]
Epoch 0:  40%|███▉      | 720/1812 [11:18<17:08,  1.06it/s, v_num=2ob0]
Epoch 0:  40%|███▉      | 720/1812 [11:18<17:08,  1.06it/s, v_num=2ob0]
Epoch 0:  40%|███▉      | 721/1812 [11:19<17:07,  1.06it/s, v_num=2ob0]
Epoch 0:  40%|███▉      | 721/1812 [11:19<17:07,  1.06it/s, v_num=2ob0]
Epoch 0:  40%|███▉      | 722/1812 [11:19<17:06,  1.06it/s, v_num=2ob0]
Epoch 0:  40%|███▉      | 722/1812 [11:19<17:06,  1.06it/s, v_num=2ob0]
Epoch 0:  40%|███▉      | 723/1812 [11:20<17:04,  1.06it/s, v_num=2ob0]
Epoch 0:  40%|███▉      | 723/1812 [11:20<17:04,  1.06it/s, v_num=2ob0]
Epoch 0:  40%|███▉      | 724/1812 [11:20<17:03,  1.06it/s, v_num=2ob0]
Epoch 0:  40%|███▉      | 724/1812 [11:20<17:03,  1.06it/s, v_num=2ob0]
Epoch 0:  40%|████      | 725/1812 [11:21<17:01,  1.06it/s, v_num=2ob0]
Epoch 0:  40%|████      | 725/1812 [11:21<17:01,  1.06it/s, v_num=2ob0]
Epoch 0:  40%|████      | 726/1812 [11:21<17:00,  1.06it/s, v_num=2ob0]
Epoch 0:  40%|████      | 726/1812 [11:21<17:00,  1.06it/s, v_num=2ob0]
Epoch 0:  40%|████      | 727/1812 [11:22<16:58,  1.07it/s, v_num=2ob0]
Epoch 0:  40%|████      | 727/1812 [11:22<16:58,  1.07it/s, v_num=2ob0]
Epoch 0:  40%|████      | 728/1812 [11:23<16:57,  1.07it/s, v_num=2ob0]
Epoch 0:  40%|████      | 728/1812 [11:23<16:57,  1.07it/s, v_num=2ob0]
Epoch 0:  40%|████      | 729/1812 [11:23<16:55,  1.07it/s, v_num=2ob0]
Epoch 0:  40%|████      | 729/1812 [11:23<16:55,  1.07it/s, v_num=2ob0]
Epoch 0:  40%|████      | 730/1812 [11:24<16:54,  1.07it/s, v_num=2ob0]
Epoch 0:  40%|████      | 730/1812 [11:24<16:54,  1.07it/s, v_num=2ob0]
Epoch 0:  40%|████      | 731/1812 [11:24<16:52,  1.07it/s, v_num=2ob0]
Epoch 0:  40%|████      | 731/1812 [11:24<16:52,  1.07it/s, v_num=2ob0]
Epoch 0:  40%|████      | 732/1812 [11:25<16:51,  1.07it/s, v_num=2ob0]
Epoch 0:  40%|████      | 732/1812 [11:25<16:51,  1.07it/s, v_num=2ob0]
Epoch 0:  40%|████      | 733/1812 [11:26<16:49,  1.07it/s, v_num=2ob0]
Epoch 0:  40%|████      | 733/1812 [11:26<16:49,  1.07it/s, v_num=2ob0]
Epoch 0:  41%|████      | 734/1812 [11:26<16:48,  1.07it/s, v_num=2ob0]
Epoch 0:  41%|████      | 734/1812 [11:26<16:48,  1.07it/s, v_num=2ob0]
Epoch 0:  41%|████      | 735/1812 [11:27<16:47,  1.07it/s, v_num=2ob0]
Epoch 0:  41%|████      | 735/1812 [11:27<16:47,  1.07it/s, v_num=2ob0]
Epoch 0:  41%|████      | 736/1812 [11:27<16:45,  1.07it/s, v_num=2ob0]
Epoch 0:  41%|████      | 736/1812 [11:27<16:45,  1.07it/s, v_num=2ob0]
Epoch 0:  41%|████      | 737/1812 [11:28<16:44,  1.07it/s, v_num=2ob0]
Epoch 0:  41%|████      | 737/1812 [11:28<16:44,  1.07it/s, v_num=2ob0]
Epoch 0:  41%|████      | 738/1812 [11:29<16:42,  1.07it/s, v_num=2ob0]
Epoch 0:  41%|████      | 738/1812 [11:29<16:42,  1.07it/s, v_num=2ob0]
Epoch 0:  41%|████      | 739/1812 [11:29<16:41,  1.07it/s, v_num=2ob0]
Epoch 0:  41%|████      | 739/1812 [11:29<16:41,  1.07it/s, v_num=2ob0]
Epoch 0:  41%|████      | 740/1812 [11:30<16:39,  1.07it/s, v_num=2ob0]
Epoch 0:  41%|████      | 740/1812 [11:30<16:39,  1.07it/s, v_num=2ob0]
Epoch 0:  41%|████      | 741/1812 [11:30<16:38,  1.07it/s, v_num=2ob0]
Epoch 0:  41%|████      | 741/1812 [11:30<16:38,  1.07it/s, v_num=2ob0]
Epoch 0:  41%|████      | 742/1812 [11:31<16:37,  1.07it/s, v_num=2ob0]
Epoch 0:  41%|████      | 742/1812 [11:31<16:37,  1.07it/s, v_num=2ob0]
Epoch 0:  41%|████      | 743/1812 [11:32<16:35,  1.07it/s, v_num=2ob0]
Epoch 0:  41%|████      | 743/1812 [11:32<16:35,  1.07it/s, v_num=2ob0]
Epoch 0:  41%|████      | 744/1812 [11:32<16:34,  1.07it/s, v_num=2ob0]
Epoch 0:  41%|████      | 744/1812 [11:32<16:34,  1.07it/s, v_num=2ob0]
Epoch 0:  41%|████      | 745/1812 [11:33<16:32,  1.07it/s, v_num=2ob0]
Epoch 0:  41%|████      | 745/1812 [11:33<16:32,  1.07it/s, v_num=2ob0]
Epoch 0:  41%|████      | 746/1812 [11:33<16:31,  1.08it/s, v_num=2ob0]
Epoch 0:  41%|████      | 746/1812 [11:33<16:31,  1.08it/s, v_num=2ob0]
Epoch 0:  41%|████      | 747/1812 [11:34<16:29,  1.08it/s, v_num=2ob0]
Epoch 0:  41%|████      | 747/1812 [11:34<16:29,  1.08it/s, v_num=2ob0]
Epoch 0:  41%|████▏     | 748/1812 [11:34<16:28,  1.08it/s, v_num=2ob0]
Epoch 0:  41%|████▏     | 748/1812 [11:34<16:28,  1.08it/s, v_num=2ob0]
Epoch 0:  41%|████▏     | 749/1812 [11:35<16:27,  1.08it/s, v_num=2ob0]
Epoch 0:  41%|████▏     | 749/1812 [11:35<16:27,  1.08it/s, v_num=2ob0]
Epoch 0:  41%|████▏     | 750/1812 [11:36<16:25,  1.08it/s, v_num=2ob0]
Epoch 0:  41%|████▏     | 750/1812 [11:36<16:25,  1.08it/s, v_num=2ob0]
Epoch 0:  41%|████▏     | 751/1812 [12:11<17:13,  1.03it/s, v_num=2ob0]
Epoch 0:  41%|████▏     | 751/1812 [12:11<17:13,  1.03it/s, v_num=2ob0]
Epoch 0:  42%|████▏     | 752/1812 [12:12<17:12,  1.03it/s, v_num=2ob0]
Epoch 0:  42%|████▏     | 752/1812 [12:12<17:12,  1.03it/s, v_num=2ob0]
Epoch 0:  42%|████▏     | 753/1812 [12:12<17:10,  1.03it/s, v_num=2ob0]
Epoch 0:  42%|████▏     | 753/1812 [12:12<17:10,  1.03it/s, v_num=2ob0]
Epoch 0:  42%|████▏     | 754/1812 [12:13<17:09,  1.03it/s, v_num=2ob0]
Epoch 0:  42%|████▏     | 754/1812 [12:13<17:09,  1.03it/s, v_num=2ob0]
Epoch 0:  42%|████▏     | 755/1812 [12:14<17:07,  1.03it/s, v_num=2ob0]
Epoch 0:  42%|████▏     | 755/1812 [12:14<17:07,  1.03it/s, v_num=2ob0]
Epoch 0:  42%|████▏     | 756/1812 [12:14<17:06,  1.03it/s, v_num=2ob0]
Epoch 0:  42%|████▏     | 756/1812 [12:14<17:06,  1.03it/s, v_num=2ob0]
Epoch 0:  42%|████▏     | 757/1812 [12:15<17:04,  1.03it/s, v_num=2ob0]
Epoch 0:  42%|████▏     | 757/1812 [12:15<17:04,  1.03it/s, v_num=2ob0]
Epoch 0:  42%|████▏     | 758/1812 [12:15<17:03,  1.03it/s, v_num=2ob0]
Epoch 0:  42%|████▏     | 758/1812 [12:15<17:03,  1.03it/s, v_num=2ob0]
Epoch 0:  42%|████▏     | 759/1812 [12:16<17:01,  1.03it/s, v_num=2ob0]
Epoch 0:  42%|████▏     | 759/1812 [12:16<17:01,  1.03it/s, v_num=2ob0]
Epoch 0:  42%|████▏     | 760/1812 [12:17<17:00,  1.03it/s, v_num=2ob0]
Epoch 0:  42%|████▏     | 760/1812 [12:17<17:00,  1.03it/s, v_num=2ob0]
Epoch 0:  42%|████▏     | 761/1812 [12:17<16:58,  1.03it/s, v_num=2ob0]
Epoch 0:  42%|████▏     | 761/1812 [12:17<16:58,  1.03it/s, v_num=2ob0]
Epoch 0:  42%|████▏     | 762/1812 [12:18<16:57,  1.03it/s, v_num=2ob0]
Epoch 0:  42%|████▏     | 762/1812 [12:18<16:57,  1.03it/s, v_num=2ob0]
Epoch 0:  42%|████▏     | 763/1812 [12:18<16:55,  1.03it/s, v_num=2ob0]
Epoch 0:  42%|████▏     | 763/1812 [12:18<16:55,  1.03it/s, v_num=2ob0]
Epoch 0:  42%|████▏     | 764/1812 [12:19<16:54,  1.03it/s, v_num=2ob0]
Epoch 0:  42%|████▏     | 764/1812 [12:19<16:54,  1.03it/s, v_num=2ob0]
Epoch 0:  42%|████▏     | 765/1812 [12:20<16:52,  1.03it/s, v_num=2ob0]
Epoch 0:  42%|████▏     | 765/1812 [12:20<16:52,  1.03it/s, v_num=2ob0]
Epoch 0:  42%|████▏     | 766/1812 [12:20<16:51,  1.03it/s, v_num=2ob0]
Epoch 0:  42%|████▏     | 766/1812 [12:20<16:51,  1.03it/s, v_num=2ob0]
Epoch 0:  42%|████▏     | 767/1812 [12:21<16:49,  1.03it/s, v_num=2ob0]
Epoch 0:  42%|████▏     | 767/1812 [12:21<16:49,  1.03it/s, v_num=2ob0]
Epoch 0:  42%|████▏     | 768/1812 [12:21<16:48,  1.04it/s, v_num=2ob0]
Epoch 0:  42%|████▏     | 768/1812 [12:21<16:48,  1.04it/s, v_num=2ob0]
Epoch 0:  42%|████▏     | 769/1812 [12:22<16:46,  1.04it/s, v_num=2ob0]
Epoch 0:  42%|████▏     | 769/1812 [12:22<16:46,  1.04it/s, v_num=2ob0]
Epoch 0:  42%|████▏     | 770/1812 [12:23<16:45,  1.04it/s, v_num=2ob0]
Epoch 0:  42%|████▏     | 770/1812 [12:23<16:45,  1.04it/s, v_num=2ob0]
Epoch 0:  43%|████▎     | 771/1812 [12:23<16:44,  1.04it/s, v_num=2ob0]
Epoch 0:  43%|████▎     | 771/1812 [12:23<16:44,  1.04it/s, v_num=2ob0]
Epoch 0:  43%|████▎     | 772/1812 [12:24<16:42,  1.04it/s, v_num=2ob0]
Epoch 0:  43%|████▎     | 772/1812 [12:24<16:42,  1.04it/s, v_num=2ob0]
Epoch 0:  43%|████▎     | 773/1812 [12:24<16:41,  1.04it/s, v_num=2ob0]
Epoch 0:  43%|████▎     | 773/1812 [12:24<16:41,  1.04it/s, v_num=2ob0]
Epoch 0:  43%|████▎     | 774/1812 [12:25<16:39,  1.04it/s, v_num=2ob0]
Epoch 0:  43%|████▎     | 774/1812 [12:25<16:39,  1.04it/s, v_num=2ob0]
Epoch 0:  43%|████▎     | 775/1812 [12:25<16:38,  1.04it/s, v_num=2ob0]
Epoch 0:  43%|████▎     | 775/1812 [12:25<16:38,  1.04it/s, v_num=2ob0]
Epoch 0:  43%|████▎     | 776/1812 [12:26<16:36,  1.04it/s, v_num=2ob0]
Epoch 0:  43%|████▎     | 776/1812 [12:26<16:36,  1.04it/s, v_num=2ob0]
Epoch 0:  43%|████▎     | 777/1812 [12:27<16:35,  1.04it/s, v_num=2ob0]
Epoch 0:  43%|████▎     | 777/1812 [12:27<16:35,  1.04it/s, v_num=2ob0]
Epoch 0:  43%|████▎     | 778/1812 [12:27<16:33,  1.04it/s, v_num=2ob0]
Epoch 0:  43%|████▎     | 778/1812 [12:27<16:33,  1.04it/s, v_num=2ob0]
Epoch 0:  43%|████▎     | 779/1812 [12:28<16:32,  1.04it/s, v_num=2ob0]
Epoch 0:  43%|████▎     | 779/1812 [12:28<16:32,  1.04it/s, v_num=2ob0]
Epoch 0:  43%|████▎     | 780/1812 [12:28<16:30,  1.04it/s, v_num=2ob0]
Epoch 0:  43%|████▎     | 780/1812 [12:28<16:30,  1.04it/s, v_num=2ob0]
Epoch 0:  43%|████▎     | 781/1812 [12:29<16:29,  1.04it/s, v_num=2ob0]
Epoch 0:  43%|████▎     | 781/1812 [12:29<16:29,  1.04it/s, v_num=2ob0]
Epoch 0:  43%|████▎     | 782/1812 [12:30<16:27,  1.04it/s, v_num=2ob0]
Epoch 0:  43%|████▎     | 782/1812 [12:30<16:27,  1.04it/s, v_num=2ob0]
Epoch 0:  43%|████▎     | 783/1812 [12:30<16:26,  1.04it/s, v_num=2ob0]
Epoch 0:  43%|████▎     | 783/1812 [12:30<16:26,  1.04it/s, v_num=2ob0]
Epoch 0:  43%|████▎     | 784/1812 [12:31<16:25,  1.04it/s, v_num=2ob0]
Epoch 0:  43%|████▎     | 784/1812 [12:31<16:25,  1.04it/s, v_num=2ob0]
Epoch 0:  43%|████▎     | 785/1812 [12:31<16:23,  1.04it/s, v_num=2ob0]
Epoch 0:  43%|████▎     | 785/1812 [12:31<16:23,  1.04it/s, v_num=2ob0]
Epoch 0:  43%|████▎     | 786/1812 [12:32<16:22,  1.04it/s, v_num=2ob0]
Epoch 0:  43%|████▎     | 786/1812 [12:32<16:22,  1.04it/s, v_num=2ob0]
Epoch 0:  43%|████▎     | 787/1812 [12:33<16:20,  1.05it/s, v_num=2ob0]
Epoch 0:  43%|████▎     | 787/1812 [12:33<16:20,  1.05it/s, v_num=2ob0]
Epoch 0:  43%|████▎     | 788/1812 [12:33<16:19,  1.05it/s, v_num=2ob0]
Epoch 0:  43%|████▎     | 788/1812 [12:33<16:19,  1.05it/s, v_num=2ob0]
Epoch 0:  44%|████▎     | 789/1812 [12:34<16:17,  1.05it/s, v_num=2ob0]
Epoch 0:  44%|████▎     | 789/1812 [12:34<16:17,  1.05it/s, v_num=2ob0]
Epoch 0:  44%|████▎     | 790/1812 [12:34<16:16,  1.05it/s, v_num=2ob0]
Epoch 0:  44%|████▎     | 790/1812 [12:34<16:16,  1.05it/s, v_num=2ob0]
Epoch 0:  44%|████▎     | 791/1812 [12:35<16:15,  1.05it/s, v_num=2ob0]
Epoch 0:  44%|████▎     | 791/1812 [12:35<16:15,  1.05it/s, v_num=2ob0]
Epoch 0:  44%|████▎     | 792/1812 [12:36<16:13,  1.05it/s, v_num=2ob0]
Epoch 0:  44%|████▎     | 792/1812 [12:36<16:13,  1.05it/s, v_num=2ob0]
Epoch 0:  44%|████▍     | 793/1812 [12:36<16:12,  1.05it/s, v_num=2ob0]
Epoch 0:  44%|████▍     | 793/1812 [12:36<16:12,  1.05it/s, v_num=2ob0]
Epoch 0:  44%|████▍     | 794/1812 [12:37<16:10,  1.05it/s, v_num=2ob0]
Epoch 0:  44%|████▍     | 794/1812 [12:37<16:10,  1.05it/s, v_num=2ob0]
Epoch 0:  44%|████▍     | 795/1812 [12:37<16:09,  1.05it/s, v_num=2ob0]
Epoch 0:  44%|████▍     | 795/1812 [12:37<16:09,  1.05it/s, v_num=2ob0]
Epoch 0:  44%|████▍     | 796/1812 [13:44<17:31,  0.97it/s, v_num=2ob0]
Epoch 0:  44%|████▍     | 796/1812 [13:44<17:31,  0.97it/s, v_num=2ob0]
Epoch 0:  44%|████▍     | 797/1812 [13:44<17:30,  0.97it/s, v_num=2ob0]
Epoch 0:  44%|████▍     | 797/1812 [13:44<17:30,  0.97it/s, v_num=2ob0]
Epoch 0:  44%|████▍     | 798/1812 [13:45<17:28,  0.97it/s, v_num=2ob0]
Epoch 0:  44%|████▍     | 798/1812 [13:45<17:28,  0.97it/s, v_num=2ob0]
Epoch 0:  44%|████▍     | 799/1812 [13:45<17:27,  0.97it/s, v_num=2ob0]
Epoch 0:  44%|████▍     | 799/1812 [13:45<17:27,  0.97it/s, v_num=2ob0]
Epoch 0:  44%|████▍     | 800/1812 [13:46<17:25,  0.97it/s, v_num=2ob0]
Epoch 0:  44%|████▍     | 800/1812 [13:46<17:25,  0.97it/s, v_num=2ob0]
Epoch 0:  44%|████▍     | 801/1812 [13:47<17:23,  0.97it/s, v_num=2ob0]
Epoch 0:  44%|████▍     | 801/1812 [13:47<17:23,  0.97it/s, v_num=2ob0]
Epoch 0:  44%|████▍     | 802/1812 [13:47<17:22,  0.97it/s, v_num=2ob0]
Epoch 0:  44%|████▍     | 802/1812 [13:47<17:22,  0.97it/s, v_num=2ob0]
Epoch 0:  44%|████▍     | 803/1812 [13:48<17:20,  0.97it/s, v_num=2ob0]
Epoch 0:  44%|████▍     | 803/1812 [13:48<17:20,  0.97it/s, v_num=2ob0]
Epoch 0:  44%|████▍     | 804/1812 [13:48<17:19,  0.97it/s, v_num=2ob0]
Epoch 0:  44%|████▍     | 804/1812 [13:48<17:19,  0.97it/s, v_num=2ob0]
Epoch 0:  44%|████▍     | 805/1812 [13:49<17:17,  0.97it/s, v_num=2ob0]
Epoch 0:  44%|████▍     | 805/1812 [13:49<17:17,  0.97it/s, v_num=2ob0]
Epoch 0:  44%|████▍     | 806/1812 [13:50<17:15,  0.97it/s, v_num=2ob0]
Epoch 0:  44%|████▍     | 806/1812 [13:50<17:15,  0.97it/s, v_num=2ob0]
Epoch 0:  45%|████▍     | 807/1812 [13:50<17:14,  0.97it/s, v_num=2ob0]
Epoch 0:  45%|████▍     | 807/1812 [13:50<17:14,  0.97it/s, v_num=2ob0]
Epoch 0:  45%|████▍     | 808/1812 [13:51<17:12,  0.97it/s, v_num=2ob0]
Epoch 0:  45%|████▍     | 808/1812 [13:51<17:12,  0.97it/s, v_num=2ob0]
Epoch 0:  45%|████▍     | 809/1812 [13:51<17:11,  0.97it/s, v_num=2ob0]
Epoch 0:  45%|████▍     | 809/1812 [13:51<17:11,  0.97it/s, v_num=2ob0]
Epoch 0:  45%|████▍     | 810/1812 [13:52<17:09,  0.97it/s, v_num=2ob0]
Epoch 0:  45%|████▍     | 810/1812 [13:52<17:09,  0.97it/s, v_num=2ob0]
Epoch 0:  45%|████▍     | 811/1812 [13:52<17:08,  0.97it/s, v_num=2ob0]
Epoch 0:  45%|████▍     | 811/1812 [13:52<17:08,  0.97it/s, v_num=2ob0]
Epoch 0:  45%|████▍     | 812/1812 [13:53<17:06,  0.97it/s, v_num=2ob0]
Epoch 0:  45%|████▍     | 812/1812 [13:53<17:06,  0.97it/s, v_num=2ob0]
Epoch 0:  45%|████▍     | 813/1812 [13:54<17:05,  0.97it/s, v_num=2ob0]
Epoch 0:  45%|████▍     | 813/1812 [13:54<17:05,  0.97it/s, v_num=2ob0]
Epoch 0:  45%|████▍     | 814/1812 [13:54<17:03,  0.98it/s, v_num=2ob0]
Epoch 0:  45%|████▍     | 814/1812 [13:54<17:03,  0.98it/s, v_num=2ob0]
Epoch 0:  45%|████▍     | 815/1812 [13:55<17:01,  0.98it/s, v_num=2ob0]
Epoch 0:  45%|████▍     | 815/1812 [13:55<17:01,  0.98it/s, v_num=2ob0]
Epoch 0:  45%|████▌     | 816/1812 [13:55<17:00,  0.98it/s, v_num=2ob0]
Epoch 0:  45%|████▌     | 816/1812 [13:55<17:00,  0.98it/s, v_num=2ob0]
Epoch 0:  45%|████▌     | 817/1812 [13:56<16:58,  0.98it/s, v_num=2ob0]
Epoch 0:  45%|████▌     | 817/1812 [13:56<16:58,  0.98it/s, v_num=2ob0]
Epoch 0:  45%|████▌     | 818/1812 [13:57<16:57,  0.98it/s, v_num=2ob0]
Epoch 0:  45%|████▌     | 818/1812 [13:57<16:57,  0.98it/s, v_num=2ob0]
Epoch 0:  45%|████▌     | 819/1812 [13:57<16:55,  0.98it/s, v_num=2ob0]
Epoch 0:  45%|████▌     | 819/1812 [13:57<16:55,  0.98it/s, v_num=2ob0]
Epoch 0:  45%|████▌     | 820/1812 [13:58<16:54,  0.98it/s, v_num=2ob0]
Epoch 0:  45%|████▌     | 820/1812 [13:58<16:54,  0.98it/s, v_num=2ob0]
Epoch 0:  45%|████▌     | 821/1812 [13:58<16:52,  0.98it/s, v_num=2ob0]
Epoch 0:  45%|████▌     | 821/1812 [13:58<16:52,  0.98it/s, v_num=2ob0]
Epoch 0:  45%|████▌     | 822/1812 [13:59<16:51,  0.98it/s, v_num=2ob0]
Epoch 0:  45%|████▌     | 822/1812 [13:59<16:51,  0.98it/s, v_num=2ob0]
Epoch 0:  45%|████▌     | 823/1812 [14:00<16:49,  0.98it/s, v_num=2ob0]
Epoch 0:  45%|████▌     | 823/1812 [14:00<16:49,  0.98it/s, v_num=2ob0]
Epoch 0:  45%|████▌     | 824/1812 [14:00<16:47,  0.98it/s, v_num=2ob0]
Epoch 0:  45%|████▌     | 824/1812 [14:00<16:47,  0.98it/s, v_num=2ob0]
Epoch 0:  46%|████▌     | 825/1812 [14:01<16:46,  0.98it/s, v_num=2ob0]
Epoch 0:  46%|████▌     | 825/1812 [14:01<16:46,  0.98it/s, v_num=2ob0]
Epoch 0:  46%|████▌     | 826/1812 [14:01<16:44,  0.98it/s, v_num=2ob0]
Epoch 0:  46%|████▌     | 826/1812 [14:01<16:44,  0.98it/s, v_num=2ob0]
Epoch 0:  46%|████▌     | 827/1812 [14:02<16:43,  0.98it/s, v_num=2ob0]
Epoch 0:  46%|████▌     | 827/1812 [14:02<16:43,  0.98it/s, v_num=2ob0]
Epoch 0:  46%|████▌     | 828/1812 [14:03<16:41,  0.98it/s, v_num=2ob0]
Epoch 0:  46%|████▌     | 828/1812 [14:03<16:41,  0.98it/s, v_num=2ob0]
Epoch 0:  46%|████▌     | 829/1812 [14:03<16:40,  0.98it/s, v_num=2ob0]
Epoch 0:  46%|████▌     | 829/1812 [14:03<16:40,  0.98it/s, v_num=2ob0]
Epoch 0:  46%|████▌     | 830/1812 [14:04<16:38,  0.98it/s, v_num=2ob0]
Epoch 0:  46%|████▌     | 830/1812 [14:04<16:38,  0.98it/s, v_num=2ob0]
Epoch 0:  46%|████▌     | 831/1812 [14:04<16:37,  0.98it/s, v_num=2ob0]
Epoch 0:  46%|████▌     | 831/1812 [14:04<16:37,  0.98it/s, v_num=2ob0]
Epoch 0:  46%|████▌     | 832/1812 [14:05<16:35,  0.98it/s, v_num=2ob0]
Epoch 0:  46%|████▌     | 832/1812 [14:05<16:35,  0.98it/s, v_num=2ob0]
Epoch 0:  46%|████▌     | 833/1812 [14:05<16:34,  0.98it/s, v_num=2ob0]
Epoch 0:  46%|████▌     | 833/1812 [14:05<16:34,  0.98it/s, v_num=2ob0]
Epoch 0:  46%|████▌     | 834/1812 [14:06<16:32,  0.99it/s, v_num=2ob0]
Epoch 0:  46%|████▌     | 834/1812 [14:06<16:32,  0.99it/s, v_num=2ob0]
Epoch 0:  46%|████▌     | 835/1812 [14:07<16:31,  0.99it/s, v_num=2ob0]
Epoch 0:  46%|████▌     | 835/1812 [14:07<16:31,  0.99it/s, v_num=2ob0]
Epoch 0:  46%|████▌     | 836/1812 [14:07<16:29,  0.99it/s, v_num=2ob0]
Epoch 0:  46%|████▌     | 836/1812 [14:07<16:29,  0.99it/s, v_num=2ob0]
Epoch 0:  46%|████▌     | 837/1812 [14:08<16:28,  0.99it/s, v_num=2ob0]
Epoch 0:  46%|████▌     | 837/1812 [14:08<16:28,  0.99it/s, v_num=2ob0]
Epoch 0:  46%|████▌     | 838/1812 [14:08<16:26,  0.99it/s, v_num=2ob0]
Epoch 0:  46%|████▌     | 838/1812 [14:08<16:26,  0.99it/s, v_num=2ob0]
Epoch 0:  46%|████▋     | 839/1812 [14:09<16:25,  0.99it/s, v_num=2ob0]
Epoch 0:  46%|████▋     | 839/1812 [14:09<16:25,  0.99it/s, v_num=2ob0]
Epoch 0:  46%|████▋     | 840/1812 [14:10<16:23,  0.99it/s, v_num=2ob0]
Epoch 0:  46%|████▋     | 840/1812 [14:10<16:23,  0.99it/s, v_num=2ob0]
Epoch 0:  46%|████▋     | 841/1812 [14:10<16:22,  0.99it/s, v_num=2ob0]
Epoch 0:  46%|████▋     | 841/1812 [14:10<16:22,  0.99it/s, v_num=2ob0]
Epoch 0:  46%|████▋     | 842/1812 [14:11<16:20,  0.99it/s, v_num=2ob0]
Epoch 0:  46%|████▋     | 842/1812 [14:11<16:20,  0.99it/s, v_num=2ob0]
Epoch 0:  47%|████▋     | 843/1812 [14:11<16:19,  0.99it/s, v_num=2ob0]
Epoch 0:  47%|████▋     | 843/1812 [14:11<16:19,  0.99it/s, v_num=2ob0]
Epoch 0:  47%|████▋     | 844/1812 [15:10<17:24,  0.93it/s, v_num=2ob0]
Epoch 0:  47%|████▋     | 844/1812 [15:10<17:24,  0.93it/s, v_num=2ob0]
Epoch 0:  47%|████▋     | 845/1812 [15:11<17:23,  0.93it/s, v_num=2ob0]
Epoch 0:  47%|████▋     | 845/1812 [15:11<17:23,  0.93it/s, v_num=2ob0]
Epoch 0:  47%|████▋     | 846/1812 [15:12<17:21,  0.93it/s, v_num=2ob0]
Epoch 0:  47%|████▋     | 846/1812 [15:12<17:21,  0.93it/s, v_num=2ob0]
Epoch 0:  47%|████▋     | 847/1812 [15:12<17:19,  0.93it/s, v_num=2ob0]
Epoch 0:  47%|████▋     | 847/1812 [15:12<17:19,  0.93it/s, v_num=2ob0]
Epoch 0:  47%|████▋     | 848/1812 [15:13<17:18,  0.93it/s, v_num=2ob0]
Epoch 0:  47%|████▋     | 848/1812 [15:13<17:18,  0.93it/s, v_num=2ob0]
Epoch 0:  47%|████▋     | 849/1812 [15:13<17:16,  0.93it/s, v_num=2ob0]
Epoch 0:  47%|████▋     | 849/1812 [15:13<17:16,  0.93it/s, v_num=2ob0]
Epoch 0:  47%|████▋     | 850/1812 [15:14<17:15,  0.93it/s, v_num=2ob0]
Epoch 0:  47%|████▋     | 850/1812 [15:14<17:15,  0.93it/s, v_num=2ob0]
Epoch 0:  47%|████▋     | 851/1812 [15:15<17:13,  0.93it/s, v_num=2ob0]
Epoch 0:  47%|████▋     | 851/1812 [15:15<17:13,  0.93it/s, v_num=2ob0]
Epoch 0:  47%|████▋     | 852/1812 [15:15<17:11,  0.93it/s, v_num=2ob0]
Epoch 0:  47%|████▋     | 852/1812 [15:15<17:11,  0.93it/s, v_num=2ob0]
Epoch 0:  47%|████▋     | 853/1812 [15:16<17:10,  0.93it/s, v_num=2ob0]
Epoch 0:  47%|████▋     | 853/1812 [15:16<17:10,  0.93it/s, v_num=2ob0]
Epoch 0:  47%|████▋     | 854/1812 [15:16<17:08,  0.93it/s, v_num=2ob0]
Epoch 0:  47%|████▋     | 854/1812 [15:16<17:08,  0.93it/s, v_num=2ob0]
Epoch 0:  47%|████▋     | 855/1812 [15:17<17:06,  0.93it/s, v_num=2ob0]
Epoch 0:  47%|████▋     | 855/1812 [15:17<17:06,  0.93it/s, v_num=2ob0]
Epoch 0:  47%|████▋     | 856/1812 [15:18<17:05,  0.93it/s, v_num=2ob0]
Epoch 0:  47%|████▋     | 856/1812 [15:18<17:05,  0.93it/s, v_num=2ob0]
Epoch 0:  47%|████▋     | 857/1812 [15:18<17:03,  0.93it/s, v_num=2ob0]
Epoch 0:  47%|████▋     | 857/1812 [15:18<17:03,  0.93it/s, v_num=2ob0]
Epoch 0:  47%|████▋     | 858/1812 [15:19<17:02,  0.93it/s, v_num=2ob0]
Epoch 0:  47%|████▋     | 858/1812 [15:19<17:02,  0.93it/s, v_num=2ob0]
Epoch 0:  47%|████▋     | 859/1812 [15:19<17:00,  0.93it/s, v_num=2ob0]
Epoch 0:  47%|████▋     | 859/1812 [15:19<17:00,  0.93it/s, v_num=2ob0]
Epoch 0:  47%|████▋     | 860/1812 [15:20<16:58,  0.93it/s, v_num=2ob0]
Epoch 0:  47%|████▋     | 860/1812 [15:20<16:58,  0.93it/s, v_num=2ob0]
Epoch 0:  48%|████▊     | 861/1812 [15:21<16:57,  0.93it/s, v_num=2ob0]
Epoch 0:  48%|████▊     | 861/1812 [15:21<16:57,  0.93it/s, v_num=2ob0]
Epoch 0:  48%|████▊     | 862/1812 [15:21<16:55,  0.94it/s, v_num=2ob0]
Epoch 0:  48%|████▊     | 862/1812 [15:21<16:55,  0.94it/s, v_num=2ob0]
Epoch 0:  48%|████▊     | 863/1812 [15:22<16:54,  0.94it/s, v_num=2ob0]
Epoch 0:  48%|████▊     | 863/1812 [15:22<16:54,  0.94it/s, v_num=2ob0]
Epoch 0:  48%|████▊     | 864/1812 [15:22<16:52,  0.94it/s, v_num=2ob0]
Epoch 0:  48%|████▊     | 864/1812 [15:22<16:52,  0.94it/s, v_num=2ob0]
Epoch 0:  48%|████▊     | 865/1812 [15:23<16:50,  0.94it/s, v_num=2ob0]
Epoch 0:  48%|████▊     | 865/1812 [15:23<16:50,  0.94it/s, v_num=2ob0]
Epoch 0:  48%|████▊     | 866/1812 [15:23<16:49,  0.94it/s, v_num=2ob0]
Epoch 0:  48%|████▊     | 866/1812 [15:23<16:49,  0.94it/s, v_num=2ob0]
Epoch 0:  48%|████▊     | 867/1812 [15:24<16:47,  0.94it/s, v_num=2ob0]
Epoch 0:  48%|████▊     | 867/1812 [15:24<16:47,  0.94it/s, v_num=2ob0]
Epoch 0:  48%|████▊     | 868/1812 [15:25<16:46,  0.94it/s, v_num=2ob0]
Epoch 0:  48%|████▊     | 868/1812 [15:25<16:46,  0.94it/s, v_num=2ob0]
Epoch 0:  48%|████▊     | 869/1812 [15:25<16:44,  0.94it/s, v_num=2ob0]
Epoch 0:  48%|████▊     | 869/1812 [15:25<16:44,  0.94it/s, v_num=2ob0]
Epoch 0:  48%|████▊     | 870/1812 [15:26<16:43,  0.94it/s, v_num=2ob0]
Epoch 0:  48%|████▊     | 870/1812 [15:26<16:43,  0.94it/s, v_num=2ob0]
Epoch 0:  48%|████▊     | 871/1812 [15:26<16:41,  0.94it/s, v_num=2ob0]
Epoch 0:  48%|████▊     | 871/1812 [15:26<16:41,  0.94it/s, v_num=2ob0]
Epoch 0:  48%|████▊     | 872/1812 [15:27<16:39,  0.94it/s, v_num=2ob0]
Epoch 0:  48%|████▊     | 872/1812 [15:27<16:39,  0.94it/s, v_num=2ob0]
Epoch 0:  48%|████▊     | 873/1812 [15:28<16:38,  0.94it/s, v_num=2ob0]
Epoch 0:  48%|████▊     | 873/1812 [15:28<16:38,  0.94it/s, v_num=2ob0]
Epoch 0:  48%|████▊     | 874/1812 [15:28<16:36,  0.94it/s, v_num=2ob0]
Epoch 0:  48%|████▊     | 874/1812 [15:28<16:36,  0.94it/s, v_num=2ob0]
Epoch 0:  48%|████▊     | 875/1812 [15:29<16:35,  0.94it/s, v_num=2ob0]
Epoch 0:  48%|████▊     | 875/1812 [15:29<16:35,  0.94it/s, v_num=2ob0]
Epoch 0:  48%|████▊     | 876/1812 [15:29<16:33,  0.94it/s, v_num=2ob0]
Epoch 0:  48%|████▊     | 876/1812 [15:29<16:33,  0.94it/s, v_num=2ob0]
Epoch 0:  48%|████▊     | 877/1812 [15:30<16:32,  0.94it/s, v_num=2ob0]
Epoch 0:  48%|████▊     | 877/1812 [15:30<16:32,  0.94it/s, v_num=2ob0]
Epoch 0:  48%|████▊     | 878/1812 [15:31<16:30,  0.94it/s, v_num=2ob0]
Epoch 0:  48%|████▊     | 878/1812 [15:31<16:30,  0.94it/s, v_num=2ob0]
Epoch 0:  49%|████▊     | 879/1812 [15:31<16:28,  0.94it/s, v_num=2ob0]
Epoch 0:  49%|████▊     | 879/1812 [15:31<16:28,  0.94it/s, v_num=2ob0]
Epoch 0:  49%|████▊     | 880/1812 [15:32<16:27,  0.94it/s, v_num=2ob0]
Epoch 0:  49%|████▊     | 880/1812 [15:32<16:27,  0.94it/s, v_num=2ob0]
Epoch 0:  49%|████▊     | 881/1812 [15:32<16:25,  0.94it/s, v_num=2ob0]
Epoch 0:  49%|████▊     | 881/1812 [15:32<16:25,  0.94it/s, v_num=2ob0]
Epoch 0:  49%|████▊     | 882/1812 [15:33<16:24,  0.94it/s, v_num=2ob0]
Epoch 0:  49%|████▊     | 882/1812 [15:33<16:24,  0.94it/s, v_num=2ob0]
Epoch 0:  49%|████▊     | 883/1812 [15:34<16:22,  0.95it/s, v_num=2ob0]
Epoch 0:  49%|████▊     | 883/1812 [15:34<16:22,  0.95it/s, v_num=2ob0]
Epoch 0:  49%|████▉     | 884/1812 [15:34<16:21,  0.95it/s, v_num=2ob0]
Epoch 0:  49%|████▉     | 884/1812 [15:34<16:21,  0.95it/s, v_num=2ob0]
Epoch 0:  49%|████▉     | 885/1812 [15:35<16:19,  0.95it/s, v_num=2ob0]
Epoch 0:  49%|████▉     | 885/1812 [15:35<16:19,  0.95it/s, v_num=2ob0]
Epoch 0:  49%|████▉     | 886/1812 [15:35<16:18,  0.95it/s, v_num=2ob0]
Epoch 0:  49%|████▉     | 886/1812 [15:35<16:18,  0.95it/s, v_num=2ob0]
Epoch 0:  49%|████▉     | 887/1812 [15:36<16:16,  0.95it/s, v_num=2ob0]
Epoch 0:  49%|████▉     | 887/1812 [15:36<16:16,  0.95it/s, v_num=2ob0]
Epoch 0:  49%|████▉     | 888/1812 [15:36<16:14,  0.95it/s, v_num=2ob0]
Epoch 0:  49%|████▉     | 888/1812 [15:36<16:14,  0.95it/s, v_num=2ob0]
Epoch 0:  49%|████▉     | 889/1812 [16:58<17:36,  0.87it/s, v_num=2ob0]
Epoch 0:  49%|████▉     | 889/1812 [16:58<17:36,  0.87it/s, v_num=2ob0]
Epoch 0:  49%|████▉     | 890/1812 [16:58<17:35,  0.87it/s, v_num=2ob0]
Epoch 0:  49%|████▉     | 890/1812 [16:58<17:35,  0.87it/s, v_num=2ob0]
Epoch 0:  49%|████▉     | 891/1812 [16:59<17:33,  0.87it/s, v_num=2ob0]
Epoch 0:  49%|████▉     | 891/1812 [16:59<17:33,  0.87it/s, v_num=2ob0]
Epoch 0:  49%|████▉     | 892/1812 [16:59<17:31,  0.87it/s, v_num=2ob0]
Epoch 0:  49%|████▉     | 892/1812 [16:59<17:31,  0.87it/s, v_num=2ob0]
Epoch 0:  49%|████▉     | 893/1812 [17:00<17:30,  0.88it/s, v_num=2ob0]
Epoch 0:  49%|████▉     | 893/1812 [17:00<17:30,  0.88it/s, v_num=2ob0]
Epoch 0:  49%|████▉     | 894/1812 [17:01<17:28,  0.88it/s, v_num=2ob0]
Epoch 0:  49%|████▉     | 894/1812 [17:01<17:28,  0.88it/s, v_num=2ob0]
Epoch 0:  49%|████▉     | 895/1812 [17:01<17:26,  0.88it/s, v_num=2ob0]
Epoch 0:  49%|████▉     | 895/1812 [17:01<17:26,  0.88it/s, v_num=2ob0]
Epoch 0:  49%|████▉     | 896/1812 [17:02<17:24,  0.88it/s, v_num=2ob0]
Epoch 0:  49%|████▉     | 896/1812 [17:02<17:24,  0.88it/s, v_num=2ob0]
Epoch 0:  50%|████▉     | 897/1812 [17:02<17:23,  0.88it/s, v_num=2ob0]
Epoch 0:  50%|████▉     | 897/1812 [17:02<17:23,  0.88it/s, v_num=2ob0]
Epoch 0:  50%|████▉     | 898/1812 [17:03<17:21,  0.88it/s, v_num=2ob0]
Epoch 0:  50%|████▉     | 898/1812 [17:03<17:21,  0.88it/s, v_num=2ob0]
Epoch 0:  50%|████▉     | 899/1812 [17:03<17:19,  0.88it/s, v_num=2ob0]
Epoch 0:  50%|████▉     | 899/1812 [17:03<17:19,  0.88it/s, v_num=2ob0]
Epoch 0:  50%|████▉     | 900/1812 [17:04<17:18,  0.88it/s, v_num=2ob0]
Epoch 0:  50%|████▉     | 900/1812 [17:04<17:18,  0.88it/s, v_num=2ob0]
Epoch 0:  50%|████▉     | 901/1812 [17:05<17:16,  0.88it/s, v_num=2ob0]
Epoch 0:  50%|████▉     | 901/1812 [17:05<17:16,  0.88it/s, v_num=2ob0]
Epoch 0:  50%|████▉     | 902/1812 [17:05<17:14,  0.88it/s, v_num=2ob0]
Epoch 0:  50%|████▉     | 902/1812 [17:05<17:14,  0.88it/s, v_num=2ob0]
Epoch 0:  50%|████▉     | 903/1812 [17:06<17:13,  0.88it/s, v_num=2ob0]
Epoch 0:  50%|████▉     | 903/1812 [17:06<17:13,  0.88it/s, v_num=2ob0]
Epoch 0:  50%|████▉     | 904/1812 [17:06<17:11,  0.88it/s, v_num=2ob0]
Epoch 0:  50%|████▉     | 904/1812 [17:06<17:11,  0.88it/s, v_num=2ob0]
Epoch 0:  50%|████▉     | 905/1812 [17:07<17:09,  0.88it/s, v_num=2ob0]
Epoch 0:  50%|████▉     | 905/1812 [17:07<17:09,  0.88it/s, v_num=2ob0]
Epoch 0:  50%|█████     | 906/1812 [17:08<17:08,  0.88it/s, v_num=2ob0]
Epoch 0:  50%|█████     | 906/1812 [17:08<17:08,  0.88it/s, v_num=2ob0]
Epoch 0:  50%|█████     | 907/1812 [17:08<17:06,  0.88it/s, v_num=2ob0]
Epoch 0:  50%|█████     | 907/1812 [17:08<17:06,  0.88it/s, v_num=2ob0]
Epoch 0:  50%|█████     | 908/1812 [17:09<17:04,  0.88it/s, v_num=2ob0]
Epoch 0:  50%|█████     | 908/1812 [17:09<17:04,  0.88it/s, v_num=2ob0]
Epoch 0:  50%|█████     | 909/1812 [17:09<17:03,  0.88it/s, v_num=2ob0]
Epoch 0:  50%|█████     | 909/1812 [17:09<17:03,  0.88it/s, v_num=2ob0]
Epoch 0:  50%|█████     | 910/1812 [17:10<17:01,  0.88it/s, v_num=2ob0]
Epoch 0:  50%|█████     | 910/1812 [17:10<17:01,  0.88it/s, v_num=2ob0]
Epoch 0:  50%|█████     | 911/1812 [17:11<16:59,  0.88it/s, v_num=2ob0]
Epoch 0:  50%|█████     | 911/1812 [17:11<16:59,  0.88it/s, v_num=2ob0]
Epoch 0:  50%|█████     | 912/1812 [17:11<16:58,  0.88it/s, v_num=2ob0]
Epoch 0:  50%|█████     | 912/1812 [17:11<16:58,  0.88it/s, v_num=2ob0]
Epoch 0:  50%|█████     | 913/1812 [17:12<16:56,  0.88it/s, v_num=2ob0]
Epoch 0:  50%|█████     | 913/1812 [17:12<16:56,  0.88it/s, v_num=2ob0]
Epoch 0:  50%|█████     | 914/1812 [17:12<16:54,  0.88it/s, v_num=2ob0]
Epoch 0:  50%|█████     | 914/1812 [17:12<16:54,  0.88it/s, v_num=2ob0]
Epoch 0:  50%|█████     | 915/1812 [17:13<16:53,  0.89it/s, v_num=2ob0]
Epoch 0:  50%|█████     | 915/1812 [17:13<16:53,  0.89it/s, v_num=2ob0]
Epoch 0:  51%|█████     | 916/1812 [17:14<16:51,  0.89it/s, v_num=2ob0]
Epoch 0:  51%|█████     | 916/1812 [17:14<16:51,  0.89it/s, v_num=2ob0]
Epoch 0:  51%|█████     | 917/1812 [17:14<16:49,  0.89it/s, v_num=2ob0]
Epoch 0:  51%|█████     | 917/1812 [17:14<16:49,  0.89it/s, v_num=2ob0]
Epoch 0:  51%|█████     | 918/1812 [17:15<16:48,  0.89it/s, v_num=2ob0]
Epoch 0:  51%|█████     | 918/1812 [17:15<16:48,  0.89it/s, v_num=2ob0]
Epoch 0:  51%|█████     | 919/1812 [17:15<16:46,  0.89it/s, v_num=2ob0]
Epoch 0:  51%|█████     | 919/1812 [17:15<16:46,  0.89it/s, v_num=2ob0]
Epoch 0:  51%|█████     | 920/1812 [17:16<16:44,  0.89it/s, v_num=2ob0]
Epoch 0:  51%|█████     | 920/1812 [17:16<16:44,  0.89it/s, v_num=2ob0]
Epoch 0:  51%|█████     | 921/1812 [17:16<16:43,  0.89it/s, v_num=2ob0]
Epoch 0:  51%|█████     | 921/1812 [17:16<16:43,  0.89it/s, v_num=2ob0]
Epoch 0:  51%|█████     | 922/1812 [17:17<16:41,  0.89it/s, v_num=2ob0]
Epoch 0:  51%|█████     | 922/1812 [17:17<16:41,  0.89it/s, v_num=2ob0]
Epoch 0:  51%|█████     | 923/1812 [17:18<16:39,  0.89it/s, v_num=2ob0]
Epoch 0:  51%|█████     | 923/1812 [17:18<16:39,  0.89it/s, v_num=2ob0]
Epoch 0:  51%|█████     | 924/1812 [17:18<16:38,  0.89it/s, v_num=2ob0]
Epoch 0:  51%|█████     | 924/1812 [17:18<16:38,  0.89it/s, v_num=2ob0]
Epoch 0:  51%|█████     | 925/1812 [17:19<16:36,  0.89it/s, v_num=2ob0]
Epoch 0:  51%|█████     | 925/1812 [17:19<16:36,  0.89it/s, v_num=2ob0]
Epoch 0:  51%|█████     | 926/1812 [17:19<16:34,  0.89it/s, v_num=2ob0]
Epoch 0:  51%|█████     | 926/1812 [17:19<16:34,  0.89it/s, v_num=2ob0]
Epoch 0:  51%|█████     | 927/1812 [17:20<16:33,  0.89it/s, v_num=2ob0]
Epoch 0:  51%|█████     | 927/1812 [17:20<16:33,  0.89it/s, v_num=2ob0]
Epoch 0:  51%|█████     | 928/1812 [17:21<16:31,  0.89it/s, v_num=2ob0]
Epoch 0:  51%|█████     | 928/1812 [17:21<16:31,  0.89it/s, v_num=2ob0]
Epoch 0:  51%|█████▏    | 929/1812 [17:21<16:30,  0.89it/s, v_num=2ob0]
Epoch 0:  51%|█████▏    | 929/1812 [17:21<16:30,  0.89it/s, v_num=2ob0]
Epoch 0:  51%|█████▏    | 930/1812 [17:22<16:28,  0.89it/s, v_num=2ob0]
Epoch 0:  51%|█████▏    | 930/1812 [17:22<16:28,  0.89it/s, v_num=2ob0]
Epoch 0:  51%|█████▏    | 931/1812 [17:22<16:26,  0.89it/s, v_num=2ob0]
Epoch 0:  51%|█████▏    | 931/1812 [17:22<16:26,  0.89it/s, v_num=2ob0]
Epoch 0:  51%|█████▏    | 932/1812 [17:23<16:25,  0.89it/s, v_num=2ob0]
Epoch 0:  51%|█████▏    | 932/1812 [17:23<16:25,  0.89it/s, v_num=2ob0]
Epoch 0:  51%|█████▏    | 933/1812 [17:24<16:23,  0.89it/s, v_num=2ob0]
Epoch 0:  51%|█████▏    | 933/1812 [17:24<16:23,  0.89it/s, v_num=2ob0]
Epoch 0:  52%|█████▏    | 934/1812 [17:24<16:22,  0.89it/s, v_num=2ob0]
Epoch 0:  52%|█████▏    | 934/1812 [17:24<16:22,  0.89it/s, v_num=2ob0]
Epoch 0:  52%|█████▏    | 935/1812 [17:25<16:20,  0.89it/s, v_num=2ob0]
Epoch 0:  52%|█████▏    | 935/1812 [17:25<16:20,  0.89it/s, v_num=2ob0]
Epoch 0:  52%|█████▏    | 936/1812 [17:25<16:18,  0.89it/s, v_num=2ob0]
Epoch 0:  52%|█████▏    | 936/1812 [17:25<16:18,  0.89it/s, v_num=2ob0]
Epoch 0:  52%|█████▏    | 937/1812 [18:42<17:27,  0.84it/s, v_num=2ob0]
Epoch 0:  52%|█████▏    | 937/1812 [18:42<17:27,  0.84it/s, v_num=2ob0]
Epoch 0:  52%|█████▏    | 938/1812 [18:42<17:26,  0.84it/s, v_num=2ob0]
Epoch 0:  52%|█████▏    | 938/1812 [18:42<17:26,  0.84it/s, v_num=2ob0]
Epoch 0:  52%|█████▏    | 939/1812 [18:43<17:24,  0.84it/s, v_num=2ob0]
Epoch 0:  52%|█████▏    | 939/1812 [18:43<17:24,  0.84it/s, v_num=2ob0]
Epoch 0:  52%|█████▏    | 940/1812 [18:43<17:22,  0.84it/s, v_num=2ob0]
Epoch 0:  52%|█████▏    | 940/1812 [18:43<17:22,  0.84it/s, v_num=2ob0]
Epoch 0:  52%|█████▏    | 941/1812 [18:44<17:20,  0.84it/s, v_num=2ob0]
Epoch 0:  52%|█████▏    | 941/1812 [18:44<17:20,  0.84it/s, v_num=2ob0]
Epoch 0:  52%|█████▏    | 942/1812 [18:45<17:19,  0.84it/s, v_num=2ob0]
Epoch 0:  52%|█████▏    | 942/1812 [18:45<17:19,  0.84it/s, v_num=2ob0]
Epoch 0:  52%|█████▏    | 943/1812 [18:45<17:17,  0.84it/s, v_num=2ob0]
Epoch 0:  52%|█████▏    | 943/1812 [18:45<17:17,  0.84it/s, v_num=2ob0]
Epoch 0:  52%|█████▏    | 944/1812 [18:46<17:15,  0.84it/s, v_num=2ob0]
Epoch 0:  52%|█████▏    | 944/1812 [18:46<17:15,  0.84it/s, v_num=2ob0]
Epoch 0:  52%|█████▏    | 945/1812 [18:46<17:13,  0.84it/s, v_num=2ob0]
Epoch 0:  52%|█████▏    | 945/1812 [18:46<17:13,  0.84it/s, v_num=2ob0]
Epoch 0:  52%|█████▏    | 946/1812 [18:47<17:12,  0.84it/s, v_num=2ob0]
Epoch 0:  52%|█████▏    | 946/1812 [18:47<17:12,  0.84it/s, v_num=2ob0]
Epoch 0:  52%|█████▏    | 947/1812 [18:48<17:10,  0.84it/s, v_num=2ob0]
Epoch 0:  52%|█████▏    | 947/1812 [18:48<17:10,  0.84it/s, v_num=2ob0]
Epoch 0:  52%|█████▏    | 948/1812 [18:48<17:08,  0.84it/s, v_num=2ob0]
Epoch 0:  52%|█████▏    | 948/1812 [18:48<17:08,  0.84it/s, v_num=2ob0]
Epoch 0:  52%|█████▏    | 949/1812 [18:49<17:06,  0.84it/s, v_num=2ob0]
Epoch 0:  52%|█████▏    | 949/1812 [18:49<17:06,  0.84it/s, v_num=2ob0]
Epoch 0:  52%|█████▏    | 950/1812 [18:49<17:05,  0.84it/s, v_num=2ob0]
Epoch 0:  52%|█████▏    | 950/1812 [18:49<17:05,  0.84it/s, v_num=2ob0]
Epoch 0:  52%|█████▏    | 951/1812 [18:50<17:03,  0.84it/s, v_num=2ob0]
Epoch 0:  52%|█████▏    | 951/1812 [18:50<17:03,  0.84it/s, v_num=2ob0]
Epoch 0:  53%|█████▎    | 952/1812 [18:50<17:01,  0.84it/s, v_num=2ob0]
Epoch 0:  53%|█████▎    | 952/1812 [18:50<17:01,  0.84it/s, v_num=2ob0]
Epoch 0:  53%|█████▎    | 953/1812 [18:51<16:59,  0.84it/s, v_num=2ob0]
Epoch 0:  53%|█████▎    | 953/1812 [18:51<16:59,  0.84it/s, v_num=2ob0]
Epoch 0:  53%|█████▎    | 954/1812 [18:52<16:58,  0.84it/s, v_num=2ob0]
Epoch 0:  53%|█████▎    | 954/1812 [18:52<16:58,  0.84it/s, v_num=2ob0]
Epoch 0:  53%|█████▎    | 955/1812 [18:52<16:56,  0.84it/s, v_num=2ob0]
Epoch 0:  53%|█████▎    | 955/1812 [18:52<16:56,  0.84it/s, v_num=2ob0]
Epoch 0:  53%|█████▎    | 956/1812 [18:53<16:54,  0.84it/s, v_num=2ob0]
Epoch 0:  53%|█████▎    | 956/1812 [18:53<16:54,  0.84it/s, v_num=2ob0]
Epoch 0:  53%|█████▎    | 957/1812 [18:53<16:53,  0.84it/s, v_num=2ob0]
Epoch 0:  53%|█████▎    | 957/1812 [18:53<16:53,  0.84it/s, v_num=2ob0]
Epoch 0:  53%|█████▎    | 958/1812 [18:54<16:51,  0.84it/s, v_num=2ob0]
Epoch 0:  53%|█████▎    | 958/1812 [18:54<16:51,  0.84it/s, v_num=2ob0]
Epoch 0:  53%|█████▎    | 959/1812 [18:55<16:49,  0.84it/s, v_num=2ob0]
Epoch 0:  53%|█████▎    | 959/1812 [18:55<16:49,  0.84it/s, v_num=2ob0]
Epoch 0:  53%|█████▎    | 960/1812 [18:55<16:47,  0.85it/s, v_num=2ob0]
Epoch 0:  53%|█████▎    | 960/1812 [18:55<16:47,  0.85it/s, v_num=2ob0]
Epoch 0:  53%|█████▎    | 961/1812 [18:56<16:46,  0.85it/s, v_num=2ob0]
Epoch 0:  53%|█████▎    | 961/1812 [18:56<16:46,  0.85it/s, v_num=2ob0]
Epoch 0:  53%|█████▎    | 962/1812 [18:56<16:44,  0.85it/s, v_num=2ob0]
Epoch 0:  53%|█████▎    | 962/1812 [18:56<16:44,  0.85it/s, v_num=2ob0]
Epoch 0:  53%|█████▎    | 963/1812 [18:57<16:42,  0.85it/s, v_num=2ob0]
Epoch 0:  53%|█████▎    | 963/1812 [18:57<16:42,  0.85it/s, v_num=2ob0]
Epoch 0:  53%|█████▎    | 964/1812 [18:58<16:41,  0.85it/s, v_num=2ob0]
Epoch 0:  53%|█████▎    | 964/1812 [18:58<16:41,  0.85it/s, v_num=2ob0]
Epoch 0:  53%|█████▎    | 965/1812 [18:58<16:39,  0.85it/s, v_num=2ob0]
Epoch 0:  53%|█████▎    | 965/1812 [18:58<16:39,  0.85it/s, v_num=2ob0]
Epoch 0:  53%|█████▎    | 966/1812 [18:59<16:37,  0.85it/s, v_num=2ob0]
Epoch 0:  53%|█████▎    | 966/1812 [18:59<16:37,  0.85it/s, v_num=2ob0]
Epoch 0:  53%|█████▎    | 967/1812 [18:59<16:36,  0.85it/s, v_num=2ob0]
Epoch 0:  53%|█████▎    | 967/1812 [18:59<16:36,  0.85it/s, v_num=2ob0]
Epoch 0:  53%|█████▎    | 968/1812 [19:00<16:34,  0.85it/s, v_num=2ob0]
Epoch 0:  53%|█████▎    | 968/1812 [19:00<16:34,  0.85it/s, v_num=2ob0]
Epoch 0:  53%|█████▎    | 969/1812 [19:01<16:32,  0.85it/s, v_num=2ob0]
Epoch 0:  53%|█████▎    | 969/1812 [19:01<16:32,  0.85it/s, v_num=2ob0]
Epoch 0:  54%|█████▎    | 970/1812 [19:01<16:30,  0.85it/s, v_num=2ob0]
Epoch 0:  54%|█████▎    | 970/1812 [19:01<16:30,  0.85it/s, v_num=2ob0]
Epoch 0:  54%|█████▎    | 971/1812 [19:02<16:29,  0.85it/s, v_num=2ob0]
Epoch 0:  54%|█████▎    | 971/1812 [19:02<16:29,  0.85it/s, v_num=2ob0]
Epoch 0:  54%|█████▎    | 972/1812 [19:02<16:27,  0.85it/s, v_num=2ob0]
Epoch 0:  54%|█████▎    | 972/1812 [19:02<16:27,  0.85it/s, v_num=2ob0]
Epoch 0:  54%|█████▎    | 973/1812 [19:03<16:25,  0.85it/s, v_num=2ob0]
Epoch 0:  54%|█████▎    | 973/1812 [19:03<16:25,  0.85it/s, v_num=2ob0]
Epoch 0:  54%|█████▍    | 974/1812 [19:03<16:24,  0.85it/s, v_num=2ob0]
Epoch 0:  54%|█████▍    | 974/1812 [19:03<16:24,  0.85it/s, v_num=2ob0]
Epoch 0:  54%|█████▍    | 975/1812 [19:04<16:22,  0.85it/s, v_num=2ob0]
Epoch 0:  54%|█████▍    | 975/1812 [19:04<16:22,  0.85it/s, v_num=2ob0]
Epoch 0:  54%|█████▍    | 976/1812 [19:05<16:20,  0.85it/s, v_num=2ob0]
Epoch 0:  54%|█████▍    | 976/1812 [19:05<16:20,  0.85it/s, v_num=2ob0]
Epoch 0:  54%|█████▍    | 977/1812 [19:05<16:19,  0.85it/s, v_num=2ob0]
Epoch 0:  54%|█████▍    | 977/1812 [19:05<16:19,  0.85it/s, v_num=2ob0]
Epoch 0:  54%|█████▍    | 978/1812 [19:06<16:17,  0.85it/s, v_num=2ob0]
Epoch 0:  54%|█████▍    | 978/1812 [19:06<16:17,  0.85it/s, v_num=2ob0]
Epoch 0:  54%|█████▍    | 979/1812 [19:06<16:15,  0.85it/s, v_num=2ob0]
Epoch 0:  54%|█████▍    | 979/1812 [19:06<16:15,  0.85it/s, v_num=2ob0]
Epoch 0:  54%|█████▍    | 980/1812 [19:07<16:14,  0.85it/s, v_num=2ob0]
Epoch 0:  54%|█████▍    | 980/1812 [19:07<16:14,  0.85it/s, v_num=2ob0]
Epoch 0:  54%|█████▍    | 981/1812 [19:08<16:12,  0.85it/s, v_num=2ob0]
Epoch 0:  54%|█████▍    | 981/1812 [19:08<16:12,  0.85it/s, v_num=2ob0]
Epoch 0:  54%|█████▍    | 982/1812 [19:08<16:10,  0.85it/s, v_num=2ob0]
Epoch 0:  54%|█████▍    | 982/1812 [19:08<16:10,  0.85it/s, v_num=2ob0]
Epoch 0:  54%|█████▍    | 983/1812 [19:09<16:09,  0.86it/s, v_num=2ob0]
Epoch 0:  54%|█████▍    | 983/1812 [19:09<16:09,  0.86it/s, v_num=2ob0]
Epoch 0:  54%|█████▍    | 984/1812 [19:09<16:07,  0.86it/s, v_num=2ob0]
Epoch 0:  54%|█████▍    | 984/1812 [19:09<16:07,  0.86it/s, v_num=2ob0]
Epoch 0:  54%|█████▍    | 985/1812 [19:50<16:39,  0.83it/s, v_num=2ob0]
Epoch 0:  54%|█████▍    | 985/1812 [19:50<16:39,  0.83it/s, v_num=2ob0]
Epoch 0:  54%|█████▍    | 986/1812 [19:51<16:37,  0.83it/s, v_num=2ob0]
Epoch 0:  54%|█████▍    | 986/1812 [19:51<16:37,  0.83it/s, v_num=2ob0]
Epoch 0:  54%|█████▍    | 987/1812 [19:51<16:36,  0.83it/s, v_num=2ob0]
Epoch 0:  54%|█████▍    | 987/1812 [19:51<16:36,  0.83it/s, v_num=2ob0]
Epoch 0:  55%|█████▍    | 988/1812 [19:52<16:34,  0.83it/s, v_num=2ob0]
Epoch 0:  55%|█████▍    | 988/1812 [19:52<16:34,  0.83it/s, v_num=2ob0]
Epoch 0:  55%|█████▍    | 989/1812 [19:52<16:32,  0.83it/s, v_num=2ob0]
Epoch 0:  55%|█████▍    | 989/1812 [19:52<16:32,  0.83it/s, v_num=2ob0]
Epoch 0:  55%|█████▍    | 990/1812 [19:53<16:31,  0.83it/s, v_num=2ob0]
Epoch 0:  55%|█████▍    | 990/1812 [19:53<16:31,  0.83it/s, v_num=2ob0]
Epoch 0:  55%|█████▍    | 991/1812 [19:54<16:29,  0.83it/s, v_num=2ob0]
Epoch 0:  55%|█████▍    | 991/1812 [19:54<16:29,  0.83it/s, v_num=2ob0]
Epoch 0:  55%|█████▍    | 992/1812 [19:54<16:27,  0.83it/s, v_num=2ob0]
Epoch 0:  55%|█████▍    | 992/1812 [19:54<16:27,  0.83it/s, v_num=2ob0]
Epoch 0:  55%|█████▍    | 993/1812 [19:55<16:25,  0.83it/s, v_num=2ob0]
Epoch 0:  55%|█████▍    | 993/1812 [19:55<16:25,  0.83it/s, v_num=2ob0]
Epoch 0:  55%|█████▍    | 994/1812 [19:55<16:24,  0.83it/s, v_num=2ob0]
Epoch 0:  55%|█████▍    | 994/1812 [19:55<16:24,  0.83it/s, v_num=2ob0]
Epoch 0:  55%|█████▍    | 995/1812 [19:56<16:22,  0.83it/s, v_num=2ob0]
Epoch 0:  55%|█████▍    | 995/1812 [19:56<16:22,  0.83it/s, v_num=2ob0]
Epoch 0:  55%|█████▍    | 996/1812 [19:57<16:20,  0.83it/s, v_num=2ob0]
Epoch 0:  55%|█████▍    | 996/1812 [19:57<16:20,  0.83it/s, v_num=2ob0]
Epoch 0:  55%|█████▌    | 997/1812 [19:57<16:19,  0.83it/s, v_num=2ob0]
Epoch 0:  55%|█████▌    | 997/1812 [19:57<16:19,  0.83it/s, v_num=2ob0]
Epoch 0:  55%|█████▌    | 998/1812 [19:58<16:17,  0.83it/s, v_num=2ob0]
Epoch 0:  55%|█████▌    | 998/1812 [19:58<16:17,  0.83it/s, v_num=2ob0]
Epoch 0:  55%|█████▌    | 999/1812 [19:58<16:15,  0.83it/s, v_num=2ob0]
Epoch 0:  55%|█████▌    | 999/1812 [19:58<16:15,  0.83it/s, v_num=2ob0]
Epoch 0:  55%|█████▌    | 1000/1812 [19:59<16:13,  0.83it/s, v_num=2ob0]
Epoch 0:  55%|█████▌    | 1000/1812 [19:59<16:13,  0.83it/s, v_num=2ob0]
Epoch 0:  55%|█████▌    | 1001/1812 [20:00<16:12,  0.83it/s, v_num=2ob0]
Epoch 0:  55%|█████▌    | 1001/1812 [20:00<16:12,  0.83it/s, v_num=2ob0]
Epoch 0:  55%|█████▌    | 1002/1812 [20:00<16:10,  0.83it/s, v_num=2ob0]
Epoch 0:  55%|█████▌    | 1002/1812 [20:00<16:10,  0.83it/s, v_num=2ob0]
Epoch 0:  55%|█████▌    | 1003/1812 [20:01<16:08,  0.83it/s, v_num=2ob0]
Epoch 0:  55%|█████▌    | 1003/1812 [20:01<16:08,  0.83it/s, v_num=2ob0]
Epoch 0:  55%|█████▌    | 1004/1812 [20:01<16:07,  0.84it/s, v_num=2ob0]
Epoch 0:  55%|█████▌    | 1004/1812 [20:01<16:07,  0.84it/s, v_num=2ob0]
Epoch 0:  55%|█████▌    | 1005/1812 [20:02<16:05,  0.84it/s, v_num=2ob0]
Epoch 0:  55%|█████▌    | 1005/1812 [20:02<16:05,  0.84it/s, v_num=2ob0]
Epoch 0:  56%|█████▌    | 1006/1812 [20:03<16:03,  0.84it/s, v_num=2ob0]
Epoch 0:  56%|█████▌    | 1006/1812 [20:03<16:03,  0.84it/s, v_num=2ob0]
Epoch 0:  56%|█████▌    | 1007/1812 [20:03<16:02,  0.84it/s, v_num=2ob0]
Epoch 0:  56%|█████▌    | 1007/1812 [20:03<16:02,  0.84it/s, v_num=2ob0]
Epoch 0:  56%|█████▌    | 1008/1812 [20:04<16:00,  0.84it/s, v_num=2ob0]
Epoch 0:  56%|█████▌    | 1008/1812 [20:04<16:00,  0.84it/s, v_num=2ob0]
Epoch 0:  56%|█████▌    | 1009/1812 [20:04<15:58,  0.84it/s, v_num=2ob0]
Epoch 0:  56%|█████▌    | 1009/1812 [20:04<15:58,  0.84it/s, v_num=2ob0]
Epoch 0:  56%|█████▌    | 1010/1812 [20:05<15:57,  0.84it/s, v_num=2ob0]
Epoch 0:  56%|█████▌    | 1010/1812 [20:05<15:57,  0.84it/s, v_num=2ob0]
Epoch 0:  56%|█████▌    | 1011/1812 [20:05<15:55,  0.84it/s, v_num=2ob0]
Epoch 0:  56%|█████▌    | 1011/1812 [20:05<15:55,  0.84it/s, v_num=2ob0]
Epoch 0:  56%|█████▌    | 1012/1812 [20:06<15:53,  0.84it/s, v_num=2ob0]
Epoch 0:  56%|█████▌    | 1012/1812 [20:06<15:53,  0.84it/s, v_num=2ob0]
Epoch 0:  56%|█████▌    | 1013/1812 [20:07<15:52,  0.84it/s, v_num=2ob0]
Epoch 0:  56%|█████▌    | 1013/1812 [20:07<15:52,  0.84it/s, v_num=2ob0]
Epoch 0:  56%|█████▌    | 1014/1812 [20:07<15:50,  0.84it/s, v_num=2ob0]
Epoch 0:  56%|█████▌    | 1014/1812 [20:07<15:50,  0.84it/s, v_num=2ob0]
Epoch 0:  56%|█████▌    | 1015/1812 [20:08<15:48,  0.84it/s, v_num=2ob0]
Epoch 0:  56%|█████▌    | 1015/1812 [20:08<15:48,  0.84it/s, v_num=2ob0]
Epoch 0:  56%|█████▌    | 1016/1812 [20:08<15:47,  0.84it/s, v_num=2ob0]
Epoch 0:  56%|█████▌    | 1016/1812 [20:08<15:47,  0.84it/s, v_num=2ob0]
Epoch 0:  56%|█████▌    | 1017/1812 [20:09<15:45,  0.84it/s, v_num=2ob0]
Epoch 0:  56%|█████▌    | 1017/1812 [20:09<15:45,  0.84it/s, v_num=2ob0]
Epoch 0:  56%|█████▌    | 1018/1812 [20:10<15:43,  0.84it/s, v_num=2ob0]
Epoch 0:  56%|█████▌    | 1018/1812 [20:10<15:43,  0.84it/s, v_num=2ob0]
Epoch 0:  56%|█████▌    | 1019/1812 [20:10<15:42,  0.84it/s, v_num=2ob0]
Epoch 0:  56%|█████▌    | 1019/1812 [20:10<15:42,  0.84it/s, v_num=2ob0]
Epoch 0:  56%|█████▋    | 1020/1812 [20:11<15:40,  0.84it/s, v_num=2ob0]
Epoch 0:  56%|█████▋    | 1020/1812 [20:11<15:40,  0.84it/s, v_num=2ob0]
Epoch 0:  56%|█████▋    | 1021/1812 [20:11<15:38,  0.84it/s, v_num=2ob0]
Epoch 0:  56%|█████▋    | 1021/1812 [20:11<15:38,  0.84it/s, v_num=2ob0]
Epoch 0:  56%|█████▋    | 1022/1812 [20:12<15:37,  0.84it/s, v_num=2ob0]
Epoch 0:  56%|█████▋    | 1022/1812 [20:12<15:37,  0.84it/s, v_num=2ob0]
Epoch 0:  56%|█████▋    | 1023/1812 [20:13<15:35,  0.84it/s, v_num=2ob0]
Epoch 0:  56%|█████▋    | 1023/1812 [20:13<15:35,  0.84it/s, v_num=2ob0]
Epoch 0:  57%|█████▋    | 1024/1812 [20:13<15:33,  0.84it/s, v_num=2ob0]
Epoch 0:  57%|█████▋    | 1024/1812 [20:13<15:33,  0.84it/s, v_num=2ob0]
Epoch 0:  57%|█████▋    | 1025/1812 [20:14<15:32,  0.84it/s, v_num=2ob0]
Epoch 0:  57%|█████▋    | 1025/1812 [20:14<15:32,  0.84it/s, v_num=2ob0]
Epoch 0:  57%|█████▋    | 1026/1812 [20:14<15:30,  0.84it/s, v_num=2ob0]
Epoch 0:  57%|█████▋    | 1026/1812 [20:14<15:30,  0.84it/s, v_num=2ob0]
Epoch 0:  57%|█████▋    | 1027/1812 [20:15<15:29,  0.84it/s, v_num=2ob0]
Epoch 0:  57%|█████▋    | 1027/1812 [20:15<15:29,  0.84it/s, v_num=2ob0]
Epoch 0:  57%|█████▋    | 1028/1812 [20:16<15:27,  0.85it/s, v_num=2ob0]
Epoch 0:  57%|█████▋    | 1028/1812 [20:16<15:27,  0.85it/s, v_num=2ob0]
Epoch 0:  57%|█████▋    | 1029/1812 [20:16<15:25,  0.85it/s, v_num=2ob0]
Epoch 0:  57%|█████▋    | 1029/1812 [20:16<15:25,  0.85it/s, v_num=2ob0]
Epoch 0:  57%|█████▋    | 1030/1812 [21:16<16:09,  0.81it/s, v_num=2ob0]
Epoch 0:  57%|█████▋    | 1030/1812 [21:16<16:09,  0.81it/s, v_num=2ob0]
Epoch 0:  57%|█████▋    | 1031/1812 [21:16<16:07,  0.81it/s, v_num=2ob0]
Epoch 0:  57%|█████▋    | 1031/1812 [21:16<16:07,  0.81it/s, v_num=2ob0]
Epoch 0:  57%|█████▋    | 1032/1812 [21:17<16:05,  0.81it/s, v_num=2ob0]
Epoch 0:  57%|█████▋    | 1032/1812 [21:17<16:05,  0.81it/s, v_num=2ob0]
Epoch 0:  57%|█████▋    | 1033/1812 [21:18<16:03,  0.81it/s, v_num=2ob0]
Epoch 0:  57%|█████▋    | 1033/1812 [21:18<16:03,  0.81it/s, v_num=2ob0]
Epoch 0:  57%|█████▋    | 1034/1812 [21:18<16:02,  0.81it/s, v_num=2ob0]
Epoch 0:  57%|█████▋    | 1034/1812 [21:18<16:02,  0.81it/s, v_num=2ob0]
Epoch 0:  57%|█████▋    | 1035/1812 [21:19<16:00,  0.81it/s, v_num=2ob0]
Epoch 0:  57%|█████▋    | 1035/1812 [21:19<16:00,  0.81it/s, v_num=2ob0]
Epoch 0:  57%|█████▋    | 1036/1812 [21:19<15:58,  0.81it/s, v_num=2ob0]
Epoch 0:  57%|█████▋    | 1036/1812 [21:19<15:58,  0.81it/s, v_num=2ob0]
Epoch 0:  57%|█████▋    | 1037/1812 [21:20<15:56,  0.81it/s, v_num=2ob0]
Epoch 0:  57%|█████▋    | 1037/1812 [21:20<15:56,  0.81it/s, v_num=2ob0]
Epoch 0:  57%|█████▋    | 1038/1812 [21:21<15:55,  0.81it/s, v_num=2ob0]
Epoch 0:  57%|█████▋    | 1038/1812 [21:21<15:55,  0.81it/s, v_num=2ob0]
Epoch 0:  57%|█████▋    | 1039/1812 [21:21<15:53,  0.81it/s, v_num=2ob0]
Epoch 0:  57%|█████▋    | 1039/1812 [21:21<15:53,  0.81it/s, v_num=2ob0]
Epoch 0:  57%|█████▋    | 1040/1812 [21:22<15:51,  0.81it/s, v_num=2ob0]
Epoch 0:  57%|█████▋    | 1040/1812 [21:22<15:51,  0.81it/s, v_num=2ob0]
Epoch 0:  57%|█████▋    | 1041/1812 [21:22<15:50,  0.81it/s, v_num=2ob0]
Epoch 0:  57%|█████▋    | 1041/1812 [21:22<15:50,  0.81it/s, v_num=2ob0]
Epoch 0:  58%|█████▊    | 1042/1812 [21:23<15:48,  0.81it/s, v_num=2ob0]
Epoch 0:  58%|█████▊    | 1042/1812 [21:23<15:48,  0.81it/s, v_num=2ob0]
Epoch 0:  58%|█████▊    | 1043/1812 [21:24<15:46,  0.81it/s, v_num=2ob0]
Epoch 0:  58%|█████▊    | 1043/1812 [21:24<15:46,  0.81it/s, v_num=2ob0]
Epoch 0:  58%|█████▊    | 1044/1812 [21:24<15:44,  0.81it/s, v_num=2ob0]
Epoch 0:  58%|█████▊    | 1044/1812 [21:24<15:44,  0.81it/s, v_num=2ob0]
Epoch 0:  58%|█████▊    | 1045/1812 [21:25<15:43,  0.81it/s, v_num=2ob0]
Epoch 0:  58%|█████▊    | 1045/1812 [21:25<15:43,  0.81it/s, v_num=2ob0]
Epoch 0:  58%|█████▊    | 1046/1812 [21:25<15:41,  0.81it/s, v_num=2ob0]
Epoch 0:  58%|█████▊    | 1046/1812 [21:25<15:41,  0.81it/s, v_num=2ob0]
Epoch 0:  58%|█████▊    | 1047/1812 [21:26<15:39,  0.81it/s, v_num=2ob0]
Epoch 0:  58%|█████▊    | 1047/1812 [21:26<15:39,  0.81it/s, v_num=2ob0]
Epoch 0:  58%|█████▊    | 1048/1812 [21:26<15:38,  0.81it/s, v_num=2ob0]
Epoch 0:  58%|█████▊    | 1048/1812 [21:26<15:38,  0.81it/s, v_num=2ob0]
Epoch 0:  58%|█████▊    | 1049/1812 [21:27<15:36,  0.81it/s, v_num=2ob0]
Epoch 0:  58%|█████▊    | 1049/1812 [21:27<15:36,  0.81it/s, v_num=2ob0]
Epoch 0:  58%|█████▊    | 1050/1812 [21:28<15:34,  0.82it/s, v_num=2ob0]
Epoch 0:  58%|█████▊    | 1050/1812 [21:28<15:34,  0.82it/s, v_num=2ob0]
Epoch 0:  58%|█████▊    | 1051/1812 [21:28<15:33,  0.82it/s, v_num=2ob0]
Epoch 0:  58%|█████▊    | 1051/1812 [21:28<15:33,  0.82it/s, v_num=2ob0]
Epoch 0:  58%|█████▊    | 1052/1812 [21:29<15:31,  0.82it/s, v_num=2ob0]
Epoch 0:  58%|█████▊    | 1052/1812 [21:29<15:31,  0.82it/s, v_num=2ob0]
Epoch 0:  58%|█████▊    | 1053/1812 [21:29<15:29,  0.82it/s, v_num=2ob0]
Epoch 0:  58%|█████▊    | 1053/1812 [21:29<15:29,  0.82it/s, v_num=2ob0]
Epoch 0:  58%|█████▊    | 1054/1812 [21:30<15:28,  0.82it/s, v_num=2ob0]
Epoch 0:  58%|█████▊    | 1054/1812 [21:30<15:28,  0.82it/s, v_num=2ob0]
Epoch 0:  58%|█████▊    | 1055/1812 [21:31<15:26,  0.82it/s, v_num=2ob0]
Epoch 0:  58%|█████▊    | 1055/1812 [21:31<15:26,  0.82it/s, v_num=2ob0]
Epoch 0:  58%|█████▊    | 1056/1812 [21:31<15:24,  0.82it/s, v_num=2ob0]
Epoch 0:  58%|█████▊    | 1056/1812 [21:31<15:24,  0.82it/s, v_num=2ob0]
Epoch 0:  58%|█████▊    | 1057/1812 [21:32<15:23,  0.82it/s, v_num=2ob0]
Epoch 0:  58%|█████▊    | 1057/1812 [21:32<15:23,  0.82it/s, v_num=2ob0]
Epoch 0:  58%|█████▊    | 1058/1812 [21:32<15:21,  0.82it/s, v_num=2ob0]
Epoch 0:  58%|█████▊    | 1058/1812 [21:32<15:21,  0.82it/s, v_num=2ob0]
Epoch 0:  58%|█████▊    | 1059/1812 [21:33<15:19,  0.82it/s, v_num=2ob0]
Epoch 0:  58%|█████▊    | 1059/1812 [21:33<15:19,  0.82it/s, v_num=2ob0]
Epoch 0:  58%|█████▊    | 1060/1812 [21:34<15:18,  0.82it/s, v_num=2ob0]
Epoch 0:  58%|█████▊    | 1060/1812 [21:34<15:18,  0.82it/s, v_num=2ob0]
Epoch 0:  59%|█████▊    | 1061/1812 [21:34<15:16,  0.82it/s, v_num=2ob0]
Epoch 0:  59%|█████▊    | 1061/1812 [21:34<15:16,  0.82it/s, v_num=2ob0]
Epoch 0:  59%|█████▊    | 1062/1812 [21:35<15:14,  0.82it/s, v_num=2ob0]
Epoch 0:  59%|█████▊    | 1062/1812 [21:35<15:14,  0.82it/s, v_num=2ob0]
Epoch 0:  59%|█████▊    | 1063/1812 [21:35<15:13,  0.82it/s, v_num=2ob0]
Epoch 0:  59%|█████▊    | 1063/1812 [21:35<15:13,  0.82it/s, v_num=2ob0]
Epoch 0:  59%|█████▊    | 1064/1812 [21:36<15:11,  0.82it/s, v_num=2ob0]
Epoch 0:  59%|█████▊    | 1064/1812 [21:36<15:11,  0.82it/s, v_num=2ob0]
Epoch 0:  59%|█████▉    | 1065/1812 [21:37<15:09,  0.82it/s, v_num=2ob0]
Epoch 0:  59%|█████▉    | 1065/1812 [21:37<15:09,  0.82it/s, v_num=2ob0]
Epoch 0:  59%|█████▉    | 1066/1812 [21:37<15:08,  0.82it/s, v_num=2ob0]
Epoch 0:  59%|█████▉    | 1066/1812 [21:37<15:08,  0.82it/s, v_num=2ob0]
Epoch 0:  59%|█████▉    | 1067/1812 [21:38<15:06,  0.82it/s, v_num=2ob0]
Epoch 0:  59%|█████▉    | 1067/1812 [21:38<15:06,  0.82it/s, v_num=2ob0]
Epoch 0:  59%|█████▉    | 1068/1812 [21:38<15:04,  0.82it/s, v_num=2ob0]
Epoch 0:  59%|█████▉    | 1068/1812 [21:38<15:04,  0.82it/s, v_num=2ob0]
Epoch 0:  59%|█████▉    | 1069/1812 [21:39<15:03,  0.82it/s, v_num=2ob0]
Epoch 0:  59%|█████▉    | 1069/1812 [21:39<15:03,  0.82it/s, v_num=2ob0]
Epoch 0:  59%|█████▉    | 1070/1812 [21:39<15:01,  0.82it/s, v_num=2ob0]
Epoch 0:  59%|█████▉    | 1070/1812 [21:39<15:01,  0.82it/s, v_num=2ob0]
Epoch 0:  59%|█████▉    | 1071/1812 [21:40<14:59,  0.82it/s, v_num=2ob0]
Epoch 0:  59%|█████▉    | 1071/1812 [21:40<14:59,  0.82it/s, v_num=2ob0]
Epoch 0:  59%|█████▉    | 1072/1812 [21:41<14:58,  0.82it/s, v_num=2ob0]
Epoch 0:  59%|█████▉    | 1072/1812 [21:41<14:58,  0.82it/s, v_num=2ob0]
Epoch 0:  59%|█████▉    | 1073/1812 [21:41<14:56,  0.82it/s, v_num=2ob0]
Epoch 0:  59%|█████▉    | 1073/1812 [21:41<14:56,  0.82it/s, v_num=2ob0]
Epoch 0:  59%|█████▉    | 1074/1812 [21:42<14:54,  0.82it/s, v_num=2ob0]
Epoch 0:  59%|█████▉    | 1074/1812 [21:42<14:54,  0.82it/s, v_num=2ob0]
Epoch 0:  59%|█████▉    | 1075/1812 [21:42<14:53,  0.83it/s, v_num=2ob0]
Epoch 0:  59%|█████▉    | 1075/1812 [21:42<14:53,  0.83it/s, v_num=2ob0]
Epoch 0:  59%|█████▉    | 1076/1812 [21:43<14:51,  0.83it/s, v_num=2ob0]
Epoch 0:  59%|█████▉    | 1076/1812 [21:43<14:51,  0.83it/s, v_num=2ob0]
Epoch 0:  59%|█████▉    | 1077/1812 [21:44<14:49,  0.83it/s, v_num=2ob0]
Epoch 0:  59%|█████▉    | 1077/1812 [21:44<14:49,  0.83it/s, v_num=2ob0]
Epoch 0:  59%|█████▉    | 1078/1812 [22:19<15:11,  0.81it/s, v_num=2ob0]
Epoch 0:  59%|█████▉    | 1078/1812 [22:19<15:11,  0.81it/s, v_num=2ob0]
Epoch 0:  60%|█████▉    | 1079/1812 [22:19<15:10,  0.81it/s, v_num=2ob0]
Epoch 0:  60%|█████▉    | 1079/1812 [22:19<15:10,  0.81it/s, v_num=2ob0]
Epoch 0:  60%|█████▉    | 1080/1812 [22:20<15:08,  0.81it/s, v_num=2ob0]
Epoch 0:  60%|█████▉    | 1080/1812 [22:20<15:08,  0.81it/s, v_num=2ob0]
Epoch 0:  60%|█████▉    | 1081/1812 [22:20<15:06,  0.81it/s, v_num=2ob0]
Epoch 0:  60%|█████▉    | 1081/1812 [22:20<15:06,  0.81it/s, v_num=2ob0]
Epoch 0:  60%|█████▉    | 1082/1812 [22:21<15:04,  0.81it/s, v_num=2ob0]
Epoch 0:  60%|█████▉    | 1082/1812 [22:21<15:04,  0.81it/s, v_num=2ob0]
Epoch 0:  60%|█████▉    | 1083/1812 [22:21<15:03,  0.81it/s, v_num=2ob0]
Epoch 0:  60%|█████▉    | 1083/1812 [22:21<15:03,  0.81it/s, v_num=2ob0]
Epoch 0:  60%|█████▉    | 1084/1812 [22:22<15:01,  0.81it/s, v_num=2ob0]
Epoch 0:  60%|█████▉    | 1084/1812 [22:22<15:01,  0.81it/s, v_num=2ob0]
Epoch 0:  60%|█████▉    | 1085/1812 [22:23<14:59,  0.81it/s, v_num=2ob0]
Epoch 0:  60%|█████▉    | 1085/1812 [22:23<14:59,  0.81it/s, v_num=2ob0]
Epoch 0:  60%|█████▉    | 1086/1812 [22:23<14:58,  0.81it/s, v_num=2ob0]
Epoch 0:  60%|█████▉    | 1086/1812 [22:23<14:58,  0.81it/s, v_num=2ob0]
Epoch 0:  60%|█████▉    | 1087/1812 [22:24<14:56,  0.81it/s, v_num=2ob0]
Epoch 0:  60%|█████▉    | 1087/1812 [22:24<14:56,  0.81it/s, v_num=2ob0]
Epoch 0:  60%|██████    | 1088/1812 [22:24<14:54,  0.81it/s, v_num=2ob0]
Epoch 0:  60%|██████    | 1088/1812 [22:24<14:54,  0.81it/s, v_num=2ob0]
Epoch 0:  60%|██████    | 1089/1812 [22:25<14:53,  0.81it/s, v_num=2ob0]
Epoch 0:  60%|██████    | 1089/1812 [22:25<14:53,  0.81it/s, v_num=2ob0]
Epoch 0:  60%|██████    | 1090/1812 [22:26<14:51,  0.81it/s, v_num=2ob0]
Epoch 0:  60%|██████    | 1090/1812 [22:26<14:51,  0.81it/s, v_num=2ob0]
Epoch 0:  60%|██████    | 1091/1812 [22:26<14:49,  0.81it/s, v_num=2ob0]
Epoch 0:  60%|██████    | 1091/1812 [22:26<14:49,  0.81it/s, v_num=2ob0]
Epoch 0:  60%|██████    | 1092/1812 [22:27<14:48,  0.81it/s, v_num=2ob0]
Epoch 0:  60%|██████    | 1092/1812 [22:27<14:48,  0.81it/s, v_num=2ob0]
Epoch 0:  60%|██████    | 1093/1812 [22:27<14:46,  0.81it/s, v_num=2ob0]
Epoch 0:  60%|██████    | 1093/1812 [22:27<14:46,  0.81it/s, v_num=2ob0]
Epoch 0:  60%|██████    | 1094/1812 [22:28<14:45,  0.81it/s, v_num=2ob0]
Epoch 0:  60%|██████    | 1094/1812 [22:28<14:45,  0.81it/s, v_num=2ob0]
Epoch 0:  60%|██████    | 1095/1812 [22:29<14:43,  0.81it/s, v_num=2ob0]
Epoch 0:  60%|██████    | 1095/1812 [22:29<14:43,  0.81it/s, v_num=2ob0]
Epoch 0:  60%|██████    | 1096/1812 [22:29<14:41,  0.81it/s, v_num=2ob0]
Epoch 0:  60%|██████    | 1096/1812 [22:29<14:41,  0.81it/s, v_num=2ob0]
Epoch 0:  61%|██████    | 1097/1812 [22:30<14:40,  0.81it/s, v_num=2ob0]
Epoch 0:  61%|██████    | 1097/1812 [22:30<14:40,  0.81it/s, v_num=2ob0]
Epoch 0:  61%|██████    | 1098/1812 [22:30<14:38,  0.81it/s, v_num=2ob0]
Epoch 0:  61%|██████    | 1098/1812 [22:30<14:38,  0.81it/s, v_num=2ob0]
Epoch 0:  61%|██████    | 1099/1812 [22:31<14:36,  0.81it/s, v_num=2ob0]
Epoch 0:  61%|██████    | 1099/1812 [22:31<14:36,  0.81it/s, v_num=2ob0]
Epoch 0:  61%|██████    | 1100/1812 [22:32<14:35,  0.81it/s, v_num=2ob0]
Epoch 0:  61%|██████    | 1100/1812 [22:32<14:35,  0.81it/s, v_num=2ob0]
Epoch 0:  61%|██████    | 1101/1812 [22:32<14:33,  0.81it/s, v_num=2ob0]
Epoch 0:  61%|██████    | 1101/1812 [22:32<14:33,  0.81it/s, v_num=2ob0]
Epoch 0:  61%|██████    | 1102/1812 [22:33<14:31,  0.81it/s, v_num=2ob0]
Epoch 0:  61%|██████    | 1102/1812 [22:33<14:31,  0.81it/s, v_num=2ob0]
Epoch 0:  61%|██████    | 1103/1812 [22:33<14:30,  0.81it/s, v_num=2ob0]
Epoch 0:  61%|██████    | 1103/1812 [22:33<14:30,  0.81it/s, v_num=2ob0]
Epoch 0:  61%|██████    | 1104/1812 [22:34<14:28,  0.82it/s, v_num=2ob0]
Epoch 0:  61%|██████    | 1104/1812 [22:34<14:28,  0.82it/s, v_num=2ob0]
Epoch 0:  61%|██████    | 1105/1812 [22:34<14:26,  0.82it/s, v_num=2ob0]
Epoch 0:  61%|██████    | 1105/1812 [22:34<14:26,  0.82it/s, v_num=2ob0]
Epoch 0:  61%|██████    | 1106/1812 [22:35<14:25,  0.82it/s, v_num=2ob0]
Epoch 0:  61%|██████    | 1106/1812 [22:35<14:25,  0.82it/s, v_num=2ob0]
Epoch 0:  61%|██████    | 1107/1812 [22:36<14:23,  0.82it/s, v_num=2ob0]
Epoch 0:  61%|██████    | 1107/1812 [22:36<14:23,  0.82it/s, v_num=2ob0]
Epoch 0:  61%|██████    | 1108/1812 [22:36<14:22,  0.82it/s, v_num=2ob0]
Epoch 0:  61%|██████    | 1108/1812 [22:36<14:22,  0.82it/s, v_num=2ob0]
Epoch 0:  61%|██████    | 1109/1812 [22:37<14:20,  0.82it/s, v_num=2ob0]
Epoch 0:  61%|██████    | 1109/1812 [22:37<14:20,  0.82it/s, v_num=2ob0]
Epoch 0:  61%|██████▏   | 1110/1812 [22:37<14:18,  0.82it/s, v_num=2ob0]
Epoch 0:  61%|██████▏   | 1110/1812 [22:37<14:18,  0.82it/s, v_num=2ob0]
Epoch 0:  61%|██████▏   | 1111/1812 [22:38<14:17,  0.82it/s, v_num=2ob0]
Epoch 0:  61%|██████▏   | 1111/1812 [22:38<14:17,  0.82it/s, v_num=2ob0]
Epoch 0:  61%|██████▏   | 1112/1812 [22:39<14:15,  0.82it/s, v_num=2ob0]
Epoch 0:  61%|██████▏   | 1112/1812 [22:39<14:15,  0.82it/s, v_num=2ob0]
Epoch 0:  61%|██████▏   | 1113/1812 [22:39<14:13,  0.82it/s, v_num=2ob0]
Epoch 0:  61%|██████▏   | 1113/1812 [22:39<14:13,  0.82it/s, v_num=2ob0]
Epoch 0:  61%|██████▏   | 1114/1812 [22:40<14:12,  0.82it/s, v_num=2ob0]
Epoch 0:  61%|██████▏   | 1114/1812 [22:40<14:12,  0.82it/s, v_num=2ob0]
Epoch 0:  62%|██████▏   | 1115/1812 [22:40<14:10,  0.82it/s, v_num=2ob0]
Epoch 0:  62%|██████▏   | 1115/1812 [22:40<14:10,  0.82it/s, v_num=2ob0]
Epoch 0:  62%|██████▏   | 1116/1812 [22:41<14:09,  0.82it/s, v_num=2ob0]
Epoch 0:  62%|██████▏   | 1116/1812 [22:41<14:09,  0.82it/s, v_num=2ob0]
Epoch 0:  62%|██████▏   | 1117/1812 [22:42<14:07,  0.82it/s, v_num=2ob0]
Epoch 0:  62%|██████▏   | 1117/1812 [22:42<14:07,  0.82it/s, v_num=2ob0]
Epoch 0:  62%|██████▏   | 1118/1812 [22:42<14:05,  0.82it/s, v_num=2ob0]
Epoch 0:  62%|██████▏   | 1118/1812 [22:42<14:05,  0.82it/s, v_num=2ob0]
Epoch 0:  62%|██████▏   | 1119/1812 [22:43<14:04,  0.82it/s, v_num=2ob0]
Epoch 0:  62%|██████▏   | 1119/1812 [22:43<14:04,  0.82it/s, v_num=2ob0]
Epoch 0:  62%|██████▏   | 1120/1812 [22:43<14:02,  0.82it/s, v_num=2ob0]
Epoch 0:  62%|██████▏   | 1120/1812 [22:43<14:02,  0.82it/s, v_num=2ob0]
Epoch 0:  62%|██████▏   | 1121/1812 [22:44<14:01,  0.82it/s, v_num=2ob0]
Epoch 0:  62%|██████▏   | 1121/1812 [22:44<14:01,  0.82it/s, v_num=2ob0]
Epoch 0:  62%|██████▏   | 1122/1812 [22:45<13:59,  0.82it/s, v_num=2ob0]
Epoch 0:  62%|██████▏   | 1122/1812 [22:45<13:59,  0.82it/s, v_num=2ob0]
Epoch 0:  62%|██████▏   | 1123/1812 [22:45<13:57,  0.82it/s, v_num=2ob0]
Epoch 0:  62%|██████▏   | 1123/1812 [22:45<13:57,  0.82it/s, v_num=2ob0]
Epoch 0:  62%|██████▏   | 1124/1812 [22:46<13:56,  0.82it/s, v_num=2ob0]
Epoch 0:  62%|██████▏   | 1124/1812 [22:46<13:56,  0.82it/s, v_num=2ob0]
Epoch 0:  62%|██████▏   | 1125/1812 [22:46<13:54,  0.82it/s, v_num=2ob0]
Epoch 0:  62%|██████▏   | 1125/1812 [22:46<13:54,  0.82it/s, v_num=2ob0]
Epoch 0:  62%|██████▏   | 1126/1812 [23:18<14:12,  0.81it/s, v_num=2ob0]
Epoch 0:  62%|██████▏   | 1126/1812 [23:18<14:12,  0.81it/s, v_num=2ob0]
Epoch 0:  62%|██████▏   | 1127/1812 [23:19<14:10,  0.81it/s, v_num=2ob0]
Epoch 0:  62%|██████▏   | 1127/1812 [23:19<14:10,  0.81it/s, v_num=2ob0]
Epoch 0:  62%|██████▏   | 1128/1812 [23:19<14:08,  0.81it/s, v_num=2ob0]
Epoch 0:  62%|██████▏   | 1128/1812 [23:19<14:08,  0.81it/s, v_num=2ob0]
Epoch 0:  62%|██████▏   | 1129/1812 [23:20<14:07,  0.81it/s, v_num=2ob0]
Epoch 0:  62%|██████▏   | 1129/1812 [23:20<14:07,  0.81it/s, v_num=2ob0]
Epoch 0:  62%|██████▏   | 1130/1812 [23:21<14:05,  0.81it/s, v_num=2ob0]
Epoch 0:  62%|██████▏   | 1130/1812 [23:21<14:05,  0.81it/s, v_num=2ob0]
Epoch 0:  62%|██████▏   | 1131/1812 [23:21<14:03,  0.81it/s, v_num=2ob0]
Epoch 0:  62%|██████▏   | 1131/1812 [23:21<14:03,  0.81it/s, v_num=2ob0]
Epoch 0:  62%|██████▏   | 1132/1812 [23:22<14:02,  0.81it/s, v_num=2ob0]
Epoch 0:  62%|██████▏   | 1132/1812 [23:22<14:02,  0.81it/s, v_num=2ob0]
Epoch 0:  63%|██████▎   | 1133/1812 [23:22<14:00,  0.81it/s, v_num=2ob0]
Epoch 0:  63%|██████▎   | 1133/1812 [23:22<14:00,  0.81it/s, v_num=2ob0]
Epoch 0:  63%|██████▎   | 1134/1812 [23:23<13:59,  0.81it/s, v_num=2ob0]
Epoch 0:  63%|██████▎   | 1134/1812 [23:23<13:59,  0.81it/s, v_num=2ob0]
Epoch 0:  63%|██████▎   | 1135/1812 [23:24<13:57,  0.81it/s, v_num=2ob0]
Epoch 0:  63%|██████▎   | 1135/1812 [23:24<13:57,  0.81it/s, v_num=2ob0]
Epoch 0:  63%|██████▎   | 1136/1812 [23:24<13:55,  0.81it/s, v_num=2ob0]
Epoch 0:  63%|██████▎   | 1136/1812 [23:24<13:55,  0.81it/s, v_num=2ob0]
Epoch 0:  63%|██████▎   | 1137/1812 [23:25<13:54,  0.81it/s, v_num=2ob0]
Epoch 0:  63%|██████▎   | 1137/1812 [23:25<13:54,  0.81it/s, v_num=2ob0]
Epoch 0:  63%|██████▎   | 1138/1812 [23:25<13:52,  0.81it/s, v_num=2ob0]
Epoch 0:  63%|██████▎   | 1138/1812 [23:25<13:52,  0.81it/s, v_num=2ob0]
Epoch 0:  63%|██████▎   | 1139/1812 [23:26<13:50,  0.81it/s, v_num=2ob0]
Epoch 0:  63%|██████▎   | 1139/1812 [23:26<13:50,  0.81it/s, v_num=2ob0]
Epoch 0:  63%|██████▎   | 1140/1812 [23:26<13:49,  0.81it/s, v_num=2ob0]
Epoch 0:  63%|██████▎   | 1140/1812 [23:26<13:49,  0.81it/s, v_num=2ob0]
Epoch 0:  63%|██████▎   | 1141/1812 [23:27<13:47,  0.81it/s, v_num=2ob0]
Epoch 0:  63%|██████▎   | 1141/1812 [23:27<13:47,  0.81it/s, v_num=2ob0]
Epoch 0:  63%|██████▎   | 1142/1812 [23:28<13:46,  0.81it/s, v_num=2ob0]
Epoch 0:  63%|██████▎   | 1142/1812 [23:28<13:46,  0.81it/s, v_num=2ob0]
Epoch 0:  63%|██████▎   | 1143/1812 [23:28<13:44,  0.81it/s, v_num=2ob0]
Epoch 0:  63%|██████▎   | 1143/1812 [23:28<13:44,  0.81it/s, v_num=2ob0]
Epoch 0:  63%|██████▎   | 1144/1812 [23:29<13:42,  0.81it/s, v_num=2ob0]
Epoch 0:  63%|██████▎   | 1144/1812 [23:29<13:42,  0.81it/s, v_num=2ob0]
Epoch 0:  63%|██████▎   | 1145/1812 [23:29<13:41,  0.81it/s, v_num=2ob0]
Epoch 0:  63%|██████▎   | 1145/1812 [23:29<13:41,  0.81it/s, v_num=2ob0]
Epoch 0:  63%|██████▎   | 1146/1812 [23:30<13:39,  0.81it/s, v_num=2ob0]
Epoch 0:  63%|██████▎   | 1146/1812 [23:30<13:39,  0.81it/s, v_num=2ob0]
Epoch 0:  63%|██████▎   | 1147/1812 [23:31<13:38,  0.81it/s, v_num=2ob0]
Epoch 0:  63%|██████▎   | 1147/1812 [23:31<13:38,  0.81it/s, v_num=2ob0]
Epoch 0:  63%|██████▎   | 1148/1812 [23:31<13:36,  0.81it/s, v_num=2ob0]
Epoch 0:  63%|██████▎   | 1148/1812 [23:31<13:36,  0.81it/s, v_num=2ob0]
Epoch 0:  63%|██████▎   | 1149/1812 [23:32<13:34,  0.81it/s, v_num=2ob0]
Epoch 0:  63%|██████▎   | 1149/1812 [23:32<13:34,  0.81it/s, v_num=2ob0]
Epoch 0:  63%|██████▎   | 1150/1812 [23:32<13:33,  0.81it/s, v_num=2ob0]
Epoch 0:  63%|██████▎   | 1150/1812 [23:32<13:33,  0.81it/s, v_num=2ob0]
Epoch 0:  64%|██████▎   | 1151/1812 [23:33<13:31,  0.81it/s, v_num=2ob0]
Epoch 0:  64%|██████▎   | 1151/1812 [23:33<13:31,  0.81it/s, v_num=2ob0]
Epoch 0:  64%|██████▎   | 1152/1812 [23:34<13:30,  0.81it/s, v_num=2ob0]
Epoch 0:  64%|██████▎   | 1152/1812 [23:34<13:30,  0.81it/s, v_num=2ob0]
Epoch 0:  64%|██████▎   | 1153/1812 [23:34<13:28,  0.82it/s, v_num=2ob0]
Epoch 0:  64%|██████▎   | 1153/1812 [23:34<13:28,  0.82it/s, v_num=2ob0]
Epoch 0:  64%|██████▎   | 1154/1812 [23:35<13:26,  0.82it/s, v_num=2ob0]
Epoch 0:  64%|██████▎   | 1154/1812 [23:35<13:26,  0.82it/s, v_num=2ob0]
Epoch 0:  64%|██████▎   | 1155/1812 [23:35<13:25,  0.82it/s, v_num=2ob0]
Epoch 0:  64%|██████▎   | 1155/1812 [23:35<13:25,  0.82it/s, v_num=2ob0]
Epoch 0:  64%|██████▍   | 1156/1812 [23:36<13:23,  0.82it/s, v_num=2ob0]
Epoch 0:  64%|██████▍   | 1156/1812 [23:36<13:23,  0.82it/s, v_num=2ob0]
Epoch 0:  64%|██████▍   | 1157/1812 [23:37<13:22,  0.82it/s, v_num=2ob0]
Epoch 0:  64%|██████▍   | 1157/1812 [23:37<13:22,  0.82it/s, v_num=2ob0]
Epoch 0:  64%|██████▍   | 1158/1812 [23:37<13:20,  0.82it/s, v_num=2ob0]
Epoch 0:  64%|██████▍   | 1158/1812 [23:37<13:20,  0.82it/s, v_num=2ob0]
Epoch 0:  64%|██████▍   | 1159/1812 [23:38<13:19,  0.82it/s, v_num=2ob0]
Epoch 0:  64%|██████▍   | 1159/1812 [23:38<13:19,  0.82it/s, v_num=2ob0]
Epoch 0:  64%|██████▍   | 1160/1812 [23:38<13:17,  0.82it/s, v_num=2ob0]
Epoch 0:  64%|██████▍   | 1160/1812 [23:38<13:17,  0.82it/s, v_num=2ob0]
Epoch 0:  64%|██████▍   | 1161/1812 [23:39<13:15,  0.82it/s, v_num=2ob0]
Epoch 0:  64%|██████▍   | 1161/1812 [23:39<13:15,  0.82it/s, v_num=2ob0]
Epoch 0:  64%|██████▍   | 1162/1812 [23:39<13:14,  0.82it/s, v_num=2ob0]
Epoch 0:  64%|██████▍   | 1162/1812 [23:39<13:14,  0.82it/s, v_num=2ob0]
Epoch 0:  64%|██████▍   | 1163/1812 [23:40<13:12,  0.82it/s, v_num=2ob0]
Epoch 0:  64%|██████▍   | 1163/1812 [23:40<13:12,  0.82it/s, v_num=2ob0]
Epoch 0:  64%|██████▍   | 1164/1812 [23:41<13:11,  0.82it/s, v_num=2ob0]
Epoch 0:  64%|██████▍   | 1164/1812 [23:41<13:11,  0.82it/s, v_num=2ob0]
Epoch 0:  64%|██████▍   | 1165/1812 [23:41<13:09,  0.82it/s, v_num=2ob0]
Epoch 0:  64%|██████▍   | 1165/1812 [23:41<13:09,  0.82it/s, v_num=2ob0]
Epoch 0:  64%|██████▍   | 1166/1812 [23:42<13:08,  0.82it/s, v_num=2ob0]
Epoch 0:  64%|██████▍   | 1166/1812 [23:42<13:08,  0.82it/s, v_num=2ob0]
Epoch 0:  64%|██████▍   | 1167/1812 [23:42<13:06,  0.82it/s, v_num=2ob0]
Epoch 0:  64%|██████▍   | 1167/1812 [23:42<13:06,  0.82it/s, v_num=2ob0]
Epoch 0:  64%|██████▍   | 1168/1812 [23:43<13:04,  0.82it/s, v_num=2ob0]
Epoch 0:  64%|██████▍   | 1168/1812 [23:43<13:04,  0.82it/s, v_num=2ob0]
Epoch 0:  65%|██████▍   | 1169/1812 [23:44<13:03,  0.82it/s, v_num=2ob0]
Epoch 0:  65%|██████▍   | 1169/1812 [23:44<13:03,  0.82it/s, v_num=2ob0]
Epoch 0:  65%|██████▍   | 1170/1812 [23:44<13:01,  0.82it/s, v_num=2ob0]
Epoch 0:  65%|██████▍   | 1170/1812 [23:44<13:01,  0.82it/s, v_num=2ob0]
Epoch 0:  65%|██████▍   | 1171/1812 [24:11<13:14,  0.81it/s, v_num=2ob0]
Epoch 0:  65%|██████▍   | 1171/1812 [24:11<13:14,  0.81it/s, v_num=2ob0]
Epoch 0:  65%|██████▍   | 1172/1812 [24:11<13:12,  0.81it/s, v_num=2ob0]
Epoch 0:  65%|██████▍   | 1172/1812 [24:11<13:12,  0.81it/s, v_num=2ob0]
Epoch 0:  65%|██████▍   | 1173/1812 [24:12<13:11,  0.81it/s, v_num=2ob0]
Epoch 0:  65%|██████▍   | 1173/1812 [24:12<13:11,  0.81it/s, v_num=2ob0]
Epoch 0:  65%|██████▍   | 1174/1812 [24:13<13:09,  0.81it/s, v_num=2ob0]
Epoch 0:  65%|██████▍   | 1174/1812 [24:13<13:09,  0.81it/s, v_num=2ob0]
Epoch 0:  65%|██████▍   | 1175/1812 [24:13<13:08,  0.81it/s, v_num=2ob0]
Epoch 0:  65%|██████▍   | 1175/1812 [24:13<13:08,  0.81it/s, v_num=2ob0]
Epoch 0:  65%|██████▍   | 1176/1812 [24:14<13:06,  0.81it/s, v_num=2ob0]
Epoch 0:  65%|██████▍   | 1176/1812 [24:14<13:06,  0.81it/s, v_num=2ob0]
Epoch 0:  65%|██████▍   | 1177/1812 [24:14<13:04,  0.81it/s, v_num=2ob0]
Epoch 0:  65%|██████▍   | 1177/1812 [24:14<13:04,  0.81it/s, v_num=2ob0]
Epoch 0:  65%|██████▌   | 1178/1812 [24:15<13:03,  0.81it/s, v_num=2ob0]
Epoch 0:  65%|██████▌   | 1178/1812 [24:15<13:03,  0.81it/s, v_num=2ob0]
Epoch 0:  65%|██████▌   | 1179/1812 [24:16<13:01,  0.81it/s, v_num=2ob0]
Epoch 0:  65%|██████▌   | 1179/1812 [24:16<13:01,  0.81it/s, v_num=2ob0]
Epoch 0:  65%|██████▌   | 1180/1812 [24:16<13:00,  0.81it/s, v_num=2ob0]
Epoch 0:  65%|██████▌   | 1180/1812 [24:16<13:00,  0.81it/s, v_num=2ob0]
Epoch 0:  65%|██████▌   | 1181/1812 [24:17<12:58,  0.81it/s, v_num=2ob0]
Epoch 0:  65%|██████▌   | 1181/1812 [24:17<12:58,  0.81it/s, v_num=2ob0]
Epoch 0:  65%|██████▌   | 1182/1812 [24:17<12:56,  0.81it/s, v_num=2ob0]
Epoch 0:  65%|██████▌   | 1182/1812 [24:17<12:56,  0.81it/s, v_num=2ob0]
Epoch 0:  65%|██████▌   | 1183/1812 [24:18<12:55,  0.81it/s, v_num=2ob0]
Epoch 0:  65%|██████▌   | 1183/1812 [24:18<12:55,  0.81it/s, v_num=2ob0]
Epoch 0:  65%|██████▌   | 1184/1812 [24:18<12:53,  0.81it/s, v_num=2ob0]
Epoch 0:  65%|██████▌   | 1184/1812 [24:18<12:53,  0.81it/s, v_num=2ob0]
Epoch 0:  65%|██████▌   | 1185/1812 [24:19<12:52,  0.81it/s, v_num=2ob0]
Epoch 0:  65%|██████▌   | 1185/1812 [24:19<12:52,  0.81it/s, v_num=2ob0]
Epoch 0:  65%|██████▌   | 1186/1812 [24:20<12:50,  0.81it/s, v_num=2ob0]
Epoch 0:  65%|██████▌   | 1186/1812 [24:20<12:50,  0.81it/s, v_num=2ob0]
Epoch 0:  66%|██████▌   | 1187/1812 [24:20<12:49,  0.81it/s, v_num=2ob0]
Epoch 0:  66%|██████▌   | 1187/1812 [24:20<12:49,  0.81it/s, v_num=2ob0]
Epoch 0:  66%|██████▌   | 1188/1812 [24:21<12:47,  0.81it/s, v_num=2ob0]
Epoch 0:  66%|██████▌   | 1188/1812 [24:21<12:47,  0.81it/s, v_num=2ob0]
Epoch 0:  66%|██████▌   | 1189/1812 [24:21<12:46,  0.81it/s, v_num=2ob0]
Epoch 0:  66%|██████▌   | 1189/1812 [24:21<12:46,  0.81it/s, v_num=2ob0]
Epoch 0:  66%|██████▌   | 1190/1812 [24:22<12:44,  0.81it/s, v_num=2ob0]
Epoch 0:  66%|██████▌   | 1190/1812 [24:22<12:44,  0.81it/s, v_num=2ob0]
Epoch 0:  66%|██████▌   | 1191/1812 [24:23<12:42,  0.81it/s, v_num=2ob0]
Epoch 0:  66%|██████▌   | 1191/1812 [24:23<12:42,  0.81it/s, v_num=2ob0]
Epoch 0:  66%|██████▌   | 1192/1812 [24:23<12:41,  0.81it/s, v_num=2ob0]
Epoch 0:  66%|██████▌   | 1192/1812 [24:23<12:41,  0.81it/s, v_num=2ob0]
Epoch 0:  66%|██████▌   | 1193/1812 [24:24<12:39,  0.81it/s, v_num=2ob0]
Epoch 0:  66%|██████▌   | 1193/1812 [24:24<12:39,  0.81it/s, v_num=2ob0]
Epoch 0:  66%|██████▌   | 1194/1812 [24:24<12:38,  0.82it/s, v_num=2ob0]
Epoch 0:  66%|██████▌   | 1194/1812 [24:24<12:38,  0.82it/s, v_num=2ob0]
Epoch 0:  66%|██████▌   | 1195/1812 [24:25<12:36,  0.82it/s, v_num=2ob0]
Epoch 0:  66%|██████▌   | 1195/1812 [24:25<12:36,  0.82it/s, v_num=2ob0]
Epoch 0:  66%|██████▌   | 1196/1812 [24:26<12:35,  0.82it/s, v_num=2ob0]
Epoch 0:  66%|██████▌   | 1196/1812 [24:26<12:35,  0.82it/s, v_num=2ob0]
Epoch 0:  66%|██████▌   | 1197/1812 [24:26<12:33,  0.82it/s, v_num=2ob0]
Epoch 0:  66%|██████▌   | 1197/1812 [24:26<12:33,  0.82it/s, v_num=2ob0]
Epoch 0:  66%|██████▌   | 1198/1812 [24:27<12:32,  0.82it/s, v_num=2ob0]
Epoch 0:  66%|██████▌   | 1198/1812 [24:27<12:32,  0.82it/s, v_num=2ob0]
Epoch 0:  66%|██████▌   | 1199/1812 [24:27<12:30,  0.82it/s, v_num=2ob0]
Epoch 0:  66%|██████▌   | 1199/1812 [24:27<12:30,  0.82it/s, v_num=2ob0]
Epoch 0:  66%|██████▌   | 1200/1812 [24:28<12:28,  0.82it/s, v_num=2ob0]
Epoch 0:  66%|██████▌   | 1200/1812 [24:28<12:28,  0.82it/s, v_num=2ob0]
Epoch 0:  66%|██████▋   | 1201/1812 [24:29<12:27,  0.82it/s, v_num=2ob0]
Epoch 0:  66%|██████▋   | 1201/1812 [24:29<12:27,  0.82it/s, v_num=2ob0]
Epoch 0:  66%|██████▋   | 1202/1812 [24:29<12:25,  0.82it/s, v_num=2ob0]
Epoch 0:  66%|██████▋   | 1202/1812 [24:29<12:25,  0.82it/s, v_num=2ob0]
Epoch 0:  66%|██████▋   | 1203/1812 [24:30<12:24,  0.82it/s, v_num=2ob0]
Epoch 0:  66%|██████▋   | 1203/1812 [24:30<12:24,  0.82it/s, v_num=2ob0]
Epoch 0:  66%|██████▋   | 1204/1812 [24:30<12:22,  0.82it/s, v_num=2ob0]
Epoch 0:  66%|██████▋   | 1204/1812 [24:30<12:22,  0.82it/s, v_num=2ob0]
Epoch 0:  67%|██████▋   | 1205/1812 [24:31<12:21,  0.82it/s, v_num=2ob0]
Epoch 0:  67%|██████▋   | 1205/1812 [24:31<12:21,  0.82it/s, v_num=2ob0]
Epoch 0:  67%|██████▋   | 1206/1812 [24:31<12:19,  0.82it/s, v_num=2ob0]
Epoch 0:  67%|██████▋   | 1206/1812 [24:31<12:19,  0.82it/s, v_num=2ob0]
Epoch 0:  67%|██████▋   | 1207/1812 [24:32<12:18,  0.82it/s, v_num=2ob0]
Epoch 0:  67%|██████▋   | 1207/1812 [24:32<12:18,  0.82it/s, v_num=2ob0]
Epoch 0:  67%|██████▋   | 1208/1812 [24:33<12:16,  0.82it/s, v_num=2ob0]
Epoch 0:  67%|██████▋   | 1208/1812 [24:33<12:16,  0.82it/s, v_num=2ob0]
Epoch 0:  67%|██████▋   | 1209/1812 [24:33<12:15,  0.82it/s, v_num=2ob0]
Epoch 0:  67%|██████▋   | 1209/1812 [24:33<12:15,  0.82it/s, v_num=2ob0]
Epoch 0:  67%|██████▋   | 1210/1812 [24:34<12:13,  0.82it/s, v_num=2ob0]
Epoch 0:  67%|██████▋   | 1210/1812 [24:34<12:13,  0.82it/s, v_num=2ob0]
Epoch 0:  67%|██████▋   | 1211/1812 [24:34<12:11,  0.82it/s, v_num=2ob0]
Epoch 0:  67%|██████▋   | 1211/1812 [24:34<12:11,  0.82it/s, v_num=2ob0]
Epoch 0:  67%|██████▋   | 1212/1812 [24:35<12:10,  0.82it/s, v_num=2ob0]
Epoch 0:  67%|██████▋   | 1212/1812 [24:35<12:10,  0.82it/s, v_num=2ob0]
Epoch 0:  67%|██████▋   | 1213/1812 [24:36<12:08,  0.82it/s, v_num=2ob0]
Epoch 0:  67%|██████▋   | 1213/1812 [24:36<12:08,  0.82it/s, v_num=2ob0]
Epoch 0:  67%|██████▋   | 1214/1812 [24:36<12:07,  0.82it/s, v_num=2ob0]
Epoch 0:  67%|██████▋   | 1214/1812 [24:36<12:07,  0.82it/s, v_num=2ob0]
Epoch 0:  67%|██████▋   | 1215/1812 [24:37<12:05,  0.82it/s, v_num=2ob0]
Epoch 0:  67%|██████▋   | 1215/1812 [24:37<12:05,  0.82it/s, v_num=2ob0]
Epoch 0:  67%|██████▋   | 1216/1812 [24:37<12:04,  0.82it/s, v_num=2ob0]
Epoch 0:  67%|██████▋   | 1216/1812 [24:37<12:04,  0.82it/s, v_num=2ob0]
Epoch 0:  67%|██████▋   | 1217/1812 [24:38<12:02,  0.82it/s, v_num=2ob0]
Epoch 0:  67%|██████▋   | 1217/1812 [24:38<12:02,  0.82it/s, v_num=2ob0]
Epoch 0:  67%|██████▋   | 1218/1812 [24:39<12:01,  0.82it/s, v_num=2ob0]
Epoch 0:  67%|██████▋   | 1218/1812 [24:39<12:01,  0.82it/s, v_num=2ob0]
Epoch 0:  67%|██████▋   | 1219/1812 [25:00<12:09,  0.81it/s, v_num=2ob0]
Epoch 0:  67%|██████▋   | 1219/1812 [25:00<12:09,  0.81it/s, v_num=2ob0]
Epoch 0:  67%|██████▋   | 1220/1812 [25:00<12:08,  0.81it/s, v_num=2ob0]
Epoch 0:  67%|██████▋   | 1220/1812 [25:00<12:08,  0.81it/s, v_num=2ob0]
Epoch 0:  67%|██████▋   | 1221/1812 [25:01<12:06,  0.81it/s, v_num=2ob0]
Epoch 0:  67%|██████▋   | 1221/1812 [25:01<12:06,  0.81it/s, v_num=2ob0]
Epoch 0:  67%|██████▋   | 1222/1812 [25:02<12:05,  0.81it/s, v_num=2ob0]
Epoch 0:  67%|██████▋   | 1222/1812 [25:02<12:05,  0.81it/s, v_num=2ob0]
Epoch 0:  67%|██████▋   | 1223/1812 [25:02<12:03,  0.81it/s, v_num=2ob0]
Epoch 0:  67%|██████▋   | 1223/1812 [25:02<12:03,  0.81it/s, v_num=2ob0]
Epoch 0:  68%|██████▊   | 1224/1812 [25:03<12:02,  0.81it/s, v_num=2ob0]
Epoch 0:  68%|██████▊   | 1224/1812 [25:03<12:02,  0.81it/s, v_num=2ob0]
Epoch 0:  68%|██████▊   | 1225/1812 [25:03<12:00,  0.81it/s, v_num=2ob0]
Epoch 0:  68%|██████▊   | 1225/1812 [25:03<12:00,  0.81it/s, v_num=2ob0]
Epoch 0:  68%|██████▊   | 1226/1812 [25:04<11:59,  0.81it/s, v_num=2ob0]
Epoch 0:  68%|██████▊   | 1226/1812 [25:04<11:59,  0.81it/s, v_num=2ob0]
Epoch 0:  68%|██████▊   | 1227/1812 [25:05<11:57,  0.82it/s, v_num=2ob0]
Epoch 0:  68%|██████▊   | 1227/1812 [25:05<11:57,  0.82it/s, v_num=2ob0]
Epoch 0:  68%|██████▊   | 1228/1812 [25:05<11:56,  0.82it/s, v_num=2ob0]
Epoch 0:  68%|██████▊   | 1228/1812 [25:05<11:56,  0.82it/s, v_num=2ob0]
Epoch 0:  68%|██████▊   | 1229/1812 [25:06<11:54,  0.82it/s, v_num=2ob0]
Epoch 0:  68%|██████▊   | 1229/1812 [25:06<11:54,  0.82it/s, v_num=2ob0]
Epoch 0:  68%|██████▊   | 1230/1812 [25:06<11:52,  0.82it/s, v_num=2ob0]
Epoch 0:  68%|██████▊   | 1230/1812 [25:06<11:52,  0.82it/s, v_num=2ob0]
Epoch 0:  68%|██████▊   | 1231/1812 [25:07<11:51,  0.82it/s, v_num=2ob0]
Epoch 0:  68%|██████▊   | 1231/1812 [25:07<11:51,  0.82it/s, v_num=2ob0]
Epoch 0:  68%|██████▊   | 1232/1812 [25:08<11:49,  0.82it/s, v_num=2ob0]
Epoch 0:  68%|██████▊   | 1232/1812 [25:08<11:49,  0.82it/s, v_num=2ob0]
Epoch 0:  68%|██████▊   | 1233/1812 [25:08<11:48,  0.82it/s, v_num=2ob0]
Epoch 0:  68%|██████▊   | 1233/1812 [25:08<11:48,  0.82it/s, v_num=2ob0]
Epoch 0:  68%|██████▊   | 1234/1812 [25:09<11:46,  0.82it/s, v_num=2ob0]
Epoch 0:  68%|██████▊   | 1234/1812 [25:09<11:46,  0.82it/s, v_num=2ob0]
Epoch 0:  68%|██████▊   | 1235/1812 [25:09<11:45,  0.82it/s, v_num=2ob0]
Epoch 0:  68%|██████▊   | 1235/1812 [25:09<11:45,  0.82it/s, v_num=2ob0]
Epoch 0:  68%|██████▊   | 1236/1812 [25:10<11:43,  0.82it/s, v_num=2ob0]
Epoch 0:  68%|██████▊   | 1236/1812 [25:10<11:43,  0.82it/s, v_num=2ob0]
Epoch 0:  68%|██████▊   | 1237/1812 [25:10<11:42,  0.82it/s, v_num=2ob0]
Epoch 0:  68%|██████▊   | 1237/1812 [25:10<11:42,  0.82it/s, v_num=2ob0]
Epoch 0:  68%|██████▊   | 1238/1812 [25:11<11:40,  0.82it/s, v_num=2ob0]
Epoch 0:  68%|██████▊   | 1238/1812 [25:11<11:40,  0.82it/s, v_num=2ob0]
Epoch 0:  68%|██████▊   | 1239/1812 [25:12<11:39,  0.82it/s, v_num=2ob0]
Epoch 0:  68%|██████▊   | 1239/1812 [25:12<11:39,  0.82it/s, v_num=2ob0]
Epoch 0:  68%|██████▊   | 1240/1812 [25:12<11:37,  0.82it/s, v_num=2ob0]
Epoch 0:  68%|██████▊   | 1240/1812 [25:12<11:37,  0.82it/s, v_num=2ob0]
Epoch 0:  68%|██████▊   | 1241/1812 [25:13<11:36,  0.82it/s, v_num=2ob0]
Epoch 0:  68%|██████▊   | 1241/1812 [25:13<11:36,  0.82it/s, v_num=2ob0]
Epoch 0:  69%|██████▊   | 1242/1812 [25:13<11:34,  0.82it/s, v_num=2ob0]
Epoch 0:  69%|██████▊   | 1242/1812 [25:13<11:34,  0.82it/s, v_num=2ob0]
Epoch 0:  69%|██████▊   | 1243/1812 [25:14<11:33,  0.82it/s, v_num=2ob0]
Epoch 0:  69%|██████▊   | 1243/1812 [25:14<11:33,  0.82it/s, v_num=2ob0]
Epoch 0:  69%|██████▊   | 1244/1812 [25:15<11:31,  0.82it/s, v_num=2ob0]
Epoch 0:  69%|██████▊   | 1244/1812 [25:15<11:31,  0.82it/s, v_num=2ob0]
Epoch 0:  69%|██████▊   | 1245/1812 [25:15<11:30,  0.82it/s, v_num=2ob0]
Epoch 0:  69%|██████▊   | 1245/1812 [25:15<11:30,  0.82it/s, v_num=2ob0]
Epoch 0:  69%|██████▉   | 1246/1812 [25:16<11:28,  0.82it/s, v_num=2ob0]
Epoch 0:  69%|██████▉   | 1246/1812 [25:16<11:28,  0.82it/s, v_num=2ob0]
Epoch 0:  69%|██████▉   | 1247/1812 [25:16<11:27,  0.82it/s, v_num=2ob0]
Epoch 0:  69%|██████▉   | 1247/1812 [25:16<11:27,  0.82it/s, v_num=2ob0]
Epoch 0:  69%|██████▉   | 1248/1812 [25:17<11:25,  0.82it/s, v_num=2ob0]
Epoch 0:  69%|██████▉   | 1248/1812 [25:17<11:25,  0.82it/s, v_num=2ob0]
Epoch 0:  69%|██████▉   | 1249/1812 [25:18<11:24,  0.82it/s, v_num=2ob0]
Epoch 0:  69%|██████▉   | 1249/1812 [25:18<11:24,  0.82it/s, v_num=2ob0]
Epoch 0:  69%|██████▉   | 1250/1812 [25:18<11:22,  0.82it/s, v_num=2ob0]
Epoch 0:  69%|██████▉   | 1250/1812 [25:18<11:22,  0.82it/s, v_num=2ob0]
Epoch 0:  69%|██████▉   | 1251/1812 [25:19<11:21,  0.82it/s, v_num=2ob0]
Epoch 0:  69%|██████▉   | 1251/1812 [25:19<11:21,  0.82it/s, v_num=2ob0]
Epoch 0:  69%|██████▉   | 1252/1812 [25:19<11:19,  0.82it/s, v_num=2ob0]
Epoch 0:  69%|██████▉   | 1252/1812 [25:19<11:19,  0.82it/s, v_num=2ob0]
Epoch 0:  69%|██████▉   | 1253/1812 [25:20<11:18,  0.82it/s, v_num=2ob0]
Epoch 0:  69%|██████▉   | 1253/1812 [25:20<11:18,  0.82it/s, v_num=2ob0]
Epoch 0:  69%|██████▉   | 1254/1812 [25:21<11:16,  0.82it/s, v_num=2ob0]
Epoch 0:  69%|██████▉   | 1254/1812 [25:21<11:16,  0.82it/s, v_num=2ob0]
Epoch 0:  69%|██████▉   | 1255/1812 [25:21<11:15,  0.82it/s, v_num=2ob0]
Epoch 0:  69%|██████▉   | 1255/1812 [25:21<11:15,  0.82it/s, v_num=2ob0]
Epoch 0:  69%|██████▉   | 1256/1812 [25:22<11:13,  0.83it/s, v_num=2ob0]
Epoch 0:  69%|██████▉   | 1256/1812 [25:22<11:13,  0.83it/s, v_num=2ob0]
Epoch 0:  69%|██████▉   | 1257/1812 [25:22<11:12,  0.83it/s, v_num=2ob0]
Epoch 0:  69%|██████▉   | 1257/1812 [25:22<11:12,  0.83it/s, v_num=2ob0]
Epoch 0:  69%|██████▉   | 1258/1812 [25:23<11:10,  0.83it/s, v_num=2ob0]
Epoch 0:  69%|██████▉   | 1258/1812 [25:23<11:10,  0.83it/s, v_num=2ob0]
Epoch 0:  69%|██████▉   | 1259/1812 [25:23<11:09,  0.83it/s, v_num=2ob0]
Epoch 0:  69%|██████▉   | 1259/1812 [25:23<11:09,  0.83it/s, v_num=2ob0]
Epoch 0:  70%|██████▉   | 1260/1812 [25:24<11:07,  0.83it/s, v_num=2ob0]
Epoch 0:  70%|██████▉   | 1260/1812 [25:24<11:07,  0.83it/s, v_num=2ob0]
Epoch 0:  70%|██████▉   | 1261/1812 [25:25<11:06,  0.83it/s, v_num=2ob0]
Epoch 0:  70%|██████▉   | 1261/1812 [25:25<11:06,  0.83it/s, v_num=2ob0]
Epoch 0:  70%|██████▉   | 1262/1812 [25:25<11:04,  0.83it/s, v_num=2ob0]
Epoch 0:  70%|██████▉   | 1262/1812 [25:25<11:04,  0.83it/s, v_num=2ob0]
Epoch 0:  70%|██████▉   | 1263/1812 [25:26<11:03,  0.83it/s, v_num=2ob0]
Epoch 0:  70%|██████▉   | 1263/1812 [25:26<11:03,  0.83it/s, v_num=2ob0]
Epoch 0:  70%|██████▉   | 1264/1812 [25:37<11:06,  0.82it/s, v_num=2ob0]
Epoch 0:  70%|██████▉   | 1264/1812 [25:37<11:06,  0.82it/s, v_num=2ob0]
Epoch 0:  70%|██████▉   | 1265/1812 [25:38<11:05,  0.82it/s, v_num=2ob0]
Epoch 0:  70%|██████▉   | 1265/1812 [25:38<11:05,  0.82it/s, v_num=2ob0]
Epoch 0:  70%|██████▉   | 1266/1812 [25:39<11:03,  0.82it/s, v_num=2ob0]
Epoch 0:  70%|██████▉   | 1266/1812 [25:39<11:03,  0.82it/s, v_num=2ob0]
Epoch 0:  70%|██████▉   | 1267/1812 [25:39<11:02,  0.82it/s, v_num=2ob0]
Epoch 0:  70%|██████▉   | 1267/1812 [25:39<11:02,  0.82it/s, v_num=2ob0]
Epoch 0:  70%|██████▉   | 1268/1812 [25:40<11:00,  0.82it/s, v_num=2ob0]
Epoch 0:  70%|██████▉   | 1268/1812 [25:40<11:00,  0.82it/s, v_num=2ob0]
Epoch 0:  70%|███████   | 1269/1812 [25:40<10:59,  0.82it/s, v_num=2ob0]
Epoch 0:  70%|███████   | 1269/1812 [25:40<10:59,  0.82it/s, v_num=2ob0]
Epoch 0:  70%|███████   | 1270/1812 [25:41<10:57,  0.82it/s, v_num=2ob0]
Epoch 0:  70%|███████   | 1270/1812 [25:41<10:57,  0.82it/s, v_num=2ob0]
Epoch 0:  70%|███████   | 1271/1812 [25:42<10:56,  0.82it/s, v_num=2ob0]
Epoch 0:  70%|███████   | 1271/1812 [25:42<10:56,  0.82it/s, v_num=2ob0]
Epoch 0:  70%|███████   | 1272/1812 [25:42<10:54,  0.82it/s, v_num=2ob0]
Epoch 0:  70%|███████   | 1272/1812 [25:42<10:54,  0.82it/s, v_num=2ob0]
Epoch 0:  70%|███████   | 1273/1812 [25:43<10:53,  0.82it/s, v_num=2ob0]
Epoch 0:  70%|███████   | 1273/1812 [25:43<10:53,  0.82it/s, v_num=2ob0]
Epoch 0:  70%|███████   | 1274/1812 [25:43<10:51,  0.83it/s, v_num=2ob0]
Epoch 0:  70%|███████   | 1274/1812 [25:43<10:51,  0.83it/s, v_num=2ob0]
Epoch 0:  70%|███████   | 1275/1812 [25:44<10:50,  0.83it/s, v_num=2ob0]
Epoch 0:  70%|███████   | 1275/1812 [25:44<10:50,  0.83it/s, v_num=2ob0]
Epoch 0:  70%|███████   | 1276/1812 [25:45<10:49,  0.83it/s, v_num=2ob0]
Epoch 0:  70%|███████   | 1276/1812 [25:45<10:49,  0.83it/s, v_num=2ob0]
Epoch 0:  70%|███████   | 1277/1812 [25:45<10:47,  0.83it/s, v_num=2ob0]
Epoch 0:  70%|███████   | 1277/1812 [25:45<10:47,  0.83it/s, v_num=2ob0]
Epoch 0:  71%|███████   | 1278/1812 [25:46<10:46,  0.83it/s, v_num=2ob0]
Epoch 0:  71%|███████   | 1278/1812 [25:46<10:46,  0.83it/s, v_num=2ob0]
Epoch 0:  71%|███████   | 1279/1812 [25:46<10:44,  0.83it/s, v_num=2ob0]
Epoch 0:  71%|███████   | 1279/1812 [25:46<10:44,  0.83it/s, v_num=2ob0]
Epoch 0:  71%|███████   | 1280/1812 [25:47<10:43,  0.83it/s, v_num=2ob0]
Epoch 0:  71%|███████   | 1280/1812 [25:47<10:43,  0.83it/s, v_num=2ob0]
Epoch 0:  71%|███████   | 1281/1812 [25:48<10:41,  0.83it/s, v_num=2ob0]
Epoch 0:  71%|███████   | 1281/1812 [25:48<10:41,  0.83it/s, v_num=2ob0]
Epoch 0:  71%|███████   | 1282/1812 [25:48<10:40,  0.83it/s, v_num=2ob0]
Epoch 0:  71%|███████   | 1282/1812 [25:48<10:40,  0.83it/s, v_num=2ob0]
Epoch 0:  71%|███████   | 1283/1812 [25:49<10:38,  0.83it/s, v_num=2ob0]
Epoch 0:  71%|███████   | 1283/1812 [25:49<10:38,  0.83it/s, v_num=2ob0]
Epoch 0:  71%|███████   | 1284/1812 [25:49<10:37,  0.83it/s, v_num=2ob0]
Epoch 0:  71%|███████   | 1284/1812 [25:49<10:37,  0.83it/s, v_num=2ob0]
Epoch 0:  71%|███████   | 1285/1812 [25:50<10:35,  0.83it/s, v_num=2ob0]
Epoch 0:  71%|███████   | 1285/1812 [25:50<10:35,  0.83it/s, v_num=2ob0]
Epoch 0:  71%|███████   | 1286/1812 [25:50<10:34,  0.83it/s, v_num=2ob0]
Epoch 0:  71%|███████   | 1286/1812 [25:50<10:34,  0.83it/s, v_num=2ob0]
Epoch 0:  71%|███████   | 1287/1812 [25:51<10:32,  0.83it/s, v_num=2ob0]
Epoch 0:  71%|███████   | 1287/1812 [25:51<10:32,  0.83it/s, v_num=2ob0]
Epoch 0:  71%|███████   | 1288/1812 [25:52<10:31,  0.83it/s, v_num=2ob0]
Epoch 0:  71%|███████   | 1288/1812 [25:52<10:31,  0.83it/s, v_num=2ob0]
Epoch 0:  71%|███████   | 1289/1812 [25:52<10:30,  0.83it/s, v_num=2ob0]
Epoch 0:  71%|███████   | 1289/1812 [25:52<10:30,  0.83it/s, v_num=2ob0]
Epoch 0:  71%|███████   | 1290/1812 [25:53<10:28,  0.83it/s, v_num=2ob0]
Epoch 0:  71%|███████   | 1290/1812 [25:53<10:28,  0.83it/s, v_num=2ob0]
Epoch 0:  71%|███████   | 1291/1812 [25:53<10:27,  0.83it/s, v_num=2ob0]
Epoch 0:  71%|███████   | 1291/1812 [25:53<10:27,  0.83it/s, v_num=2ob0]
Epoch 0:  71%|███████▏  | 1292/1812 [25:54<10:25,  0.83it/s, v_num=2ob0]
Epoch 0:  71%|███████▏  | 1292/1812 [25:54<10:25,  0.83it/s, v_num=2ob0]
Epoch 0:  71%|███████▏  | 1293/1812 [25:55<10:24,  0.83it/s, v_num=2ob0]
Epoch 0:  71%|███████▏  | 1293/1812 [25:55<10:24,  0.83it/s, v_num=2ob0]
Epoch 0:  71%|███████▏  | 1294/1812 [25:55<10:22,  0.83it/s, v_num=2ob0]
Epoch 0:  71%|███████▏  | 1294/1812 [25:55<10:22,  0.83it/s, v_num=2ob0]
Epoch 0:  71%|███████▏  | 1295/1812 [25:56<10:21,  0.83it/s, v_num=2ob0]
Epoch 0:  71%|███████▏  | 1295/1812 [25:56<10:21,  0.83it/s, v_num=2ob0]
Epoch 0:  72%|███████▏  | 1296/1812 [25:56<10:19,  0.83it/s, v_num=2ob0]
Epoch 0:  72%|███████▏  | 1296/1812 [25:56<10:19,  0.83it/s, v_num=2ob0]
Epoch 0:  72%|███████▏  | 1297/1812 [25:57<10:18,  0.83it/s, v_num=2ob0]
Epoch 0:  72%|███████▏  | 1297/1812 [25:57<10:18,  0.83it/s, v_num=2ob0]
Epoch 0:  72%|███████▏  | 1298/1812 [25:58<10:16,  0.83it/s, v_num=2ob0]
Epoch 0:  72%|███████▏  | 1298/1812 [25:58<10:16,  0.83it/s, v_num=2ob0]
Epoch 0:  72%|███████▏  | 1299/1812 [25:58<10:15,  0.83it/s, v_num=2ob0]
Epoch 0:  72%|███████▏  | 1299/1812 [25:58<10:15,  0.83it/s, v_num=2ob0]
Epoch 0:  72%|███████▏  | 1300/1812 [25:59<10:14,  0.83it/s, v_num=2ob0]
Epoch 0:  72%|███████▏  | 1300/1812 [25:59<10:14,  0.83it/s, v_num=2ob0]
Epoch 0:  72%|███████▏  | 1301/1812 [25:59<10:12,  0.83it/s, v_num=2ob0]
Epoch 0:  72%|███████▏  | 1301/1812 [25:59<10:12,  0.83it/s, v_num=2ob0]
Epoch 0:  72%|███████▏  | 1302/1812 [26:00<10:11,  0.83it/s, v_num=2ob0]
Epoch 0:  72%|███████▏  | 1302/1812 [26:00<10:11,  0.83it/s, v_num=2ob0]
Epoch 0:  72%|███████▏  | 1303/1812 [26:00<10:09,  0.83it/s, v_num=2ob0]
Epoch 0:  72%|███████▏  | 1303/1812 [26:00<10:09,  0.83it/s, v_num=2ob0]
Epoch 0:  72%|███████▏  | 1304/1812 [26:01<10:08,  0.84it/s, v_num=2ob0]
Epoch 0:  72%|███████▏  | 1304/1812 [26:01<10:08,  0.84it/s, v_num=2ob0]
Epoch 0:  72%|███████▏  | 1305/1812 [26:02<10:06,  0.84it/s, v_num=2ob0]
Epoch 0:  72%|███████▏  | 1305/1812 [26:02<10:06,  0.84it/s, v_num=2ob0]
Epoch 0:  72%|███████▏  | 1306/1812 [26:02<10:05,  0.84it/s, v_num=2ob0]
Epoch 0:  72%|███████▏  | 1306/1812 [26:02<10:05,  0.84it/s, v_num=2ob0]
Epoch 0:  72%|███████▏  | 1307/1812 [26:03<10:04,  0.84it/s, v_num=2ob0]
Epoch 0:  72%|███████▏  | 1307/1812 [26:03<10:04,  0.84it/s, v_num=2ob0]
Epoch 0:  72%|███████▏  | 1308/1812 [26:03<10:02,  0.84it/s, v_num=2ob0]
Epoch 0:  72%|███████▏  | 1308/1812 [26:03<10:02,  0.84it/s, v_num=2ob0]
Epoch 0:  72%|███████▏  | 1309/1812 [26:04<10:01,  0.84it/s, v_num=2ob0]
Epoch 0:  72%|███████▏  | 1309/1812 [26:04<10:01,  0.84it/s, v_num=2ob0]
Epoch 0:  72%|███████▏  | 1310/1812 [26:05<09:59,  0.84it/s, v_num=2ob0]
Epoch 0:  72%|███████▏  | 1310/1812 [26:05<09:59,  0.84it/s, v_num=2ob0]
Epoch 0:  72%|███████▏  | 1311/1812 [26:05<09:58,  0.84it/s, v_num=2ob0]
Epoch 0:  72%|███████▏  | 1311/1812 [26:05<09:58,  0.84it/s, v_num=2ob0]
Epoch 0:  72%|███████▏  | 1312/1812 [26:19<10:02,  0.83it/s, v_num=2ob0]
Epoch 0:  72%|███████▏  | 1312/1812 [26:19<10:02,  0.83it/s, v_num=2ob0]
Epoch 0:  72%|███████▏  | 1313/1812 [26:20<10:00,  0.83it/s, v_num=2ob0]
Epoch 0:  72%|███████▏  | 1313/1812 [26:20<10:00,  0.83it/s, v_num=2ob0]
Epoch 0:  73%|███████▎  | 1314/1812 [26:21<09:59,  0.83it/s, v_num=2ob0]
Epoch 0:  73%|███████▎  | 1314/1812 [26:21<09:59,  0.83it/s, v_num=2ob0]
Epoch 0:  73%|███████▎  | 1315/1812 [26:21<09:57,  0.83it/s, v_num=2ob0]
Epoch 0:  73%|███████▎  | 1315/1812 [26:21<09:57,  0.83it/s, v_num=2ob0]
Epoch 0:  73%|███████▎  | 1316/1812 [26:22<09:56,  0.83it/s, v_num=2ob0]
Epoch 0:  73%|███████▎  | 1316/1812 [26:22<09:56,  0.83it/s, v_num=2ob0]
Epoch 0:  73%|███████▎  | 1317/1812 [26:22<09:54,  0.83it/s, v_num=2ob0]
Epoch 0:  73%|███████▎  | 1317/1812 [26:22<09:54,  0.83it/s, v_num=2ob0]
Epoch 0:  73%|███████▎  | 1318/1812 [26:23<09:53,  0.83it/s, v_num=2ob0]
Epoch 0:  73%|███████▎  | 1318/1812 [26:23<09:53,  0.83it/s, v_num=2ob0]
Epoch 0:  73%|███████▎  | 1319/1812 [26:24<09:52,  0.83it/s, v_num=2ob0]
Epoch 0:  73%|███████▎  | 1319/1812 [26:24<09:52,  0.83it/s, v_num=2ob0]
Epoch 0:  73%|███████▎  | 1320/1812 [26:24<09:50,  0.83it/s, v_num=2ob0]
Epoch 0:  73%|███████▎  | 1320/1812 [26:24<09:50,  0.83it/s, v_num=2ob0]
Epoch 0:  73%|███████▎  | 1321/1812 [26:25<09:49,  0.83it/s, v_num=2ob0]
Epoch 0:  73%|███████▎  | 1321/1812 [26:25<09:49,  0.83it/s, v_num=2ob0]
Epoch 0:  73%|███████▎  | 1322/1812 [26:25<09:47,  0.83it/s, v_num=2ob0]
Epoch 0:  73%|███████▎  | 1322/1812 [26:25<09:47,  0.83it/s, v_num=2ob0]
Epoch 0:  73%|███████▎  | 1323/1812 [26:26<09:46,  0.83it/s, v_num=2ob0]
Epoch 0:  73%|███████▎  | 1323/1812 [26:26<09:46,  0.83it/s, v_num=2ob0]
Epoch 0:  73%|███████▎  | 1324/1812 [26:27<09:44,  0.83it/s, v_num=2ob0]
Epoch 0:  73%|███████▎  | 1324/1812 [26:27<09:44,  0.83it/s, v_num=2ob0]
Epoch 0:  73%|███████▎  | 1325/1812 [26:27<09:43,  0.83it/s, v_num=2ob0]
Epoch 0:  73%|███████▎  | 1325/1812 [26:27<09:43,  0.83it/s, v_num=2ob0]
Epoch 0:  73%|███████▎  | 1326/1812 [26:28<09:42,  0.83it/s, v_num=2ob0]
Epoch 0:  73%|███████▎  | 1326/1812 [26:28<09:42,  0.83it/s, v_num=2ob0]
Epoch 0:  73%|███████▎  | 1327/1812 [26:28<09:40,  0.84it/s, v_num=2ob0]
Epoch 0:  73%|███████▎  | 1327/1812 [26:28<09:40,  0.84it/s, v_num=2ob0]
Epoch 0:  73%|███████▎  | 1328/1812 [26:29<09:39,  0.84it/s, v_num=2ob0]
Epoch 0:  73%|███████▎  | 1328/1812 [26:29<09:39,  0.84it/s, v_num=2ob0]
Epoch 0:  73%|███████▎  | 1329/1812 [26:30<09:37,  0.84it/s, v_num=2ob0]
Epoch 0:  73%|███████▎  | 1329/1812 [26:30<09:37,  0.84it/s, v_num=2ob0]
Epoch 0:  73%|███████▎  | 1330/1812 [26:30<09:36,  0.84it/s, v_num=2ob0]
Epoch 0:  73%|███████▎  | 1330/1812 [26:30<09:36,  0.84it/s, v_num=2ob0]
Epoch 0:  73%|███████▎  | 1331/1812 [26:31<09:35,  0.84it/s, v_num=2ob0]
Epoch 0:  73%|███████▎  | 1331/1812 [26:31<09:35,  0.84it/s, v_num=2ob0]
Epoch 0:  74%|███████▎  | 1332/1812 [26:31<09:33,  0.84it/s, v_num=2ob0]
Epoch 0:  74%|███████▎  | 1332/1812 [26:31<09:33,  0.84it/s, v_num=2ob0]
Epoch 0:  74%|███████▎  | 1333/1812 [26:32<09:32,  0.84it/s, v_num=2ob0]
Epoch 0:  74%|███████▎  | 1333/1812 [26:32<09:32,  0.84it/s, v_num=2ob0]
Epoch 0:  74%|███████▎  | 1334/1812 [26:32<09:30,  0.84it/s, v_num=2ob0]
Epoch 0:  74%|███████▎  | 1334/1812 [26:32<09:30,  0.84it/s, v_num=2ob0]
Epoch 0:  74%|███████▎  | 1335/1812 [26:33<09:29,  0.84it/s, v_num=2ob0]
Epoch 0:  74%|███████▎  | 1335/1812 [26:33<09:29,  0.84it/s, v_num=2ob0]
Epoch 0:  74%|███████▎  | 1336/1812 [26:34<09:27,  0.84it/s, v_num=2ob0]
Epoch 0:  74%|███████▎  | 1336/1812 [26:34<09:27,  0.84it/s, v_num=2ob0]
Epoch 0:  74%|███████▍  | 1337/1812 [26:34<09:26,  0.84it/s, v_num=2ob0]
Epoch 0:  74%|███████▍  | 1337/1812 [26:34<09:26,  0.84it/s, v_num=2ob0]
Epoch 0:  74%|███████▍  | 1338/1812 [26:35<09:25,  0.84it/s, v_num=2ob0]
Epoch 0:  74%|███████▍  | 1338/1812 [26:35<09:25,  0.84it/s, v_num=2ob0]
Epoch 0:  74%|███████▍  | 1339/1812 [26:35<09:23,  0.84it/s, v_num=2ob0]
Epoch 0:  74%|███████▍  | 1339/1812 [26:35<09:23,  0.84it/s, v_num=2ob0]
Epoch 0:  74%|███████▍  | 1340/1812 [26:36<09:22,  0.84it/s, v_num=2ob0]
Epoch 0:  74%|███████▍  | 1340/1812 [26:36<09:22,  0.84it/s, v_num=2ob0]
Epoch 0:  74%|███████▍  | 1341/1812 [26:37<09:20,  0.84it/s, v_num=2ob0]
Epoch 0:  74%|███████▍  | 1341/1812 [26:37<09:20,  0.84it/s, v_num=2ob0]
Epoch 0:  74%|███████▍  | 1342/1812 [26:37<09:19,  0.84it/s, v_num=2ob0]
Epoch 0:  74%|███████▍  | 1342/1812 [26:37<09:19,  0.84it/s, v_num=2ob0]
Epoch 0:  74%|███████▍  | 1343/1812 [26:38<09:18,  0.84it/s, v_num=2ob0]
Epoch 0:  74%|███████▍  | 1343/1812 [26:38<09:18,  0.84it/s, v_num=2ob0]
Epoch 0:  74%|███████▍  | 1344/1812 [26:38<09:16,  0.84it/s, v_num=2ob0]
Epoch 0:  74%|███████▍  | 1344/1812 [26:38<09:16,  0.84it/s, v_num=2ob0]
Epoch 0:  74%|███████▍  | 1345/1812 [26:39<09:15,  0.84it/s, v_num=2ob0]
Epoch 0:  74%|███████▍  | 1345/1812 [26:39<09:15,  0.84it/s, v_num=2ob0]
Epoch 0:  74%|███████▍  | 1346/1812 [26:40<09:13,  0.84it/s, v_num=2ob0]
Epoch 0:  74%|███████▍  | 1346/1812 [26:40<09:13,  0.84it/s, v_num=2ob0]
Epoch 0:  74%|███████▍  | 1347/1812 [26:40<09:12,  0.84it/s, v_num=2ob0]
Epoch 0:  74%|███████▍  | 1347/1812 [26:40<09:12,  0.84it/s, v_num=2ob0]
Epoch 0:  74%|███████▍  | 1348/1812 [26:41<09:11,  0.84it/s, v_num=2ob0]
Epoch 0:  74%|███████▍  | 1348/1812 [26:41<09:11,  0.84it/s, v_num=2ob0]
Epoch 0:  74%|███████▍  | 1349/1812 [26:41<09:09,  0.84it/s, v_num=2ob0]
Epoch 0:  74%|███████▍  | 1349/1812 [26:41<09:09,  0.84it/s, v_num=2ob0]
Epoch 0:  75%|███████▍  | 1350/1812 [26:42<09:08,  0.84it/s, v_num=2ob0]
Epoch 0:  75%|███████▍  | 1350/1812 [26:42<09:08,  0.84it/s, v_num=2ob0]
Epoch 0:  75%|███████▍  | 1351/1812 [26:43<09:06,  0.84it/s, v_num=2ob0]
Epoch 0:  75%|███████▍  | 1351/1812 [26:43<09:06,  0.84it/s, v_num=2ob0]
Epoch 0:  75%|███████▍  | 1352/1812 [26:43<09:05,  0.84it/s, v_num=2ob0]
Epoch 0:  75%|███████▍  | 1352/1812 [26:43<09:05,  0.84it/s, v_num=2ob0]
Epoch 0:  75%|███████▍  | 1353/1812 [26:44<09:04,  0.84it/s, v_num=2ob0]
Epoch 0:  75%|███████▍  | 1353/1812 [26:44<09:04,  0.84it/s, v_num=2ob0]
Epoch 0:  75%|███████▍  | 1354/1812 [26:44<09:02,  0.84it/s, v_num=2ob0]
Epoch 0:  75%|███████▍  | 1354/1812 [26:44<09:02,  0.84it/s, v_num=2ob0]
Epoch 0:  75%|███████▍  | 1355/1812 [26:45<09:01,  0.84it/s, v_num=2ob0]
Epoch 0:  75%|███████▍  | 1355/1812 [26:45<09:01,  0.84it/s, v_num=2ob0]
Epoch 0:  75%|███████▍  | 1356/1812 [26:45<09:00,  0.84it/s, v_num=2ob0]
Epoch 0:  75%|███████▍  | 1356/1812 [26:45<09:00,  0.84it/s, v_num=2ob0]
Epoch 0:  75%|███████▍  | 1357/1812 [26:46<08:58,  0.84it/s, v_num=2ob0]
Epoch 0:  75%|███████▍  | 1357/1812 [26:46<08:58,  0.84it/s, v_num=2ob0]
Epoch 0:  75%|███████▍  | 1358/1812 [26:47<08:57,  0.84it/s, v_num=2ob0]
Epoch 0:  75%|███████▍  | 1358/1812 [26:47<08:57,  0.84it/s, v_num=2ob0]
Epoch 0:  75%|███████▌  | 1359/1812 [26:47<08:55,  0.85it/s, v_num=2ob0]
Epoch 0:  75%|███████▌  | 1359/1812 [26:47<08:55,  0.85it/s, v_num=2ob0]
Epoch 0:  75%|███████▌  | 1360/1812 [27:06<09:00,  0.84it/s, v_num=2ob0]
Epoch 0:  75%|███████▌  | 1360/1812 [27:06<09:00,  0.84it/s, v_num=2ob0]
Epoch 0:  75%|███████▌  | 1361/1812 [27:07<08:59,  0.84it/s, v_num=2ob0]
Epoch 0:  75%|███████▌  | 1361/1812 [27:07<08:59,  0.84it/s, v_num=2ob0]
Epoch 0:  75%|███████▌  | 1362/1812 [27:07<08:57,  0.84it/s, v_num=2ob0]
Epoch 0:  75%|███████▌  | 1362/1812 [27:07<08:57,  0.84it/s, v_num=2ob0]
Epoch 0:  75%|███████▌  | 1363/1812 [27:08<08:56,  0.84it/s, v_num=2ob0]
Epoch 0:  75%|███████▌  | 1363/1812 [27:08<08:56,  0.84it/s, v_num=2ob0]
Epoch 0:  75%|███████▌  | 1364/1812 [27:08<08:55,  0.84it/s, v_num=2ob0]
Epoch 0:  75%|███████▌  | 1364/1812 [27:08<08:55,  0.84it/s, v_num=2ob0]
Epoch 0:  75%|███████▌  | 1365/1812 [27:09<08:53,  0.84it/s, v_num=2ob0]
Epoch 0:  75%|███████▌  | 1365/1812 [27:09<08:53,  0.84it/s, v_num=2ob0]
Epoch 0:  75%|███████▌  | 1366/1812 [27:10<08:52,  0.84it/s, v_num=2ob0]
Epoch 0:  75%|███████▌  | 1366/1812 [27:10<08:52,  0.84it/s, v_num=2ob0]
Epoch 0:  75%|███████▌  | 1367/1812 [27:10<08:50,  0.84it/s, v_num=2ob0]
Epoch 0:  75%|███████▌  | 1367/1812 [27:10<08:50,  0.84it/s, v_num=2ob0]
Epoch 0:  75%|███████▌  | 1368/1812 [27:11<08:49,  0.84it/s, v_num=2ob0]
Epoch 0:  75%|███████▌  | 1368/1812 [27:11<08:49,  0.84it/s, v_num=2ob0]
Epoch 0:  76%|███████▌  | 1369/1812 [27:11<08:48,  0.84it/s, v_num=2ob0]
Epoch 0:  76%|███████▌  | 1369/1812 [27:11<08:48,  0.84it/s, v_num=2ob0]
Epoch 0:  76%|███████▌  | 1370/1812 [27:12<08:46,  0.84it/s, v_num=2ob0]
Epoch 0:  76%|███████▌  | 1370/1812 [27:12<08:46,  0.84it/s, v_num=2ob0]
Epoch 0:  76%|███████▌  | 1371/1812 [27:13<08:45,  0.84it/s, v_num=2ob0]
Epoch 0:  76%|███████▌  | 1371/1812 [27:13<08:45,  0.84it/s, v_num=2ob0]
Epoch 0:  76%|███████▌  | 1372/1812 [27:13<08:43,  0.84it/s, v_num=2ob0]
Epoch 0:  76%|███████▌  | 1372/1812 [27:13<08:43,  0.84it/s, v_num=2ob0]
Epoch 0:  76%|███████▌  | 1373/1812 [27:14<08:42,  0.84it/s, v_num=2ob0]
Epoch 0:  76%|███████▌  | 1373/1812 [27:14<08:42,  0.84it/s, v_num=2ob0]
Epoch 0:  76%|███████▌  | 1374/1812 [27:14<08:41,  0.84it/s, v_num=2ob0]
Epoch 0:  76%|███████▌  | 1374/1812 [27:14<08:41,  0.84it/s, v_num=2ob0]
Epoch 0:  76%|███████▌  | 1375/1812 [27:15<08:39,  0.84it/s, v_num=2ob0]
Epoch 0:  76%|███████▌  | 1375/1812 [27:15<08:39,  0.84it/s, v_num=2ob0]
Epoch 0:  76%|███████▌  | 1376/1812 [27:16<08:38,  0.84it/s, v_num=2ob0]
Epoch 0:  76%|███████▌  | 1376/1812 [27:16<08:38,  0.84it/s, v_num=2ob0]
Epoch 0:  76%|███████▌  | 1377/1812 [27:16<08:37,  0.84it/s, v_num=2ob0]
Epoch 0:  76%|███████▌  | 1377/1812 [27:16<08:37,  0.84it/s, v_num=2ob0]
Epoch 0:  76%|███████▌  | 1378/1812 [27:17<08:35,  0.84it/s, v_num=2ob0]
Epoch 0:  76%|███████▌  | 1378/1812 [27:17<08:35,  0.84it/s, v_num=2ob0]
Epoch 0:  76%|███████▌  | 1379/1812 [27:17<08:34,  0.84it/s, v_num=2ob0]
Epoch 0:  76%|███████▌  | 1379/1812 [27:17<08:34,  0.84it/s, v_num=2ob0]
Epoch 0:  76%|███████▌  | 1380/1812 [27:18<08:32,  0.84it/s, v_num=2ob0]
Epoch 0:  76%|███████▌  | 1380/1812 [27:18<08:32,  0.84it/s, v_num=2ob0]
Epoch 0:  76%|███████▌  | 1381/1812 [27:18<08:31,  0.84it/s, v_num=2ob0]
Epoch 0:  76%|███████▌  | 1381/1812 [27:18<08:31,  0.84it/s, v_num=2ob0]
Epoch 0:  76%|███████▋  | 1382/1812 [27:19<08:30,  0.84it/s, v_num=2ob0]
Epoch 0:  76%|███████▋  | 1382/1812 [27:19<08:30,  0.84it/s, v_num=2ob0]
Epoch 0:  76%|███████▋  | 1383/1812 [27:20<08:28,  0.84it/s, v_num=2ob0]
Epoch 0:  76%|███████▋  | 1383/1812 [27:20<08:28,  0.84it/s, v_num=2ob0]
Epoch 0:  76%|███████▋  | 1384/1812 [27:20<08:27,  0.84it/s, v_num=2ob0]
Epoch 0:  76%|███████▋  | 1384/1812 [27:20<08:27,  0.84it/s, v_num=2ob0]
Epoch 0:  76%|███████▋  | 1385/1812 [27:21<08:26,  0.84it/s, v_num=2ob0]
Epoch 0:  76%|███████▋  | 1385/1812 [27:21<08:26,  0.84it/s, v_num=2ob0]
Epoch 0:  76%|███████▋  | 1386/1812 [27:21<08:24,  0.84it/s, v_num=2ob0]
Epoch 0:  76%|███████▋  | 1386/1812 [27:21<08:24,  0.84it/s, v_num=2ob0]
Epoch 0:  77%|███████▋  | 1387/1812 [27:22<08:23,  0.84it/s, v_num=2ob0]
Epoch 0:  77%|███████▋  | 1387/1812 [27:22<08:23,  0.84it/s, v_num=2ob0]
Epoch 0:  77%|███████▋  | 1388/1812 [27:23<08:21,  0.84it/s, v_num=2ob0]
Epoch 0:  77%|███████▋  | 1388/1812 [27:23<08:21,  0.84it/s, v_num=2ob0]
Epoch 0:  77%|███████▋  | 1389/1812 [27:23<08:20,  0.85it/s, v_num=2ob0]
Epoch 0:  77%|███████▋  | 1389/1812 [27:23<08:20,  0.85it/s, v_num=2ob0]
Epoch 0:  77%|███████▋  | 1390/1812 [27:24<08:19,  0.85it/s, v_num=2ob0]
Epoch 0:  77%|███████▋  | 1390/1812 [27:24<08:19,  0.85it/s, v_num=2ob0]
Epoch 0:  77%|███████▋  | 1391/1812 [27:24<08:17,  0.85it/s, v_num=2ob0]
Epoch 0:  77%|███████▋  | 1391/1812 [27:24<08:17,  0.85it/s, v_num=2ob0]
Epoch 0:  77%|███████▋  | 1392/1812 [27:25<08:16,  0.85it/s, v_num=2ob0]
Epoch 0:  77%|███████▋  | 1392/1812 [27:25<08:16,  0.85it/s, v_num=2ob0]
Epoch 0:  77%|███████▋  | 1393/1812 [27:26<08:15,  0.85it/s, v_num=2ob0]
Epoch 0:  77%|███████▋  | 1393/1812 [27:26<08:15,  0.85it/s, v_num=2ob0]
Epoch 0:  77%|███████▋  | 1394/1812 [27:26<08:13,  0.85it/s, v_num=2ob0]
Epoch 0:  77%|███████▋  | 1394/1812 [27:26<08:13,  0.85it/s, v_num=2ob0]
Epoch 0:  77%|███████▋  | 1395/1812 [27:27<08:12,  0.85it/s, v_num=2ob0]
Epoch 0:  77%|███████▋  | 1395/1812 [27:27<08:12,  0.85it/s, v_num=2ob0]
Epoch 0:  77%|███████▋  | 1396/1812 [27:27<08:11,  0.85it/s, v_num=2ob0]
Epoch 0:  77%|███████▋  | 1396/1812 [27:27<08:11,  0.85it/s, v_num=2ob0]
Epoch 0:  77%|███████▋  | 1397/1812 [27:28<08:09,  0.85it/s, v_num=2ob0]
Epoch 0:  77%|███████▋  | 1397/1812 [27:28<08:09,  0.85it/s, v_num=2ob0]
Epoch 0:  77%|███████▋  | 1398/1812 [27:29<08:08,  0.85it/s, v_num=2ob0]
Epoch 0:  77%|███████▋  | 1398/1812 [27:29<08:08,  0.85it/s, v_num=2ob0]
Epoch 0:  77%|███████▋  | 1399/1812 [27:29<08:06,  0.85it/s, v_num=2ob0]
Epoch 0:  77%|███████▋  | 1399/1812 [27:29<08:06,  0.85it/s, v_num=2ob0]
Epoch 0:  77%|███████▋  | 1400/1812 [27:30<08:05,  0.85it/s, v_num=2ob0]
Epoch 0:  77%|███████▋  | 1400/1812 [27:30<08:05,  0.85it/s, v_num=2ob0]
Epoch 0:  77%|███████▋  | 1401/1812 [27:30<08:04,  0.85it/s, v_num=2ob0]
Epoch 0:  77%|███████▋  | 1401/1812 [27:30<08:04,  0.85it/s, v_num=2ob0]
Epoch 0:  77%|███████▋  | 1402/1812 [27:31<08:02,  0.85it/s, v_num=2ob0]
Epoch 0:  77%|███████▋  | 1402/1812 [27:31<08:02,  0.85it/s, v_num=2ob0]
Epoch 0:  77%|███████▋  | 1403/1812 [27:31<08:01,  0.85it/s, v_num=2ob0]
Epoch 0:  77%|███████▋  | 1403/1812 [27:31<08:01,  0.85it/s, v_num=2ob0]
Epoch 0:  77%|███████▋  | 1404/1812 [27:32<08:00,  0.85it/s, v_num=2ob0]
Epoch 0:  77%|███████▋  | 1404/1812 [27:32<08:00,  0.85it/s, v_num=2ob0]
Epoch 0:  78%|███████▊  | 1405/1812 [27:52<08:04,  0.84it/s, v_num=2ob0]
Epoch 0:  78%|███████▊  | 1405/1812 [27:52<08:04,  0.84it/s, v_num=2ob0]
Epoch 0:  78%|███████▊  | 1406/1812 [27:52<08:03,  0.84it/s, v_num=2ob0]
Epoch 0:  78%|███████▊  | 1406/1812 [27:52<08:03,  0.84it/s, v_num=2ob0]
Epoch 0:  78%|███████▊  | 1407/1812 [27:53<08:01,  0.84it/s, v_num=2ob0]
Epoch 0:  78%|███████▊  | 1407/1812 [27:53<08:01,  0.84it/s, v_num=2ob0]
Epoch 0:  78%|███████▊  | 1408/1812 [27:53<08:00,  0.84it/s, v_num=2ob0]
Epoch 0:  78%|███████▊  | 1408/1812 [27:53<08:00,  0.84it/s, v_num=2ob0]
Epoch 0:  78%|███████▊  | 1409/1812 [27:54<07:58,  0.84it/s, v_num=2ob0]
Epoch 0:  78%|███████▊  | 1409/1812 [27:54<07:58,  0.84it/s, v_num=2ob0]
Epoch 0:  78%|███████▊  | 1410/1812 [27:55<07:57,  0.84it/s, v_num=2ob0]
Epoch 0:  78%|███████▊  | 1410/1812 [27:55<07:57,  0.84it/s, v_num=2ob0]
Epoch 0:  78%|███████▊  | 1411/1812 [27:55<07:56,  0.84it/s, v_num=2ob0]
Epoch 0:  78%|███████▊  | 1411/1812 [27:55<07:56,  0.84it/s, v_num=2ob0]
Epoch 0:  78%|███████▊  | 1412/1812 [27:56<07:54,  0.84it/s, v_num=2ob0]
Epoch 0:  78%|███████▊  | 1412/1812 [27:56<07:54,  0.84it/s, v_num=2ob0]
Epoch 0:  78%|███████▊  | 1413/1812 [27:56<07:53,  0.84it/s, v_num=2ob0]
Epoch 0:  78%|███████▊  | 1413/1812 [27:56<07:53,  0.84it/s, v_num=2ob0]
Epoch 0:  78%|███████▊  | 1414/1812 [27:57<07:52,  0.84it/s, v_num=2ob0]
Epoch 0:  78%|███████▊  | 1414/1812 [27:57<07:52,  0.84it/s, v_num=2ob0]
Epoch 0:  78%|███████▊  | 1415/1812 [27:58<07:50,  0.84it/s, v_num=2ob0]
Epoch 0:  78%|███████▊  | 1415/1812 [27:58<07:50,  0.84it/s, v_num=2ob0]
Epoch 0:  78%|███████▊  | 1416/1812 [27:58<07:49,  0.84it/s, v_num=2ob0]
Epoch 0:  78%|███████▊  | 1416/1812 [27:58<07:49,  0.84it/s, v_num=2ob0]
Epoch 0:  78%|███████▊  | 1417/1812 [27:59<07:48,  0.84it/s, v_num=2ob0]
Epoch 0:  78%|███████▊  | 1417/1812 [27:59<07:48,  0.84it/s, v_num=2ob0]
Epoch 0:  78%|███████▊  | 1418/1812 [27:59<07:46,  0.84it/s, v_num=2ob0]
Epoch 0:  78%|███████▊  | 1418/1812 [27:59<07:46,  0.84it/s, v_num=2ob0]
Epoch 0:  78%|███████▊  | 1419/1812 [28:00<07:45,  0.84it/s, v_num=2ob0]
Epoch 0:  78%|███████▊  | 1419/1812 [28:00<07:45,  0.84it/s, v_num=2ob0]
Epoch 0:  78%|███████▊  | 1420/1812 [28:01<07:44,  0.84it/s, v_num=2ob0]
Epoch 0:  78%|███████▊  | 1420/1812 [28:01<07:44,  0.84it/s, v_num=2ob0]
Epoch 0:  78%|███████▊  | 1421/1812 [28:01<07:42,  0.85it/s, v_num=2ob0]
Epoch 0:  78%|███████▊  | 1421/1812 [28:01<07:42,  0.85it/s, v_num=2ob0]
Epoch 0:  78%|███████▊  | 1422/1812 [28:02<07:41,  0.85it/s, v_num=2ob0]
Epoch 0:  78%|███████▊  | 1422/1812 [28:02<07:41,  0.85it/s, v_num=2ob0]
Epoch 0:  79%|███████▊  | 1423/1812 [28:02<07:40,  0.85it/s, v_num=2ob0]
Epoch 0:  79%|███████▊  | 1423/1812 [28:02<07:40,  0.85it/s, v_num=2ob0]
Epoch 0:  79%|███████▊  | 1424/1812 [28:03<07:38,  0.85it/s, v_num=2ob0]
Epoch 0:  79%|███████▊  | 1424/1812 [28:03<07:38,  0.85it/s, v_num=2ob0]
Epoch 0:  79%|███████▊  | 1425/1812 [28:03<07:37,  0.85it/s, v_num=2ob0]
Epoch 0:  79%|███████▊  | 1425/1812 [28:03<07:37,  0.85it/s, v_num=2ob0]
Epoch 0:  79%|███████▊  | 1426/1812 [28:04<07:35,  0.85it/s, v_num=2ob0]
Epoch 0:  79%|███████▊  | 1426/1812 [28:04<07:35,  0.85it/s, v_num=2ob0]
Epoch 0:  79%|███████▉  | 1427/1812 [28:05<07:34,  0.85it/s, v_num=2ob0]
Epoch 0:  79%|███████▉  | 1427/1812 [28:05<07:34,  0.85it/s, v_num=2ob0]
Epoch 0:  79%|███████▉  | 1428/1812 [28:05<07:33,  0.85it/s, v_num=2ob0]
Epoch 0:  79%|███████▉  | 1428/1812 [28:05<07:33,  0.85it/s, v_num=2ob0]
Epoch 0:  79%|███████▉  | 1429/1812 [28:06<07:31,  0.85it/s, v_num=2ob0]
Epoch 0:  79%|███████▉  | 1429/1812 [28:06<07:31,  0.85it/s, v_num=2ob0]
Epoch 0:  79%|███████▉  | 1430/1812 [28:06<07:30,  0.85it/s, v_num=2ob0]
Epoch 0:  79%|███████▉  | 1430/1812 [28:06<07:30,  0.85it/s, v_num=2ob0]
Epoch 0:  79%|███████▉  | 1431/1812 [28:07<07:29,  0.85it/s, v_num=2ob0]
Epoch 0:  79%|███████▉  | 1431/1812 [28:07<07:29,  0.85it/s, v_num=2ob0]
Epoch 0:  79%|███████▉  | 1432/1812 [28:08<07:27,  0.85it/s, v_num=2ob0]
Epoch 0:  79%|███████▉  | 1432/1812 [28:08<07:27,  0.85it/s, v_num=2ob0]
Epoch 0:  79%|███████▉  | 1433/1812 [28:08<07:26,  0.85it/s, v_num=2ob0]
Epoch 0:  79%|███████▉  | 1433/1812 [28:08<07:26,  0.85it/s, v_num=2ob0]
Epoch 0:  79%|███████▉  | 1434/1812 [28:09<07:25,  0.85it/s, v_num=2ob0]
Epoch 0:  79%|███████▉  | 1434/1812 [28:09<07:25,  0.85it/s, v_num=2ob0]
Epoch 0:  79%|███████▉  | 1435/1812 [28:09<07:23,  0.85it/s, v_num=2ob0]
Epoch 0:  79%|███████▉  | 1435/1812 [28:09<07:23,  0.85it/s, v_num=2ob0]
Epoch 0:  79%|███████▉  | 1436/1812 [28:10<07:22,  0.85it/s, v_num=2ob0]
Epoch 0:  79%|███████▉  | 1436/1812 [28:10<07:22,  0.85it/s, v_num=2ob0]
Epoch 0:  79%|███████▉  | 1437/1812 [28:11<07:21,  0.85it/s, v_num=2ob0]
Epoch 0:  79%|███████▉  | 1437/1812 [28:11<07:21,  0.85it/s, v_num=2ob0]
Epoch 0:  79%|███████▉  | 1438/1812 [28:11<07:19,  0.85it/s, v_num=2ob0]
Epoch 0:  79%|███████▉  | 1438/1812 [28:11<07:19,  0.85it/s, v_num=2ob0]
Epoch 0:  79%|███████▉  | 1439/1812 [28:12<07:18,  0.85it/s, v_num=2ob0]
Epoch 0:  79%|███████▉  | 1439/1812 [28:12<07:18,  0.85it/s, v_num=2ob0]
Epoch 0:  79%|███████▉  | 1440/1812 [28:12<07:17,  0.85it/s, v_num=2ob0]
Epoch 0:  79%|███████▉  | 1440/1812 [28:12<07:17,  0.85it/s, v_num=2ob0]
Epoch 0:  80%|███████▉  | 1441/1812 [28:13<07:15,  0.85it/s, v_num=2ob0]
Epoch 0:  80%|███████▉  | 1441/1812 [28:13<07:15,  0.85it/s, v_num=2ob0]
Epoch 0:  80%|███████▉  | 1442/1812 [28:14<07:14,  0.85it/s, v_num=2ob0]
Epoch 0:  80%|███████▉  | 1442/1812 [28:14<07:14,  0.85it/s, v_num=2ob0]
Epoch 0:  80%|███████▉  | 1443/1812 [28:14<07:13,  0.85it/s, v_num=2ob0]
Epoch 0:  80%|███████▉  | 1443/1812 [28:14<07:13,  0.85it/s, v_num=2ob0]
Epoch 0:  80%|███████▉  | 1444/1812 [28:15<07:12,  0.85it/s, v_num=2ob0]
Epoch 0:  80%|███████▉  | 1444/1812 [28:15<07:12,  0.85it/s, v_num=2ob0]
Epoch 0:  80%|███████▉  | 1445/1812 [28:15<07:10,  0.85it/s, v_num=2ob0]
Epoch 0:  80%|███████▉  | 1445/1812 [28:15<07:10,  0.85it/s, v_num=2ob0]
Epoch 0:  80%|███████▉  | 1446/1812 [28:16<07:09,  0.85it/s, v_num=2ob0]
Epoch 0:  80%|███████▉  | 1446/1812 [28:16<07:09,  0.85it/s, v_num=2ob0]
Epoch 0:  80%|███████▉  | 1447/1812 [28:16<07:08,  0.85it/s, v_num=2ob0]
Epoch 0:  80%|███████▉  | 1447/1812 [28:16<07:08,  0.85it/s, v_num=2ob0]
Epoch 0:  80%|███████▉  | 1448/1812 [28:17<07:06,  0.85it/s, v_num=2ob0]
Epoch 0:  80%|███████▉  | 1448/1812 [28:17<07:06,  0.85it/s, v_num=2ob0]
Epoch 0:  80%|███████▉  | 1449/1812 [28:18<07:05,  0.85it/s, v_num=2ob0]
Epoch 0:  80%|███████▉  | 1449/1812 [28:18<07:05,  0.85it/s, v_num=2ob0]
Epoch 0:  80%|████████  | 1450/1812 [28:18<07:04,  0.85it/s, v_num=2ob0]
Epoch 0:  80%|████████  | 1450/1812 [28:18<07:04,  0.85it/s, v_num=2ob0]
Epoch 0:  80%|████████  | 1451/1812 [28:19<07:02,  0.85it/s, v_num=2ob0]
Epoch 0:  80%|████████  | 1451/1812 [28:19<07:02,  0.85it/s, v_num=2ob0]
Epoch 0:  80%|████████  | 1452/1812 [28:19<07:01,  0.85it/s, v_num=2ob0]
Epoch 0:  80%|████████  | 1452/1812 [28:19<07:01,  0.85it/s, v_num=2ob0]
Epoch 0:  80%|████████  | 1453/1812 [28:28<07:02,  0.85it/s, v_num=2ob0]
Epoch 0:  80%|████████  | 1453/1812 [28:28<07:02,  0.85it/s, v_num=2ob0]
Epoch 0:  80%|████████  | 1454/1812 [28:28<07:00,  0.85it/s, v_num=2ob0]
Epoch 0:  80%|████████  | 1454/1812 [28:28<07:00,  0.85it/s, v_num=2ob0]
Epoch 0:  80%|████████  | 1455/1812 [28:29<06:59,  0.85it/s, v_num=2ob0]
Epoch 0:  80%|████████  | 1455/1812 [28:29<06:59,  0.85it/s, v_num=2ob0]
Epoch 0:  80%|████████  | 1456/1812 [28:30<06:58,  0.85it/s, v_num=2ob0]
Epoch 0:  80%|████████  | 1456/1812 [28:30<06:58,  0.85it/s, v_num=2ob0]
Epoch 0:  80%|████████  | 1457/1812 [28:30<06:56,  0.85it/s, v_num=2ob0]
Epoch 0:  80%|████████  | 1457/1812 [28:30<06:56,  0.85it/s, v_num=2ob0]
Epoch 0:  80%|████████  | 1458/1812 [28:31<06:55,  0.85it/s, v_num=2ob0]
Epoch 0:  80%|████████  | 1458/1812 [28:31<06:55,  0.85it/s, v_num=2ob0]
Epoch 0:  81%|████████  | 1459/1812 [28:31<06:54,  0.85it/s, v_num=2ob0]
Epoch 0:  81%|████████  | 1459/1812 [28:31<06:54,  0.85it/s, v_num=2ob0]
Epoch 0:  81%|████████  | 1460/1812 [28:32<06:52,  0.85it/s, v_num=2ob0]
Epoch 0:  81%|████████  | 1460/1812 [28:32<06:52,  0.85it/s, v_num=2ob0]
Epoch 0:  81%|████████  | 1461/1812 [28:33<06:51,  0.85it/s, v_num=2ob0]
Epoch 0:  81%|████████  | 1461/1812 [28:33<06:51,  0.85it/s, v_num=2ob0]
Epoch 0:  81%|████████  | 1462/1812 [28:33<06:50,  0.85it/s, v_num=2ob0]
Epoch 0:  81%|████████  | 1462/1812 [28:33<06:50,  0.85it/s, v_num=2ob0]
Epoch 0:  81%|████████  | 1463/1812 [28:34<06:48,  0.85it/s, v_num=2ob0]
Epoch 0:  81%|████████  | 1463/1812 [28:34<06:48,  0.85it/s, v_num=2ob0]
Epoch 0:  81%|████████  | 1464/1812 [28:34<06:47,  0.85it/s, v_num=2ob0]
Epoch 0:  81%|████████  | 1464/1812 [28:34<06:47,  0.85it/s, v_num=2ob0]
Epoch 0:  81%|████████  | 1465/1812 [28:35<06:46,  0.85it/s, v_num=2ob0]
Epoch 0:  81%|████████  | 1465/1812 [28:35<06:46,  0.85it/s, v_num=2ob0]
Epoch 0:  81%|████████  | 1466/1812 [28:35<06:44,  0.85it/s, v_num=2ob0]
Epoch 0:  81%|████████  | 1466/1812 [28:35<06:44,  0.85it/s, v_num=2ob0]
Epoch 0:  81%|████████  | 1467/1812 [28:36<06:43,  0.85it/s, v_num=2ob0]
Epoch 0:  81%|████████  | 1467/1812 [28:36<06:43,  0.85it/s, v_num=2ob0]
Epoch 0:  81%|████████  | 1468/1812 [28:37<06:42,  0.85it/s, v_num=2ob0]
Epoch 0:  81%|████████  | 1468/1812 [28:37<06:42,  0.85it/s, v_num=2ob0]
Epoch 0:  81%|████████  | 1469/1812 [28:37<06:41,  0.86it/s, v_num=2ob0]
Epoch 0:  81%|████████  | 1469/1812 [28:37<06:41,  0.86it/s, v_num=2ob0]
Epoch 0:  81%|████████  | 1470/1812 [28:38<06:39,  0.86it/s, v_num=2ob0]
Epoch 0:  81%|████████  | 1470/1812 [28:38<06:39,  0.86it/s, v_num=2ob0]
Epoch 0:  81%|████████  | 1471/1812 [28:38<06:38,  0.86it/s, v_num=2ob0]
Epoch 0:  81%|████████  | 1471/1812 [28:38<06:38,  0.86it/s, v_num=2ob0]
Epoch 0:  81%|████████  | 1472/1812 [28:39<06:37,  0.86it/s, v_num=2ob0]
Epoch 0:  81%|████████  | 1472/1812 [28:39<06:37,  0.86it/s, v_num=2ob0]
Epoch 0:  81%|████████▏ | 1473/1812 [28:40<06:35,  0.86it/s, v_num=2ob0]
Epoch 0:  81%|████████▏ | 1473/1812 [28:40<06:35,  0.86it/s, v_num=2ob0]
Epoch 0:  81%|████████▏ | 1474/1812 [28:40<06:34,  0.86it/s, v_num=2ob0]
Epoch 0:  81%|████████▏ | 1474/1812 [28:40<06:34,  0.86it/s, v_num=2ob0]
Epoch 0:  81%|████████▏ | 1475/1812 [28:41<06:33,  0.86it/s, v_num=2ob0]
Epoch 0:  81%|████████▏ | 1475/1812 [28:41<06:33,  0.86it/s, v_num=2ob0]
Epoch 0:  81%|████████▏ | 1476/1812 [28:41<06:31,  0.86it/s, v_num=2ob0]
Epoch 0:  81%|████████▏ | 1476/1812 [28:41<06:31,  0.86it/s, v_num=2ob0]
Epoch 0:  82%|████████▏ | 1477/1812 [28:42<06:30,  0.86it/s, v_num=2ob0]
Epoch 0:  82%|████████▏ | 1477/1812 [28:42<06:30,  0.86it/s, v_num=2ob0]
Epoch 0:  82%|████████▏ | 1478/1812 [28:43<06:29,  0.86it/s, v_num=2ob0]
Epoch 0:  82%|████████▏ | 1478/1812 [28:43<06:29,  0.86it/s, v_num=2ob0]
Epoch 0:  82%|████████▏ | 1479/1812 [28:43<06:28,  0.86it/s, v_num=2ob0]
Epoch 0:  82%|████████▏ | 1479/1812 [28:43<06:28,  0.86it/s, v_num=2ob0]
Epoch 0:  82%|████████▏ | 1480/1812 [28:44<06:26,  0.86it/s, v_num=2ob0]
Epoch 0:  82%|████████▏ | 1480/1812 [28:44<06:26,  0.86it/s, v_num=2ob0]
Epoch 0:  82%|████████▏ | 1481/1812 [28:44<06:25,  0.86it/s, v_num=2ob0]
Epoch 0:  82%|████████▏ | 1481/1812 [28:44<06:25,  0.86it/s, v_num=2ob0]
Epoch 0:  82%|████████▏ | 1482/1812 [28:45<06:24,  0.86it/s, v_num=2ob0]
Epoch 0:  82%|████████▏ | 1482/1812 [28:45<06:24,  0.86it/s, v_num=2ob0]
Epoch 0:  82%|████████▏ | 1483/1812 [28:46<06:22,  0.86it/s, v_num=2ob0]
Epoch 0:  82%|████████▏ | 1483/1812 [28:46<06:22,  0.86it/s, v_num=2ob0]
Epoch 0:  82%|████████▏ | 1484/1812 [28:46<06:21,  0.86it/s, v_num=2ob0]
Epoch 0:  82%|████████▏ | 1484/1812 [28:46<06:21,  0.86it/s, v_num=2ob0]
Epoch 0:  82%|████████▏ | 1485/1812 [28:47<06:20,  0.86it/s, v_num=2ob0]
Epoch 0:  82%|████████▏ | 1485/1812 [28:47<06:20,  0.86it/s, v_num=2ob0]
Epoch 0:  82%|████████▏ | 1486/1812 [28:47<06:19,  0.86it/s, v_num=2ob0]
Epoch 0:  82%|████████▏ | 1486/1812 [28:47<06:19,  0.86it/s, v_num=2ob0]
Epoch 0:  82%|████████▏ | 1487/1812 [28:48<06:17,  0.86it/s, v_num=2ob0]
Epoch 0:  82%|████████▏ | 1487/1812 [28:48<06:17,  0.86it/s, v_num=2ob0]
Epoch 0:  82%|████████▏ | 1488/1812 [28:48<06:16,  0.86it/s, v_num=2ob0]
Epoch 0:  82%|████████▏ | 1488/1812 [28:48<06:16,  0.86it/s, v_num=2ob0]
Epoch 0:  82%|████████▏ | 1489/1812 [28:49<06:15,  0.86it/s, v_num=2ob0]
Epoch 0:  82%|████████▏ | 1489/1812 [28:49<06:15,  0.86it/s, v_num=2ob0]
Epoch 0:  82%|████████▏ | 1490/1812 [28:50<06:13,  0.86it/s, v_num=2ob0]
Epoch 0:  82%|████████▏ | 1490/1812 [28:50<06:13,  0.86it/s, v_num=2ob0]
Epoch 0:  82%|████████▏ | 1491/1812 [28:50<06:12,  0.86it/s, v_num=2ob0]
Epoch 0:  82%|████████▏ | 1491/1812 [28:50<06:12,  0.86it/s, v_num=2ob0]
Epoch 0:  82%|████████▏ | 1492/1812 [28:51<06:11,  0.86it/s, v_num=2ob0]
Epoch 0:  82%|████████▏ | 1492/1812 [28:51<06:11,  0.86it/s, v_num=2ob0]
Epoch 0:  82%|████████▏ | 1493/1812 [28:51<06:10,  0.86it/s, v_num=2ob0]
Epoch 0:  82%|████████▏ | 1493/1812 [28:51<06:10,  0.86it/s, v_num=2ob0]
Epoch 0:  82%|████████▏ | 1494/1812 [28:52<06:08,  0.86it/s, v_num=2ob0]
Epoch 0:  82%|████████▏ | 1494/1812 [28:52<06:08,  0.86it/s, v_num=2ob0]
Epoch 0:  83%|████████▎ | 1495/1812 [28:53<06:07,  0.86it/s, v_num=2ob0]
Epoch 0:  83%|████████▎ | 1495/1812 [28:53<06:07,  0.86it/s, v_num=2ob0]
Epoch 0:  83%|████████▎ | 1496/1812 [28:53<06:06,  0.86it/s, v_num=2ob0]
Epoch 0:  83%|████████▎ | 1496/1812 [28:53<06:06,  0.86it/s, v_num=2ob0]
Epoch 0:  83%|████████▎ | 1497/1812 [28:54<06:04,  0.86it/s, v_num=2ob0]
Epoch 0:  83%|████████▎ | 1497/1812 [28:54<06:04,  0.86it/s, v_num=2ob0]
Epoch 0:  83%|████████▎ | 1498/1812 [28:54<06:03,  0.86it/s, v_num=2ob0]
Epoch 0:  83%|████████▎ | 1498/1812 [28:54<06:03,  0.86it/s, v_num=2ob0]
Epoch 0:  83%|████████▎ | 1499/1812 [28:55<06:02,  0.86it/s, v_num=2ob0]
Epoch 0:  83%|████████▎ | 1499/1812 [28:55<06:02,  0.86it/s, v_num=2ob0]
Epoch 0:  83%|████████▎ | 1500/1812 [28:56<06:01,  0.86it/s, v_num=2ob0]
Epoch 0:  83%|████████▎ | 1500/1812 [28:56<06:01,  0.86it/s, v_num=2ob0]
Epoch 0:  83%|████████▎ | 1501/1812 [29:03<06:01,  0.86it/s, v_num=2ob0]
Epoch 0:  83%|████████▎ | 1501/1812 [29:03<06:01,  0.86it/s, v_num=2ob0]
Epoch 0:  83%|████████▎ | 1502/1812 [29:04<05:59,  0.86it/s, v_num=2ob0]
Epoch 0:  83%|████████▎ | 1502/1812 [29:04<05:59,  0.86it/s, v_num=2ob0]
Epoch 0:  83%|████████▎ | 1503/1812 [29:04<05:58,  0.86it/s, v_num=2ob0]
Epoch 0:  83%|████████▎ | 1503/1812 [29:04<05:58,  0.86it/s, v_num=2ob0]
Epoch 0:  83%|████████▎ | 1504/1812 [29:05<05:57,  0.86it/s, v_num=2ob0]
Epoch 0:  83%|████████▎ | 1504/1812 [29:05<05:57,  0.86it/s, v_num=2ob0]
Epoch 0:  83%|████████▎ | 1505/1812 [29:05<05:56,  0.86it/s, v_num=2ob0]
Epoch 0:  83%|████████▎ | 1505/1812 [29:05<05:56,  0.86it/s, v_num=2ob0]
Epoch 0:  83%|████████▎ | 1506/1812 [29:06<05:54,  0.86it/s, v_num=2ob0]
Epoch 0:  83%|████████▎ | 1506/1812 [29:06<05:54,  0.86it/s, v_num=2ob0]
Epoch 0:  83%|████████▎ | 1507/1812 [29:07<05:53,  0.86it/s, v_num=2ob0]
Epoch 0:  83%|████████▎ | 1507/1812 [29:07<05:53,  0.86it/s, v_num=2ob0]
Epoch 0:  83%|████████▎ | 1508/1812 [29:07<05:52,  0.86it/s, v_num=2ob0]
Epoch 0:  83%|████████▎ | 1508/1812 [29:07<05:52,  0.86it/s, v_num=2ob0]
Epoch 0:  83%|████████▎ | 1509/1812 [29:08<05:51,  0.86it/s, v_num=2ob0]
Epoch 0:  83%|████████▎ | 1509/1812 [29:08<05:51,  0.86it/s, v_num=2ob0]
Epoch 0:  83%|████████▎ | 1510/1812 [29:08<05:49,  0.86it/s, v_num=2ob0]
Epoch 0:  83%|████████▎ | 1510/1812 [29:08<05:49,  0.86it/s, v_num=2ob0]
Epoch 0:  83%|████████▎ | 1511/1812 [29:09<05:48,  0.86it/s, v_num=2ob0]
Epoch 0:  83%|████████▎ | 1511/1812 [29:09<05:48,  0.86it/s, v_num=2ob0]
Epoch 0:  83%|████████▎ | 1512/1812 [29:10<05:47,  0.86it/s, v_num=2ob0]
Epoch 0:  83%|████████▎ | 1512/1812 [29:10<05:47,  0.86it/s, v_num=2ob0]
Epoch 0:  83%|████████▎ | 1513/1812 [29:10<05:45,  0.86it/s, v_num=2ob0]
Epoch 0:  83%|████████▎ | 1513/1812 [29:10<05:45,  0.86it/s, v_num=2ob0]
Epoch 0:  84%|████████▎ | 1514/1812 [29:11<05:44,  0.86it/s, v_num=2ob0]
Epoch 0:  84%|████████▎ | 1514/1812 [29:11<05:44,  0.86it/s, v_num=2ob0]
Epoch 0:  84%|████████▎ | 1515/1812 [29:11<05:43,  0.86it/s, v_num=2ob0]
Epoch 0:  84%|████████▎ | 1515/1812 [29:11<05:43,  0.86it/s, v_num=2ob0]
Epoch 0:  84%|████████▎ | 1516/1812 [29:12<05:42,  0.87it/s, v_num=2ob0]
Epoch 0:  84%|████████▎ | 1516/1812 [29:12<05:42,  0.87it/s, v_num=2ob0]
Epoch 0:  84%|████████▎ | 1517/1812 [29:12<05:40,  0.87it/s, v_num=2ob0]
Epoch 0:  84%|████████▎ | 1517/1812 [29:12<05:40,  0.87it/s, v_num=2ob0]
Epoch 0:  84%|████████▍ | 1518/1812 [29:13<05:39,  0.87it/s, v_num=2ob0]
Epoch 0:  84%|████████▍ | 1518/1812 [29:13<05:39,  0.87it/s, v_num=2ob0]
Epoch 0:  84%|████████▍ | 1519/1812 [29:14<05:38,  0.87it/s, v_num=2ob0]
Epoch 0:  84%|████████▍ | 1519/1812 [29:14<05:38,  0.87it/s, v_num=2ob0]
Epoch 0:  84%|████████▍ | 1520/1812 [29:14<05:37,  0.87it/s, v_num=2ob0]
Epoch 0:  84%|████████▍ | 1520/1812 [29:14<05:37,  0.87it/s, v_num=2ob0]
Epoch 0:  84%|████████▍ | 1521/1812 [29:15<05:35,  0.87it/s, v_num=2ob0]
Epoch 0:  84%|████████▍ | 1521/1812 [29:15<05:35,  0.87it/s, v_num=2ob0]
Epoch 0:  84%|████████▍ | 1522/1812 [29:15<05:34,  0.87it/s, v_num=2ob0]
Epoch 0:  84%|████████▍ | 1522/1812 [29:15<05:34,  0.87it/s, v_num=2ob0]
Epoch 0:  84%|████████▍ | 1523/1812 [29:16<05:33,  0.87it/s, v_num=2ob0]
Epoch 0:  84%|████████▍ | 1523/1812 [29:16<05:33,  0.87it/s, v_num=2ob0]
Epoch 0:  84%|████████▍ | 1524/1812 [29:17<05:32,  0.87it/s, v_num=2ob0]
Epoch 0:  84%|████████▍ | 1524/1812 [29:17<05:32,  0.87it/s, v_num=2ob0]
Epoch 0:  84%|████████▍ | 1525/1812 [29:17<05:30,  0.87it/s, v_num=2ob0]
Epoch 0:  84%|████████▍ | 1525/1812 [29:17<05:30,  0.87it/s, v_num=2ob0]
Epoch 0:  84%|████████▍ | 1526/1812 [29:18<05:29,  0.87it/s, v_num=2ob0]
Epoch 0:  84%|████████▍ | 1526/1812 [29:18<05:29,  0.87it/s, v_num=2ob0]
Epoch 0:  84%|████████▍ | 1527/1812 [29:18<05:28,  0.87it/s, v_num=2ob0]
Epoch 0:  84%|████████▍ | 1527/1812 [29:18<05:28,  0.87it/s, v_num=2ob0]
Epoch 0:  84%|████████▍ | 1528/1812 [29:19<05:27,  0.87it/s, v_num=2ob0]
Epoch 0:  84%|████████▍ | 1528/1812 [29:19<05:27,  0.87it/s, v_num=2ob0]
Epoch 0:  84%|████████▍ | 1529/1812 [29:20<05:25,  0.87it/s, v_num=2ob0]
Epoch 0:  84%|████████▍ | 1529/1812 [29:20<05:25,  0.87it/s, v_num=2ob0]
Epoch 0:  84%|████████▍ | 1530/1812 [29:20<05:24,  0.87it/s, v_num=2ob0]
Epoch 0:  84%|████████▍ | 1530/1812 [29:20<05:24,  0.87it/s, v_num=2ob0]
Epoch 0:  84%|████████▍ | 1531/1812 [29:21<05:23,  0.87it/s, v_num=2ob0]
Epoch 0:  84%|████████▍ | 1531/1812 [29:21<05:23,  0.87it/s, v_num=2ob0]
Epoch 0:  85%|████████▍ | 1532/1812 [29:21<05:22,  0.87it/s, v_num=2ob0]
Epoch 0:  85%|████████▍ | 1532/1812 [29:21<05:22,  0.87it/s, v_num=2ob0]
Epoch 0:  85%|████████▍ | 1533/1812 [29:22<05:20,  0.87it/s, v_num=2ob0]
Epoch 0:  85%|████████▍ | 1533/1812 [29:22<05:20,  0.87it/s, v_num=2ob0]
Epoch 0:  85%|████████▍ | 1534/1812 [29:23<05:19,  0.87it/s, v_num=2ob0]
Epoch 0:  85%|████████▍ | 1534/1812 [29:23<05:19,  0.87it/s, v_num=2ob0]
Epoch 0:  85%|████████▍ | 1535/1812 [29:23<05:18,  0.87it/s, v_num=2ob0]
Epoch 0:  85%|████████▍ | 1535/1812 [29:23<05:18,  0.87it/s, v_num=2ob0]
Epoch 0:  85%|████████▍ | 1536/1812 [29:24<05:17,  0.87it/s, v_num=2ob0]
Epoch 0:  85%|████████▍ | 1536/1812 [29:24<05:17,  0.87it/s, v_num=2ob0]
Epoch 0:  85%|████████▍ | 1537/1812 [29:24<05:15,  0.87it/s, v_num=2ob0]
Epoch 0:  85%|████████▍ | 1537/1812 [29:24<05:15,  0.87it/s, v_num=2ob0]
Epoch 0:  85%|████████▍ | 1538/1812 [29:25<05:14,  0.87it/s, v_num=2ob0]
Epoch 0:  85%|████████▍ | 1538/1812 [29:25<05:14,  0.87it/s, v_num=2ob0]
Epoch 0:  85%|████████▍ | 1539/1812 [29:25<05:13,  0.87it/s, v_num=2ob0]
Epoch 0:  85%|████████▍ | 1539/1812 [29:25<05:13,  0.87it/s, v_num=2ob0]
Epoch 0:  85%|████████▍ | 1540/1812 [29:26<05:12,  0.87it/s, v_num=2ob0]
Epoch 0:  85%|████████▍ | 1540/1812 [29:26<05:12,  0.87it/s, v_num=2ob0]
Epoch 0:  85%|████████▌ | 1541/1812 [29:27<05:10,  0.87it/s, v_num=2ob0]
Epoch 0:  85%|████████▌ | 1541/1812 [29:27<05:10,  0.87it/s, v_num=2ob0]
Epoch 0:  85%|████████▌ | 1542/1812 [29:27<05:09,  0.87it/s, v_num=2ob0]
Epoch 0:  85%|████████▌ | 1542/1812 [29:27<05:09,  0.87it/s, v_num=2ob0]
Epoch 0:  85%|████████▌ | 1543/1812 [29:28<05:08,  0.87it/s, v_num=2ob0]
Epoch 0:  85%|████████▌ | 1543/1812 [29:28<05:08,  0.87it/s, v_num=2ob0]
Epoch 0:  85%|████████▌ | 1544/1812 [29:28<05:07,  0.87it/s, v_num=2ob0]
Epoch 0:  85%|████████▌ | 1544/1812 [29:28<05:07,  0.87it/s, v_num=2ob0]
Epoch 0:  85%|████████▌ | 1545/1812 [29:29<05:05,  0.87it/s, v_num=2ob0]
Epoch 0:  85%|████████▌ | 1545/1812 [29:29<05:05,  0.87it/s, v_num=2ob0]
Epoch 0:  85%|████████▌ | 1546/1812 [29:37<05:05,  0.87it/s, v_num=2ob0]
Epoch 0:  85%|████████▌ | 1546/1812 [29:37<05:05,  0.87it/s, v_num=2ob0]
Epoch 0:  85%|████████▌ | 1547/1812 [29:38<05:04,  0.87it/s, v_num=2ob0]
Epoch 0:  85%|████████▌ | 1547/1812 [29:38<05:04,  0.87it/s, v_num=2ob0]
Epoch 0:  85%|████████▌ | 1548/1812 [29:39<05:03,  0.87it/s, v_num=2ob0]
Epoch 0:  85%|████████▌ | 1548/1812 [29:39<05:03,  0.87it/s, v_num=2ob0]
Epoch 0:  85%|████████▌ | 1549/1812 [29:39<05:02,  0.87it/s, v_num=2ob0]
Epoch 0:  85%|████████▌ | 1549/1812 [29:39<05:02,  0.87it/s, v_num=2ob0]
Epoch 0:  86%|████████▌ | 1550/1812 [29:40<05:00,  0.87it/s, v_num=2ob0]
Epoch 0:  86%|████████▌ | 1550/1812 [29:40<05:00,  0.87it/s, v_num=2ob0]
Epoch 0:  86%|████████▌ | 1551/1812 [29:40<04:59,  0.87it/s, v_num=2ob0]
Epoch 0:  86%|████████▌ | 1551/1812 [29:40<04:59,  0.87it/s, v_num=2ob0]
Epoch 0:  86%|████████▌ | 1552/1812 [29:41<04:58,  0.87it/s, v_num=2ob0]
Epoch 0:  86%|████████▌ | 1552/1812 [29:41<04:58,  0.87it/s, v_num=2ob0]
Epoch 0:  86%|████████▌ | 1553/1812 [29:42<04:57,  0.87it/s, v_num=2ob0]
Epoch 0:  86%|████████▌ | 1553/1812 [29:42<04:57,  0.87it/s, v_num=2ob0]
Epoch 0:  86%|████████▌ | 1554/1812 [29:42<04:55,  0.87it/s, v_num=2ob0]
Epoch 0:  86%|████████▌ | 1554/1812 [29:42<04:55,  0.87it/s, v_num=2ob0]
Epoch 0:  86%|████████▌ | 1555/1812 [29:43<04:54,  0.87it/s, v_num=2ob0]
Epoch 0:  86%|████████▌ | 1555/1812 [29:43<04:54,  0.87it/s, v_num=2ob0]
Epoch 0:  86%|████████▌ | 1556/1812 [29:43<04:53,  0.87it/s, v_num=2ob0]
Epoch 0:  86%|████████▌ | 1556/1812 [29:43<04:53,  0.87it/s, v_num=2ob0]
Epoch 0:  86%|████████▌ | 1557/1812 [29:44<04:52,  0.87it/s, v_num=2ob0]
Epoch 0:  86%|████████▌ | 1557/1812 [29:44<04:52,  0.87it/s, v_num=2ob0]
Epoch 0:  86%|████████▌ | 1558/1812 [29:45<04:51,  0.87it/s, v_num=2ob0]
Epoch 0:  86%|████████▌ | 1558/1812 [29:45<04:51,  0.87it/s, v_num=2ob0]
Epoch 0:  86%|████████▌ | 1559/1812 [29:45<04:49,  0.87it/s, v_num=2ob0]
Epoch 0:  86%|████████▌ | 1559/1812 [29:45<04:49,  0.87it/s, v_num=2ob0]
Epoch 0:  86%|████████▌ | 1560/1812 [29:46<04:48,  0.87it/s, v_num=2ob0]
Epoch 0:  86%|████████▌ | 1560/1812 [29:46<04:48,  0.87it/s, v_num=2ob0]
Epoch 0:  86%|████████▌ | 1561/1812 [29:46<04:47,  0.87it/s, v_num=2ob0]
Epoch 0:  86%|████████▌ | 1561/1812 [29:46<04:47,  0.87it/s, v_num=2ob0]
Epoch 0:  86%|████████▌ | 1562/1812 [29:47<04:46,  0.87it/s, v_num=2ob0]
Epoch 0:  86%|████████▌ | 1562/1812 [29:47<04:46,  0.87it/s, v_num=2ob0]
Epoch 0:  86%|████████▋ | 1563/1812 [29:48<04:44,  0.87it/s, v_num=2ob0]
Epoch 0:  86%|████████▋ | 1563/1812 [29:48<04:44,  0.87it/s, v_num=2ob0]
Epoch 0:  86%|████████▋ | 1564/1812 [29:48<04:43,  0.87it/s, v_num=2ob0]
Epoch 0:  86%|████████▋ | 1564/1812 [29:48<04:43,  0.87it/s, v_num=2ob0]
Epoch 0:  86%|████████▋ | 1565/1812 [29:49<04:42,  0.87it/s, v_num=2ob0]
Epoch 0:  86%|████████▋ | 1565/1812 [29:49<04:42,  0.87it/s, v_num=2ob0]
Epoch 0:  86%|████████▋ | 1566/1812 [29:49<04:41,  0.87it/s, v_num=2ob0]
Epoch 0:  86%|████████▋ | 1566/1812 [29:49<04:41,  0.87it/s, v_num=2ob0]
Epoch 0:  86%|████████▋ | 1567/1812 [29:50<04:39,  0.88it/s, v_num=2ob0]
Epoch 0:  86%|████████▋ | 1567/1812 [29:50<04:39,  0.88it/s, v_num=2ob0]
Epoch 0:  87%|████████▋ | 1568/1812 [29:50<04:38,  0.88it/s, v_num=2ob0]
Epoch 0:  87%|████████▋ | 1568/1812 [29:50<04:38,  0.88it/s, v_num=2ob0]
Epoch 0:  87%|████████▋ | 1569/1812 [29:51<04:37,  0.88it/s, v_num=2ob0]
Epoch 0:  87%|████████▋ | 1569/1812 [29:51<04:37,  0.88it/s, v_num=2ob0]
Epoch 0:  87%|████████▋ | 1570/1812 [29:52<04:36,  0.88it/s, v_num=2ob0]
Epoch 0:  87%|████████▋ | 1570/1812 [29:52<04:36,  0.88it/s, v_num=2ob0]
Epoch 0:  87%|████████▋ | 1571/1812 [29:52<04:35,  0.88it/s, v_num=2ob0]
Epoch 0:  87%|████████▋ | 1571/1812 [29:52<04:35,  0.88it/s, v_num=2ob0]
Epoch 0:  87%|████████▋ | 1572/1812 [29:53<04:33,  0.88it/s, v_num=2ob0]
Epoch 0:  87%|████████▋ | 1572/1812 [29:53<04:33,  0.88it/s, v_num=2ob0]
Epoch 0:  87%|████████▋ | 1573/1812 [29:53<04:32,  0.88it/s, v_num=2ob0]
Epoch 0:  87%|████████▋ | 1573/1812 [29:53<04:32,  0.88it/s, v_num=2ob0]
Epoch 0:  87%|████████▋ | 1574/1812 [29:54<04:31,  0.88it/s, v_num=2ob0]
Epoch 0:  87%|████████▋ | 1574/1812 [29:54<04:31,  0.88it/s, v_num=2ob0]
Epoch 0:  87%|████████▋ | 1575/1812 [29:55<04:30,  0.88it/s, v_num=2ob0]
Epoch 0:  87%|████████▋ | 1575/1812 [29:55<04:30,  0.88it/s, v_num=2ob0]
Epoch 0:  87%|████████▋ | 1576/1812 [29:55<04:28,  0.88it/s, v_num=2ob0]
Epoch 0:  87%|████████▋ | 1576/1812 [29:55<04:28,  0.88it/s, v_num=2ob0]
Epoch 0:  87%|████████▋ | 1577/1812 [29:56<04:27,  0.88it/s, v_num=2ob0]
Epoch 0:  87%|████████▋ | 1577/1812 [29:56<04:27,  0.88it/s, v_num=2ob0]
Epoch 0:  87%|████████▋ | 1578/1812 [29:56<04:26,  0.88it/s, v_num=2ob0]
Epoch 0:  87%|████████▋ | 1578/1812 [29:56<04:26,  0.88it/s, v_num=2ob0]
Epoch 0:  87%|████████▋ | 1579/1812 [29:57<04:25,  0.88it/s, v_num=2ob0]
Epoch 0:  87%|████████▋ | 1579/1812 [29:57<04:25,  0.88it/s, v_num=2ob0]
Epoch 0:  87%|████████▋ | 1580/1812 [29:58<04:24,  0.88it/s, v_num=2ob0]
Epoch 0:  87%|████████▋ | 1580/1812 [29:58<04:24,  0.88it/s, v_num=2ob0]
Epoch 0:  87%|████████▋ | 1581/1812 [29:58<04:22,  0.88it/s, v_num=2ob0]
Epoch 0:  87%|████████▋ | 1581/1812 [29:58<04:22,  0.88it/s, v_num=2ob0]
Epoch 0:  87%|████████▋ | 1582/1812 [29:59<04:21,  0.88it/s, v_num=2ob0]
Epoch 0:  87%|████████▋ | 1582/1812 [29:59<04:21,  0.88it/s, v_num=2ob0]
Epoch 0:  87%|████████▋ | 1583/1812 [29:59<04:20,  0.88it/s, v_num=2ob0]
Epoch 0:  87%|████████▋ | 1583/1812 [29:59<04:20,  0.88it/s, v_num=2ob0]
Epoch 0:  87%|████████▋ | 1584/1812 [30:00<04:19,  0.88it/s, v_num=2ob0]
Epoch 0:  87%|████████▋ | 1584/1812 [30:00<04:19,  0.88it/s, v_num=2ob0]
Epoch 0:  87%|████████▋ | 1585/1812 [30:01<04:17,  0.88it/s, v_num=2ob0]
Epoch 0:  87%|████████▋ | 1585/1812 [30:01<04:17,  0.88it/s, v_num=2ob0]
Epoch 0:  88%|████████▊ | 1586/1812 [30:01<04:16,  0.88it/s, v_num=2ob0]
Epoch 0:  88%|████████▊ | 1586/1812 [30:01<04:16,  0.88it/s, v_num=2ob0]
Epoch 0:  88%|████████▊ | 1587/1812 [30:02<04:15,  0.88it/s, v_num=2ob0]
Epoch 0:  88%|████████▊ | 1587/1812 [30:02<04:15,  0.88it/s, v_num=2ob0]
Epoch 0:  88%|████████▊ | 1588/1812 [30:02<04:14,  0.88it/s, v_num=2ob0]
Epoch 0:  88%|████████▊ | 1588/1812 [30:02<04:14,  0.88it/s, v_num=2ob0]
Epoch 0:  88%|████████▊ | 1589/1812 [30:03<04:13,  0.88it/s, v_num=2ob0]
Epoch 0:  88%|████████▊ | 1589/1812 [30:03<04:13,  0.88it/s, v_num=2ob0]
Epoch 0:  88%|████████▊ | 1590/1812 [30:03<04:11,  0.88it/s, v_num=2ob0]
Epoch 0:  88%|████████▊ | 1590/1812 [30:03<04:11,  0.88it/s, v_num=2ob0]
Epoch 0:  88%|████████▊ | 1591/1812 [30:04<04:10,  0.88it/s, v_num=2ob0]
Epoch 0:  88%|████████▊ | 1591/1812 [30:04<04:10,  0.88it/s, v_num=2ob0]
Epoch 0:  88%|████████▊ | 1592/1812 [30:05<04:09,  0.88it/s, v_num=2ob0]
Epoch 0:  88%|████████▊ | 1592/1812 [30:05<04:09,  0.88it/s, v_num=2ob0]
Epoch 0:  88%|████████▊ | 1593/1812 [30:05<04:08,  0.88it/s, v_num=2ob0]
Epoch 0:  88%|████████▊ | 1593/1812 [30:05<04:08,  0.88it/s, v_num=2ob0]
Epoch 0:  88%|████████▊ | 1594/1812 [30:13<04:08,  0.88it/s, v_num=2ob0]
Epoch 0:  88%|████████▊ | 1594/1812 [30:13<04:08,  0.88it/s, v_num=2ob0]
Epoch 0:  88%|████████▊ | 1595/1812 [30:14<04:06,  0.88it/s, v_num=2ob0]
Epoch 0:  88%|████████▊ | 1595/1812 [30:14<04:06,  0.88it/s, v_num=2ob0]
Epoch 0:  88%|████████▊ | 1596/1812 [30:14<04:05,  0.88it/s, v_num=2ob0]
Epoch 0:  88%|████████▊ | 1596/1812 [30:14<04:05,  0.88it/s, v_num=2ob0]
Epoch 0:  88%|████████▊ | 1597/1812 [30:15<04:04,  0.88it/s, v_num=2ob0]
Epoch 0:  88%|████████▊ | 1597/1812 [30:15<04:04,  0.88it/s, v_num=2ob0]
Epoch 0:  88%|████████▊ | 1598/1812 [30:15<04:03,  0.88it/s, v_num=2ob0]
Epoch 0:  88%|████████▊ | 1598/1812 [30:15<04:03,  0.88it/s, v_num=2ob0]
Epoch 0:  88%|████████▊ | 1599/1812 [30:16<04:01,  0.88it/s, v_num=2ob0]
Epoch 0:  88%|████████▊ | 1599/1812 [30:16<04:01,  0.88it/s, v_num=2ob0]
Epoch 0:  88%|████████▊ | 1600/1812 [30:17<04:00,  0.88it/s, v_num=2ob0]
Epoch 0:  88%|████████▊ | 1600/1812 [30:17<04:00,  0.88it/s, v_num=2ob0]
Epoch 0:  88%|████████▊ | 1601/1812 [30:17<03:59,  0.88it/s, v_num=2ob0]
Epoch 0:  88%|████████▊ | 1601/1812 [30:17<03:59,  0.88it/s, v_num=2ob0]
Epoch 0:  88%|████████▊ | 1602/1812 [30:18<03:58,  0.88it/s, v_num=2ob0]
Epoch 0:  88%|████████▊ | 1602/1812 [30:18<03:58,  0.88it/s, v_num=2ob0]
Epoch 0:  88%|████████▊ | 1603/1812 [30:18<03:57,  0.88it/s, v_num=2ob0]
Epoch 0:  88%|████████▊ | 1603/1812 [30:18<03:57,  0.88it/s, v_num=2ob0]
Epoch 0:  89%|████████▊ | 1604/1812 [30:19<03:55,  0.88it/s, v_num=2ob0]
Epoch 0:  89%|████████▊ | 1604/1812 [30:19<03:55,  0.88it/s, v_num=2ob0]
Epoch 0:  89%|████████▊ | 1605/1812 [30:20<03:54,  0.88it/s, v_num=2ob0]
Epoch 0:  89%|████████▊ | 1605/1812 [30:20<03:54,  0.88it/s, v_num=2ob0]
Epoch 0:  89%|████████▊ | 1606/1812 [30:20<03:53,  0.88it/s, v_num=2ob0]
Epoch 0:  89%|████████▊ | 1606/1812 [30:20<03:53,  0.88it/s, v_num=2ob0]
Epoch 0:  89%|████████▊ | 1607/1812 [30:21<03:52,  0.88it/s, v_num=2ob0]
Epoch 0:  89%|████████▊ | 1607/1812 [30:21<03:52,  0.88it/s, v_num=2ob0]
Epoch 0:  89%|████████▊ | 1608/1812 [30:21<03:51,  0.88it/s, v_num=2ob0]
Epoch 0:  89%|████████▊ | 1608/1812 [30:21<03:51,  0.88it/s, v_num=2ob0]
Epoch 0:  89%|████████▉ | 1609/1812 [30:22<03:49,  0.88it/s, v_num=2ob0]
Epoch 0:  89%|████████▉ | 1609/1812 [30:22<03:49,  0.88it/s, v_num=2ob0]
Epoch 0:  89%|████████▉ | 1610/1812 [30:22<03:48,  0.88it/s, v_num=2ob0]
Epoch 0:  89%|████████▉ | 1610/1812 [30:22<03:48,  0.88it/s, v_num=2ob0]
Epoch 0:  89%|████████▉ | 1611/1812 [30:23<03:47,  0.88it/s, v_num=2ob0]
Epoch 0:  89%|████████▉ | 1611/1812 [30:23<03:47,  0.88it/s, v_num=2ob0]
Epoch 0:  89%|████████▉ | 1612/1812 [30:24<03:46,  0.88it/s, v_num=2ob0]
Epoch 0:  89%|████████▉ | 1612/1812 [30:24<03:46,  0.88it/s, v_num=2ob0]
Epoch 0:  89%|████████▉ | 1613/1812 [30:24<03:45,  0.88it/s, v_num=2ob0]
Epoch 0:  89%|████████▉ | 1613/1812 [30:24<03:45,  0.88it/s, v_num=2ob0]
Epoch 0:  89%|████████▉ | 1614/1812 [30:25<03:43,  0.88it/s, v_num=2ob0]
Epoch 0:  89%|████████▉ | 1614/1812 [30:25<03:43,  0.88it/s, v_num=2ob0]
Epoch 0:  89%|████████▉ | 1615/1812 [30:25<03:42,  0.88it/s, v_num=2ob0]
Epoch 0:  89%|████████▉ | 1615/1812 [30:25<03:42,  0.88it/s, v_num=2ob0]
Epoch 0:  89%|████████▉ | 1616/1812 [30:26<03:41,  0.88it/s, v_num=2ob0]
Epoch 0:  89%|████████▉ | 1616/1812 [30:26<03:41,  0.88it/s, v_num=2ob0]
Epoch 0:  89%|████████▉ | 1617/1812 [30:27<03:40,  0.89it/s, v_num=2ob0]
Epoch 0:  89%|████████▉ | 1617/1812 [30:27<03:40,  0.89it/s, v_num=2ob0]
Epoch 0:  89%|████████▉ | 1618/1812 [30:27<03:39,  0.89it/s, v_num=2ob0]
Epoch 0:  89%|████████▉ | 1618/1812 [30:27<03:39,  0.89it/s, v_num=2ob0]
Epoch 0:  89%|████████▉ | 1619/1812 [30:28<03:37,  0.89it/s, v_num=2ob0]
Epoch 0:  89%|████████▉ | 1619/1812 [30:28<03:37,  0.89it/s, v_num=2ob0]
Epoch 0:  89%|████████▉ | 1620/1812 [30:28<03:36,  0.89it/s, v_num=2ob0]
Epoch 0:  89%|████████▉ | 1620/1812 [30:28<03:36,  0.89it/s, v_num=2ob0]
Epoch 0:  89%|████████▉ | 1621/1812 [30:29<03:35,  0.89it/s, v_num=2ob0]
Epoch 0:  89%|████████▉ | 1621/1812 [30:29<03:35,  0.89it/s, v_num=2ob0]
Epoch 0:  90%|████████▉ | 1622/1812 [30:30<03:34,  0.89it/s, v_num=2ob0]
Epoch 0:  90%|████████▉ | 1622/1812 [30:30<03:34,  0.89it/s, v_num=2ob0]
Epoch 0:  90%|████████▉ | 1623/1812 [30:30<03:33,  0.89it/s, v_num=2ob0]
Epoch 0:  90%|████████▉ | 1623/1812 [30:30<03:33,  0.89it/s, v_num=2ob0]
Epoch 0:  90%|████████▉ | 1624/1812 [30:31<03:31,  0.89it/s, v_num=2ob0]
Epoch 0:  90%|████████▉ | 1624/1812 [30:31<03:31,  0.89it/s, v_num=2ob0]
Epoch 0:  90%|████████▉ | 1625/1812 [30:31<03:30,  0.89it/s, v_num=2ob0]
Epoch 0:  90%|████████▉ | 1625/1812 [30:31<03:30,  0.89it/s, v_num=2ob0]
Epoch 0:  90%|████████▉ | 1626/1812 [30:32<03:29,  0.89it/s, v_num=2ob0]
Epoch 0:  90%|████████▉ | 1626/1812 [30:32<03:29,  0.89it/s, v_num=2ob0]
Epoch 0:  90%|████████▉ | 1627/1812 [30:33<03:28,  0.89it/s, v_num=2ob0]
Epoch 0:  90%|████████▉ | 1627/1812 [30:33<03:28,  0.89it/s, v_num=2ob0]
Epoch 0:  90%|████████▉ | 1628/1812 [30:33<03:27,  0.89it/s, v_num=2ob0]
Epoch 0:  90%|████████▉ | 1628/1812 [30:33<03:27,  0.89it/s, v_num=2ob0]
Epoch 0:  90%|████████▉ | 1629/1812 [30:34<03:26,  0.89it/s, v_num=2ob0]
Epoch 0:  90%|████████▉ | 1629/1812 [30:34<03:26,  0.89it/s, v_num=2ob0]
Epoch 0:  90%|████████▉ | 1630/1812 [30:34<03:24,  0.89it/s, v_num=2ob0]
Epoch 0:  90%|████████▉ | 1630/1812 [30:34<03:24,  0.89it/s, v_num=2ob0]
Epoch 0:  90%|█████████ | 1631/1812 [30:35<03:23,  0.89it/s, v_num=2ob0]
Epoch 0:  90%|█████████ | 1631/1812 [30:35<03:23,  0.89it/s, v_num=2ob0]
Epoch 0:  90%|█████████ | 1632/1812 [30:35<03:22,  0.89it/s, v_num=2ob0]
Epoch 0:  90%|█████████ | 1632/1812 [30:35<03:22,  0.89it/s, v_num=2ob0]
Epoch 0:  90%|█████████ | 1633/1812 [30:36<03:21,  0.89it/s, v_num=2ob0]
Epoch 0:  90%|█████████ | 1633/1812 [30:36<03:21,  0.89it/s, v_num=2ob0]
Epoch 0:  90%|█████████ | 1634/1812 [30:37<03:20,  0.89it/s, v_num=2ob0]
Epoch 0:  90%|█████████ | 1634/1812 [30:37<03:20,  0.89it/s, v_num=2ob0]
Epoch 0:  90%|█████████ | 1635/1812 [30:37<03:18,  0.89it/s, v_num=2ob0]
Epoch 0:  90%|█████████ | 1635/1812 [30:37<03:18,  0.89it/s, v_num=2ob0]
Epoch 0:  90%|█████████ | 1636/1812 [30:38<03:17,  0.89it/s, v_num=2ob0]
Epoch 0:  90%|█████████ | 1636/1812 [30:38<03:17,  0.89it/s, v_num=2ob0]
Epoch 0:  90%|█████████ | 1637/1812 [30:38<03:16,  0.89it/s, v_num=2ob0]
Epoch 0:  90%|█████████ | 1637/1812 [30:38<03:16,  0.89it/s, v_num=2ob0]
Epoch 0:  90%|█████████ | 1638/1812 [30:39<03:15,  0.89it/s, v_num=2ob0]
Epoch 0:  90%|█████████ | 1638/1812 [30:39<03:15,  0.89it/s, v_num=2ob0]
Epoch 0:  90%|█████████ | 1639/1812 [30:48<03:15,  0.89it/s, v_num=2ob0]
Epoch 0:  90%|█████████ | 1639/1812 [30:48<03:15,  0.89it/s, v_num=2ob0]
Epoch 0:  91%|█████████ | 1640/1812 [30:48<03:13,  0.89it/s, v_num=2ob0]
Epoch 0:  91%|█████████ | 1640/1812 [30:48<03:13,  0.89it/s, v_num=2ob0]
Epoch 0:  91%|█████████ | 1641/1812 [30:49<03:12,  0.89it/s, v_num=2ob0]
Epoch 0:  91%|█████████ | 1641/1812 [30:49<03:12,  0.89it/s, v_num=2ob0]
Epoch 0:  91%|█████████ | 1642/1812 [30:50<03:11,  0.89it/s, v_num=2ob0]
Epoch 0:  91%|█████████ | 1642/1812 [30:50<03:11,  0.89it/s, v_num=2ob0]
Epoch 0:  91%|█████████ | 1643/1812 [30:50<03:10,  0.89it/s, v_num=2ob0]
Epoch 0:  91%|█████████ | 1643/1812 [30:50<03:10,  0.89it/s, v_num=2ob0]
Epoch 0:  91%|█████████ | 1644/1812 [30:51<03:09,  0.89it/s, v_num=2ob0]
Epoch 0:  91%|█████████ | 1644/1812 [30:51<03:09,  0.89it/s, v_num=2ob0]
Epoch 0:  91%|█████████ | 1645/1812 [30:51<03:08,  0.89it/s, v_num=2ob0]
Epoch 0:  91%|█████████ | 1645/1812 [30:51<03:08,  0.89it/s, v_num=2ob0]
Epoch 0:  91%|█████████ | 1646/1812 [30:52<03:06,  0.89it/s, v_num=2ob0]
Epoch 0:  91%|█████████ | 1646/1812 [30:52<03:06,  0.89it/s, v_num=2ob0]
Epoch 0:  91%|█████████ | 1647/1812 [30:53<03:05,  0.89it/s, v_num=2ob0]
Epoch 0:  91%|█████████ | 1647/1812 [30:53<03:05,  0.89it/s, v_num=2ob0]
Epoch 0:  91%|█████████ | 1648/1812 [30:53<03:04,  0.89it/s, v_num=2ob0]
Epoch 0:  91%|█████████ | 1648/1812 [30:53<03:04,  0.89it/s, v_num=2ob0]
Epoch 0:  91%|█████████ | 1649/1812 [30:54<03:03,  0.89it/s, v_num=2ob0]
Epoch 0:  91%|█████████ | 1649/1812 [30:54<03:03,  0.89it/s, v_num=2ob0]
Epoch 0:  91%|█████████ | 1650/1812 [30:54<03:02,  0.89it/s, v_num=2ob0]
Epoch 0:  91%|█████████ | 1650/1812 [30:54<03:02,  0.89it/s, v_num=2ob0]
Epoch 0:  91%|█████████ | 1651/1812 [30:55<03:00,  0.89it/s, v_num=2ob0]
Epoch 0:  91%|█████████ | 1651/1812 [30:55<03:00,  0.89it/s, v_num=2ob0]
Epoch 0:  91%|█████████ | 1652/1812 [30:56<02:59,  0.89it/s, v_num=2ob0]
Epoch 0:  91%|█████████ | 1652/1812 [30:56<02:59,  0.89it/s, v_num=2ob0]
Epoch 0:  91%|█████████ | 1653/1812 [30:56<02:58,  0.89it/s, v_num=2ob0]
Epoch 0:  91%|█████████ | 1653/1812 [30:56<02:58,  0.89it/s, v_num=2ob0]
Epoch 0:  91%|█████████▏| 1654/1812 [30:57<02:57,  0.89it/s, v_num=2ob0]
Epoch 0:  91%|█████████▏| 1654/1812 [30:57<02:57,  0.89it/s, v_num=2ob0]
Epoch 0:  91%|█████████▏| 1655/1812 [30:57<02:56,  0.89it/s, v_num=2ob0]
Epoch 0:  91%|█████████▏| 1655/1812 [30:57<02:56,  0.89it/s, v_num=2ob0]
Epoch 0:  91%|█████████▏| 1656/1812 [30:58<02:55,  0.89it/s, v_num=2ob0]
Epoch 0:  91%|█████████▏| 1656/1812 [30:58<02:55,  0.89it/s, v_num=2ob0]
Epoch 0:  91%|█████████▏| 1657/1812 [30:59<02:53,  0.89it/s, v_num=2ob0]
Epoch 0:  91%|█████████▏| 1657/1812 [30:59<02:53,  0.89it/s, v_num=2ob0]
Epoch 0:  92%|█████████▏| 1658/1812 [30:59<02:52,  0.89it/s, v_num=2ob0]
Epoch 0:  92%|█████████▏| 1658/1812 [30:59<02:52,  0.89it/s, v_num=2ob0]
Epoch 0:  92%|█████████▏| 1659/1812 [31:00<02:51,  0.89it/s, v_num=2ob0]
Epoch 0:  92%|█████████▏| 1659/1812 [31:00<02:51,  0.89it/s, v_num=2ob0]
Epoch 0:  92%|█████████▏| 1660/1812 [31:00<02:50,  0.89it/s, v_num=2ob0]
Epoch 0:  92%|█████████▏| 1660/1812 [31:00<02:50,  0.89it/s, v_num=2ob0]
Epoch 0:  92%|█████████▏| 1661/1812 [31:01<02:49,  0.89it/s, v_num=2ob0]
Epoch 0:  92%|█████████▏| 1661/1812 [31:01<02:49,  0.89it/s, v_num=2ob0]
Epoch 0:  92%|█████████▏| 1662/1812 [31:01<02:48,  0.89it/s, v_num=2ob0]
Epoch 0:  92%|█████████▏| 1662/1812 [31:01<02:48,  0.89it/s, v_num=2ob0]
Epoch 0:  92%|█████████▏| 1663/1812 [31:02<02:46,  0.89it/s, v_num=2ob0]
Epoch 0:  92%|█████████▏| 1663/1812 [31:02<02:46,  0.89it/s, v_num=2ob0]
Epoch 0:  92%|█████████▏| 1664/1812 [31:03<02:45,  0.89it/s, v_num=2ob0]
Epoch 0:  92%|█████████▏| 1664/1812 [31:03<02:45,  0.89it/s, v_num=2ob0]
Epoch 0:  92%|█████████▏| 1665/1812 [31:03<02:44,  0.89it/s, v_num=2ob0]
Epoch 0:  92%|█████████▏| 1665/1812 [31:03<02:44,  0.89it/s, v_num=2ob0]
Epoch 0:  92%|█████████▏| 1666/1812 [31:04<02:43,  0.89it/s, v_num=2ob0]
Epoch 0:  92%|█████████▏| 1666/1812 [31:04<02:43,  0.89it/s, v_num=2ob0]
Epoch 0:  92%|█████████▏| 1667/1812 [31:04<02:42,  0.89it/s, v_num=2ob0]
Epoch 0:  92%|█████████▏| 1667/1812 [31:04<02:42,  0.89it/s, v_num=2ob0]
Epoch 0:  92%|█████████▏| 1668/1812 [31:05<02:41,  0.89it/s, v_num=2ob0]
Epoch 0:  92%|█████████▏| 1668/1812 [31:05<02:41,  0.89it/s, v_num=2ob0]
Epoch 0:  92%|█████████▏| 1669/1812 [31:06<02:39,  0.89it/s, v_num=2ob0]
Epoch 0:  92%|█████████▏| 1669/1812 [31:06<02:39,  0.89it/s, v_num=2ob0]
Epoch 0:  92%|█████████▏| 1670/1812 [31:06<02:38,  0.89it/s, v_num=2ob0]
Epoch 0:  92%|█████████▏| 1670/1812 [31:06<02:38,  0.89it/s, v_num=2ob0]
Epoch 0:  92%|█████████▏| 1671/1812 [31:07<02:37,  0.89it/s, v_num=2ob0]
Epoch 0:  92%|█████████▏| 1671/1812 [31:07<02:37,  0.89it/s, v_num=2ob0]
Epoch 0:  92%|█████████▏| 1672/1812 [31:07<02:36,  0.90it/s, v_num=2ob0]
Epoch 0:  92%|█████████▏| 1672/1812 [31:07<02:36,  0.90it/s, v_num=2ob0]
Epoch 0:  92%|█████████▏| 1673/1812 [31:08<02:35,  0.90it/s, v_num=2ob0]
Epoch 0:  92%|█████████▏| 1673/1812 [31:08<02:35,  0.90it/s, v_num=2ob0]
Epoch 0:  92%|█████████▏| 1674/1812 [31:09<02:34,  0.90it/s, v_num=2ob0]
Epoch 0:  92%|█████████▏| 1674/1812 [31:09<02:34,  0.90it/s, v_num=2ob0]
Epoch 0:  92%|█████████▏| 1675/1812 [31:09<02:32,  0.90it/s, v_num=2ob0]
Epoch 0:  92%|█████████▏| 1675/1812 [31:09<02:32,  0.90it/s, v_num=2ob0]
Epoch 0:  92%|█████████▏| 1676/1812 [31:10<02:31,  0.90it/s, v_num=2ob0]
Epoch 0:  92%|█████████▏| 1676/1812 [31:10<02:31,  0.90it/s, v_num=2ob0]
Epoch 0:  93%|█████████▎| 1677/1812 [31:10<02:30,  0.90it/s, v_num=2ob0]
Epoch 0:  93%|█████████▎| 1677/1812 [31:10<02:30,  0.90it/s, v_num=2ob0]
Epoch 0:  93%|█████████▎| 1678/1812 [31:11<02:29,  0.90it/s, v_num=2ob0]
Epoch 0:  93%|█████████▎| 1678/1812 [31:11<02:29,  0.90it/s, v_num=2ob0]
Epoch 0:  93%|█████████▎| 1679/1812 [31:12<02:28,  0.90it/s, v_num=2ob0]
Epoch 0:  93%|█████████▎| 1679/1812 [31:12<02:28,  0.90it/s, v_num=2ob0]
Epoch 0:  93%|█████████▎| 1680/1812 [31:12<02:27,  0.90it/s, v_num=2ob0]
Epoch 0:  93%|█████████▎| 1680/1812 [31:12<02:27,  0.90it/s, v_num=2ob0]
Epoch 0:  93%|█████████▎| 1681/1812 [31:13<02:25,  0.90it/s, v_num=2ob0]
Epoch 0:  93%|█████████▎| 1681/1812 [31:13<02:25,  0.90it/s, v_num=2ob0]
Epoch 0:  93%|█████████▎| 1682/1812 [31:13<02:24,  0.90it/s, v_num=2ob0]
Epoch 0:  93%|█████████▎| 1682/1812 [31:13<02:24,  0.90it/s, v_num=2ob0]
Epoch 0:  93%|█████████▎| 1683/1812 [31:14<02:23,  0.90it/s, v_num=2ob0]
Epoch 0:  93%|█████████▎| 1683/1812 [31:14<02:23,  0.90it/s, v_num=2ob0]
Epoch 0:  93%|█████████▎| 1684/1812 [31:14<02:22,  0.90it/s, v_num=2ob0]
Epoch 0:  93%|█████████▎| 1684/1812 [31:14<02:22,  0.90it/s, v_num=2ob0]
Epoch 0:  93%|█████████▎| 1685/1812 [31:15<02:21,  0.90it/s, v_num=2ob0]
Epoch 0:  93%|█████████▎| 1685/1812 [31:15<02:21,  0.90it/s, v_num=2ob0]
Epoch 0:  93%|█████████▎| 1686/1812 [31:16<02:20,  0.90it/s, v_num=2ob0]
Epoch 0:  93%|█████████▎| 1686/1812 [31:16<02:20,  0.90it/s, v_num=2ob0]
Epoch 0:  93%|█████████▎| 1687/1812 [31:25<02:19,  0.89it/s, v_num=2ob0]
Epoch 0:  93%|█████████▎| 1687/1812 [31:25<02:19,  0.89it/s, v_num=2ob0]
Epoch 0:  93%|█████████▎| 1688/1812 [31:26<02:18,  0.89it/s, v_num=2ob0]
Epoch 0:  93%|█████████▎| 1688/1812 [31:26<02:18,  0.89it/s, v_num=2ob0]
Epoch 0:  93%|█████████▎| 1689/1812 [31:26<02:17,  0.90it/s, v_num=2ob0]
Epoch 0:  93%|█████████▎| 1689/1812 [31:26<02:17,  0.90it/s, v_num=2ob0]
Epoch 0:  93%|█████████▎| 1690/1812 [31:27<02:16,  0.90it/s, v_num=2ob0]
Epoch 0:  93%|█████████▎| 1690/1812 [31:27<02:16,  0.90it/s, v_num=2ob0]
Epoch 0:  93%|█████████▎| 1691/1812 [31:27<02:15,  0.90it/s, v_num=2ob0]
Epoch 0:  93%|█████████▎| 1691/1812 [31:27<02:15,  0.90it/s, v_num=2ob0]
Epoch 0:  93%|█████████▎| 1692/1812 [31:28<02:13,  0.90it/s, v_num=2ob0]
Epoch 0:  93%|█████████▎| 1692/1812 [31:28<02:13,  0.90it/s, v_num=2ob0]
Epoch 0:  93%|█████████▎| 1693/1812 [31:29<02:12,  0.90it/s, v_num=2ob0]
Epoch 0:  93%|█████████▎| 1693/1812 [31:29<02:12,  0.90it/s, v_num=2ob0]
Epoch 0:  93%|█████████▎| 1694/1812 [31:29<02:11,  0.90it/s, v_num=2ob0]
Epoch 0:  93%|█████████▎| 1694/1812 [31:29<02:11,  0.90it/s, v_num=2ob0]
Epoch 0:  94%|█████████▎| 1695/1812 [31:30<02:10,  0.90it/s, v_num=2ob0]
Epoch 0:  94%|█████████▎| 1695/1812 [31:30<02:10,  0.90it/s, v_num=2ob0]
Epoch 0:  94%|█████████▎| 1696/1812 [31:30<02:09,  0.90it/s, v_num=2ob0]
Epoch 0:  94%|█████████▎| 1696/1812 [31:30<02:09,  0.90it/s, v_num=2ob0]
Epoch 0:  94%|█████████▎| 1697/1812 [31:31<02:08,  0.90it/s, v_num=2ob0]
Epoch 0:  94%|█████████▎| 1697/1812 [31:31<02:08,  0.90it/s, v_num=2ob0]
Epoch 0:  94%|█████████▎| 1698/1812 [31:32<02:07,  0.90it/s, v_num=2ob0]
Epoch 0:  94%|█████████▎| 1698/1812 [31:32<02:07,  0.90it/s, v_num=2ob0]
Epoch 0:  94%|█████████▍| 1699/1812 [31:32<02:05,  0.90it/s, v_num=2ob0]
Epoch 0:  94%|█████████▍| 1699/1812 [31:32<02:05,  0.90it/s, v_num=2ob0]
Epoch 0:  94%|█████████▍| 1700/1812 [31:33<02:04,  0.90it/s, v_num=2ob0]
Epoch 0:  94%|█████████▍| 1700/1812 [31:33<02:04,  0.90it/s, v_num=2ob0]
Epoch 0:  94%|█████████▍| 1701/1812 [31:33<02:03,  0.90it/s, v_num=2ob0]
Epoch 0:  94%|█████████▍| 1701/1812 [31:33<02:03,  0.90it/s, v_num=2ob0]
Epoch 0:  94%|█████████▍| 1702/1812 [31:34<02:02,  0.90it/s, v_num=2ob0]
Epoch 0:  94%|█████████▍| 1702/1812 [31:34<02:02,  0.90it/s, v_num=2ob0]
Epoch 0:  94%|█████████▍| 1703/1812 [31:35<02:01,  0.90it/s, v_num=2ob0]
Epoch 0:  94%|█████████▍| 1703/1812 [31:35<02:01,  0.90it/s, v_num=2ob0]
Epoch 0:  94%|█████████▍| 1704/1812 [31:35<02:00,  0.90it/s, v_num=2ob0]
Epoch 0:  94%|█████████▍| 1704/1812 [31:35<02:00,  0.90it/s, v_num=2ob0]
Epoch 0:  94%|█████████▍| 1705/1812 [31:36<01:59,  0.90it/s, v_num=2ob0]
Epoch 0:  94%|█████████▍| 1705/1812 [31:36<01:59,  0.90it/s, v_num=2ob0]
Epoch 0:  94%|█████████▍| 1706/1812 [31:36<01:57,  0.90it/s, v_num=2ob0]
Epoch 0:  94%|█████████▍| 1706/1812 [31:36<01:57,  0.90it/s, v_num=2ob0]
Epoch 0:  94%|█████████▍| 1707/1812 [31:37<01:56,  0.90it/s, v_num=2ob0]
Epoch 0:  94%|█████████▍| 1707/1812 [31:37<01:56,  0.90it/s, v_num=2ob0]
Epoch 0:  94%|█████████▍| 1708/1812 [31:37<01:55,  0.90it/s, v_num=2ob0]
Epoch 0:  94%|█████████▍| 1708/1812 [31:37<01:55,  0.90it/s, v_num=2ob0]
Epoch 0:  94%|█████████▍| 1709/1812 [31:38<01:54,  0.90it/s, v_num=2ob0]
Epoch 0:  94%|█████████▍| 1709/1812 [31:38<01:54,  0.90it/s, v_num=2ob0]
Epoch 0:  94%|█████████▍| 1710/1812 [31:39<01:53,  0.90it/s, v_num=2ob0]
Epoch 0:  94%|█████████▍| 1710/1812 [31:39<01:53,  0.90it/s, v_num=2ob0]
Epoch 0:  94%|█████████▍| 1711/1812 [31:39<01:52,  0.90it/s, v_num=2ob0]
Epoch 0:  94%|█████████▍| 1711/1812 [31:39<01:52,  0.90it/s, v_num=2ob0]
Epoch 0:  94%|█████████▍| 1712/1812 [31:40<01:51,  0.90it/s, v_num=2ob0]
Epoch 0:  94%|█████████▍| 1712/1812 [31:40<01:51,  0.90it/s, v_num=2ob0]
Epoch 0:  95%|█████████▍| 1713/1812 [31:40<01:49,  0.90it/s, v_num=2ob0]
Epoch 0:  95%|█████████▍| 1713/1812 [31:40<01:49,  0.90it/s, v_num=2ob0]
Epoch 0:  95%|█████████▍| 1714/1812 [31:41<01:48,  0.90it/s, v_num=2ob0]
Epoch 0:  95%|█████████▍| 1714/1812 [31:41<01:48,  0.90it/s, v_num=2ob0]
Epoch 0:  95%|█████████▍| 1715/1812 [31:42<01:47,  0.90it/s, v_num=2ob0]
Epoch 0:  95%|█████████▍| 1715/1812 [31:42<01:47,  0.90it/s, v_num=2ob0]
Epoch 0:  95%|█████████▍| 1716/1812 [31:42<01:46,  0.90it/s, v_num=2ob0]
Epoch 0:  95%|█████████▍| 1716/1812 [31:42<01:46,  0.90it/s, v_num=2ob0]
Epoch 0:  95%|█████████▍| 1717/1812 [31:43<01:45,  0.90it/s, v_num=2ob0]
Epoch 0:  95%|█████████▍| 1717/1812 [31:43<01:45,  0.90it/s, v_num=2ob0]
Epoch 0:  95%|█████████▍| 1718/1812 [31:43<01:44,  0.90it/s, v_num=2ob0]
Epoch 0:  95%|█████████▍| 1718/1812 [31:43<01:44,  0.90it/s, v_num=2ob0]
Epoch 0:  95%|█████████▍| 1719/1812 [31:44<01:43,  0.90it/s, v_num=2ob0]
Epoch 0:  95%|█████████▍| 1719/1812 [31:44<01:43,  0.90it/s, v_num=2ob0]
Epoch 0:  95%|█████████▍| 1720/1812 [31:45<01:41,  0.90it/s, v_num=2ob0]
Epoch 0:  95%|█████████▍| 1720/1812 [31:45<01:41,  0.90it/s, v_num=2ob0]
Epoch 0:  95%|█████████▍| 1721/1812 [31:45<01:40,  0.90it/s, v_num=2ob0]
Epoch 0:  95%|█████████▍| 1721/1812 [31:45<01:40,  0.90it/s, v_num=2ob0]
Epoch 0:  95%|█████████▌| 1722/1812 [31:46<01:39,  0.90it/s, v_num=2ob0]
Epoch 0:  95%|█████████▌| 1722/1812 [31:46<01:39,  0.90it/s, v_num=2ob0]
Epoch 0:  95%|█████████▌| 1723/1812 [31:46<01:38,  0.90it/s, v_num=2ob0]
Epoch 0:  95%|█████████▌| 1723/1812 [31:46<01:38,  0.90it/s, v_num=2ob0]
Epoch 0:  95%|█████████▌| 1724/1812 [31:47<01:37,  0.90it/s, v_num=2ob0]
Epoch 0:  95%|█████████▌| 1724/1812 [31:47<01:37,  0.90it/s, v_num=2ob0]
Epoch 0:  95%|█████████▌| 1725/1812 [31:48<01:36,  0.90it/s, v_num=2ob0]
Epoch 0:  95%|█████████▌| 1725/1812 [31:48<01:36,  0.90it/s, v_num=2ob0]
Epoch 0:  95%|█████████▌| 1726/1812 [31:48<01:35,  0.90it/s, v_num=2ob0]
Epoch 0:  95%|█████████▌| 1726/1812 [31:48<01:35,  0.90it/s, v_num=2ob0]
Epoch 0:  95%|█████████▌| 1727/1812 [31:49<01:33,  0.90it/s, v_num=2ob0]
Epoch 0:  95%|█████████▌| 1727/1812 [31:49<01:33,  0.90it/s, v_num=2ob0]
Epoch 0:  95%|█████████▌| 1728/1812 [31:49<01:32,  0.90it/s, v_num=2ob0]
Epoch 0:  95%|█████████▌| 1728/1812 [31:49<01:32,  0.90it/s, v_num=2ob0]
Epoch 0:  95%|█████████▌| 1729/1812 [31:50<01:31,  0.91it/s, v_num=2ob0]
Epoch 0:  95%|█████████▌| 1729/1812 [31:50<01:31,  0.91it/s, v_num=2ob0]
Epoch 0:  95%|█████████▌| 1730/1812 [31:50<01:30,  0.91it/s, v_num=2ob0]
Epoch 0:  95%|█████████▌| 1730/1812 [31:50<01:30,  0.91it/s, v_num=2ob0]
Epoch 0:  96%|█████████▌| 1731/1812 [31:51<01:29,  0.91it/s, v_num=2ob0]
Epoch 0:  96%|█████████▌| 1731/1812 [31:51<01:29,  0.91it/s, v_num=2ob0]
Epoch 0:  96%|█████████▌| 1732/1812 [31:52<01:28,  0.91it/s, v_num=2ob0]
Epoch 0:  96%|█████████▌| 1732/1812 [31:52<01:28,  0.91it/s, v_num=2ob0]
Epoch 0:  96%|█████████▌| 1733/1812 [31:52<01:27,  0.91it/s, v_num=2ob0]
Epoch 0:  96%|█████████▌| 1733/1812 [31:52<01:27,  0.91it/s, v_num=2ob0]
Epoch 0:  96%|█████████▌| 1734/1812 [31:53<01:26,  0.91it/s, v_num=2ob0]
Epoch 0:  96%|█████████▌| 1734/1812 [31:53<01:26,  0.91it/s, v_num=2ob0]
Epoch 0:  96%|█████████▌| 1735/1812 [31:59<01:25,  0.90it/s, v_num=2ob0]
Epoch 0:  96%|█████████▌| 1735/1812 [31:59<01:25,  0.90it/s, v_num=2ob0]
Epoch 0:  96%|█████████▌| 1736/1812 [31:59<01:24,  0.90it/s, v_num=2ob0]
Epoch 0:  96%|█████████▌| 1736/1812 [31:59<01:24,  0.90it/s, v_num=2ob0]
Epoch 0:  96%|█████████▌| 1737/1812 [32:00<01:22,  0.90it/s, v_num=2ob0]
Epoch 0:  96%|█████████▌| 1737/1812 [32:00<01:22,  0.90it/s, v_num=2ob0]
Epoch 0:  96%|█████████▌| 1738/1812 [32:01<01:21,  0.90it/s, v_num=2ob0]
Epoch 0:  96%|█████████▌| 1738/1812 [32:01<01:21,  0.90it/s, v_num=2ob0]
Epoch 0:  96%|█████████▌| 1739/1812 [32:01<01:20,  0.90it/s, v_num=2ob0]
Epoch 0:  96%|█████████▌| 1739/1812 [32:01<01:20,  0.90it/s, v_num=2ob0]
Epoch 0:  96%|█████████▌| 1740/1812 [32:02<01:19,  0.91it/s, v_num=2ob0]
Epoch 0:  96%|█████████▌| 1740/1812 [32:02<01:19,  0.91it/s, v_num=2ob0]
Epoch 0:  96%|█████████▌| 1741/1812 [32:02<01:18,  0.91it/s, v_num=2ob0]
Epoch 0:  96%|█████████▌| 1741/1812 [32:02<01:18,  0.91it/s, v_num=2ob0]
Epoch 0:  96%|█████████▌| 1742/1812 [32:03<01:17,  0.91it/s, v_num=2ob0]
Epoch 0:  96%|█████████▌| 1742/1812 [32:03<01:17,  0.91it/s, v_num=2ob0]
Epoch 0:  96%|█████████▌| 1743/1812 [32:04<01:16,  0.91it/s, v_num=2ob0]
Epoch 0:  96%|█████████▌| 1743/1812 [32:04<01:16,  0.91it/s, v_num=2ob0]
Epoch 0:  96%|█████████▌| 1744/1812 [32:04<01:15,  0.91it/s, v_num=2ob0]
Epoch 0:  96%|█████████▌| 1744/1812 [32:04<01:15,  0.91it/s, v_num=2ob0]
Epoch 0:  96%|█████████▋| 1745/1812 [32:05<01:13,  0.91it/s, v_num=2ob0]
Epoch 0:  96%|█████████▋| 1745/1812 [32:05<01:13,  0.91it/s, v_num=2ob0]
Epoch 0:  96%|█████████▋| 1746/1812 [32:05<01:12,  0.91it/s, v_num=2ob0]
Epoch 0:  96%|█████████▋| 1746/1812 [32:05<01:12,  0.91it/s, v_num=2ob0]
Epoch 0:  96%|█████████▋| 1747/1812 [32:06<01:11,  0.91it/s, v_num=2ob0]
Epoch 0:  96%|█████████▋| 1747/1812 [32:06<01:11,  0.91it/s, v_num=2ob0]
Epoch 0:  96%|█████████▋| 1748/1812 [32:07<01:10,  0.91it/s, v_num=2ob0]
Epoch 0:  96%|█████████▋| 1748/1812 [32:07<01:10,  0.91it/s, v_num=2ob0]
Epoch 0:  97%|█████████▋| 1749/1812 [32:07<01:09,  0.91it/s, v_num=2ob0]
Epoch 0:  97%|█████████▋| 1749/1812 [32:07<01:09,  0.91it/s, v_num=2ob0]
Epoch 0:  97%|█████████▋| 1750/1812 [32:08<01:08,  0.91it/s, v_num=2ob0]
Epoch 0:  97%|█████████▋| 1750/1812 [32:08<01:08,  0.91it/s, v_num=2ob0]
Epoch 0:  97%|█████████▋| 1751/1812 [32:08<01:07,  0.91it/s, v_num=2ob0]
Epoch 0:  97%|█████████▋| 1751/1812 [32:08<01:07,  0.91it/s, v_num=2ob0]
Epoch 0:  97%|█████████▋| 1752/1812 [32:09<01:06,  0.91it/s, v_num=2ob0]
Epoch 0:  97%|█████████▋| 1752/1812 [32:09<01:06,  0.91it/s, v_num=2ob0]
Epoch 0:  97%|█████████▋| 1753/1812 [32:09<01:04,  0.91it/s, v_num=2ob0]
Epoch 0:  97%|█████████▋| 1753/1812 [32:09<01:04,  0.91it/s, v_num=2ob0]
Epoch 0:  97%|█████████▋| 1754/1812 [32:10<01:03,  0.91it/s, v_num=2ob0]
Epoch 0:  97%|█████████▋| 1754/1812 [32:10<01:03,  0.91it/s, v_num=2ob0]
Epoch 0:  97%|█████████▋| 1755/1812 [32:11<01:02,  0.91it/s, v_num=2ob0]
Epoch 0:  97%|█████████▋| 1755/1812 [32:11<01:02,  0.91it/s, v_num=2ob0]
Epoch 0:  97%|█████████▋| 1756/1812 [32:11<01:01,  0.91it/s, v_num=2ob0]
Epoch 0:  97%|█████████▋| 1756/1812 [32:11<01:01,  0.91it/s, v_num=2ob0]
Epoch 0:  97%|█████████▋| 1757/1812 [32:12<01:00,  0.91it/s, v_num=2ob0]
Epoch 0:  97%|█████████▋| 1757/1812 [32:12<01:00,  0.91it/s, v_num=2ob0]
Epoch 0:  97%|█████████▋| 1758/1812 [32:12<00:59,  0.91it/s, v_num=2ob0]
Epoch 0:  97%|█████████▋| 1758/1812 [32:12<00:59,  0.91it/s, v_num=2ob0]
Epoch 0:  97%|█████████▋| 1759/1812 [32:13<00:58,  0.91it/s, v_num=2ob0]
Epoch 0:  97%|█████████▋| 1759/1812 [32:13<00:58,  0.91it/s, v_num=2ob0]
Epoch 0:  97%|█████████▋| 1760/1812 [32:14<00:57,  0.91it/s, v_num=2ob0]
Epoch 0:  97%|█████████▋| 1760/1812 [32:14<00:57,  0.91it/s, v_num=2ob0]
Epoch 0:  97%|█████████▋| 1761/1812 [32:14<00:56,  0.91it/s, v_num=2ob0]
Epoch 0:  97%|█████████▋| 1761/1812 [32:14<00:56,  0.91it/s, v_num=2ob0]
Epoch 0:  97%|█████████▋| 1762/1812 [32:15<00:54,  0.91it/s, v_num=2ob0]
Epoch 0:  97%|█████████▋| 1762/1812 [32:15<00:54,  0.91it/s, v_num=2ob0]
Epoch 0:  97%|█████████▋| 1763/1812 [32:15<00:53,  0.91it/s, v_num=2ob0]
Epoch 0:  97%|█████████▋| 1763/1812 [32:15<00:53,  0.91it/s, v_num=2ob0]
Epoch 0:  97%|█████████▋| 1764/1812 [32:16<00:52,  0.91it/s, v_num=2ob0]
Epoch 0:  97%|█████████▋| 1764/1812 [32:16<00:52,  0.91it/s, v_num=2ob0]
Epoch 0:  97%|█████████▋| 1765/1812 [32:17<00:51,  0.91it/s, v_num=2ob0]
Epoch 0:  97%|█████████▋| 1765/1812 [32:17<00:51,  0.91it/s, v_num=2ob0]
Epoch 0:  97%|█████████▋| 1766/1812 [32:17<00:50,  0.91it/s, v_num=2ob0]
Epoch 0:  97%|█████████▋| 1766/1812 [32:17<00:50,  0.91it/s, v_num=2ob0]
Epoch 0:  98%|█████████▊| 1767/1812 [32:18<00:49,  0.91it/s, v_num=2ob0]
Epoch 0:  98%|█████████▊| 1767/1812 [32:18<00:49,  0.91it/s, v_num=2ob0]
Epoch 0:  98%|█████████▊| 1768/1812 [32:18<00:48,  0.91it/s, v_num=2ob0]
Epoch 0:  98%|█████████▊| 1768/1812 [32:18<00:48,  0.91it/s, v_num=2ob0]
Epoch 0:  98%|█████████▊| 1769/1812 [32:19<00:47,  0.91it/s, v_num=2ob0]
Epoch 0:  98%|█████████▊| 1769/1812 [32:19<00:47,  0.91it/s, v_num=2ob0]
Epoch 0:  98%|█████████▊| 1770/1812 [32:20<00:46,  0.91it/s, v_num=2ob0]
Epoch 0:  98%|█████████▊| 1770/1812 [32:20<00:46,  0.91it/s, v_num=2ob0]
Epoch 0:  98%|█████████▊| 1771/1812 [32:20<00:44,  0.91it/s, v_num=2ob0]
Epoch 0:  98%|█████████▊| 1771/1812 [32:20<00:44,  0.91it/s, v_num=2ob0]
Epoch 0:  98%|█████████▊| 1772/1812 [32:21<00:43,  0.91it/s, v_num=2ob0]
Epoch 0:  98%|█████████▊| 1772/1812 [32:21<00:43,  0.91it/s, v_num=2ob0]
Epoch 0:  98%|█████████▊| 1773/1812 [32:21<00:42,  0.91it/s, v_num=2ob0]
Epoch 0:  98%|█████████▊| 1773/1812 [32:21<00:42,  0.91it/s, v_num=2ob0]
Epoch 0:  98%|█████████▊| 1774/1812 [32:22<00:41,  0.91it/s, v_num=2ob0]
Epoch 0:  98%|█████████▊| 1774/1812 [32:22<00:41,  0.91it/s, v_num=2ob0]
Epoch 0:  98%|█████████▊| 1775/1812 [32:22<00:40,  0.91it/s, v_num=2ob0]
Epoch 0:  98%|█████████▊| 1775/1812 [32:22<00:40,  0.91it/s, v_num=2ob0]
Epoch 0:  98%|█████████▊| 1776/1812 [32:23<00:39,  0.91it/s, v_num=2ob0]
Epoch 0:  98%|█████████▊| 1776/1812 [32:23<00:39,  0.91it/s, v_num=2ob0]
Epoch 0:  98%|█████████▊| 1777/1812 [32:24<00:38,  0.91it/s, v_num=2ob0]
Epoch 0:  98%|█████████▊| 1777/1812 [32:24<00:38,  0.91it/s, v_num=2ob0]
Epoch 0:  98%|█████████▊| 1778/1812 [32:24<00:37,  0.91it/s, v_num=2ob0]
Epoch 0:  98%|█████████▊| 1778/1812 [32:24<00:37,  0.91it/s, v_num=2ob0]
Epoch 0:  98%|█████████▊| 1779/1812 [32:25<00:36,  0.91it/s, v_num=2ob0]
Epoch 0:  98%|█████████▊| 1779/1812 [32:25<00:36,  0.91it/s, v_num=2ob0]
Epoch 0:  98%|█████████▊| 1780/1812 [32:32<00:35,  0.91it/s, v_num=2ob0]
Epoch 0:  98%|█████████▊| 1780/1812 [32:32<00:35,  0.91it/s, v_num=2ob0]
Epoch 0:  98%|█████████▊| 1781/1812 [32:32<00:33,  0.91it/s, v_num=2ob0]
Epoch 0:  98%|█████████▊| 1781/1812 [32:32<00:33,  0.91it/s, v_num=2ob0]
Epoch 0:  98%|█████████▊| 1782/1812 [32:33<00:32,  0.91it/s, v_num=2ob0]
Epoch 0:  98%|█████████▊| 1782/1812 [32:33<00:32,  0.91it/s, v_num=2ob0]
Epoch 0:  98%|█████████▊| 1783/1812 [32:34<00:31,  0.91it/s, v_num=2ob0]
Epoch 0:  98%|█████████▊| 1783/1812 [32:34<00:31,  0.91it/s, v_num=2ob0]
Epoch 0:  98%|█████████▊| 1784/1812 [32:34<00:30,  0.91it/s, v_num=2ob0]
Epoch 0:  98%|█████████▊| 1784/1812 [32:34<00:30,  0.91it/s, v_num=2ob0]
Epoch 0:  99%|█████████▊| 1785/1812 [32:35<00:29,  0.91it/s, v_num=2ob0]
Epoch 0:  99%|█████████▊| 1785/1812 [32:35<00:29,  0.91it/s, v_num=2ob0]
Epoch 0:  99%|█████████▊| 1786/1812 [32:35<00:28,  0.91it/s, v_num=2ob0]
Epoch 0:  99%|█████████▊| 1786/1812 [32:35<00:28,  0.91it/s, v_num=2ob0]
Epoch 0:  99%|█████████▊| 1787/1812 [32:36<00:27,  0.91it/s, v_num=2ob0]
Epoch 0:  99%|█████████▊| 1787/1812 [32:36<00:27,  0.91it/s, v_num=2ob0]
Epoch 0:  99%|█████████▊| 1788/1812 [32:37<00:26,  0.91it/s, v_num=2ob0]
Epoch 0:  99%|█████████▊| 1788/1812 [32:37<00:26,  0.91it/s, v_num=2ob0]
Epoch 0:  99%|█████████▊| 1789/1812 [32:37<00:25,  0.91it/s, v_num=2ob0]
Epoch 0:  99%|█████████▊| 1789/1812 [32:37<00:25,  0.91it/s, v_num=2ob0]
Epoch 0:  99%|█████████▉| 1790/1812 [32:38<00:24,  0.91it/s, v_num=2ob0]
Epoch 0:  99%|█████████▉| 1790/1812 [32:38<00:24,  0.91it/s, v_num=2ob0]
Epoch 0:  99%|█████████▉| 1791/1812 [32:38<00:22,  0.91it/s, v_num=2ob0]
Epoch 0:  99%|█████████▉| 1791/1812 [32:38<00:22,  0.91it/s, v_num=2ob0]
Epoch 0:  99%|█████████▉| 1792/1812 [32:39<00:21,  0.91it/s, v_num=2ob0]
Epoch 0:  99%|█████████▉| 1792/1812 [32:39<00:21,  0.91it/s, v_num=2ob0]
Epoch 0:  99%|█████████▉| 1793/1812 [32:39<00:20,  0.91it/s, v_num=2ob0]
Epoch 0:  99%|█████████▉| 1793/1812 [32:39<00:20,  0.91it/s, v_num=2ob0]
Epoch 0:  99%|█████████▉| 1794/1812 [32:40<00:19,  0.92it/s, v_num=2ob0]
Epoch 0:  99%|█████████▉| 1794/1812 [32:40<00:19,  0.92it/s, v_num=2ob0]
Epoch 0:  99%|█████████▉| 1795/1812 [32:41<00:18,  0.92it/s, v_num=2ob0]
Epoch 0:  99%|█████████▉| 1795/1812 [32:41<00:18,  0.92it/s, v_num=2ob0]
Epoch 0:  99%|█████████▉| 1796/1812 [32:41<00:17,  0.92it/s, v_num=2ob0]
Epoch 0:  99%|█████████▉| 1796/1812 [32:41<00:17,  0.92it/s, v_num=2ob0]
Epoch 0:  99%|█████████▉| 1797/1812 [32:42<00:16,  0.92it/s, v_num=2ob0]
Epoch 0:  99%|█████████▉| 1797/1812 [32:42<00:16,  0.92it/s, v_num=2ob0]
Epoch 0:  99%|█████████▉| 1798/1812 [32:42<00:15,  0.92it/s, v_num=2ob0]
Epoch 0:  99%|█████████▉| 1798/1812 [32:42<00:15,  0.92it/s, v_num=2ob0]
Epoch 0:  99%|█████████▉| 1799/1812 [32:43<00:14,  0.92it/s, v_num=2ob0]
Epoch 0:  99%|█████████▉| 1799/1812 [32:43<00:14,  0.92it/s, v_num=2ob0]
Epoch 0:  99%|█████████▉| 1800/1812 [32:44<00:13,  0.92it/s, v_num=2ob0]
Epoch 0:  99%|█████████▉| 1800/1812 [32:44<00:13,  0.92it/s, v_num=2ob0]
Epoch 0:  99%|█████████▉| 1801/1812 [32:44<00:11,  0.92it/s, v_num=2ob0]
Epoch 0:  99%|█████████▉| 1801/1812 [32:44<00:11,  0.92it/s, v_num=2ob0]
Epoch 0:  99%|█████████▉| 1802/1812 [32:45<00:10,  0.92it/s, v_num=2ob0]
Epoch 0:  99%|█████████▉| 1802/1812 [32:45<00:10,  0.92it/s, v_num=2ob0]
Epoch 0: 100%|█████████▉| 1803/1812 [32:45<00:09,  0.92it/s, v_num=2ob0]
Epoch 0: 100%|█████████▉| 1803/1812 [32:45<00:09,  0.92it/s, v_num=2ob0]
Epoch 0: 100%|█████████▉| 1804/1812 [32:46<00:08,  0.92it/s, v_num=2ob0]
Epoch 0: 100%|█████████▉| 1804/1812 [32:46<00:08,  0.92it/s, v_num=2ob0]
Epoch 0: 100%|█████████▉| 1805/1812 [32:47<00:07,  0.92it/s, v_num=2ob0]
Epoch 0: 100%|█████████▉| 1805/1812 [32:47<00:07,  0.92it/s, v_num=2ob0]
Epoch 0: 100%|█████████▉| 1806/1812 [32:47<00:06,  0.92it/s, v_num=2ob0]
Epoch 0: 100%|█████████▉| 1806/1812 [32:47<00:06,  0.92it/s, v_num=2ob0]
Epoch 0: 100%|█████████▉| 1807/1812 [40:13<00:06,  0.75it/s, v_num=2ob0]
Epoch 0: 100%|█████████▉| 1807/1812 [40:13<00:06,  0.75it/s, v_num=2ob0]