Node: gpuhost009.jc.rl.ac.uk
Mon Jun 23 15:36:58 2025       
+-----------------------------------------------------------------------------------------+
| NVIDIA-SMI 575.51.03              Driver Version: 575.51.03      CUDA Version: 12.9     |
|-----------------------------------------+------------------------+----------------------+
| GPU  Name                 Persistence-M | Bus-Id          Disp.A | Volatile Uncorr. ECC |
| Fan  Temp   Perf          Pwr:Usage/Cap |           Memory-Usage | GPU-Util  Compute M. |
|                                         |                        |               MIG M. |
|=========================================+========================+======================|
|   0  NVIDIA A100-SXM4-40GB          On  |   00000000:01:00.0 Off |                    0 |
| N/A   30C    P0             52W /  400W |       0MiB /  40960MiB |      0%      Default |
|                                         |                        |             Disabled |
+-----------------------------------------+------------------------+----------------------+
|   1  NVIDIA A100-SXM4-40GB          On  |   00000000:41:00.0 Off |                    0 |
| N/A   30C    P0             51W /  400W |       0MiB /  40960MiB |      0%      Default |
|                                         |                        |             Disabled |
+-----------------------------------------+------------------------+----------------------+
|   2  NVIDIA A100-SXM4-40GB          On  |   00000000:81:00.0 Off |                    0 |
| N/A   28C    P0             54W /  400W |       0MiB /  40960MiB |      0%      Default |
|                                         |                        |             Disabled |
+-----------------------------------------+------------------------+----------------------+
|   3  NVIDIA A100-SXM4-40GB          On  |   00000000:C1:00.0 Off |                    0 |
| N/A   27C    P0             52W /  400W |       0MiB /  40960MiB |      0%      Default |
|                                         |                        |             Disabled |
+-----------------------------------------+------------------------+----------------------+
                                                                                         
+-----------------------------------------------------------------------------------------+
| Processes:                                                                              |
|  GPU   GI   CI              PID   Type   Process name                        GPU Memory |
|        ID   ID                                                               Usage      |
|=========================================================================================|
|  No running processes found                                                             |
+-----------------------------------------------------------------------------------------+

Sanity Checking: |          | 0/? [00:00<?, ?it/s]
Sanity Checking:   0%|          | 0/2 [00:00<?, ?it/s]
Sanity Checking DataLoader 0:   0%|          | 0/2 [00:00<?, ?it/s]
Sanity Checking DataLoader 0:  50%|█████     | 1/2 [00:01<00:01,  0.69it/s]
Sanity Checking DataLoader 0: 100%|██████████| 2/2 [00:01<00:00,  1.38it/s]
                                                                           

Training: |          | 0/? [00:00<?, ?it/s]
Training:   0%|          | 0/300 [00:00<?, ?it/s]
Epoch 0:   0%|          | 0/300 [00:00<?, ?it/s] 
Epoch 0:   0%|          | 1/300 [00:58<4:49:50,  0.02it/s]
Epoch 0:   0%|          | 1/300 [00:58<4:49:51,  0.02it/s, v_num=1y37]
Epoch 0:   1%|          | 2/300 [00:58<2:25:14,  0.03it/s, v_num=1y37]
Epoch 0:   1%|          | 2/300 [00:58<2:25:14,  0.03it/s, v_num=1y37]
Epoch 0:   1%|          | 3/300 [00:59<1:38:09,  0.05it/s, v_num=1y37]
Epoch 0:   1%|          | 3/300 [00:59<1:38:09,  0.05it/s, v_num=1y37]
Epoch 0:   1%|▏         | 4/300 [01:00<1:14:27,  0.07it/s, v_num=1y37]
Epoch 0:   1%|▏         | 4/300 [01:00<1:14:27,  0.07it/s, v_num=1y37]
Epoch 0:   2%|▏         | 5/300 [01:01<1:00:14,  0.08it/s, v_num=1y37]
Epoch 0:   2%|▏         | 5/300 [01:01<1:00:14,  0.08it/s, v_num=1y37]
Epoch 0:   2%|▏         | 6/300 [01:02<50:44,  0.10it/s, v_num=1y37]  
Epoch 0:   2%|▏         | 6/300 [01:02<50:44,  0.10it/s, v_num=1y37]
Epoch 0:   2%|▏         | 7/300 [01:03<43:57,  0.11it/s, v_num=1y37]
Epoch 0:   2%|▏         | 7/300 [01:03<43:57,  0.11it/s, v_num=1y37]
Epoch 0:   3%|▎         | 8/300 [01:03<38:52,  0.13it/s, v_num=1y37]
Epoch 0:   3%|▎         | 8/300 [01:03<38:52,  0.13it/s, v_num=1y37]
Epoch 0:   3%|▎         | 9/300 [01:04<34:54,  0.14it/s, v_num=1y37]
Epoch 0:   3%|▎         | 9/300 [01:04<34:54,  0.14it/s, v_num=1y37]
Epoch 0:   3%|▎         | 10/300 [01:05<31:44,  0.15it/s, v_num=1y37]
Epoch 0:   3%|▎         | 10/300 [01:05<31:44,  0.15it/s, v_num=1y37]
Epoch 0:   4%|▎         | 11/300 [01:06<29:08,  0.17it/s, v_num=1y37]
Epoch 0:   4%|▎         | 11/300 [01:06<29:08,  0.17it/s, v_num=1y37]
Epoch 0:   4%|▍         | 12/300 [01:07<26:58,  0.18it/s, v_num=1y37]
Epoch 0:   4%|▍         | 12/300 [01:07<26:58,  0.18it/s, v_num=1y37]
Epoch 0:   4%|▍         | 13/300 [01:08<25:07,  0.19it/s, v_num=1y37]
Epoch 0:   4%|▍         | 13/300 [01:08<25:07,  0.19it/s, v_num=1y37]
Epoch 0:   5%|▍         | 14/300 [01:09<23:33,  0.20it/s, v_num=1y37]
Epoch 0:   5%|▍         | 14/300 [01:09<23:33,  0.20it/s, v_num=1y37]
Epoch 0:   5%|▌         | 15/300 [01:10<22:11,  0.21it/s, v_num=1y37]
Epoch 0:   5%|▌         | 15/300 [01:10<22:11,  0.21it/s, v_num=1y37]
Epoch 0:   5%|▌         | 16/300 [01:10<20:59,  0.23it/s, v_num=1y37]
Epoch 0:   5%|▌         | 16/300 [01:10<20:59,  0.23it/s, v_num=1y37]
Epoch 0:   6%|▌         | 17/300 [01:11<19:55,  0.24it/s, v_num=1y37]
Epoch 0:   6%|▌         | 17/300 [01:11<19:55,  0.24it/s, v_num=1y37]
Epoch 0:   6%|▌         | 18/300 [01:12<18:59,  0.25it/s, v_num=1y37]
Epoch 0:   6%|▌         | 18/300 [01:12<18:59,  0.25it/s, v_num=1y37]
Epoch 0:   6%|▋         | 19/300 [01:13<18:08,  0.26it/s, v_num=1y37]
Epoch 0:   6%|▋         | 19/300 [01:13<18:08,  0.26it/s, v_num=1y37]
Epoch 0:   7%|▋         | 20/300 [01:14<17:22,  0.27it/s, v_num=1y37]
Epoch 0:   7%|▋         | 20/300 [01:14<17:22,  0.27it/s, v_num=1y37]
Epoch 0:   7%|▋         | 21/300 [01:15<16:41,  0.28it/s, v_num=1y37]
Epoch 0:   7%|▋         | 21/300 [01:15<16:41,  0.28it/s, v_num=1y37]
Epoch 0:   7%|▋         | 22/300 [01:16<16:03,  0.29it/s, v_num=1y37]
Epoch 0:   7%|▋         | 22/300 [01:16<16:03,  0.29it/s, v_num=1y37]
Epoch 0:   8%|▊         | 23/300 [01:17<15:28,  0.30it/s, v_num=1y37]
Epoch 0:   8%|▊         | 23/300 [01:17<15:28,  0.30it/s, v_num=1y37]
Epoch 0:   8%|▊         | 24/300 [01:17<14:56,  0.31it/s, v_num=1y37]
Epoch 0:   8%|▊         | 24/300 [01:17<14:56,  0.31it/s, v_num=1y37]
Epoch 0:   8%|▊         | 25/300 [01:18<14:27,  0.32it/s, v_num=1y37]
Epoch 0:   8%|▊         | 25/300 [01:18<14:27,  0.32it/s, v_num=1y37]
Epoch 0:   9%|▊         | 26/300 [01:19<14:00,  0.33it/s, v_num=1y37]
Epoch 0:   9%|▊         | 26/300 [01:19<14:00,  0.33it/s, v_num=1y37]
Epoch 0:   9%|▉         | 27/300 [01:20<13:35,  0.33it/s, v_num=1y37]
Epoch 0:   9%|▉         | 27/300 [01:20<13:35,  0.33it/s, v_num=1y37]
Epoch 0:   9%|▉         | 28/300 [01:21<13:11,  0.34it/s, v_num=1y37]
Epoch 0:   9%|▉         | 28/300 [01:21<13:11,  0.34it/s, v_num=1y37]
Epoch 0:  10%|▉         | 29/300 [01:22<12:50,  0.35it/s, v_num=1y37]
Epoch 0:  10%|▉         | 29/300 [01:22<12:50,  0.35it/s, v_num=1y37]
Epoch 0:  10%|█         | 30/300 [01:23<12:29,  0.36it/s, v_num=1y37]
Epoch 0:  10%|█         | 30/300 [01:23<12:29,  0.36it/s, v_num=1y37]
Epoch 0:  10%|█         | 31/300 [02:09<18:43,  0.24it/s, v_num=1y37]
Epoch 0:  10%|█         | 31/300 [02:09<18:43,  0.24it/s, v_num=1y37]
Epoch 0:  11%|█         | 32/300 [02:10<18:12,  0.25it/s, v_num=1y37]
Epoch 0:  11%|█         | 32/300 [02:10<18:12,  0.25it/s, v_num=1y37]
Epoch 0:  11%|█         | 33/300 [02:11<17:42,  0.25it/s, v_num=1y37]
Epoch 0:  11%|█         | 33/300 [02:11<17:42,  0.25it/s, v_num=1y37]
Epoch 0:  11%|█▏        | 34/300 [02:12<17:13,  0.26it/s, v_num=1y37]
Epoch 0:  11%|█▏        | 34/300 [02:12<17:13,  0.26it/s, v_num=1y37]
Epoch 0:  12%|█▏        | 35/300 [02:13<16:47,  0.26it/s, v_num=1y37]
Epoch 0:  12%|█▏        | 35/300 [02:13<16:47,  0.26it/s, v_num=1y37]
Epoch 0:  12%|█▏        | 36/300 [02:13<16:22,  0.27it/s, v_num=1y37]
Epoch 0:  12%|█▏        | 36/300 [02:13<16:22,  0.27it/s, v_num=1y37]
Epoch 0:  12%|█▏        | 37/300 [02:14<15:58,  0.27it/s, v_num=1y37]
Epoch 0:  12%|█▏        | 37/300 [02:14<15:58,  0.27it/s, v_num=1y37]
Epoch 0:  13%|█▎        | 38/300 [02:15<15:35,  0.28it/s, v_num=1y37]
Epoch 0:  13%|█▎        | 38/300 [02:15<15:35,  0.28it/s, v_num=1y37]
Epoch 0:  13%|█▎        | 39/300 [02:16<15:13,  0.29it/s, v_num=1y37]
Epoch 0:  13%|█▎        | 39/300 [02:16<15:13,  0.29it/s, v_num=1y37]
Epoch 0:  13%|█▎        | 40/300 [02:17<14:53,  0.29it/s, v_num=1y37]
Epoch 0:  13%|█▎        | 40/300 [02:17<14:53,  0.29it/s, v_num=1y37]
Epoch 0:  14%|█▎        | 41/300 [02:18<14:33,  0.30it/s, v_num=1y37]
Epoch 0:  14%|█▎        | 41/300 [02:18<14:33,  0.30it/s, v_num=1y37]
Epoch 0:  14%|█▍        | 42/300 [02:19<14:15,  0.30it/s, v_num=1y37]
Epoch 0:  14%|█▍        | 42/300 [02:19<14:15,  0.30it/s, v_num=1y37]
Epoch 0:  14%|█▍        | 43/300 [02:20<13:57,  0.31it/s, v_num=1y37]
Epoch 0:  14%|█▍        | 43/300 [02:20<13:57,  0.31it/s, v_num=1y37]
Epoch 0:  15%|█▍        | 44/300 [02:20<13:40,  0.31it/s, v_num=1y37]
Epoch 0:  15%|█▍        | 44/300 [02:20<13:40,  0.31it/s, v_num=1y37]
Epoch 0:  15%|█▌        | 45/300 [02:21<13:23,  0.32it/s, v_num=1y37]
Epoch 0:  15%|█▌        | 45/300 [02:21<13:23,  0.32it/s, v_num=1y37]
Epoch 0:  15%|█▌        | 46/300 [02:22<13:08,  0.32it/s, v_num=1y37]
Epoch 0:  15%|█▌        | 46/300 [02:22<13:08,  0.32it/s, v_num=1y37]
Epoch 0:  16%|█▌        | 47/300 [02:23<12:53,  0.33it/s, v_num=1y37]
Epoch 0:  16%|█▌        | 47/300 [02:23<12:53,  0.33it/s, v_num=1y37]
Epoch 0:  16%|█▌        | 48/300 [02:24<12:38,  0.33it/s, v_num=1y37]
Epoch 0:  16%|█▌        | 48/300 [02:24<12:38,  0.33it/s, v_num=1y37]
Epoch 0:  16%|█▋        | 49/300 [02:25<12:24,  0.34it/s, v_num=1y37]
Epoch 0:  16%|█▋        | 49/300 [02:25<12:24,  0.34it/s, v_num=1y37]
Epoch 0:  17%|█▋        | 50/300 [02:26<12:11,  0.34it/s, v_num=1y37]
Epoch 0:  17%|█▋        | 50/300 [02:26<12:11,  0.34it/s, v_num=1y37]
Epoch 0:  17%|█▋        | 51/300 [02:27<11:58,  0.35it/s, v_num=1y37]
Epoch 0:  17%|█▋        | 51/300 [02:27<11:58,  0.35it/s, v_num=1y37]
Epoch 0:  17%|█▋        | 52/300 [02:28<11:45,  0.35it/s, v_num=1y37]
Epoch 0:  17%|█▋        | 52/300 [02:28<11:45,  0.35it/s, v_num=1y37]
Epoch 0:  18%|█▊        | 53/300 [02:28<11:33,  0.36it/s, v_num=1y37]
Epoch 0:  18%|█▊        | 53/300 [02:28<11:33,  0.36it/s, v_num=1y37]
Epoch 0:  18%|█▊        | 54/300 [02:29<11:22,  0.36it/s, v_num=1y37]
Epoch 0:  18%|█▊        | 54/300 [02:29<11:22,  0.36it/s, v_num=1y37]
Epoch 0:  18%|█▊        | 55/300 [02:30<11:11,  0.37it/s, v_num=1y37]
Epoch 0:  18%|█▊        | 55/300 [02:30<11:11,  0.37it/s, v_num=1y37]
Epoch 0:  19%|█▊        | 56/300 [02:31<11:00,  0.37it/s, v_num=1y37]
Epoch 0:  19%|█▊        | 56/300 [02:31<11:00,  0.37it/s, v_num=1y37]
Epoch 0:  19%|█▉        | 57/300 [02:32<10:49,  0.37it/s, v_num=1y37]
Epoch 0:  19%|█▉        | 57/300 [02:32<10:49,  0.37it/s, v_num=1y37]
Epoch 0:  19%|█▉        | 58/300 [02:33<10:39,  0.38it/s, v_num=1y37]
Epoch 0:  19%|█▉        | 58/300 [02:33<10:39,  0.38it/s, v_num=1y37]
Epoch 0:  20%|█▉        | 59/300 [02:34<10:29,  0.38it/s, v_num=1y37]
Epoch 0:  20%|█▉        | 59/300 [02:34<10:29,  0.38it/s, v_num=1y37]
Epoch 0:  20%|██        | 60/300 [02:35<10:20,  0.39it/s, v_num=1y37]
Epoch 0:  20%|██        | 60/300 [02:35<10:20,  0.39it/s, v_num=1y37]
Epoch 0:  20%|██        | 61/300 [02:44<10:43,  0.37it/s, v_num=1y37]
Epoch 0:  20%|██        | 61/300 [02:44<10:43,  0.37it/s, v_num=1y37]
Epoch 0:  21%|██        | 62/300 [02:45<10:34,  0.38it/s, v_num=1y37]
Epoch 0:  21%|██        | 62/300 [02:45<10:34,  0.38it/s, v_num=1y37]
Epoch 0:  21%|██        | 63/300 [02:46<10:24,  0.38it/s, v_num=1y37]
Epoch 0:  21%|██        | 63/300 [02:46<10:24,  0.38it/s, v_num=1y37]
Epoch 0:  21%|██▏       | 64/300 [02:46<10:15,  0.38it/s, v_num=1y37]
Epoch 0:  21%|██▏       | 64/300 [02:46<10:15,  0.38it/s, v_num=1y37]
Epoch 0:  22%|██▏       | 65/300 [02:47<10:06,  0.39it/s, v_num=1y37]
Epoch 0:  22%|██▏       | 65/300 [02:47<10:06,  0.39it/s, v_num=1y37]
Epoch 0:  22%|██▏       | 66/300 [02:48<09:58,  0.39it/s, v_num=1y37]
Epoch 0:  22%|██▏       | 66/300 [02:48<09:58,  0.39it/s, v_num=1y37]
Epoch 0:  22%|██▏       | 67/300 [02:49<09:49,  0.40it/s, v_num=1y37]
Epoch 0:  22%|██▏       | 67/300 [02:49<09:49,  0.40it/s, v_num=1y37]
Epoch 0:  23%|██▎       | 68/300 [02:50<09:41,  0.40it/s, v_num=1y37]
Epoch 0:  23%|██▎       | 68/300 [02:50<09:41,  0.40it/s, v_num=1y37]
Epoch 0:  23%|██▎       | 69/300 [02:51<09:33,  0.40it/s, v_num=1y37]
Epoch 0:  23%|██▎       | 69/300 [02:51<09:33,  0.40it/s, v_num=1y37]
Epoch 0:  23%|██▎       | 70/300 [02:52<09:25,  0.41it/s, v_num=1y37]
Epoch 0:  23%|██▎       | 70/300 [02:52<09:25,  0.41it/s, v_num=1y37]
Epoch 0:  24%|██▎       | 71/300 [02:53<09:18,  0.41it/s, v_num=1y37]
Epoch 0:  24%|██▎       | 71/300 [02:53<09:18,  0.41it/s, v_num=1y37]
Epoch 0:  24%|██▍       | 72/300 [02:53<09:10,  0.41it/s, v_num=1y37]
Epoch 0:  24%|██▍       | 72/300 [02:53<09:10,  0.41it/s, v_num=1y37]
Epoch 0:  24%|██▍       | 73/300 [02:54<09:03,  0.42it/s, v_num=1y37]
Epoch 0:  24%|██▍       | 73/300 [02:54<09:03,  0.42it/s, v_num=1y37]
Epoch 0:  25%|██▍       | 74/300 [02:55<08:56,  0.42it/s, v_num=1y37]
Epoch 0:  25%|██▍       | 74/300 [02:55<08:56,  0.42it/s, v_num=1y37]
Epoch 0:  25%|██▌       | 75/300 [02:56<08:49,  0.42it/s, v_num=1y37]
Epoch 0:  25%|██▌       | 75/300 [02:56<08:49,  0.42it/s, v_num=1y37]
Epoch 0:  25%|██▌       | 76/300 [02:57<08:43,  0.43it/s, v_num=1y37]
Epoch 0:  25%|██▌       | 76/300 [02:57<08:43,  0.43it/s, v_num=1y37]
Epoch 0:  26%|██▌       | 77/300 [02:58<08:36,  0.43it/s, v_num=1y37]
Epoch 0:  26%|██▌       | 77/300 [02:58<08:36,  0.43it/s, v_num=1y37]
Epoch 0:  26%|██▌       | 78/300 [02:59<08:30,  0.44it/s, v_num=1y37]
Epoch 0:  26%|██▌       | 78/300 [02:59<08:30,  0.44it/s, v_num=1y37]
Epoch 0:  26%|██▋       | 79/300 [03:00<08:23,  0.44it/s, v_num=1y37]
Epoch 0:  26%|██▋       | 79/300 [03:00<08:23,  0.44it/s, v_num=1y37]
Epoch 0:  27%|██▋       | 80/300 [03:01<08:17,  0.44it/s, v_num=1y37]
Epoch 0:  27%|██▋       | 80/300 [03:01<08:17,  0.44it/s, v_num=1y37]
Epoch 0:  27%|██▋       | 81/300 [03:01<08:11,  0.45it/s, v_num=1y37]
Epoch 0:  27%|██▋       | 81/300 [03:01<08:11,  0.45it/s, v_num=1y37]
Epoch 0:  27%|██▋       | 82/300 [03:02<08:05,  0.45it/s, v_num=1y37]
Epoch 0:  27%|██▋       | 82/300 [03:02<08:05,  0.45it/s, v_num=1y37]
Epoch 0:  28%|██▊       | 83/300 [03:03<08:00,  0.45it/s, v_num=1y37]
Epoch 0:  28%|██▊       | 83/300 [03:03<08:00,  0.45it/s, v_num=1y37]
Epoch 0:  28%|██▊       | 84/300 [03:04<07:54,  0.46it/s, v_num=1y37]
Epoch 0:  28%|██▊       | 84/300 [03:04<07:54,  0.46it/s, v_num=1y37]
Epoch 0:  28%|██▊       | 85/300 [03:05<07:49,  0.46it/s, v_num=1y37]
Epoch 0:  28%|██▊       | 85/300 [03:05<07:49,  0.46it/s, v_num=1y37]
Epoch 0:  29%|██▊       | 86/300 [03:06<07:43,  0.46it/s, v_num=1y37]
Epoch 0:  29%|██▊       | 86/300 [03:06<07:43,  0.46it/s, v_num=1y37]
Epoch 0:  29%|██▉       | 87/300 [03:07<07:38,  0.46it/s, v_num=1y37]
Epoch 0:  29%|██▉       | 87/300 [03:07<07:38,  0.46it/s, v_num=1y37]
Epoch 0:  29%|██▉       | 88/300 [03:08<07:33,  0.47it/s, v_num=1y37]
Epoch 0:  29%|██▉       | 88/300 [03:08<07:33,  0.47it/s, v_num=1y37]
Epoch 0:  30%|██▉       | 89/300 [03:08<07:27,  0.47it/s, v_num=1y37]
Epoch 0:  30%|██▉       | 89/300 [03:08<07:27,  0.47it/s, v_num=1y37]
Epoch 0:  30%|███       | 90/300 [03:09<07:22,  0.47it/s, v_num=1y37]
Epoch 0:  30%|███       | 90/300 [03:09<07:22,  0.47it/s, v_num=1y37]
Epoch 0:  30%|███       | 91/300 [03:10<07:18,  0.48it/s, v_num=1y37]
Epoch 0:  30%|███       | 91/300 [03:10<07:18,  0.48it/s, v_num=1y37]
Epoch 0:  31%|███       | 92/300 [03:11<07:13,  0.48it/s, v_num=1y37]
Epoch 0:  31%|███       | 92/300 [03:11<07:13,  0.48it/s, v_num=1y37]
Epoch 0:  31%|███       | 93/300 [03:12<07:08,  0.48it/s, v_num=1y37]
Epoch 0:  31%|███       | 93/300 [03:12<07:08,  0.48it/s, v_num=1y37]
Epoch 0:  31%|███▏      | 94/300 [03:16<07:10,  0.48it/s, v_num=1y37]
Epoch 0:  31%|███▏      | 94/300 [03:16<07:10,  0.48it/s, v_num=1y37]
Epoch 0:  32%|███▏      | 95/300 [03:17<07:05,  0.48it/s, v_num=1y37]
Epoch 0:  32%|███▏      | 95/300 [03:17<07:05,  0.48it/s, v_num=1y37]
Epoch 0:  32%|███▏      | 96/300 [03:18<07:01,  0.48it/s, v_num=1y37]
Epoch 0:  32%|███▏      | 96/300 [03:18<07:01,  0.48it/s, v_num=1y37]
Epoch 0:  32%|███▏      | 97/300 [03:19<06:56,  0.49it/s, v_num=1y37]
Epoch 0:  32%|███▏      | 97/300 [03:19<06:56,  0.49it/s, v_num=1y37]
Epoch 0:  33%|███▎      | 98/300 [03:19<06:52,  0.49it/s, v_num=1y37]
Epoch 0:  33%|███▎      | 98/300 [03:19<06:52,  0.49it/s, v_num=1y37]
Epoch 0:  33%|███▎      | 99/300 [03:20<06:47,  0.49it/s, v_num=1y37]
Epoch 0:  33%|███▎      | 99/300 [03:20<06:47,  0.49it/s, v_num=1y37]
Epoch 0:  33%|███▎      | 100/300 [03:21<06:43,  0.50it/s, v_num=1y37]
Epoch 0:  33%|███▎      | 100/300 [03:21<06:43,  0.50it/s, v_num=1y37]
Epoch 0:  34%|███▎      | 101/300 [03:22<06:39,  0.50it/s, v_num=1y37]
Epoch 0:  34%|███▎      | 101/300 [03:22<06:39,  0.50it/s, v_num=1y37]
Epoch 0:  34%|███▍      | 102/300 [03:23<06:35,  0.50it/s, v_num=1y37]
Epoch 0:  34%|███▍      | 102/300 [03:23<06:35,  0.50it/s, v_num=1y37]
Epoch 0:  34%|███▍      | 103/300 [03:24<06:30,  0.50it/s, v_num=1y37]
Epoch 0:  34%|███▍      | 103/300 [03:24<06:30,  0.50it/s, v_num=1y37]
Epoch 0:  35%|███▍      | 104/300 [03:25<06:26,  0.51it/s, v_num=1y37]
Epoch 0:  35%|███▍      | 104/300 [03:25<06:26,  0.51it/s, v_num=1y37]
Epoch 0:  35%|███▌      | 105/300 [03:26<06:22,  0.51it/s, v_num=1y37]
Epoch 0:  35%|███▌      | 105/300 [03:26<06:22,  0.51it/s, v_num=1y37]
Epoch 0:  35%|███▌      | 106/300 [03:27<06:18,  0.51it/s, v_num=1y37]
Epoch 0:  35%|███▌      | 106/300 [03:27<06:18,  0.51it/s, v_num=1y37]
Epoch 0:  36%|███▌      | 107/300 [03:27<06:15,  0.51it/s, v_num=1y37]
Epoch 0:  36%|███▌      | 107/300 [03:27<06:15,  0.51it/s, v_num=1y37]
Epoch 0:  36%|███▌      | 108/300 [03:28<06:11,  0.52it/s, v_num=1y37]
Epoch 0:  36%|███▌      | 108/300 [03:28<06:11,  0.52it/s, v_num=1y37]
Epoch 0:  36%|███▋      | 109/300 [03:29<06:07,  0.52it/s, v_num=1y37]
Epoch 0:  36%|███▋      | 109/300 [03:29<06:07,  0.52it/s, v_num=1y37]
Epoch 0:  37%|███▋      | 110/300 [03:30<06:03,  0.52it/s, v_num=1y37]
Epoch 0:  37%|███▋      | 110/300 [03:30<06:03,  0.52it/s, v_num=1y37]
Epoch 0:  37%|███▋      | 111/300 [03:31<06:00,  0.52it/s, v_num=1y37]
Epoch 0:  37%|███▋      | 111/300 [03:31<06:00,  0.52it/s, v_num=1y37]
Epoch 0:  37%|███▋      | 112/300 [03:32<05:56,  0.53it/s, v_num=1y37]
Epoch 0:  37%|███▋      | 112/300 [03:32<05:56,  0.53it/s, v_num=1y37]
Epoch 0:  38%|███▊      | 113/300 [03:33<05:52,  0.53it/s, v_num=1y37]
Epoch 0:  38%|███▊      | 113/300 [03:33<05:52,  0.53it/s, v_num=1y37]
Epoch 0:  38%|███▊      | 114/300 [03:34<05:49,  0.53it/s, v_num=1y37]
Epoch 0:  38%|███▊      | 114/300 [03:34<05:49,  0.53it/s, v_num=1y37]
Epoch 0:  38%|███▊      | 115/300 [03:34<05:45,  0.53it/s, v_num=1y37]
Epoch 0:  38%|███▊      | 115/300 [03:34<05:45,  0.53it/s, v_num=1y37]
Epoch 0:  39%|███▊      | 116/300 [03:35<05:42,  0.54it/s, v_num=1y37]
Epoch 0:  39%|███▊      | 116/300 [03:35<05:42,  0.54it/s, v_num=1y37]
Epoch 0:  39%|███▉      | 117/300 [03:36<05:39,  0.54it/s, v_num=1y37]
Epoch 0:  39%|███▉      | 117/300 [03:36<05:39,  0.54it/s, v_num=1y37]
Epoch 0:  39%|███▉      | 118/300 [03:37<05:35,  0.54it/s, v_num=1y37]
Epoch 0:  39%|███▉      | 118/300 [03:37<05:35,  0.54it/s, v_num=1y37]
Epoch 0:  40%|███▉      | 119/300 [03:38<05:32,  0.54it/s, v_num=1y37]
Epoch 0:  40%|███▉      | 119/300 [03:38<05:32,  0.54it/s, v_num=1y37]
Epoch 0:  40%|████      | 120/300 [03:39<05:29,  0.55it/s, v_num=1y37]
Epoch 0:  40%|████      | 120/300 [03:39<05:29,  0.55it/s, v_num=1y37]
Epoch 0:  40%|████      | 121/300 [03:40<05:25,  0.55it/s, v_num=1y37]
Epoch 0:  40%|████      | 121/300 [03:40<05:25,  0.55it/s, v_num=1y37]
Epoch 0:  41%|████      | 122/300 [03:41<05:22,  0.55it/s, v_num=1y37]
Epoch 0:  41%|████      | 122/300 [03:41<05:22,  0.55it/s, v_num=1y37]
Epoch 0:  41%|████      | 123/300 [03:42<05:19,  0.55it/s, v_num=1y37]
Epoch 0:  41%|████      | 123/300 [03:42<05:19,  0.55it/s, v_num=1y37]
Epoch 0:  41%|████▏     | 124/300 [06:18<08:56,  0.33it/s, v_num=1y37]
Epoch 0:  41%|████▏     | 124/300 [06:18<08:56,  0.33it/s, v_num=1y37]
Epoch 0:  42%|████▏     | 125/300 [06:18<08:50,  0.33it/s, v_num=1y37]
Epoch 0:  42%|████▏     | 125/300 [06:18<08:50,  0.33it/s, v_num=1y37]
Epoch 0:  42%|████▏     | 126/300 [06:19<08:44,  0.33it/s, v_num=1y37]
Epoch 0:  42%|████▏     | 126/300 [06:19<08:44,  0.33it/s, v_num=1y37]
Epoch 0:  42%|████▏     | 127/300 [06:20<08:38,  0.33it/s, v_num=1y37]
Epoch 0:  42%|████▏     | 127/300 [06:20<08:38,  0.33it/s, v_num=1y37]
Epoch 0:  43%|████▎     | 128/300 [06:21<08:32,  0.34it/s, v_num=1y37]
Epoch 0:  43%|████▎     | 128/300 [06:21<08:32,  0.34it/s, v_num=1y37]
Epoch 0:  43%|████▎     | 129/300 [06:22<08:27,  0.34it/s, v_num=1y37]
Epoch 0:  43%|████▎     | 129/300 [06:22<08:27,  0.34it/s, v_num=1y37]
Epoch 0:  43%|████▎     | 130/300 [06:23<08:21,  0.34it/s, v_num=1y37]
Epoch 0:  43%|████▎     | 130/300 [06:23<08:21,  0.34it/s, v_num=1y37]
Epoch 0:  44%|████▎     | 131/300 [06:24<08:15,  0.34it/s, v_num=1y37]
Epoch 0:  44%|████▎     | 131/300 [06:24<08:15,  0.34it/s, v_num=1y37]
Epoch 0:  44%|████▍     | 132/300 [06:25<08:10,  0.34it/s, v_num=1y37]
Epoch 0:  44%|████▍     | 132/300 [06:25<08:10,  0.34it/s, v_num=1y37]
Epoch 0:  44%|████▍     | 133/300 [06:26<08:04,  0.34it/s, v_num=1y37]
Epoch 0:  44%|████▍     | 133/300 [06:26<08:04,  0.34it/s, v_num=1y37]
Epoch 0:  45%|████▍     | 134/300 [06:26<07:59,  0.35it/s, v_num=1y37]
Epoch 0:  45%|████▍     | 134/300 [06:26<07:59,  0.35it/s, v_num=1y37]
Epoch 0:  45%|████▌     | 135/300 [06:27<07:53,  0.35it/s, v_num=1y37]
Epoch 0:  45%|████▌     | 135/300 [06:27<07:53,  0.35it/s, v_num=1y37]
Epoch 0:  45%|████▌     | 136/300 [06:28<07:48,  0.35it/s, v_num=1y37]
Epoch 0:  45%|████▌     | 136/300 [06:28<07:48,  0.35it/s, v_num=1y37]
Epoch 0:  46%|████▌     | 137/300 [06:29<07:43,  0.35it/s, v_num=1y37]
Epoch 0:  46%|████▌     | 137/300 [06:29<07:43,  0.35it/s, v_num=1y37]
Epoch 0:  46%|████▌     | 138/300 [06:30<07:38,  0.35it/s, v_num=1y37]
Epoch 0:  46%|████▌     | 138/300 [06:30<07:38,  0.35it/s, v_num=1y37]
Epoch 0:  46%|████▋     | 139/300 [06:31<07:33,  0.36it/s, v_num=1y37]
Epoch 0:  46%|████▋     | 139/300 [06:31<07:33,  0.36it/s, v_num=1y37]
Epoch 0:  47%|████▋     | 140/300 [06:32<07:28,  0.36it/s, v_num=1y37]
Epoch 0:  47%|████▋     | 140/300 [06:32<07:28,  0.36it/s, v_num=1y37]
Epoch 0:  47%|████▋     | 141/300 [06:33<07:23,  0.36it/s, v_num=1y37]
Epoch 0:  47%|████▋     | 141/300 [06:33<07:23,  0.36it/s, v_num=1y37]
Epoch 0:  47%|████▋     | 142/300 [06:33<07:18,  0.36it/s, v_num=1y37]
Epoch 0:  47%|████▋     | 142/300 [06:33<07:18,  0.36it/s, v_num=1y37]
Epoch 0:  48%|████▊     | 143/300 [06:34<07:13,  0.36it/s, v_num=1y37]
Epoch 0:  48%|████▊     | 143/300 [06:34<07:13,  0.36it/s, v_num=1y37]
Epoch 0:  48%|████▊     | 144/300 [06:35<07:08,  0.36it/s, v_num=1y37]
Epoch 0:  48%|████▊     | 144/300 [06:35<07:08,  0.36it/s, v_num=1y37]
Epoch 0:  48%|████▊     | 145/300 [06:36<07:03,  0.37it/s, v_num=1y37]
Epoch 0:  48%|████▊     | 145/300 [06:36<07:03,  0.37it/s, v_num=1y37]
Epoch 0:  49%|████▊     | 146/300 [06:37<06:59,  0.37it/s, v_num=1y37]
Epoch 0:  49%|████▊     | 146/300 [06:37<06:59,  0.37it/s, v_num=1y37]
Epoch 0:  49%|████▉     | 147/300 [06:38<06:54,  0.37it/s, v_num=1y37]
Epoch 0:  49%|████▉     | 147/300 [06:38<06:54,  0.37it/s, v_num=1y37]
Epoch 0:  49%|████▉     | 148/300 [06:39<06:50,  0.37it/s, v_num=1y37]
Epoch 0:  49%|████▉     | 148/300 [06:39<06:50,  0.37it/s, v_num=1y37]
Epoch 0:  50%|████▉     | 149/300 [06:40<06:45,  0.37it/s, v_num=1y37]
Epoch 0:  50%|████▉     | 149/300 [06:40<06:45,  0.37it/s, v_num=1y37]
Epoch 0:  50%|█████     | 150/300 [06:41<06:41,  0.37it/s, v_num=1y37]
Epoch 0:  50%|█████     | 150/300 [06:41<06:41,  0.37it/s, v_num=1y37]
Epoch 0:  50%|█████     | 151/300 [06:41<06:36,  0.38it/s, v_num=1y37]
Epoch 0:  50%|█████     | 151/300 [06:41<06:36,  0.38it/s, v_num=1y37]
Epoch 0:  51%|█████     | 152/300 [06:42<06:32,  0.38it/s, v_num=1y37]
Epoch 0:  51%|█████     | 152/300 [06:42<06:32,  0.38it/s, v_num=1y37]
Epoch 0:  51%|█████     | 153/300 [06:43<06:27,  0.38it/s, v_num=1y37]
Epoch 0:  51%|█████     | 153/300 [06:43<06:27,  0.38it/s, v_num=1y37]
Epoch 0:  51%|█████▏    | 154/300 [06:44<06:23,  0.38it/s, v_num=1y37]
Epoch 0:  51%|█████▏    | 154/300 [06:44<06:23,  0.38it/s, v_num=1y37]
Epoch 0:  52%|█████▏    | 155/300 [06:45<06:19,  0.38it/s, v_num=1y37]
Epoch 0:  52%|█████▏    | 155/300 [06:45<06:19,  0.38it/s, v_num=1y37]
Epoch 0:  52%|█████▏    | 156/300 [06:46<06:15,  0.38it/s, v_num=1y37]
Epoch 0:  52%|█████▏    | 156/300 [06:46<06:15,  0.38it/s, v_num=1y37]
Epoch 0:  52%|█████▏    | 157/300 [09:04<08:15,  0.29it/s, v_num=1y37]
Epoch 0:  52%|█████▏    | 157/300 [09:04<08:15,  0.29it/s, v_num=1y37]
Epoch 0:  53%|█████▎    | 158/300 [09:05<08:10,  0.29it/s, v_num=1y37]
Epoch 0:  53%|█████▎    | 158/300 [09:05<08:10,  0.29it/s, v_num=1y37]
Epoch 0:  53%|█████▎    | 159/300 [09:06<08:04,  0.29it/s, v_num=1y37]
Epoch 0:  53%|█████▎    | 159/300 [09:06<08:04,  0.29it/s, v_num=1y37]
Epoch 0:  53%|█████▎    | 160/300 [09:07<07:58,  0.29it/s, v_num=1y37]
Epoch 0:  53%|█████▎    | 160/300 [09:07<07:58,  0.29it/s, v_num=1y37]
Epoch 0:  54%|█████▎    | 161/300 [09:08<07:53,  0.29it/s, v_num=1y37]
Epoch 0:  54%|█████▎    | 161/300 [09:08<07:53,  0.29it/s, v_num=1y37]
Epoch 0:  54%|█████▍    | 162/300 [09:08<07:47,  0.30it/s, v_num=1y37]
Epoch 0:  54%|█████▍    | 162/300 [09:08<07:47,  0.30it/s, v_num=1y37]
Epoch 0:  54%|█████▍    | 163/300 [09:09<07:42,  0.30it/s, v_num=1y37]
Epoch 0:  54%|█████▍    | 163/300 [09:09<07:42,  0.30it/s, v_num=1y37]
Epoch 0:  55%|█████▍    | 164/300 [09:10<07:36,  0.30it/s, v_num=1y37]
Epoch 0:  55%|█████▍    | 164/300 [09:10<07:36,  0.30it/s, v_num=1y37]
Epoch 0:  55%|█████▌    | 165/300 [09:11<07:31,  0.30it/s, v_num=1y37]
Epoch 0:  55%|█████▌    | 165/300 [09:11<07:31,  0.30it/s, v_num=1y37]
Epoch 0:  55%|█████▌    | 166/300 [09:12<07:25,  0.30it/s, v_num=1y37]
Epoch 0:  55%|█████▌    | 166/300 [09:12<07:25,  0.30it/s, v_num=1y37]
Epoch 0:  56%|█████▌    | 167/300 [09:13<07:20,  0.30it/s, v_num=1y37]
Epoch 0:  56%|█████▌    | 167/300 [09:13<07:20,  0.30it/s, v_num=1y37]
Epoch 0:  56%|█████▌    | 168/300 [09:14<07:15,  0.30it/s, v_num=1y37]
Epoch 0:  56%|█████▌    | 168/300 [09:14<07:15,  0.30it/s, v_num=1y37]
Epoch 0:  56%|█████▋    | 169/300 [09:15<07:10,  0.30it/s, v_num=1y37]
Epoch 0:  56%|█████▋    | 169/300 [09:15<07:10,  0.30it/s, v_num=1y37]
Epoch 0:  57%|█████▋    | 170/300 [09:15<07:05,  0.31it/s, v_num=1y37]
Epoch 0:  57%|█████▋    | 170/300 [09:15<07:05,  0.31it/s, v_num=1y37]
Epoch 0:  57%|█████▋    | 171/300 [09:16<07:00,  0.31it/s, v_num=1y37]
Epoch 0:  57%|█████▋    | 171/300 [09:16<07:00,  0.31it/s, v_num=1y37]
Epoch 0:  57%|█████▋    | 172/300 [09:17<06:55,  0.31it/s, v_num=1y37]
Epoch 0:  57%|█████▋    | 172/300 [09:17<06:55,  0.31it/s, v_num=1y37]
Epoch 0:  58%|█████▊    | 173/300 [09:18<06:50,  0.31it/s, v_num=1y37]
Epoch 0:  58%|█████▊    | 173/300 [09:18<06:50,  0.31it/s, v_num=1y37]
Epoch 0:  58%|█████▊    | 174/300 [09:19<06:45,  0.31it/s, v_num=1y37]
Epoch 0:  58%|█████▊    | 174/300 [09:19<06:45,  0.31it/s, v_num=1y37]
Epoch 0:  58%|█████▊    | 175/300 [09:20<06:40,  0.31it/s, v_num=1y37]
Epoch 0:  58%|█████▊    | 175/300 [09:20<06:40,  0.31it/s, v_num=1y37]
Epoch 0:  59%|█████▊    | 176/300 [09:21<06:35,  0.31it/s, v_num=1y37]
Epoch 0:  59%|█████▊    | 176/300 [09:21<06:35,  0.31it/s, v_num=1y37]
Epoch 0:  59%|█████▉    | 177/300 [09:22<06:30,  0.31it/s, v_num=1y37]
Epoch 0:  59%|█████▉    | 177/300 [09:22<06:30,  0.31it/s, v_num=1y37]
Epoch 0:  59%|█████▉    | 178/300 [09:23<06:25,  0.32it/s, v_num=1y37]
Epoch 0:  59%|█████▉    | 178/300 [09:23<06:25,  0.32it/s, v_num=1y37]
Epoch 0:  60%|█████▉    | 179/300 [09:23<06:21,  0.32it/s, v_num=1y37]
Epoch 0:  60%|█████▉    | 179/300 [09:23<06:21,  0.32it/s, v_num=1y37]
Epoch 0:  60%|██████    | 180/300 [09:24<06:16,  0.32it/s, v_num=1y37]
Epoch 0:  60%|██████    | 180/300 [09:24<06:16,  0.32it/s, v_num=1y37]
Epoch 0:  60%|██████    | 181/300 [09:25<06:11,  0.32it/s, v_num=1y37]
Epoch 0:  60%|██████    | 181/300 [09:25<06:11,  0.32it/s, v_num=1y37]
Epoch 0:  61%|██████    | 182/300 [09:26<06:07,  0.32it/s, v_num=1y37]
Epoch 0:  61%|██████    | 182/300 [09:26<06:07,  0.32it/s, v_num=1y37]
Epoch 0:  61%|██████    | 183/300 [09:27<06:02,  0.32it/s, v_num=1y37]
Epoch 0:  61%|██████    | 183/300 [09:27<06:02,  0.32it/s, v_num=1y37]
Epoch 0:  61%|██████▏   | 184/300 [09:28<05:58,  0.32it/s, v_num=1y37]
Epoch 0:  61%|██████▏   | 184/300 [09:28<05:58,  0.32it/s, v_num=1y37]
Epoch 0:  62%|██████▏   | 185/300 [09:29<05:53,  0.33it/s, v_num=1y37]
Epoch 0:  62%|██████▏   | 185/300 [09:29<05:53,  0.33it/s, v_num=1y37]
Epoch 0:  62%|██████▏   | 186/300 [09:30<05:49,  0.33it/s, v_num=1y37]
Epoch 0:  62%|██████▏   | 186/300 [09:30<05:49,  0.33it/s, v_num=1y37]
Epoch 0:  62%|██████▏   | 187/300 [11:47<07:07,  0.26it/s, v_num=1y37]
Epoch 0:  62%|██████▏   | 187/300 [11:47<07:07,  0.26it/s, v_num=1y37]
Epoch 0:  63%|██████▎   | 188/300 [11:48<07:02,  0.27it/s, v_num=1y37]
Epoch 0:  63%|██████▎   | 188/300 [11:48<07:02,  0.27it/s, v_num=1y37]
Epoch 0:  63%|██████▎   | 189/300 [11:49<06:56,  0.27it/s, v_num=1y37]
Epoch 0:  63%|██████▎   | 189/300 [11:49<06:56,  0.27it/s, v_num=1y37]
Epoch 0:  63%|██████▎   | 190/300 [11:50<06:51,  0.27it/s, v_num=1y37]
Epoch 0:  63%|██████▎   | 190/300 [11:50<06:51,  0.27it/s, v_num=1y37]
Epoch 0:  64%|██████▎   | 191/300 [11:51<06:45,  0.27it/s, v_num=1y37]
Epoch 0:  64%|██████▎   | 191/300 [11:51<06:45,  0.27it/s, v_num=1y37]
Epoch 0:  64%|██████▍   | 192/300 [11:51<06:40,  0.27it/s, v_num=1y37]
Epoch 0:  64%|██████▍   | 192/300 [11:51<06:40,  0.27it/s, v_num=1y37]
Epoch 0:  64%|██████▍   | 193/300 [11:52<06:35,  0.27it/s, v_num=1y37]
Epoch 0:  64%|██████▍   | 193/300 [11:52<06:35,  0.27it/s, v_num=1y37]
Epoch 0:  65%|██████▍   | 194/300 [11:53<06:29,  0.27it/s, v_num=1y37]
Epoch 0:  65%|██████▍   | 194/300 [11:53<06:29,  0.27it/s, v_num=1y37]
Epoch 0:  65%|██████▌   | 195/300 [11:54<06:24,  0.27it/s, v_num=1y37]
Epoch 0:  65%|██████▌   | 195/300 [11:54<06:24,  0.27it/s, v_num=1y37]
Epoch 0:  65%|██████▌   | 196/300 [11:55<06:19,  0.27it/s, v_num=1y37]
Epoch 0:  65%|██████▌   | 196/300 [11:55<06:19,  0.27it/s, v_num=1y37]
Epoch 0:  66%|██████▌   | 197/300 [11:56<06:14,  0.28it/s, v_num=1y37]
Epoch 0:  66%|██████▌   | 197/300 [11:56<06:14,  0.28it/s, v_num=1y37]
Epoch 0:  66%|██████▌   | 198/300 [11:57<06:09,  0.28it/s, v_num=1y37]
Epoch 0:  66%|██████▌   | 198/300 [11:57<06:09,  0.28it/s, v_num=1y37]
Epoch 0:  66%|██████▋   | 199/300 [11:58<06:04,  0.28it/s, v_num=1y37]
Epoch 0:  66%|██████▋   | 199/300 [11:58<06:04,  0.28it/s, v_num=1y37]
Epoch 0:  67%|██████▋   | 200/300 [11:58<05:59,  0.28it/s, v_num=1y37]
Epoch 0:  67%|██████▋   | 200/300 [11:58<05:59,  0.28it/s, v_num=1y37]
Epoch 0:  67%|██████▋   | 201/300 [11:59<05:54,  0.28it/s, v_num=1y37]
Epoch 0:  67%|██████▋   | 201/300 [11:59<05:54,  0.28it/s, v_num=1y37]
Epoch 0:  67%|██████▋   | 202/300 [12:00<05:49,  0.28it/s, v_num=1y37]
Epoch 0:  67%|██████▋   | 202/300 [12:00<05:49,  0.28it/s, v_num=1y37]
Epoch 0:  68%|██████▊   | 203/300 [12:01<05:44,  0.28it/s, v_num=1y37]
Epoch 0:  68%|██████▊   | 203/300 [12:01<05:44,  0.28it/s, v_num=1y37]
Epoch 0:  68%|██████▊   | 204/300 [12:02<05:40,  0.28it/s, v_num=1y37]
Epoch 0:  68%|██████▊   | 204/300 [12:02<05:40,  0.28it/s, v_num=1y37]
Epoch 0:  68%|██████▊   | 205/300 [12:03<05:35,  0.28it/s, v_num=1y37]
Epoch 0:  68%|██████▊   | 205/300 [12:03<05:35,  0.28it/s, v_num=1y37]
Epoch 0:  69%|██████▊   | 206/300 [12:04<05:30,  0.28it/s, v_num=1y37]
Epoch 0:  69%|██████▊   | 206/300 [12:04<05:30,  0.28it/s, v_num=1y37]
Epoch 0:  69%|██████▉   | 207/300 [12:05<05:25,  0.29it/s, v_num=1y37]
Epoch 0:  69%|██████▉   | 207/300 [12:05<05:25,  0.29it/s, v_num=1y37]
Epoch 0:  69%|██████▉   | 208/300 [12:06<05:21,  0.29it/s, v_num=1y37]
Epoch 0:  69%|██████▉   | 208/300 [12:06<05:21,  0.29it/s, v_num=1y37]
Epoch 0:  70%|██████▉   | 209/300 [12:06<05:16,  0.29it/s, v_num=1y37]
Epoch 0:  70%|██████▉   | 209/300 [12:06<05:16,  0.29it/s, v_num=1y37]
Epoch 0:  70%|███████   | 210/300 [12:07<05:11,  0.29it/s, v_num=1y37]
Epoch 0:  70%|███████   | 210/300 [12:07<05:11,  0.29it/s, v_num=1y37]
Epoch 0:  70%|███████   | 211/300 [12:08<05:07,  0.29it/s, v_num=1y37]
Epoch 0:  70%|███████   | 211/300 [12:08<05:07,  0.29it/s, v_num=1y37]
Epoch 0:  71%|███████   | 212/300 [12:09<05:02,  0.29it/s, v_num=1y37]
Epoch 0:  71%|███████   | 212/300 [12:09<05:02,  0.29it/s, v_num=1y37]
Epoch 0:  71%|███████   | 213/300 [12:10<04:58,  0.29it/s, v_num=1y37]
Epoch 0:  71%|███████   | 213/300 [12:10<04:58,  0.29it/s, v_num=1y37]
Epoch 0:  71%|███████▏  | 214/300 [12:11<04:53,  0.29it/s, v_num=1y37]
Epoch 0:  71%|███████▏  | 214/300 [12:11<04:53,  0.29it/s, v_num=1y37]
Epoch 0:  72%|███████▏  | 215/300 [12:12<04:49,  0.29it/s, v_num=1y37]
Epoch 0:  72%|███████▏  | 215/300 [12:12<04:49,  0.29it/s, v_num=1y37]
Epoch 0:  72%|███████▏  | 216/300 [12:13<04:45,  0.29it/s, v_num=1y37]
Epoch 0:  72%|███████▏  | 216/300 [12:13<04:45,  0.29it/s, v_num=1y37]
Epoch 0:  72%|███████▏  | 217/300 [14:26<05:31,  0.25it/s, v_num=1y37]
Epoch 0:  72%|███████▏  | 217/300 [14:26<05:31,  0.25it/s, v_num=1y37]
Epoch 0:  73%|███████▎  | 218/300 [14:27<05:26,  0.25it/s, v_num=1y37]
Epoch 0:  73%|███████▎  | 218/300 [14:27<05:26,  0.25it/s, v_num=1y37]
Epoch 0:  73%|███████▎  | 219/300 [14:28<05:21,  0.25it/s, v_num=1y37]
Epoch 0:  73%|███████▎  | 219/300 [14:28<05:21,  0.25it/s, v_num=1y37]
Epoch 0:  73%|███████▎  | 220/300 [14:29<05:16,  0.25it/s, v_num=1y37]
Epoch 0:  73%|███████▎  | 220/300 [14:29<05:16,  0.25it/s, v_num=1y37]
Epoch 0:  74%|███████▎  | 221/300 [14:30<05:11,  0.25it/s, v_num=1y37]
Epoch 0:  74%|███████▎  | 221/300 [14:30<05:11,  0.25it/s, v_num=1y37]
Epoch 0:  74%|███████▍  | 222/300 [14:30<05:06,  0.25it/s, v_num=1y37]
Epoch 0:  74%|███████▍  | 222/300 [14:30<05:06,  0.25it/s, v_num=1y37]
Epoch 0:  74%|███████▍  | 223/300 [14:31<05:01,  0.26it/s, v_num=1y37]
Epoch 0:  74%|███████▍  | 223/300 [14:31<05:01,  0.26it/s, v_num=1y37]
Epoch 0:  75%|███████▍  | 224/300 [14:32<04:56,  0.26it/s, v_num=1y37]
Epoch 0:  75%|███████▍  | 224/300 [14:32<04:56,  0.26it/s, v_num=1y37]
Epoch 0:  75%|███████▌  | 225/300 [14:33<04:51,  0.26it/s, v_num=1y37]
Epoch 0:  75%|███████▌  | 225/300 [14:33<04:51,  0.26it/s, v_num=1y37]
Epoch 0:  75%|███████▌  | 226/300 [14:34<04:46,  0.26it/s, v_num=1y37]
Epoch 0:  75%|███████▌  | 226/300 [14:34<04:46,  0.26it/s, v_num=1y37]
Epoch 0:  76%|███████▌  | 227/300 [14:35<04:41,  0.26it/s, v_num=1y37]
Epoch 0:  76%|███████▌  | 227/300 [14:35<04:41,  0.26it/s, v_num=1y37]
Epoch 0:  76%|███████▌  | 228/300 [14:36<04:36,  0.26it/s, v_num=1y37]
Epoch 0:  76%|███████▌  | 228/300 [14:36<04:36,  0.26it/s, v_num=1y37]
Epoch 0:  76%|███████▋  | 229/300 [14:37<04:31,  0.26it/s, v_num=1y37]
Epoch 0:  76%|███████▋  | 229/300 [14:37<04:31,  0.26it/s, v_num=1y37]
Epoch 0:  77%|███████▋  | 230/300 [14:37<04:27,  0.26it/s, v_num=1y37]
Epoch 0:  77%|███████▋  | 230/300 [14:37<04:27,  0.26it/s, v_num=1y37]
Epoch 0:  77%|███████▋  | 231/300 [14:38<04:22,  0.26it/s, v_num=1y37]
Epoch 0:  77%|███████▋  | 231/300 [14:38<04:22,  0.26it/s, v_num=1y37]
Epoch 0:  77%|███████▋  | 232/300 [14:39<04:17,  0.26it/s, v_num=1y37]
Epoch 0:  77%|███████▋  | 232/300 [14:39<04:17,  0.26it/s, v_num=1y37]
Epoch 0:  78%|███████▊  | 233/300 [14:40<04:13,  0.26it/s, v_num=1y37]
Epoch 0:  78%|███████▊  | 233/300 [14:40<04:13,  0.26it/s, v_num=1y37]
Epoch 0:  78%|███████▊  | 234/300 [14:41<04:08,  0.27it/s, v_num=1y37]
Epoch 0:  78%|███████▊  | 234/300 [14:41<04:08,  0.27it/s, v_num=1y37]
Epoch 0:  78%|███████▊  | 235/300 [14:42<04:04,  0.27it/s, v_num=1y37]
Epoch 0:  78%|███████▊  | 235/300 [14:42<04:04,  0.27it/s, v_num=1y37]
Epoch 0:  79%|███████▊  | 236/300 [14:43<03:59,  0.27it/s, v_num=1y37]
Epoch 0:  79%|███████▊  | 236/300 [14:43<03:59,  0.27it/s, v_num=1y37]
Epoch 0:  79%|███████▉  | 237/300 [14:44<03:55,  0.27it/s, v_num=1y37]
Epoch 0:  79%|███████▉  | 237/300 [14:44<03:55,  0.27it/s, v_num=1y37]
Epoch 0:  79%|███████▉  | 238/300 [14:45<03:50,  0.27it/s, v_num=1y37]
Epoch 0:  79%|███████▉  | 238/300 [14:45<03:50,  0.27it/s, v_num=1y37]
Epoch 0:  80%|███████▉  | 239/300 [14:45<03:46,  0.27it/s, v_num=1y37]
Epoch 0:  80%|███████▉  | 239/300 [14:45<03:46,  0.27it/s, v_num=1y37]
Epoch 0:  80%|████████  | 240/300 [14:46<03:41,  0.27it/s, v_num=1y37]
Epoch 0:  80%|████████  | 240/300 [14:46<03:41,  0.27it/s, v_num=1y37]
Epoch 0:  80%|████████  | 241/300 [14:47<03:37,  0.27it/s, v_num=1y37]
Epoch 0:  80%|████████  | 241/300 [14:47<03:37,  0.27it/s, v_num=1y37]
Epoch 0:  81%|████████  | 242/300 [14:48<03:32,  0.27it/s, v_num=1y37]
Epoch 0:  81%|████████  | 242/300 [14:48<03:32,  0.27it/s, v_num=1y37]
Epoch 0:  81%|████████  | 243/300 [14:49<03:28,  0.27it/s, v_num=1y37]
Epoch 0:  81%|████████  | 243/300 [14:49<03:28,  0.27it/s, v_num=1y37]
Epoch 0:  81%|████████▏ | 244/300 [14:50<03:24,  0.27it/s, v_num=1y37]
Epoch 0:  81%|████████▏ | 244/300 [14:50<03:24,  0.27it/s, v_num=1y37]
Epoch 0:  82%|████████▏ | 245/300 [14:51<03:20,  0.27it/s, v_num=1y37]
Epoch 0:  82%|████████▏ | 245/300 [14:51<03:20,  0.27it/s, v_num=1y37]
Epoch 0:  82%|████████▏ | 246/300 [14:52<03:15,  0.28it/s, v_num=1y37]
Epoch 0:  82%|████████▏ | 246/300 [14:52<03:15,  0.28it/s, v_num=1y37]
Epoch 0:  82%|████████▏ | 247/300 [14:52<03:11,  0.28it/s, v_num=1y37]
Epoch 0:  82%|████████▏ | 247/300 [14:52<03:11,  0.28it/s, v_num=1y37]
Epoch 0:  83%|████████▎ | 248/300 [14:53<03:07,  0.28it/s, v_num=1y37]
Epoch 0:  83%|████████▎ | 248/300 [14:53<03:07,  0.28it/s, v_num=1y37]
Epoch 0:  83%|████████▎ | 249/300 [14:54<03:03,  0.28it/s, v_num=1y37]
Epoch 0:  83%|████████▎ | 249/300 [14:54<03:03,  0.28it/s, v_num=1y37]
Epoch 0:  83%|████████▎ | 250/300 [16:50<03:22,  0.25it/s, v_num=1y37]
Epoch 0:  83%|████████▎ | 250/300 [16:50<03:22,  0.25it/s, v_num=1y37]
Epoch 0:  84%|████████▎ | 251/300 [16:51<03:17,  0.25it/s, v_num=1y37]
Epoch 0:  84%|████████▎ | 251/300 [16:51<03:17,  0.25it/s, v_num=1y37]
Epoch 0:  84%|████████▍ | 252/300 [16:52<03:12,  0.25it/s, v_num=1y37]
Epoch 0:  84%|████████▍ | 252/300 [16:52<03:12,  0.25it/s, v_num=1y37]
Epoch 0:  84%|████████▍ | 253/300 [16:53<03:08,  0.25it/s, v_num=1y37]
Epoch 0:  84%|████████▍ | 253/300 [16:53<03:08,  0.25it/s, v_num=1y37]
Epoch 0:  85%|████████▍ | 254/300 [16:54<03:03,  0.25it/s, v_num=1y37]
Epoch 0:  85%|████████▍ | 254/300 [16:54<03:03,  0.25it/s, v_num=1y37]
Epoch 0:  85%|████████▌ | 255/300 [16:54<02:59,  0.25it/s, v_num=1y37]
Epoch 0:  85%|████████▌ | 255/300 [16:54<02:59,  0.25it/s, v_num=1y37]
Epoch 0:  85%|████████▌ | 256/300 [16:55<02:54,  0.25it/s, v_num=1y37]
Epoch 0:  85%|████████▌ | 256/300 [16:55<02:54,  0.25it/s, v_num=1y37]
Epoch 0:  86%|████████▌ | 257/300 [16:56<02:50,  0.25it/s, v_num=1y37]
Epoch 0:  86%|████████▌ | 257/300 [16:56<02:50,  0.25it/s, v_num=1y37]
Epoch 0:  86%|████████▌ | 258/300 [16:57<02:45,  0.25it/s, v_num=1y37]
Epoch 0:  86%|████████▌ | 258/300 [16:57<02:45,  0.25it/s, v_num=1y37]
Epoch 0:  86%|████████▋ | 259/300 [16:58<02:41,  0.25it/s, v_num=1y37]
Epoch 0:  86%|████████▋ | 259/300 [16:58<02:41,  0.25it/s, v_num=1y37]
Epoch 0:  87%|████████▋ | 260/300 [16:59<02:36,  0.26it/s, v_num=1y37]
Epoch 0:  87%|████████▋ | 260/300 [16:59<02:36,  0.26it/s, v_num=1y37]
Epoch 0:  87%|████████▋ | 261/300 [17:00<02:32,  0.26it/s, v_num=1y37]
Epoch 0:  87%|████████▋ | 261/300 [17:00<02:32,  0.26it/s, v_num=1y37]
Epoch 0:  87%|████████▋ | 262/300 [17:01<02:28,  0.26it/s, v_num=1y37]
Epoch 0:  87%|████████▋ | 262/300 [17:01<02:28,  0.26it/s, v_num=1y37]
Epoch 0:  88%|████████▊ | 263/300 [17:01<02:23,  0.26it/s, v_num=1y37]
Epoch 0:  88%|████████▊ | 263/300 [17:02<02:23,  0.26it/s, v_num=1y37]
Epoch 0:  88%|████████▊ | 264/300 [17:02<02:19,  0.26it/s, v_num=1y37]
Epoch 0:  88%|████████▊ | 264/300 [17:02<02:19,  0.26it/s, v_num=1y37]
Epoch 0:  88%|████████▊ | 265/300 [17:03<02:15,  0.26it/s, v_num=1y37]
Epoch 0:  88%|████████▊ | 265/300 [17:03<02:15,  0.26it/s, v_num=1y37]
Epoch 0:  89%|████████▊ | 266/300 [17:04<02:10,  0.26it/s, v_num=1y37]
Epoch 0:  89%|████████▊ | 266/300 [17:04<02:10,  0.26it/s, v_num=1y37]
Epoch 0:  89%|████████▉ | 267/300 [17:05<02:06,  0.26it/s, v_num=1y37]
Epoch 0:  89%|████████▉ | 267/300 [17:05<02:06,  0.26it/s, v_num=1y37]
Epoch 0:  89%|████████▉ | 268/300 [17:06<02:02,  0.26it/s, v_num=1y37]
Epoch 0:  89%|████████▉ | 268/300 [17:06<02:02,  0.26it/s, v_num=1y37]
Epoch 0:  90%|████████▉ | 269/300 [17:07<01:58,  0.26it/s, v_num=1y37]
Epoch 0:  90%|████████▉ | 269/300 [17:07<01:58,  0.26it/s, v_num=1y37]
Epoch 0:  90%|█████████ | 270/300 [17:08<01:54,  0.26it/s, v_num=1y37]
Epoch 0:  90%|█████████ | 270/300 [17:08<01:54,  0.26it/s, v_num=1y37]
Epoch 0:  90%|█████████ | 271/300 [17:08<01:50,  0.26it/s, v_num=1y37]
Epoch 0:  90%|█████████ | 271/300 [17:08<01:50,  0.26it/s, v_num=1y37]
Epoch 0:  91%|█████████ | 272/300 [17:09<01:46,  0.26it/s, v_num=1y37]
Epoch 0:  91%|█████████ | 272/300 [17:09<01:46,  0.26it/s, v_num=1y37]
Epoch 0:  91%|█████████ | 273/300 [17:10<01:41,  0.26it/s, v_num=1y37]
Epoch 0:  91%|█████████ | 273/300 [17:10<01:41,  0.26it/s, v_num=1y37]
Epoch 0:  91%|█████████▏| 274/300 [17:11<01:37,  0.27it/s, v_num=1y37]
Epoch 0:  91%|█████████▏| 274/300 [17:11<01:37,  0.27it/s, v_num=1y37]
Epoch 0:  92%|█████████▏| 275/300 [17:12<01:33,  0.27it/s, v_num=1y37]
Epoch 0:  92%|█████████▏| 275/300 [17:12<01:33,  0.27it/s, v_num=1y37]
Epoch 0:  92%|█████████▏| 276/300 [17:13<01:29,  0.27it/s, v_num=1y37]
Epoch 0:  92%|█████████▏| 276/300 [17:13<01:29,  0.27it/s, v_num=1y37]
Epoch 0:  92%|█████████▏| 277/300 [17:14<01:25,  0.27it/s, v_num=1y37]
Epoch 0:  92%|█████████▏| 277/300 [17:14<01:25,  0.27it/s, v_num=1y37]
Epoch 0:  93%|█████████▎| 278/300 [17:15<01:21,  0.27it/s, v_num=1y37]
Epoch 0:  93%|█████████▎| 278/300 [17:15<01:21,  0.27it/s, v_num=1y37]
Epoch 0:  93%|█████████▎| 279/300 [17:16<01:17,  0.27it/s, v_num=1y37]
Epoch 0:  93%|█████████▎| 279/300 [17:16<01:17,  0.27it/s, v_num=1y37]
Epoch 0:  93%|█████████▎| 280/300 [19:23<01:23,  0.24it/s, v_num=1y37]
Epoch 0:  93%|█████████▎| 280/300 [19:23<01:23,  0.24it/s, v_num=1y37]
Epoch 0:  94%|█████████▎| 281/300 [19:24<01:18,  0.24it/s, v_num=1y37]
Epoch 0:  94%|█████████▎| 281/300 [19:24<01:18,  0.24it/s, v_num=1y37]
Epoch 0:  94%|█████████▍| 282/300 [19:25<01:14,  0.24it/s, v_num=1y37]
Epoch 0:  94%|█████████▍| 282/300 [19:25<01:14,  0.24it/s, v_num=1y37]
Epoch 0:  94%|█████████▍| 283/300 [19:25<01:10,  0.24it/s, v_num=1y37]
Epoch 0:  94%|█████████▍| 283/300 [19:25<01:10,  0.24it/s, v_num=1y37]
Epoch 0:  95%|█████████▍| 284/300 [19:26<01:05,  0.24it/s, v_num=1y37]
Epoch 0:  95%|█████████▍| 284/300 [19:26<01:05,  0.24it/s, v_num=1y37]
Epoch 0:  95%|█████████▌| 285/300 [19:27<01:01,  0.24it/s, v_num=1y37]
Epoch 0:  95%|█████████▌| 285/300 [19:27<01:01,  0.24it/s, v_num=1y37]
Epoch 0:  95%|█████████▌| 286/300 [19:28<00:57,  0.24it/s, v_num=1y37]
Epoch 0:  95%|█████████▌| 286/300 [19:28<00:57,  0.24it/s, v_num=1y37]
Epoch 0:  96%|█████████▌| 287/300 [19:29<00:52,  0.25it/s, v_num=1y37]
Epoch 0:  96%|█████████▌| 287/300 [19:29<00:52,  0.25it/s, v_num=1y37]
Epoch 0:  96%|█████████▌| 288/300 [19:30<00:48,  0.25it/s, v_num=1y37]
Epoch 0:  96%|█████████▌| 288/300 [19:30<00:48,  0.25it/s, v_num=1y37]
Epoch 0:  96%|█████████▋| 289/300 [19:31<00:44,  0.25it/s, v_num=1y37]
Epoch 0:  96%|█████████▋| 289/300 [19:31<00:44,  0.25it/s, v_num=1y37]
Epoch 0:  97%|█████████▋| 290/300 [19:32<00:40,  0.25it/s, v_num=1y37]
Epoch 0:  97%|█████████▋| 290/300 [19:32<00:40,  0.25it/s, v_num=1y37]
Epoch 0:  97%|█████████▋| 291/300 [19:32<00:36,  0.25it/s, v_num=1y37]
Epoch 0:  97%|█████████▋| 291/300 [19:32<00:36,  0.25it/s, v_num=1y37]
Epoch 0:  97%|█████████▋| 292/300 [19:33<00:32,  0.25it/s, v_num=1y37]
Epoch 0:  97%|█████████▋| 292/300 [19:33<00:32,  0.25it/s, v_num=1y37]
Epoch 0:  98%|█████████▊| 293/300 [19:34<00:28,  0.25it/s, v_num=1y37]
Epoch 0:  98%|█████████▊| 293/300 [19:34<00:28,  0.25it/s, v_num=1y37]
Epoch 0:  98%|█████████▊| 294/300 [19:35<00:23,  0.25it/s, v_num=1y37]
Epoch 0:  98%|█████████▊| 294/300 [19:35<00:23,  0.25it/s, v_num=1y37]
Epoch 0:  98%|█████████▊| 295/300 [19:36<00:19,  0.25it/s, v_num=1y37]
Epoch 0:  98%|█████████▊| 295/300 [19:36<00:19,  0.25it/s, v_num=1y37]
Epoch 0:  99%|█████████▊| 296/300 [19:37<00:15,  0.25it/s, v_num=1y37]
Epoch 0:  99%|█████████▊| 296/300 [19:37<00:15,  0.25it/s, v_num=1y37]
Epoch 0:  99%|█████████▉| 297/300 [19:38<00:11,  0.25it/s, v_num=1y37]
Epoch 0:  99%|█████████▉| 297/300 [19:38<00:11,  0.25it/s, v_num=1y37]
Epoch 0:  99%|█████████▉| 298/300 [19:39<00:07,  0.25it/s, v_num=1y37]
Epoch 0:  99%|█████████▉| 298/300 [19:39<00:07,  0.25it/s, v_num=1y37]
Epoch 0: 100%|█████████▉| 299/300 [19:40<00:03,  0.25it/s, v_num=1y37]
Epoch 0: 100%|█████████▉| 299/300 [19:40<00:03,  0.25it/s, v_num=1y37]
Epoch 0: 100%|██████████| 300/300 [19:40<00:00,  0.25it/s, v_num=1y37]
Epoch 0: 100%|██████████| 300/300 [19:40<00:00,  0.25it/s, v_num=1y37]

Validation: |          | 0/? [00:00<?, ?it/s][A

Validation:   0%|          | 0/85 [00:00<?, ?it/s][A

Validation DataLoader 0:   0%|          | 0/85 [00:00<?, ?it/s][A

Validation DataLoader 0:   1%|          | 1/85 [00:00<00:00, 104.10it/s][A

Validation DataLoader 0:   2%|▏         | 2/85 [00:00<00:09,  9.01it/s] [A

Validation DataLoader 0:   4%|▎         | 3/85 [00:00<00:10,  7.69it/s][A

Validation DataLoader 0:   5%|▍         | 4/85 [00:00<00:12,  6.66it/s][A

Validation DataLoader 0:   6%|▌         | 5/85 [00:00<00:12,  6.51it/s][A

Validation DataLoader 0:   7%|▋         | 6/85 [00:00<00:12,  6.29it/s][A

Validation DataLoader 0:   8%|▊         | 7/85 [00:01<00:14,  5.57it/s][A

Validation DataLoader 0:   9%|▉         | 8/85 [00:01<00:14,  5.48it/s][A

Validation DataLoader 0:  11%|█         | 9/85 [00:01<00:14,  5.34it/s][A

Validation DataLoader 0:  12%|█▏        | 10/85 [00:01<00:14,  5.23it/s][A

Validation DataLoader 0:  13%|█▎        | 11/85 [00:02<00:13,  5.32it/s][A

Validation DataLoader 0:  14%|█▍        | 12/85 [00:02<00:13,  5.33it/s][A

Validation DataLoader 0:  15%|█▌        | 13/85 [00:02<00:16,  4.50it/s][A

Validation DataLoader 0:  16%|█▋        | 14/85 [00:03<00:15,  4.56it/s][A

Validation DataLoader 0:  18%|█▊        | 15/85 [00:03<00:16,  4.25it/s][A

Validation DataLoader 0:  19%|█▉        | 16/85 [00:03<00:16,  4.29it/s][A

Validation DataLoader 0:  20%|██        | 17/85 [00:03<00:15,  4.30it/s][A

Validation DataLoader 0:  21%|██        | 18/85 [00:04<00:15,  4.32it/s][A

Validation DataLoader 0:  22%|██▏       | 19/85 [00:04<00:15,  4.32it/s][A

Validation DataLoader 0:  24%|██▎       | 20/85 [00:04<00:14,  4.34it/s][A

Validation DataLoader 0:  25%|██▍       | 21/85 [00:05<00:15,  4.04it/s][A

Validation DataLoader 0:  26%|██▌       | 22/85 [00:05<00:15,  4.09it/s][A

Validation DataLoader 0:  27%|██▋       | 23/85 [00:05<00:15,  4.01it/s][A

Validation DataLoader 0:  28%|██▊       | 24/85 [00:05<00:15,  4.05it/s][A

Validation DataLoader 0:  29%|██▉       | 25/85 [00:06<00:14,  4.09it/s][A

Validation DataLoader 0:  31%|███       | 26/85 [00:06<00:14,  4.13it/s][A

Validation DataLoader 0:  32%|███▏      | 27/85 [00:06<00:13,  4.18it/s][A

Validation DataLoader 0:  33%|███▎      | 28/85 [00:06<00:13,  4.20it/s][A

Validation DataLoader 0:  34%|███▍      | 29/85 [00:07<00:14,  3.98it/s][A

Validation DataLoader 0:  35%|███▌      | 30/85 [00:07<00:13,  4.02it/s][A

Validation DataLoader 0:  36%|███▋      | 31/85 [02:16<03:58,  0.23it/s][A

Validation DataLoader 0:  38%|███▊      | 32/85 [02:16<03:46,  0.23it/s][A

Validation DataLoader 0:  39%|███▉      | 33/85 [02:17<03:36,  0.24it/s][A

Validation DataLoader 0:  40%|████      | 34/85 [02:17<03:26,  0.25it/s][A

Validation DataLoader 0:  41%|████      | 35/85 [02:17<03:16,  0.25it/s][A

Validation DataLoader 0:  42%|████▏     | 36/85 [02:17<03:07,  0.26it/s][A

Validation DataLoader 0:  44%|████▎     | 37/85 [02:18<02:59,  0.27it/s][A

Validation DataLoader 0:  45%|████▍     | 38/85 [02:18<02:51,  0.27it/s][A

Validation DataLoader 0:  46%|████▌     | 39/85 [02:19<02:43,  0.28it/s][A

Validation DataLoader 0:  47%|████▋     | 40/85 [02:19<02:36,  0.29it/s][A

Validation DataLoader 0:  48%|████▊     | 41/85 [02:19<02:29,  0.29it/s][A

Validation DataLoader 0:  49%|████▉     | 42/85 [02:19<02:22,  0.30it/s][A

Validation DataLoader 0:  51%|█████     | 43/85 [02:19<02:16,  0.31it/s][A

Validation DataLoader 0:  52%|█████▏    | 44/85 [02:19<02:10,  0.31it/s][A

Validation DataLoader 0:  53%|█████▎    | 45/85 [02:20<02:05,  0.32it/s][A

Validation DataLoader 0:  54%|█████▍    | 46/85 [02:20<01:59,  0.33it/s][A

Validation DataLoader 0:  55%|█████▌    | 47/85 [02:21<01:54,  0.33it/s][A

Validation DataLoader 0:  56%|█████▋    | 48/85 [02:21<01:48,  0.34it/s][A

Validation DataLoader 0:  58%|█████▊    | 49/85 [02:21<01:44,  0.35it/s][A

Validation DataLoader 0:  59%|█████▉    | 50/85 [02:21<01:39,  0.35it/s][A

Validation DataLoader 0:  60%|██████    | 51/85 [02:21<01:34,  0.36it/s][A

Validation DataLoader 0:  61%|██████    | 52/85 [02:22<01:30,  0.37it/s][A

Validation DataLoader 0:  62%|██████▏   | 53/85 [02:22<01:25,  0.37it/s][A

Validation DataLoader 0:  64%|██████▎   | 54/85 [02:22<01:21,  0.38it/s][A

Validation DataLoader 0:  65%|██████▍   | 55/85 [02:23<01:18,  0.38it/s][A

Validation DataLoader 0:  66%|██████▌   | 56/85 [02:23<01:14,  0.39it/s][A

Validation DataLoader 0:  67%|██████▋   | 57/85 [02:23<01:10,  0.40it/s][A

Validation DataLoader 0:  68%|██████▊   | 58/85 [02:23<01:06,  0.40it/s][A

Validation DataLoader 0:  69%|██████▉   | 59/85 [02:23<01:03,  0.41it/s][A

Validation DataLoader 0:  71%|███████   | 60/85 [02:24<01:00,  0.42it/s][A

Validation DataLoader 0:  72%|███████▏  | 61/85 [04:19<01:42,  0.23it/s][A

Validation DataLoader 0:  73%|███████▎  | 62/85 [04:19<01:36,  0.24it/s][A

Validation DataLoader 0:  74%|███████▍  | 63/85 [04:20<01:30,  0.24it/s][A

Validation DataLoader 0:  75%|███████▌  | 64/85 [04:20<01:25,  0.25it/s][A

Validation DataLoader 0:  76%|███████▋  | 65/85 [04:21<01:20,  0.25it/s][A

Validation DataLoader 0:  78%|███████▊  | 66/85 [04:21<01:15,  0.25it/s][A

Validation DataLoader 0:  79%|███████▉  | 67/85 [04:21<01:10,  0.26it/s][A

Validation DataLoader 0:  80%|████████  | 68/85 [04:21<01:05,  0.26it/s][A

Validation DataLoader 0:  81%|████████  | 69/85 [04:21<01:00,  0.26it/s][A

Validation DataLoader 0:  82%|████████▏ | 70/85 [04:22<00:56,  0.27it/s][A

Validation DataLoader 0:  84%|████████▎ | 71/85 [04:22<00:51,  0.27it/s][A

Validation DataLoader 0:  85%|████████▍ | 72/85 [04:22<00:47,  0.27it/s][A

Validation DataLoader 0:  86%|████████▌ | 73/85 [04:23<00:43,  0.28it/s][A

Validation DataLoader 0:  87%|████████▋ | 74/85 [04:23<00:39,  0.28it/s][A

Validation DataLoader 0:  88%|████████▊ | 75/85 [04:23<00:35,  0.28it/s][A

Validation DataLoader 0:  89%|████████▉ | 76/85 [04:23<00:31,  0.29it/s][A

Validation DataLoader 0:  91%|█████████ | 77/85 [04:24<00:27,  0.29it/s][A

Validation DataLoader 0:  92%|█████████▏| 78/85 [04:24<00:23,  0.30it/s][A

Validation DataLoader 0:  93%|█████████▎| 79/85 [04:24<00:20,  0.30it/s][A

Validation DataLoader 0:  94%|█████████▍| 80/85 [04:24<00:16,  0.30it/s][A

Validation DataLoader 0:  95%|█████████▌| 81/85 [04:25<00:13,  0.31it/s][A

Validation DataLoader 0:  96%|█████████▋| 82/85 [04:25<00:09,  0.31it/s][A

Validation DataLoader 0:  98%|█████████▊| 83/85 [04:25<00:06,  0.31it/s][A

Validation DataLoader 0:  99%|█████████▉| 84/85 [04:26<00:03,  0.32it/s][A

Validation DataLoader 0: 100%|██████████| 85/85 [04:26<00:00,  0.32it/s][A

                                                                        [A
Epoch 0: 100%|██████████| 300/300 [24:13<00:00,  0.21it/s, v_num=1y37, val_auc=0.504]
Epoch 0: 100%|██████████| 300/300 [24:13<00:00,  0.21it/s, v_num=1y37, val_auc=0.504]
Epoch 0:   0%|          | 0/300 [00:00<?, ?it/s, v_num=1y37, val_auc=0.504]          
Epoch 1:   0%|          | 0/300 [00:00<?, ?it/s, v_num=1y37, val_auc=0.504]
Epoch 1:   0%|          | 1/300 [02:52<14:20:41,  0.01it/s, v_num=1y37, val_auc=0.504]
Epoch 1:   0%|          | 1/300 [02:52<14:20:43,  0.01it/s, v_num=1y37, val_auc=0.504]
Epoch 1:   1%|          | 2/300 [02:53<7:11:05,  0.01it/s, v_num=1y37, val_auc=0.504] 
Epoch 1:   1%|          | 2/300 [02:53<7:11:05,  0.01it/s, v_num=1y37, val_auc=0.504]
Epoch 1:   1%|          | 3/300 [02:54<4:47:53,  0.02it/s, v_num=1y37, val_auc=0.504]
Epoch 1:   1%|          | 3/300 [02:54<4:47:53,  0.02it/s, v_num=1y37, val_auc=0.504]
Epoch 1:   1%|▏         | 4/300 [02:55<3:36:16,  0.02it/s, v_num=1y37, val_auc=0.504]
Epoch 1:   1%|▏         | 4/300 [02:55<3:36:16,  0.02it/s, v_num=1y37, val_auc=0.504]
Epoch 1:   2%|▏         | 5/300 [02:56<2:53:18,  0.03it/s, v_num=1y37, val_auc=0.504]
Epoch 1:   2%|▏         | 5/300 [02:56<2:53:18,  0.03it/s, v_num=1y37, val_auc=0.504]
Epoch 1:   2%|▏         | 6/300 [02:57<2:24:38,  0.03it/s, v_num=1y37, val_auc=0.504]
Epoch 1:   2%|▏         | 6/300 [02:57<2:24:38,  0.03it/s, v_num=1y37, val_auc=0.504]
Epoch 1:   2%|▏         | 7/300 [02:58<2:04:10,  0.04it/s, v_num=1y37, val_auc=0.504]
Epoch 1:   2%|▏         | 7/300 [02:58<2:04:10,  0.04it/s, v_num=1y37, val_auc=0.504]
Epoch 1:   3%|▎         | 8/300 [02:58<1:48:49,  0.04it/s, v_num=1y37, val_auc=0.504]
Epoch 1:   3%|▎         | 8/300 [02:58<1:48:49,  0.04it/s, v_num=1y37, val_auc=0.504]
Epoch 1:   3%|▎         | 9/300 [02:59<1:36:52,  0.05it/s, v_num=1y37, val_auc=0.504]
Epoch 1:   3%|▎         | 9/300 [02:59<1:36:52,  0.05it/s, v_num=1y37, val_auc=0.504]
Epoch 1:   3%|▎         | 10/300 [03:00<1:27:18,  0.06it/s, v_num=1y37, val_auc=0.504]
Epoch 1:   3%|▎         | 10/300 [03:00<1:27:18,  0.06it/s, v_num=1y37, val_auc=0.504]
Epoch 1:   4%|▎         | 11/300 [03:01<1:19:29,  0.06it/s, v_num=1y37, val_auc=0.504]
Epoch 1:   4%|▎         | 11/300 [03:01<1:19:29,  0.06it/s, v_num=1y37, val_auc=0.504]
Epoch 1:   4%|▍         | 12/300 [03:02<1:12:57,  0.07it/s, v_num=1y37, val_auc=0.504]
Epoch 1:   4%|▍         | 12/300 [03:02<1:12:57,  0.07it/s, v_num=1y37, val_auc=0.504]
Epoch 1:   4%|▍         | 13/300 [03:03<1:07:26,  0.07it/s, v_num=1y37, val_auc=0.504]
Epoch 1:   4%|▍         | 13/300 [03:03<1:07:26,  0.07it/s, v_num=1y37, val_auc=0.504]
Epoch 1:   5%|▍         | 14/300 [03:04<1:02:42,  0.08it/s, v_num=1y37, val_auc=0.504]
Epoch 1:   5%|▍         | 14/300 [03:04<1:02:42,  0.08it/s, v_num=1y37, val_auc=0.504]
Epoch 1:   5%|▌         | 15/300 [03:05<58:35,  0.08it/s, v_num=1y37, val_auc=0.504]  
Epoch 1:   5%|▌         | 15/300 [03:05<58:35,  0.08it/s, v_num=1y37, val_auc=0.504]
Epoch 1:   5%|▌         | 16/300 [03:05<55:00,  0.09it/s, v_num=1y37, val_auc=0.504]
Epoch 1:   5%|▌         | 16/300 [03:05<55:00,  0.09it/s, v_num=1y37, val_auc=0.504]
Epoch 1:   6%|▌         | 17/300 [03:06<51:49,  0.09it/s, v_num=1y37, val_auc=0.504]
Epoch 1:   6%|▌         | 17/300 [03:06<51:49,  0.09it/s, v_num=1y37, val_auc=0.504]
Epoch 1:   6%|▌         | 18/300 [03:07<49:00,  0.10it/s, v_num=1y37, val_auc=0.504]
Epoch 1:   6%|▌         | 18/300 [03:07<49:00,  0.10it/s, v_num=1y37, val_auc=0.504]
Epoch 1:   6%|▋         | 19/300 [03:08<46:28,  0.10it/s, v_num=1y37, val_auc=0.504]
Epoch 1:   6%|▋         | 19/300 [03:08<46:28,  0.10it/s, v_num=1y37, val_auc=0.504]
Epoch 1:   7%|▋         | 20/300 [03:09<44:12,  0.11it/s, v_num=1y37, val_auc=0.504]
Epoch 1:   7%|▋         | 20/300 [03:09<44:12,  0.11it/s, v_num=1y37, val_auc=0.504]
Epoch 1:   7%|▋         | 21/300 [03:10<42:08,  0.11it/s, v_num=1y37, val_auc=0.504]
Epoch 1:   7%|▋         | 21/300 [03:10<42:08,  0.11it/s, v_num=1y37, val_auc=0.504]
Epoch 1:   7%|▋         | 22/300 [03:11<40:16,  0.12it/s, v_num=1y37, val_auc=0.504]
Epoch 1:   7%|▋         | 22/300 [03:11<40:16,  0.12it/s, v_num=1y37, val_auc=0.504]
Epoch 1:   8%|▊         | 23/300 [03:12<38:33,  0.12it/s, v_num=1y37, val_auc=0.504]
Epoch 1:   8%|▊         | 23/300 [03:12<38:33,  0.12it/s, v_num=1y37, val_auc=0.504]
Epoch 1:   8%|▊         | 24/300 [03:12<36:59,  0.12it/s, v_num=1y37, val_auc=0.504]
Epoch 1:   8%|▊         | 24/300 [03:12<36:59,  0.12it/s, v_num=1y37, val_auc=0.504]
Epoch 1:   8%|▊         | 25/300 [03:13<35:32,  0.13it/s, v_num=1y37, val_auc=0.504]
Epoch 1:   8%|▊         | 25/300 [03:13<35:32,  0.13it/s, v_num=1y37, val_auc=0.504]
Epoch 1:   9%|▊         | 26/300 [03:14<34:12,  0.13it/s, v_num=1y37, val_auc=0.504]
Epoch 1:   9%|▊         | 26/300 [03:14<34:12,  0.13it/s, v_num=1y37, val_auc=0.504]
Epoch 1:   9%|▉         | 27/300 [03:15<32:57,  0.14it/s, v_num=1y37, val_auc=0.504]
Epoch 1:   9%|▉         | 27/300 [03:15<32:57,  0.14it/s, v_num=1y37, val_auc=0.504]
Epoch 1:   9%|▉         | 28/300 [03:16<31:48,  0.14it/s, v_num=1y37, val_auc=0.504]
Epoch 1:   9%|▉         | 28/300 [03:16<31:48,  0.14it/s, v_num=1y37, val_auc=0.504]
Epoch 1:  10%|▉         | 29/300 [03:17<30:44,  0.15it/s, v_num=1y37, val_auc=0.504]
Epoch 1:  10%|▉         | 29/300 [03:17<30:44,  0.15it/s, v_num=1y37, val_auc=0.504]
Epoch 1:  10%|█         | 30/300 [03:18<29:44,  0.15it/s, v_num=1y37, val_auc=0.504]
Epoch 1:  10%|█         | 30/300 [03:18<29:44,  0.15it/s, v_num=1y37, val_auc=0.504]
Epoch 1:  10%|█         | 31/300 [05:58<51:49,  0.09it/s, v_num=1y37, val_auc=0.504]
Epoch 1:  10%|█         | 31/300 [05:58<51:49,  0.09it/s, v_num=1y37, val_auc=0.504]
Epoch 1:  11%|█         | 32/300 [05:59<50:08,  0.09it/s, v_num=1y37, val_auc=0.504]
Epoch 1:  11%|█         | 32/300 [05:59<50:08,  0.09it/s, v_num=1y37, val_auc=0.504]
Epoch 1:  11%|█         | 33/300 [06:00<48:33,  0.09it/s, v_num=1y37, val_auc=0.504]
Epoch 1:  11%|█         | 33/300 [06:00<48:33,  0.09it/s, v_num=1y37, val_auc=0.504]
Epoch 1:  11%|█▏        | 34/300 [06:01<47:04,  0.09it/s, v_num=1y37, val_auc=0.504]
Epoch 1:  11%|█▏        | 34/300 [06:01<47:04,  0.09it/s, v_num=1y37, val_auc=0.504]
Epoch 1:  12%|█▏        | 35/300 [06:01<45:39,  0.10it/s, v_num=1y37, val_auc=0.504]
Epoch 1:  12%|█▏        | 35/300 [06:01<45:39,  0.10it/s, v_num=1y37, val_auc=0.504]
Epoch 1:  12%|█▏        | 36/300 [06:02<44:20,  0.10it/s, v_num=1y37, val_auc=0.504]
Epoch 1:  12%|█▏        | 36/300 [06:02<44:20,  0.10it/s, v_num=1y37, val_auc=0.504]
Epoch 1:  12%|█▏        | 37/300 [06:03<43:04,  0.10it/s, v_num=1y37, val_auc=0.504]
Epoch 1:  12%|█▏        | 37/300 [06:03<43:04,  0.10it/s, v_num=1y37, val_auc=0.504]
Epoch 1:  13%|█▎        | 38/300 [06:04<41:53,  0.10it/s, v_num=1y37, val_auc=0.504]
Epoch 1:  13%|█▎        | 38/300 [06:04<41:53,  0.10it/s, v_num=1y37, val_auc=0.504]
Epoch 1:  13%|█▎        | 39/300 [06:05<40:45,  0.11it/s, v_num=1y37, val_auc=0.504]
Epoch 1:  13%|█▎        | 39/300 [06:05<40:45,  0.11it/s, v_num=1y37, val_auc=0.504]
Epoch 1:  13%|█▎        | 40/300 [06:06<39:40,  0.11it/s, v_num=1y37, val_auc=0.504]
Epoch 1:  13%|█▎        | 40/300 [06:06<39:40,  0.11it/s, v_num=1y37, val_auc=0.504]
Epoch 1:  14%|█▎        | 41/300 [06:07<38:39,  0.11it/s, v_num=1y37, val_auc=0.504]
Epoch 1:  14%|█▎        | 41/300 [06:07<38:39,  0.11it/s, v_num=1y37, val_auc=0.504]
Epoch 1:  14%|█▍        | 42/300 [06:08<37:40,  0.11it/s, v_num=1y37, val_auc=0.504]
Epoch 1:  14%|█▍        | 42/300 [06:08<37:40,  0.11it/s, v_num=1y37, val_auc=0.504]
Epoch 1:  14%|█▍        | 43/300 [06:08<36:45,  0.12it/s, v_num=1y37, val_auc=0.504]
Epoch 1:  14%|█▍        | 43/300 [06:08<36:45,  0.12it/s, v_num=1y37, val_auc=0.504]
Epoch 1:  15%|█▍        | 44/300 [06:09<35:51,  0.12it/s, v_num=1y37, val_auc=0.504]
Epoch 1:  15%|█▍        | 44/300 [06:09<35:51,  0.12it/s, v_num=1y37, val_auc=0.504]
Epoch 1:  15%|█▌        | 45/300 [06:10<35:00,  0.12it/s, v_num=1y37, val_auc=0.504]
Epoch 1:  15%|█▌        | 45/300 [06:10<35:00,  0.12it/s, v_num=1y37, val_auc=0.504]
Epoch 1:  15%|█▌        | 46/300 [06:11<34:11,  0.12it/s, v_num=1y37, val_auc=0.504]
Epoch 1:  15%|█▌        | 46/300 [06:11<34:11,  0.12it/s, v_num=1y37, val_auc=0.504]
Epoch 1:  16%|█▌        | 47/300 [06:12<33:24,  0.13it/s, v_num=1y37, val_auc=0.504]
Epoch 1:  16%|█▌        | 47/300 [06:12<33:24,  0.13it/s, v_num=1y37, val_auc=0.504]
Ep/300 [06:17<29:20,  0.14it/s, v_num=1y37, val_auc=0.504]Epoch 1:  18%|█▊        | 53/300 [06:17<29:20,  0.14it/s, v_num=1y37, val_auc=0.504]Epoch 1:  18%|█▊        | 54/300 [06:18<28:44,  0.14it/s, v_num=1y37, val_auc=0.504]Epoch 1:  18%|█▊        | 54/300 [06:18<28:44,  0.14it/s, v_num=1y37, val_auc=0.504]Epoch 1:  18%|█▊        | 55/300 [06:19<28:10,  0.14it/s, v_num=1y37, val_auc=0.504]Epoch 1:  18%|█▊        | 55/300 [06:19<28:10,  0.14it/s, v_num=1y37, val_auc=0.504]Epoch 1:  19%|█▊        | 56/300 [06:20<27:37,  0.15it/s, v_num=1y37, val_auc=0.504]Epoch 1:  19%|█▊        | 56/300 [06:20<27:37,  0.15it/s, v_num=1y37, val_auc=0.504]Epoch 1:  19%|█▉        | 57/300 [06:21<27:05,  0.15it/s, v_num=1y37, val_auc=0.504]Epoch 1:  19%|█▉        | 57/300 [06:21<27:05,  0.15it/s, v_num=1y37, val_auc=0.504]Epoch 1:  19%|█▉        | 58/300 [06:22<26:34,  0.15it/s, v_num=1y37, val_auc=0.504]Epoch 1:  19%|█▉        | 58/300 [06:22<26:34,  0.15it/s, v_num=1y37, val_auc=0.504]Epoch 1:  20%|█▉        | 59/300 [06:23<26:04,  0.15it/s, v_num=1y37, val_auc=0.504]Epoch 1:  20%|█▉        | 59/300 [06:23<26:04,  0.15it/s, v_num=1y37, val_auc=0.504]Epoch 1:  20%|██        | 60/300 [06:23<25:35,  0.16it/s, v_num=1y37, val_auc=0.504]Epoch 1:  20%|██        | 60/300 [06:23<25:35,  0.16it/s, v_num=1y37, val_auc=0.504]                                                                                                                                                                                                                                                                                                                                                                                                                                                                                                                                                                                                                                                                                                                                                                                                                                                                                                                                                                                 Epoch 1:  20%|██        | 61/300 [08:42<34:07,  0.12it/s, v_num=1y37, val_auc=0.504]Epoch 1:  20%|██        | 61/300 [08:42<34:07,  0.12it/s, v_num=1y37, val_auc=0.504]Epoch 1:  21%|██        | 62/300 [08:43<33:29,  0.12it/s, v_num=1y37, val_auc=0.504]Epoch 1:  21%|██        | 62/300 [08:43<33:29,  0.12it/s, v_num=1y37, val_auc=0.504]Epoch 1:  21%|██        | 63/300 [08:44<32:52,  0.12it/s, v_num=1y37, val_auc=0.504]Epoch 1:  21%|██        | 63/300 [08:44<32:52,  0.12it/s, v_num=1y37, val_auc=0.504]Epoch 1:  21%|██▏       | 64/300 [08:45<32:16,  0.12it/s, v_num=1y37, val_auc=0.504]Epoch 1:  21%|██▏       | 64/300 [08:45<32:16,  0.12it/s, v_num=1y37, val_auc=0.504]Epoch 1:  22%|██▏       | 65/300 [08:46<31:42,  0.12it/s, v_num=1y37, val_auc=0.504]Epoch 1:  22%|██▏       | 65/300 [08:46<31:42,  0.12it/s, v_num=1y37, val_auc=0.504]Epoch 1:  22%|██▏       | 66/300 [08:47<31:08,  0.13it/s, v_num=1y37, val_auc=0.504]Epoch 1:  22%|██▏       | 66/300 [08:47<31:08,  0.13it/s, v_num=1y37, val_auc=0.504]Epoch 1:  22%|██▏       | 67/300 [08:47<30:35,  0.13it/s, v_num=1y37, val_auc=0.504]Epoch 1:  22%|██▏       | 67/300 [08:47<30:35,  0.13it/s, v_num=1y37, val_auc=0.504]Epoch 1:  23%|██▎       | 68/300 [08:48<30:04,  0.13it/s, v_num=1y37, val_auc=0.504]Epoch 1:  23%|██▎       | 68/300 [08:48<30:04,  0.13it/s, v_num=1y37, val_auc=0.504]Epoch 1:  23%|██▎       | 69/300 [08:49<29:33,  0.13it/s, v_num=1y37, val_auc=0.504]Epoch 1:  23%|██▎       | 69/300 [08:49<29:33,  0.13it/s, v_num=1y37, val_auc=0.504]Epoch 1:  23%|██▎       | 70/300 [08:50<29:03,  0.13it/s, v_num=1y37, val_auc=0.504]Epoch 1:  23%|██▎       | 70/300 [08:50<29:03,  0.13it/s, v_num=1y37, val_auc=0.504]Epoch 1:  24%|██▎       | 71/300 [08:51<28:34,  0.13it/s, v_num=1y37, val_auc=0.504]Epoch 1:  24%|██▎       | 71/300 [08:51<28:34,  0.13it/s, v_num=1y37, val_auc=0.504]Epoch 1:  24%|██▍       | 72/300 [08:52<28:05,  0.14it/s, v_num=1y37, val_auc=0.504]Epoch 1:  24%|██▍       | 72/300 [08:52<28:05,  0.14it/s, v_num=1y37, val_auc=0.504]Epoch 1:  24%|██▍       | 73/300 [08:53<27:38,  0.14it/s, v_num=1y37, val_auc=0.504]Epoch 1:  24%|██▍       | 73/300 [08:53<27:38,  0.14it/s, v_num=1y37, val_auc=0.504]Epoch 1:  25%|██▍       | 74/300 [08:54<27:11,  0.14it/s, v_num=1y37, val_auc=0.504]Epoch 1:  25%|██▍       | 74/300 [08:54<27:11,  0.14it/s, v_num=1y37, val_auc=0.504]Epoch 1:  25%|██▌       | 75/300 [08:54<26:44,  0.14it/s, v_num=1y37, val_auc=0.504]Epoch 1:  25%|██▌       | 75/300 [08:54<26:44,  0.14it/s, v_num=1y37, val_auc=0.504]Epoch 1:  25%|██▌       | 76/300 [08:55<26:19,  0.14it/s, v_num=1y37, val_auc=0.504]Epoch 1:  25%|██▌       | 76/300 [08:55<26:19,  0.14it/s, v_num=1y37, val_auc=0.504]Epoch 1:  26%|██▌       | 77/300 [08:56<25:54,  0.14it/s, v_num=1y37, val_auc=0.504]Epoch 1:  26%|██▌       | 77/300 [08:56<25:54,  0.14it/s, v_num=1y37, val_auc=0.504]Epoch 1:  26%|██▌       | 78/300 [08:57<25:30,  0.15it/s, v_num=1y37, val_auc=0.504]Epoch 1:  26%|██▌       | 78/300 [08:57<25:30,  0.15it/s, v_num=1y37, val_auc=0.504]Epoch 1:  26%|██▋       | 79/300 [08:58<25:06,  0.15it/s, v_num=1y37, val_auc=0.504]Epoch 1:  26%|██▋       | 79/300 [08:58<25:06,  0.15it/s, v_num=1y37, val_auc=0.504]Epoch 1:  27%|██▋       | 80/300 [08:59<24:43,  0.15it/s, v_num=1y37, val_auc=0.504]Epoch 1:  27%|██▋       | 80/300 [08:59<24:43,  0.15it/s, v_num=1y37, val_auc=0.504]Epoch 1:  27%|██▋       | 81/300 [09:00<24:20,  0.15it/s, v_num=1y37, val_auc=0.504]Epoch 1:  27%|██▋       | 81/300 [09:00<24:20,  0.15it/s, v_num=1y37, val_auc=0.504]Epoch 1:  27%|██▋       | 82/300 [09:01<23:58,  0.15it/s, v_num=1y37, val_auc=0.504]Epoch 1:  27%|██▋       | 82/300 [09:01<23:58,  0.15it/s, v_num=1y37, val_auc=0.504]Epoch 1:  28%|██▊       | 83/300 [09:01<23:37,  0.15it/s, v_num=1y37, val_auc=0.504]Epoch 1:  28%|██▊       | 83/300 [09:02<23:37,  0.15it/s, v_num=1y37, val_auc=0.504]Epoch 1:  28%|██▊       | 84/300 [09:02<23:15,  0.15it/s, v_num=1y37, val_auc=0.504]Epoch 1:  28%|██▊       | 84/300 [09:02<23:15,  0.15it/s, v_num=1y37, val_auc=0.504]Epoch 1:  28%|██▊       | 85/300 [09:03<22:55,  0.16it/s, v_num=1y37, val_auc=0.504]Epoch 1:  28%|██▊       | 85/300 [09:03<22:55,  0.16it/s, v_num=1y37, val_auc=0.504]Epoch 1:  29%|██▊       | 86/300 [09:04<22:35,  0.16it/s, v_num=1y37, val_auc=0.504]Epoch 1:  29%|██▊       | 86/300 [09:04<22:35,  0.16it/s, v_num=1y37, val_auc=0.504]Epoch 1:  29%|██▉       | 87/300 [09:05<22:15,  0.16it/s, v_num=1y37, val_auc=0.504]Epoch 1:  29%|██▉       | 87/300 [09:05<22:15,  0.16it/s, v_num=1y37, val_auc=0.504]Epoch 1:  29%|██▉       | 88/300 [09:06<21:56,  0.16it/s, v_num=1y37, val_auc=0.504]Epoch 1:  29%|██▉       | 88/300 [09:06<21:56,  0.16it/s, v_num=1y37, val_auc=0.504]Epoch 1:  30%|██▉       | 89/300 [09:07<21:37,  0.16it/s, v_num=1y37, val_auc=0.504]Epoch 1:  30%|██▉       | 89/300 [09:07<21:37,  0.16it/s, v_num=1y37, val_auc=0.504]Epoch 1:  30%|███       | 90/300 [09:08<21:19,  0.16it/s, v_num=1y37, val_auc=0.504]Epoch 1:  30%|███       | 90/300 [09:08<21:19,  0.16it/s, v_num=1y37, val_auc=0.504]Epoch 1:  30%|███       | 91/300 [09:09<21:00,  0.17it/s, v_num=1y37, val_auc=0.504]Epoch 1:  30%|███       | 91/300 [09:09<21:00,  0.17it/s, v_num=1y37, val_auc=0.504]Epoch 1:  31%|███       | 92/300 [09:09<20:43,  0.17it/s, v_num=1y37, val_auc=0.504]Epoch 1:  31%|███       | 92/300 [09:09<20:43,  0.17it/s, v_num=1y37, val_auc=0.504]Epoch 1:  31%|███       | 93/300 [09:10<20:25,  0.17it/s, v_num=1y37, val_auc=0.504]Epoch 1:  31%|███       | 93/300 [09:10<20:25,  0.17it/s, v_num=1y37, val_auc=0.504]Epoch 1:  31%|███▏      | 94/300 [12:05<26:29,  0.13it/s, v_num=1y37, val_auc=0.504]Epoch 1:  31%|███▏      | 94/300 [12:05<26:29,  0.13it/s, v_num=1y37, val_auc=0.504]Epoch 1:  32%|███▏      | 95/300 [12:06<26:07,  0.13it/s, v_num=1y37, val_auc=0.504]Epoch 1:  32%|███▏      | 95/300 [12:06<26:07,  0.13it/s, v_num=1y37, val_auc=0.504]Epoch 1:  32%|███▏      | 96/300 [12:07<25:45,  0.13it/s, v_num=1y37, val_auc=0.504]Epoch 1:  32%|███▏      | 96/300 [12:07<25:45,  0.13it/s, v_num=1y37, val_auc=0.504]Epoch 1:  32%|███▏      | 97/300 [12:07<25:23,  0.13it/s, v_num=1y37, val_auc=0.504]Epoch 1:  32%|███▏      | 97/300 [12:07<25:23,  0.13it/s, v_num=1y37, val_auc=0.504]Epoch 1:  33%|███▎      | 98/300 [12:08<25:02,  0.13it/s, v_num=1y37, val_auc=0.504]Epoch 1:  33%|███▎      | 98/300 [12:08<25:02,  0.13it/s, v_num=1y37, val_auc=0.504]Epoch 1:  33%|███▎      | 99/300 [12:09<24:41,  0.14it/s, v_num=1y37, val_auc=0.504]Epoch 1:  33%|███▎      | 99/300 [12:09<24:41,  0.14it/s, v_num=1y37, val_auc=0.504]Epoch 1:  33%|███▎      | 100/300 [12:10<24:21,  0.14it/s, v_num=1y37, val_auc=0.504]Epoch 1:  33%|███▎      | 100/300 [12:10<24:21,  0.14it/s, v_num=1y37, val_auc=0.504]Epoch 1:  34%|███▎      | 101/300 [12:11<24:01,  0.14it/s, v_num=1y37, val_auc=0.504]Epoch 1:  34%|███▎      | 101/300 [12:11<24:01,  0.14it/s, v_num=1y37, val_auc=0.504]Epoch 1:  34%|███▍      | 102/300 [12:12<23:41,  0.14it/s, v_num=1y37, val_auc=0.504]Epoch 1:  34%|███▍      | 102/300 [12:12<23:41,  0.14it/s, v_num=1y37, val_auc=0.504]Epoch 1:  34%|███▍      | 103/300 [12:13<23:22,  0.14it/s, v_num=1y37, val_auc=0.504]Epoch 1:  34%|███▍      | 103/300 [12:13<23:22,  0.14it/s, v_num=1y37, val_auc=0.504]Epoch 1:  35%|███▍      | 104/300 [12:14<23:03,  0.14it/s, v_num=1y37, val_auc=0.504]Epoch 1:  35%|███▍      | 104/300 [12:14<23:03,  0.14it/s, v_num=1y37, val_auc=0.504]Epoch 1:  35%|███▌      | 105/300 [12:14<22:44,  0.14it/s, v_num=1y37, val_auc=0.504]Epoch 1:  35%|███▌      | 105/300 [12:14<22:44,  0.14it/s, v_num=1y37, val_auc=0.504]Epoch 1:  35%|███▌      | 106/300 [12:15<22:26,  0.14it/s, v_num=1y37, val_auc=0.504]Epoch 1:  35%|███▌      | 106/300 [12:15<22:26,  0.14it/s, v_num=1y37, val_auc=0.504]Epoch 1:  36%|███▌      | 107/300 [12:16<22:08,  0.15it/s, v_num=1y37, val_auc=0.504]Epoch 1:  36%|███▌      | 107/300 [12:16<22:08,  0.15it/s, v_num=1y37, val_auc=0.504]Epoch 1:  36%|███▌      | 108/300 [12:17<21:51,  0.15it/s, v_num=1y37, val_auc=0.504]Epoch 1:  36%|███▌      | 108/300 [12:17<21:51,  0.15it/s, v_num=1y37, val_auc=0.504]Epoch 1:  36%|███▋      | 109/300 [12:18<21:34,  0.15it/s, v_num=1y37, val_auc=0.504]Epoch 1:  36%|███▋      | 109/300 [12:18<21:34,  0.15it/s, v_num=1y37, val_auc=0.504]Epoch 1:  37%|███▋      | 110/300 [12:19<21:17,  0.15it/s, v_num=1y37, val_auc=0.504]Epoch 1:  37%|███▋      | 110/300 [12:19<21:17,  0.15it/s, v_num=1y37, val_auc=0.504]Epoch 1:  37%|███▋      | 111/300 [12:20<21:00,  0.15it/s, v_num=1y37, val_auc=0.504]Epoch 1:  37%|███▋      | 111/300 [12:20<21:00,  0.15it/s, v_num=1y37, val_auc=0.504]Epoch 1:  37%|███▋      | 112/300 [12:21<20:44,  0.15it/s, v_num=1y37, val_auc=0.504]Epoch 1:  37%|███▋      | 112/300 [12:21<20:44,  0.15it/s, v_num=1y37, val_auc=0.504]Epoch 1:  38%|███▊      | 113/300 [12:22<20:27,  0.15it/s, v_num=1y37, val_auc=0.504]Epoch 1:  38%|███▊      | 113/300 [12:22<20:27,  0.15it/s, v_num=1y37, val_auc=0.504]Epoch 1:  38%|███▊      | 114/300 [12:22<20:12,  0.15it/s, v_num=1y37, val_auc=0.504]Epoch 1:  38%|███▊      | 114/300 [12:22<20:12,  0.15it/s, v_num=1y37, val_auc=0.504]Epoch 1:  38%|███▊      | 115/300 [12:23<19:56,  0.15it/s, v_num=1y37, val_auc=0.504]Epoch 1:  38%|███▊      | 115/300 [12:23<19:56,  0.15it/s, v_num=1y37, val_auc=0.504]Epoch 1:  39%|███▊      | 116/300 [12:24<19:41,  0.16it/s, v_num=1y37, val_auc=0.504]Epoch 1:  39%|███▊      | 116/300 [12:24<19:41,  0.16it/s, v_num=1y37, val_auc=0.504]Epoch 1:  39%|███▉      | 117/300 [12:25<19:26,  0.16it/s, v_num=1y37, val_auc=0.504]Epoch 1:  39%|███▉      | 117/300 [12:25<19:26,  0.16it/s, v_num=1y37, val_auc=0.504]Epoch 1:  39%|███▉      | 118/300 [12:26<19:11,  0.16it/s, v_num=1y37, val_auc=0.504]Epoch 1:  39%|███▉      | 118/300 [12:26<19:11,  0.16it/s, v_num=1y37, val_auc=0.504]Epoch 1:  40%|███▉      | 119/300 [12:27<18:56,  0.16it/s, v_num=1y37, val_auc=0.504]Epoch 1:  40%|███▉      | 119/300 [12:27<18:56,  0.16it/s, v_num=1y37, val_auc=0.504]Epoch 1:  40%|████      | 120/300 [12:28<18:42,  0.16it/s, v_num=1y37, val_auc=0.504]Epoch 1:  40%|████      | 120/300 [12:28<18:42,  0.16it/s, v_num=1y37, val_auc=0.504]Epoch 1:  40%|████      | 121/300 [12:29<18:28,  0.16it/s, v_num=1y37, val_auc=0.504]Epoch 1:  40%|████      | 121/300 [12:29<18:28,  0.16it/s, v_num=1y37, val_auc=0.504]Epoch 1:  41%|████      | 122/300 [12:29<18:14,  0.16it/s, v_num=1y37, val_auc=0.504]Epoch 1:  41%|████      | 122/300 [12:29<18:14,  0.16it/s, v_num=1y37, val_auc=0.504]Epoch 1:  41%|████      | 123/300 [12:30<18:00,  0.16it/s, v_num=1y37, val_auc=0.504]Epoch 1:  41%|████      | 123/300 [12:30<18:00,  0.16it/s, v_num=1y37, val_auc=0.504]Epoch 1:  41%|████▏     | 124/300 [14:53<21:08,  0.14it/s, v_num=1y37, val_auc=0.504]Epoch 1:  41%|████▏     | 124/300 [14:53<21:08,  0.14it/s, v_num=1y37, val_auc=0.504]Epoch 1:  42%|████▏     | 125/300 [14:54<20:52,  0.14it/s, v_num=1y37, val_auc=0.504]Epoch 1:  42%|████▏     | 125/300 [14:54<20:52,  0.14it/s, v_num=1y37, val_auc=0.504]Epoch 1:  42%|████▏     | 126/300 [14:55<20:36,  0.14it/s, v_num=1y37, val_auc=0.504]Epoch 1:  42%|████▏     | 126/300 [14:55<20:36,  0.14it/s, v_num=1y37, val_auc=0.504]Epoch 1:  42%|████▏     | 127/300 [14:56<20:21,  0.14it/s, v_num=1y37, val_auc=0.504]Epoch 1:  42%|████▏     | 127/300 [14:56<20:21,  0.14it/s, v_num=1y37, val_auc=0.504]Epoch 1:  43%|████▎     | 128/300 [14:57<20:05,  0.14it/s, v_num=1y37, val_auc=0.504]Epoch 1:  43%|████▎     | 128/300 [14:57<20:05,  0.14it/s, v_num=1y37, val_auc=0.504]Epoch 1:  43%|████▎     | 129/300 [14:58<19:50,  0.14it/s, v_num=1y37, val_auc=0.504]Epoch 1:  43%|████▎     | 129/300 [14:58<19:50,  0.14it/s, v_num=1y37, val_auc=0.504]Epoch 1:  43%|████▎     | 130/300 [14:59<19:35,  0.14it/s, v_num=1y37, val_auc=0.504]Epoch 1:  43%|████▎     | 130/300 [14:59<19:35,  0.14it/s, v_num=1y37, val_auc=0.504]Epoch 1:  44%|████▎     | 131/300 [14:59<19:20,  0.15it/s, v_num=1y37, val_auc=0.504]Epoch 1:  44%|████▎     | 131/300 [14:59<19:20,  0.15it/s, v_num=1y37, val_auc=0.504]Epoch 1:  44%|████▍     | 132/300 [15:00<19:06,  0.15it/s, v_num=1y37, val_auc=0.504]Epoch 1:  44%|████▍     | 132/300 [15:00<19:06,  0.15it/s, v_num=1y37, val_auc=0.504]Epoch 1:  44%|████▍     | 133/300 [15:01<18:52,  0.15it/s, v_num=1y37, val_auc=0.504]Epoch 1:  44%|████▍     | 133/300 [15:01<18:52,  0.15it/s, v_num=1y37, val_auc=0.504]Epoch 1:  45%|████▍     | 134/300 [15:02<18:38,  0.15it/s, v_num=1y37, val_auc=0.504]Epoch 1:  45%|████▍     | 134/300 [15:02<18:38,  0.15it/s, v_num=1y37, val_auc=0.504]Epoch 1:  45%|████▌     | 135/300 [15:03<18:24,  0.15it/s, v_num=1y37, val_auc=0.504]Epoch 1:  45%|████▌     | 135/300 [15:03<18:24,  0.15it/s, v_num=1y37, val_auc=0.504]Epoch 1:  45%|████▌     | 136/300 [15:04<18:10,  0.15it/s, v_num=1y37, val_auc=0.504]Epoch 1:  45%|████▌     | 136/300 [15:04<18:10,  0.15it/s, v_num=1y37, val_auc=0.504]Epoch 1:  46%|████▌     | 137/300 [15:05<17:57,  0.15it/s, v_num=1y37, val_auc=0.504]Epoch 1:  46%|████▌     | 137/300 [15:05<17:57,  0.15it/s, v_num=1y37, val_auc=0.504]Epoch 1:  46%|████▌     | 138/300 [15:06<17:43,  0.15it/s, v_num=1y37, val_auc=0.504]Epoch 1:  46%|████▌     | 138/300 [15:06<17:43,  0.15it/s, v_num=1y37, val_auc=0.504]Epoch 1:  46%|████▋     | 139/300 [15:06<17:30,  0.15it/s, v_num=1y37, val_auc=0.504]Epoch 1:  46%|████▋     | 139/300 [15:06<17:30,  0.15it/s, v_num=1y37, val_auc=0.504]Epoch 1:  47%|████▋     | 140/300 [15:07<17:17,  0.15it/s, v_num=1y37, val_auc=0.504]Epoch 1:  47%|████▋     | 140/300 [15:07<17:17,  0.15it/s, v_num=1y37, val_auc=0.504]Epoch 1:  47%|████▋     | 141/300 [15:08<17:04,  0.16it/s, v_num=1y37, val_auc=0.504]Epoch 1:  47%|████▋     | 141/300 [15:08<17:04,  0.16it/s, v_num=1y37, val_auc=0.504]Epoch 1:  47%|████▋     | 142/300 [15:09<16:52,  0.16it/s, v_num=1y37, val_auc=0.504]Epoch 1:  47%|████▋     | 142/300 [15:09<16:52,  0.16it/s, v_num=1y37, val_auc=0.504]Epoch 1:  48%|████▊     | 143/300 [15:10<16:39,  0.16it/s, v_num=1y37, val_auc=0.504]Epoch 1:  48%|████▊     | 143/300 [15:10<16:39,  0.16it/s, v_num=1y37, val_auc=0.504]Epoch 1:  48%|████▊     | 144/300 [15:11<16:27,  0.16it/s, v_num=1y37, val_auc=0.504]Epoch 1:  48%|████▊     | 144/300 [15:11<16:27,  0.16it/s, v_num=1y37, val_auc=0.504]Epoch 1:  48%|████▊     | 145/300 [15:12<16:15,  0.16it/s, v_num=1y37, val_auc=0.504]Epoch 1:  48%|████▊     | 145/300 [15:12<16:15,  0.16it/s, v_num=1y37, val_auc=0.504]Epoch 1:  49%|████▊     | 146/300 [15:13<16:03,  0.16it/s, v_num=1y37, val_auc=0.504]Epoch 1:  49%|████▊     | 146/300 [15:13<16:03,  0.16it/s, v_num=1y37, val_auc=0.504]Epoch 1:  49%|████▉     | 147/300 [15:14<15:51,  0.16it/s, v_num=1y37, val_auc=0.504]Epoch 1:  49%|████▉     | 147/300 [15:14<15:51,  0.16it/s, v_num=1y37, val_auc=0.504]Epoch 1:  49%|████▉     | 148/300 [15:14<15:39,  0.16it/s, v_num=1y37, val_auc=0.504]Epoch 1:  49%|████▉     | 148/300 [15:14<15:39,  0.16it/s, v_num=1y37, val_auc=0.504]Epoch 1:  50%|████▉     | 149/300 [15:15<15:28,  0.16it/s, v_num=1y37, val_auc=0.504]Epoch 1:  50%|████▉     | 149/300 [15:15<15:28,  0.16it/s, v_num=1y37, val_auc=0.504]Epoch 1:  50%|█████     | 150/300 [15:16<15:16,  0.16it/s, v_num=1y37, val_auc=0.504]Epoch 1:  50%|█████     | 150/300 [15:16<15:16,  0.16it/s, v_num=1y37, val_auc=0.504]Epoch 1:  50%|█████     | 151/300 [15:17<15:05,  0.16it/s, v_num=1y37, val_auc=0.504]Epoch 1:  50%|█████     | 151/300 [15:17<15:05,  0.16it/s, v_num=1y37, val_auc=0.504]Epoch 1:  51%|█████     | 152/300 [15:18<14:54,  0.17it/s, v_num=1y37, val_auc=0.504]Epoch 1:  51%|█████     | 152/300 [15:18<14:54,  0.17it/s, v_num=1y37, val_auc=0.504]Epoch 1:  51%|█████     | 153/300 [15:19<14:43,  0.17it/s, v_num=1y37, val_auc=0.504]Epoch 1:  51%|█████     | 153/300 [15:19<14:43,  0.17it/s, v_num=1y37, val_auc=0.504]Epoch 1:  51%|█████▏    | 154/300 [15:20<14:32,  0.17it/s, v_num=1y37, val_auc=0.504]Epoch 1:  51%|█████▏    | 154/300 [15:20<14:32,  0.17it/s, v_num=1y37, val_auc=0.504]Epoch 1:  52%|█████▏    | 155/300 [15:21<14:21,  0.17it/s, v_num=1y37, val_auc=0.504]Epoch 1:  52%|█████▏    | 155/300 [15:21<14:21,  0.17it/s, v_num=1y37, val_auc=0.504]Epoch 1:  52%|█████▏    | 156/300 [15:21<14:11,  0.17it/s, v_num=1y37, val_auc=0.504]Epoch 1:  52%|█████▏    | 156/300 [15:21<14:11,  0.17it/s, v_num=1y37, val_auc=0.504]Epoch 1:  52%|█████▏    | 157/300 [16:50<15:20,  0.16it/s, v_num=1y37, val_auc=0.504]Epoch 1:  52%|█████▏    | 157/300 [16:50<15:20,  0.16it/s, v_num=1y37, val_auc=0.504]Epoch 1:  53%|█████▎    | 158/300 [16:51<15:09,  0.16it/s, v_num=1y37, val_auc=0.504]Epoch 1:  53%|█████▎    | 158/300 [16:51<15:09,  0.16it/s, v_num=1y37, val_auc=0.504]Epoch 1:  53%|█████▎    | 159/300 [16:52<14:57,  0.16it/s, v_num=1y37, val_auc=0.504]Epoch 1:  53%|█████▎    | 159/300 [16:52<14:57,  0.16it/s, v_num=1y37, val_auc=0.504]Epoch 1:  53%|█████▎    | 160/300 [16:53<14:46,  0.16it/s, v_num=1y37, val_auc=0.504]Epoch 1:  53%|█████▎    | 160/300 [16:53<14:46,  0.16it/s, v_num=1y37, val_auc=0.504]Epoch 1:  54%|█████▎    | 161/300 [16:54<14:35,  0.16it/s, v_num=1y37, val_auc=0.504]Epoch 1:  54%|█████▎    | 161/300 [16:54<14:35,  0.16it/s, v_num=1y37, val_auc=0.504]Epoch 1:  54%|█████▍    | 162/300 [16:55<14:24,  0.16it/s, v_num=1y37, val_auc=0.504]Epoch 1:  54%|█████▍    | 162/300 [16:55<14:24,  0.16it/s, v_num=1y37, val_auc=0.504]Epoch 1:  54%|█████▍    | 163/300 [16:55<14:13,  0.16it/s, v_num=1y37, val_auc=0.504]Epoch 1:  54%|█████▍    | 163/300 [16:55<14:13,  0.16it/s, v_num=1y37, val_auc=0.504]Epoch 1:  55%|█████▍    | 164/300 [16:56<14:03,  0.16it/s, v_num=1y37, val_auc=0.504]Epoch 1:  55%|█████▍    | 164/300 [16:56<14:03,  0.16it/s, v_num=1y37, val_auc=0.504]Epoch 1:  55%|█████▌    | 165/300 [16:57<13:52,  0.16it/s, v_num=1y37, val_auc=0.504]Epoch 1:  55%|█████▌    | 165/300 [16:57<13:52,  0.16it/s, v_num=1y37, val_auc=0.504]Epoch 1:  55%|█████▌    | 166/300 [16:58<13:42,  0.16it/s, v_num=1y37, val_auc=0.504]Epoch 1:  55%|█████▌    | 166/300 [16:58<13:42,  0.16it/s, v_num=1y37, val_auc=0.504]Epoch 1:  56%|█████▌    | 167/300 [16:59<13:31,  0.16it/s, v_num=1y37, val_auc=0.504]Epoch 1:  56%|█████▌    | 167/300 [16:59<13:31,  0.16it/s, v_num=1y37, val_auc=0.504]Epoch 1:  56%|█████▌    | 168/300 [17:00<13:21,  0.16it/s, v_num=1y37, val_auc=0.504]Epoch 1:  56%|█████▌    | 168/300 [17:00<13:21,  0.16it/s, v_num=1y37, val_auc=0.504]Epoch 1:  56%|█████▋    | 169/300 [17:01<13:11,  0.17it/s, v_num=1y37, val_auc=0.504]Epoch 1:  56%|█████▋    | 169/300 [17:01<13:11,  0.17it/s, v_num=1y37, val_auc=0.504]Epoch 1:  57%|█████▋    | 170/300 [17:02<13:01,  0.17it/s, v_num=1y37, val_auc=0.504]Epoch 1:  57%|█████▋    | 170/300 [17:02<13:01,  0.17it/s, v_num=1y37, val_auc=0.504]Epoch 1:  57%|█████▋    | 171/300 [17:02<12:51,  0.17it/s, v_num=1y37, val_auc=0.504]Epoch 1:  57%|█████▋    | 171/300 [17:02<12:51,  0.17it/s, v_num=1y37, val_auc=0.504]Epoch 1:  57%|█████▋    | 172/300 [17:03<12:41,  0.17it/s, v_num=1y37, val_auc=0.504]Epoch 1:  57%|█████▋    | 172/300 [17:03<12:41,  0.17it/s, v_num=1y37, val_auc=0.504]Epoch 1:  58%|█████▊    | 173/300 [17:04<12:32,  0.17it/s, v_num=1y37, val_auc=0.504]Epoch 1:  58%|█████▊    | 173/300 [17:04<12:32,  0.17it/s, v_num=1y37, val_auc=0.504]Epoch 1:  58%|█████▊    | 174/300 [17:05<12:22,  0.17it/s, v_num=1y37, val_auc=0.504]Epoch 1:  58%|█████▊    | 174/300 [17:05<12:22,  0.17it/s, v_num=1y37, val_auc=0.504]Epoch 1:  58%|█████▊    | 175/300 [17:06<12:13,  0.17it/s, v_num=1y37, val_auc=0.504]Epoch 1:  58%|█████▊    | 175/300 [17:06<12:13,  0.17it/s, v_num=1y37, val_auc=0.504]Epoch 1:  59%|█████▊    | 176/300 [17:07<12:03,  0.17it/s, v_num=1y37, val_auc=0.504]Epoch 1:  59%|█████▊    | 176/300 [17:07<12:03,  0.17it/s, v_num=1y37, val_auc=0.504]Epoch 1:  59%|█████▉    | 177/300 [17:08<11:54,  0.17it/s, v_num=1y37, val_auc=0.504]Epoch 1:  59%|█████▉    | 177/300 [17:08<11:54,  0.17it/s, v_num=1y37, val_auc=0.504]Epoch 1:  59%|█████▉    | 178/300 [17:09<11:45,  0.17it/s, v_num=1y37, val_auc=0.504]Epoch 1:  59%|█████▉    | 178/300 [17:09<11:45,  0.17it/s, v_num=1y37, val_auc=0.504]Epoch 1:  60%|█████▉    | 179/300 [17:10<11:36,  0.17it/s, v_num=1y37, val_auc=0.504]Epoch 1:  60%|█████▉    | 179/300 [17:10<11:36,  0.17it/s, v_num=1y37, val_auc=0.504]Epoch 1:  60%|██████    | 180/300 [17:10<11:27,  0.17it/s, v_num=1y37, val_auc=0.504]Epoch 1:  60%|██████    | 180/300 [17:10<11:27,  0.17it/s, v_num=1y37, val_auc=0.504]Epoch 1:  60%|██████    | 181/300 [17:11<11:18,  0.18it/s, v_num=1y37, val_auc=0.504]Epoch 1:  60%|██████    | 181/300 [17:11<11:18,  0.18it/s, v_num=1y37, val_auc=0.504]Epoch 1:  61%|██████    | 182/300 [17:12<11:09,  0.18it/s, v_num=1y37, val_auc=0.504]Epoch 1:  61%|██████    | 182/300 [17:12<11:09,  0.18it/s, v_num=1y37, val_auc=0.504]Epoch 1:  61%|██████    | 183/300 [17:13<11:00,  0.18it/s, v_num=1y37, val_auc=0.504]Epoch 1:  61%|██████    | 183/300 [17:13<11:00,  0.18it/s, v_num=1y37, val_auc=0.504]Epoch 1:  61%|██████▏   | 184/300 [17:14<10:52,  0.18it/s, v_num=1y37, val_auc=0.504]Epoch 1:  61%|██████▏   | 184/300 [17:14<10:52,  0.18it/s, v_num=1y37, val_auc=0.504]Epoch 1:  62%|██████▏   | 185/300 [17:15<10:43,  0.18it/s, v_num=1y37, val_auc=0.504]Epoch 1:  62%|██████▏   | 185/300 [17:15<10:43,  0.18it/s, v_num=1y37, val_auc=0.504]Epoch 1:  62%|██████▏   | 186/300 [17:16<10:35,  0.18it/s, v_num=1y37, val_auc=0.504]Epoch 1:  62%|██████▏   | 186/300 [17:16<10:35,  0.18it/s, v_num=1y37, val_auc=0.504]Epoch 1:  62%|██████▏   | 187/300 [17:30<10:34,  0.18it/s, v_num=1y37, val_auc=0.504]Epoch 1:  62%|██████▏   | 187/300 [17:30<10:34,  0.18it/s, v_num=1y37, val_auc=0.504]Epoch 1:  63%|██████▎   | 188/300 [17:30<10:26,  0.18it/s, v_num=1y37, val_auc=0.504]Epoch 1:  63%|██████▎   | 188/300 [17:30<10:26,  0.18it/s, v_num=1y37, val_auc=0.504]Epoch 1:  63%|██████▎   | 189/300 [17:31<10:17,  0.18it/s, v_num=1y37, val_auc=0.504]Epoch 1:  63%|██████▎   | 189/300 [17:31<10:17,  0.18it/s, v_num=1y37, val_auc=0.504]Epoch 1:  63%|██████▎   | 190/300 [17:32<10:09,  0.18it/s, v_num=1y37, val_auc=0.504]Epoch 1:  63%|██████▎   | 190/300 [17:32<10:09,  0.18it/s, v_num=1y37, val_auc=0.504]Epoch 1:  64%|██████▎   | 191/300 [17:33<10:01,  0.18it/s, v_num=1y37, val_auc=0.504]Epoch 1:  64%|██████▎   | 191/300 [17:33<10:01,  0.18it/s, v_num=1y37, val_auc=0.504]Epoch 1:  64%|██████▍   | 192/300 [17:34<09:53,  0.18it/s, v_num=1y37, val_auc=0.504]Epoch 1:  64%|██████▍   | 192/300 [17:34<09:53,  0.18it/s, v_num=1y37, val_auc=0.504]Epoch 1:  64%|██████▍   | 193/300 [17:35<09:45,  0.18it/s, v_num=1y37, val_auc=0.504]Epoch 1:  64%|██████▍   | 193/300 [17:35<09:45,  0.18it/s, v_num=1y37, val_auc=0.504]Epoch 1:  65%|██████▍   | 194/300 [17:36<09:37,  0.18it/s, v_num=1y37, val_auc=0.504]Epoch 1:  65%|██████▍   | 194/300 [17:36<09:37,  0.18it/s, v_num=1y37, val_auc=0.504]Epoch 1:  65%|██████▌   | 195/300 [17:37<09:29,  0.18it/s, v_num=1y37, val_auc=0.504]Epoch 1:  65%|██████▌   | 195/300 [17:37<09:29,  0.18it/s, v_num=1y37, val_auc=0.504]Epoch 1:  65%|██████▌   | 196/300 [17:37<09:21,  0.19it/s, v_num=1y37, val_auc=0.504]Epoch 1:  65%|██████▌   | 196/300 [17:37<09:21,  0.19it/s, v_num=1y37, val_auc=0.504]Epoch 1:  66%|██████▌   | 197/300 [17:38<09:13,  0.19it/s, v_num=1y37, val_auc=0.504]Epoch 1:  66%|██████▌   | 197/300 [17:38<09:13,  0.19it/s, v_num=1y37, val_auc=0.504]Epoch 1:  66%|██████▌   | 198/300 [17:39<09:05,  0.19it/s, v_num=1y37, val_auc=0.504]Epoch 1:  66%|██████▌   | 198/300 [17:39<09:05,  0.19it/s, v_num=1y37, val_auc=0.504]Epoch 1:  66%|██████▋   | 199/300 [17:40<08:58,  0.19it/s, v_num=1y37, val_auc=0.504]Epoch 1:  66%|██████▋   | 199/300 [17:40<08:58,  0.19it/s, v_num=1y37, val_auc=0.504]Epoch 1:  67%|██████▋   | 200/300 [17:41<08:50,  0.19it/s, v_num=1y37, val_auc=0.504]Epoch 1:  67%|██████▋   | 200/300 [17:41<08:50,  0.19it/s, v_num=1y37, val_auc=0.504]Epoch 1:  67%|██████▋   | 201/300 [17:42<08:43,  0.19it/s, v_num=1y37, val_auc=0.504]Epoch 1:  67%|██████▋   | 201/300 [17:42<08:43,  0.19it/s, v_num=1y37, val_auc=0.504]Epoch 1:  67%|██████▋   | 202/300 [17:43<08:35,  0.19it/s, v_num=1y37, val_auc=0.504]Epoch 1:  67%|██████▋   | 202/300 [17:43<08:35,  0.19it/s, v_num=1y37, val_auc=0.504]Epoch 1:  68%|██████▊   | 203/300 [17:44<08:28,  0.19it/s, v_num=1y37, val_auc=0.504]Epoch 1:  68%|██████▊   | 203/300 [17:44<08:28,  0.19it/s, v_num=1y37, val_auc=0.504]Epoch 1:  68%|██████▊   | 204/300 [17:45<08:21,  0.19it/s, v_num=1y37, val_auc=0.504]Epoch 1:  68%|██████▊   | 204/300 [17:45<08:21,  0.19it/s, v_num=1y37, val_auc=0.504]Epoch 1:  68%|██████▊   | 205/300 [17:45<08:13,  0.19it/s, v_num=1y37, val_auc=0.504]Epoch 1:  68%|██████▊   | 205/300 [17:45<08:13,  0.19it/s, v_num=1y37, val_auc=0.504]Epoch 1:  69%|██████▊   | 206/300 [17:46<08:06,  0.19it/s, v_num=1y37, val_auc=0.504]Epoch 1:  69%|██████▊   | 206/300 [17:46<08:06,  0.19it/s, v_num=1y37, val_auc=0.504]Epoch 1:  69%|██████▉   | 207/300 [17:47<07:59,  0.19it/s, v_num=1y37, val_auc=0.504]Epoch 1:  69%|██████▉   | 207/300 [17:47<07:59,  0.19it/s, v_num=1y37, val_auc=0.504]Epoch 1:  69%|██████▉   | 208/300 [17:48<07:52,  0.19it/s, v_num=1y37, val_auc=0.504]Epoch 1:  69%|██████▉   | 208/300 [17:48<07:52,  0.19it/s, v_num=1y37, val_auc=0.504]Epoch 1:  70%|██████▉   | 209/300 [17:49<07:45,  0.20it/s, v_num=1y37, val_auc=0.504]Epoch 1:  70%|██████▉   | 209/300 [17:49<07:45,  0.20it/s, v_num=1y37, val_auc=0.504]Epoch 1:  70%|███████   | 210/300 [17:50<07:38,  0.20it/s, v_num=1y37, val_auc=0.504]Epoch 1:  70%|███████   | 210/300 [17:50<07:38,  0.20it/s, v_num=1y37, val_auc=0.504]Epoch 1:  70%|███████   | 211/300 [17:51<07:31,  0.20it/s, v_num=1y37, val_auc=0.504]Epoch 1:  70%|███████   | 211/300 [17:51<07:31,  0.20it/s, v_num=1y37, val_auc=0.504]Epoch 1:  71%|███████   | 212/300 [17:52<07:25,  0.20it/s, v_num=1y37, val_auc=0.504]Epoch 1:  71%|███████   | 212/300 [17:52<07:25,  0.20it/s, v_num=1y37, val_auc=0.504]Epoch 1:  71%|███████   | 213/300 [17:52<07:18,  0.20it/s, v_num=1y37, val_auc=0.504]Epoch 1:  71%|███████   | 213/300 [17:52<07:18,  0.20it/s, v_num=1y37, val_auc=0.504]Epoch 1:  71%|███████▏  | 214/300 [17:53<07:11,  0.20it/s, v_num=1y37, val_auc=0.504]Epoch 1:  71%|███████▏  | 214/300 [17:53<07:11,  0.20it/s, v_num=1y37, val_auc=0.504]Epoch 1:  72%|███████▏  | 215/300 [17:54<07:04,  0.20it/s, v_num=1y37, val_auc=0.504]Epoch 1:  72%|███████▏  | 215/300 [17:54<07:04,  0.20it/s, v_num=1y37, val_auc=0.504]Epoch 1:  72%|███████▏  | 216/300 [17:55<06:58,  0.20it/s, v_num=1y37, val_auc=0.504]Epoch 1:  72%|███████▏  | 216/300 [17:55<06:58,  0.20it/s, v_num=1y37, val_auc=0.504]Epoch 1:  72%|███████▏  | 217/300 [18:00<06:53,  0.20it/s, v_num=1y37, val_auc=0.504]Epoch 1:  72%|███████▏  | 217/300 [18:00<06:53,  0.20it/s, v_num=1y37, val_auc=0.504]Epoch 1:  73%|███████▎  | 218/300 [18:01<06:46,  0.20it/s, v_num=1y37, val_auc=0.504]Epoch 1:  73%|███████▎  | 218/300 [18:01<06:46,  0.20it/s, v_num=1y37, val_auc=0.504]Epoch 1:  73%|███████▎  | 219/300 [18:02<06:40,  0.20it/s, v_num=1y37, val_auc=0.504]Epoch 1:  73%|███████▎  | 219/300 [18:02<06:40,  0.20it/s, v_num=1y37, val_auc=0.504]Epoch 1:  73%|███████▎  | 220/300 [18:03<06:34,  0.20it/s, v_num=1y37, val_auc=0.504]Epoch 1:  73%|███████▎  | 220/300 [18:03<06:34,  0.20it/s, v_num=1y37, val_auc=0.504]Epoch 1:  74%|███████▎  | 221/300 [18:04<06:27,  0.20it/s, v_num=1y37, val_auc=0.504]Epoch 1:  74%|███████▎  | 221/300 [18:04<06:27,  0.20it/s, v_num=1y37, val_auc=0.504]Epoch 1:  74%|███████▍  | 222/300 [18:05<06:21,  0.20it/s, v_num=1y37, val_auc=0.504]Epoch 1:  74%|███████▍  | 222/300 [18:05<06:21,  0.20it/s, v_num=1y37, val_auc=0.504]Epoch 1:  74%|███████▍  | 223/300 [18:06<06:15,  0.21it/s, v_num=1y37, val_auc=0.504]Epoch 1:  74%|███████▍  | 223/300 [18:06<06:15,  0.21it/s, v_num=1y37, val_auc=0.504]Epoch 1:  75%|███████▍  | 224/300 [18:07<06:08,  0.21it/s, v_num=1y37, val_auc=0.504]Epoch 1:  75%|███████▍  | 224/300 [18:07<06:08,  0.21it/s, v_num=1y37, val_auc=0.504]Epoch 1:  75%|███████▌  | 225/300 [18:07<06:02,  0.21it/s, v_num=1y37, val_auc=0.504]Epoch 1:  75%|███████▌  | 225/300 [18:07<06:02,  0.21it/s, v_num=1y37, val_auc=0.504]Epoch 1:  75%|███████▌  | 226/300 [18:08<05:56,  0.21it/s, v_num=1y37, val_auc=0.504]Epoch 1:  75%|███████▌  | 226/300 [18:08<05:56,  0.21it/s, v_num=1y37, val_auc=0.504]Epoch 1:  76%|███████▌  | 227/300 [18:09<05:50,  0.21it/s, v_num=1y37, val_auc=0.504]Epoch 1:  76%|███████▌  | 227/300 [18:09<05:50,  0.21it/s, v_num=1y37, val_auc=0.504]Epoch 1:  76%|███████▌  | 228/300 [18:10<05:44,  0.21it/s, v_num=1y37, val_auc=0.504]Epoch 1:  76%|███████▌  | 228/300 [18:10<05:44,  0.21it/s, v_num=1y37, val_auc=0.504]Epoch 1:  76%|███████▋  | 229/300 [18:11<05:38,  0.21it/s, v_num=1y37, val_auc=0.504]Epoch 1:  76%|███████▋  | 229/300 [18:11<05:38,  0.21it/s, v_num=1y37, val_auc=0.504]Epoch 1:  77%|███████▋  | 230/300 [18:12<05:32,  0.21it/s, v_num=1y37, val_auc=0.504]Epoch 1:  77%|███████▋  | 230/300 [18:12<05:32,  0.21it/s, v_num=1y37, val_auc=0.504]Epoch 1:  77%|███████▋  | 231/300 [18:13<05:26,  0.21it/s, v_num=1y37, val_auc=0.504]Epoch 1:  77%|███████▋  | 231/300 [18:13<05:26,  0.21it/s, v_num=1y37, val_auc=0.504]Epoch 1:  77%|███████▋  | 232/300 [18:14<05:20,  0.21it/s, v_num=1y37, val_auc=0.504]Epoch 1:  77%|███████▋  | 232/300 [18:14<05:20,  0.21it/s, v_num=1y37, val_auc=0.504]Epoch 1:  78%|███████▊  | 233/300 [18:14<05:14,  0.21it/s, v_num=1y37, val_auc=0.504]Epoch 1:  78%|███████▊  | 233/300 [18:14<05:14,  0.21it/s, v_num=1y37, val_auc=0.504]Epoch 1:  78%|███████▊  | 234/300 [18:15<05:09,  0.21it/s, v_num=1y37, val_auc=0.504]Epoch 1:  78%|███████▊  | 234/300 [18:15<05:09,  0.21it/s, v_num=1y37, val_auc=0.504]Epoch 1:  78%|███████▊  | 235/300 [18:16<05:03,  0.21it/s, v_num=1y37, val_auc=0.504]Epoch 1:  78%|███████▊  | 235/300 [18:16<05:03,  0.21it/s, v_num=1y37, val_auc=0.504]Epoch 1:  79%|███████▊  | 236/300 [18:17<04:57,  0.22it/s, v_num=1y37, val_auc=0.504]Epoch 1:  79%|███████▊  | 236/300 [18:17<04:57,  0.22it/s, v_num=1y37, val_auc=0.504]Epoch 1:  79%|███████▉  | 237/300 [18:18<04:52,  0.22it/s, v_num=1y37, val_auc=0.504]Epoch 1:  79%|███████▉  | 237/300 [18:18<04:52,  0.22it/s, v_num=1y37, val_auc=0.504]Epoch 1:  79%|███████▉  | 238/300 [18:19<04:46,  0.22it/s, v_num=1y37, val_auc=0.504]Epoch 1:  79%|███████▉  | 238/300 [18:19<04:46,  0.22it/s, v_num=1y37, val_auc=0.504]Epoch 1:  80%|███████▉  | 239/300 [18:20<04:40,  0.22it/s, v_num=1y37, val_auc=0.504]Epoch 1:  80%|███████▉  | 239/300 [18:20<04:40,  0.22it/s, v_num=1y37, val_auc=0.504]Epoch 1:  80%|████████  | 240/300 [18:21<04:35,  0.22it/s, v_num=1y37, val_auc=0.504]Epoch 1:  80%|████████  | 240/300 [18:21<04:35,  0.22it/s, v_num=1y37, val_auc=0.504]Epoch 1:  80%|████████  | 241/300 [18:22<04:29,  0.22it/s, v_num=1y37, val_auc=0.504]Epoch 1:  80%|████████  | 241/300 [18:22<04:29,  0.22it/s, v_num=1y37, val_auc=0.504]Epoch 1:  81%|████████  | 242/300 [18:22<04:24,  0.22it/s, v_num=1y37, val_auc=0.504]Epoch 1:  81%|████████  | 242/300 [18:22<04:24,  0.22it/s, v_num=1y37, val_auc=0.504]Epoch 1:  81%|████████  | 243/300 [18:23<04:18,  0.22it/s, v_num=1y37, val_auc=0.504]Epoch 1:  81%|████████  | 243/300 [18:23<04:18,  0.22it/s, v_num=1y37, val_auc=0.504]Epoch 1:  81%|████████▏ | 244/300 [18:24<04:13,  0.22it/s, v_num=1y37, val_auc=0.504]Epoch 1:  81%|████████▏ | 244/300 [18:24<04:13,  0.22it/s, v_num=1y37, val_auc=0.504]Epoch 1:  82%|████████▏ | 245/300 [18:25<04:08,  0.22it/s, v_num=1y37, val_auc=0.504]Epoch 1:  82%|████████▏ | 245/300 [18:25<04:08,  0.22it/s, v_num=1y37, val_auc=0.504]Epoch 1:  82%|████████▏ | 246/300 [18:26<04:02,  0.22it/s, v_num=1y37, val_auc=0.504]Epoch 1:  82%|████████▏ | 246/300 [18:26<04:02,  0.22it/s, v_num=1y37, val_auc=0.504]Epoch 1:  82%|████████▏ | 247/300 [18:27<03:57,  0.22it/s, v_num=1y37, val_auc=0.504]Epoch 1:  82%|████████▏ | 247/300 [18:27<03:57,  0.22it/s, v_num=1y37, val_auc=0.504]Epoch 1:  83%|████████▎ | 248/300 [18:28<03:52,  0.22it/s, v_num=1y37, val_auc=0.504]Epoch 1:  83%|████████▎ | 248/300 [18:28<03:52,  0.22it/s, v_num=1y37, val_auc=0.504]Epoch 1:  83%|████████▎ | 249/300 [18:29<03:47,  0.22it/s, v_num=1y37, val_auc=0.504]Epoch 1:  83%|████████▎ | 249/300 [18:29<03:47,  0.22it/s, v_num=1y37, val_auc=0.504]Epoch 1:  83%|████████▎ | 250/300 [18:33<03:42,  0.22it/s, v_num=1y37, val_auc=0.504]Epoch 1:  83%|████████▎ | 250/300 [18:33<03:42,  0.22it/s, v_num=1y37, val_auc=0.504]Epoch 1:  84%|████████▎ | 251/300 [18:34<03:37,  0.23it/s, v_num=1y37, val_auc=0.504]Epoch 1:  84%|████████▎ | 251/300 [18:34<03:37,  0.23it/s, v_num=1y37, val_auc=0.504]Epoch 1:  84%|████████▍ | 252/300 [18:35<03:32,  0.23it/s, v_num=1y37, val_auc=0.504]Epoch 1:  84%|████████▍ | 252/300 [18:35<03:32,  0.23it/s, v_num=1y37, val_auc=0.504]Epoch 1:  84%|████████▍ | 253/300 [18:36<03:27,  0.23it/s, v_num=1y37, val_auc=0.504]Epoch 1:  84%|████████▍ | 253/300 [18:36<03:27,  0.23it/s, v_num=1y37, val_auc=0.504]Epoch 1:  85%|████████▍ | 254/300 [18:37<03:22,  0.23it/s, v_num=1y37, val_auc=0.504]Epoch 1:  85%|████████▍ | 254/300 [18:37<03:22,  0.23it/s, v_num=1y37, val_auc=0.504]Epoch 1:  85%|████████▌ | 255/300 [18:38<03:17,  0.23it/s, v_num=1y37, val_auc=0.504]Epoch 1:  85%|████████▌ | 255/300 [18:38<03:17,  0.23it/s, v_num=1y37, val_auc=0.504]Epoch 1:  85%|████████▌ | 256/300 [18:38<03:12,  0.23it/s, v_num=1y37, val_auc=0.504]Epoch 1:  85%|████████▌ | 256/300 [18:38<03:12,  0.23it/s, v_num=1y37, val_auc=0.504]Epoch 1:  86%|████████▌ | 257/300 [18:39<03:07,  0.23it/s, v_num=1y37, val_auc=0.504]Epoch 1:  86%|████████▌ | 257/300 [18:39<03:07,  0.23it/s, v_num=1y37, val_auc=0.504]Epoch 1:  86%|████████▌ | 258/300 [18:40<03:02,  0.23it/s, v_num=1y37, val_auc=0.504]Epoch 1:  86%|████████▌ | 258/300 [18:40<03:02,  0.23it/s, v_num=1y37, val_auc=0.504]Epoch 1:  86%|████████▋ | 259/300 [18:41<02:57,  0.23it/s, v_num=1y37, val_auc=0.504]Epoch 1:  86%|████████▋ | 259/300 [18:41<02:57,  0.23it/s, v_num=1y37, val_auc=0.504]Epoch 1:  87%|████████▋ | 260/300 [18:42<02:52,  0.23it/s, v_num=1y37, val_auc=0.504]Epoch 1:  87%|████████▋ | 260/300 [18:42<02:52,  0.23it/s, v_num=1y37, val_auc=0.504]Epoch 1:  87%|████████▋ | 261/300 [18:43<02:47,  0.23it/s, v_num=1y37, val_auc=0.504]Epoch 1:  87%|████████▋ | 261/300 [18:43<02:47,  0.23it/s, v_num=1y37, val_auc=0.504]Epoch 1:  87%|████████▋ | 262/300 [18:44<02:43,  0.23it/s, v_num=1y37, val_auc=0.504]Epoch 1:  87%|████████▋ | 262/300 [18:44<02:43,  0.23it/s, v_num=1y37, val_auc=0.504]Epoch 1:  88%|████████▊ | 263/300 [18:45<02:38,  0.23it/s, v_num=1y37, val_auc=0.504]Epoch 1:  88%|████████▊ | 263/300 [18:45<02:38,  0.23it/s, v_num=1y37, val_auc=0.504]Epoch 1:  88%|████████▊ | 264/300 [18:45<02:33,  0.23it/s, v_num=1y37, val_auc=0.504]Epoch 1:  88%|████████▊ | 264/300 [18:45<02:33,  0.23it/s, v_num=1y37, val_auc=0.504]Epoch 1:  88%|████████▊ | 265/300 [18:46<02:28,  0.24it/s, v_num=1y37, val_auc=0.504]Epoch 1:  88%|████████▊ | 265/300 [18:46<02:28,  0.24it/s, v_num=1y37, val_auc=0.504]Epoch 1:  89%|████████▊ | 266/300 [18:47<02:24,  0.24it/s, v_num=1y37, val_auc=0.504]Epoch 1:  89%|████████▊ | 266/300 [18:47<02:24,  0.24it/s, v_num=1y37, val_auc=0.504]Epoch 1:  89%|████████▉ | 267/300 [18:48<02:19,  0.24it/s, v_num=1y37, val_auc=0.504]Epoch 1:  89%|████████▉ | 267/300 [18:48<02:19,  0.24it/s, v_num=1y37, val_auc=0.504]Epoch 1:  89%|████████▉ | 268/300 [18:49<02:14,  0.24it/s, v_num=1y37, val_auc=0.504]Epoch 1:  89%|████████▉ | 268/300 [18:49<02:14,  0.24it/s, v_num=1y37, val_auc=0.504]Epoch 1:  90%|████████▉ | 269/300 [18:50<02:10,  0.24it/s, v_num=1y37, val_auc=0.504]Epoch 1:  90%|████████▉ | 269/300 [18:50<02:10,  0.24it/s, v_num=1y37, val_auc=0.504]Epoch 1:  90%|█████████ | 270/300 [18:51<02:05,  0.24it/s, v_num=1y37, val_auc=0.504]Epoch 1:  90%|█████████ | 270/300 [18:51<02:05,  0.24it/s, v_num=1y37, val_auc=0.504]Epoch 1:  90%|█████████ | 271/300 [18:52<02:01,  0.24it/s, v_num=1y37, val_auc=0.504]Epoch 1:  90%|█████████ | 271/300 [18:52<02:01,  0.24it/s, v_num=1y37, val_auc=0.504]Epoch 1:  91%|█████████ | 272/300 [18:53<01:56,  0.24it/s, v_num=1y37, val_auc=0.504]Epoch 1:  91%|█████████ | 272/300 [18:53<01:56,  0.24it/s, v_num=1y37, val_auc=0.504]Epoch 1:  91%|█████████ | 273/300 [18:53<01:52,  0.24it/s, v_num=1y37, val_auc=0.504]Epoch 1:  91%|█████████ | 273/300 [18:53<01:52,  0.24it/s, v_num=1y37, val_auc=0.504]Epoch 1:  91%|█████████▏| 274/300 [18:54<01:47,  0.24it/s, v_num=1y37, val_auc=0.504]Epoch 1:  91%|█████████▏| 274/300 [18:54<01:47,  0.24it/s, v_num=1y37, val_auc=0.504]Epoch 1:  92%|█████████▏| 275/300 [18:55<01:43,  0.24it/s, v_num=1y37, val_auc=0.504]Epoch 1:  92%|█████████▏| 275/300 [18:55<01:43,  0.24it/s, v_num=1y37, val_auc=0.504]Epoch 1:  92%|█████████▏| 276/300 [18:56<01:38,  0.24it/s, v_num=1y37, val_auc=0.504]Epoch 1:  92%|█████████▏| 276/300 [18:56<01:38,  0.24it/s, v_num=1y37, val_auc=0.504]Epoch 1:  92%|█████████▏| 277/300 [18:57<01:34,  0.24it/s, v_num=1y37, val_auc=0.504]Epoch 1:  92%|█████████▏| 277/300 [18:57<01:34,  0.24it/s, v_num=1y37, val_auc=0.504]Epoch 1:  93%|█████████▎| 278/300 [18:58<01:30,  0.24it/s, v_num=1y37, val_auc=0.504]Epoch 1:  93%|█████████▎| 278/300 [18:58<01:30,  0.24it/s, v_num=1y37, val_auc=0.504]Epoch 1:  93%|█████████▎| 279/300 [18:59<01:25,  0.24it/s, v_num=1y37, val_auc=0.504]Epoch 1:  93%|█████████▎| 279/300 [18:59<01:25,  0.24it/s, v_num=1y37, val_auc=0.504]Epoch 1:  93%|█████████▎| 280/300 [19:04<01:21,  0.24it/s, v_num=1y37, val_auc=0.504]Epoch 1:  93%|█████████▎| 280/300 [19:04<01:21,  0.24it/s, v_num=1y37, val_auc=0.504]Epoch 1:  94%|█████████▎| 281/300 [19:04<01:17,  0.25it/s, v_num=1y37, val_auc=0.504]Epoch 1:  94%|█████████▎| 281/300 [19:04<01:17,  0.25it/s, v_num=1y37, val_auc=0.504]Epoch 1:  94%|█████████▍| 282/300 [19:05<01:13,  0.25it/s, v_num=1y37, val_auc=0.504]Epoch 1:  94%|█████████▍| 282/300 [19:05<01:13,  0.25it/s, v_num=1y37, val_auc=0.504]Epoch 1:  94%|█████████▍| 283/300 [19:06<01:08,  0.25it/s, v_num=1y37, val_auc=0.504]Epoch 1:  94%|█████████▍| 283/300 [19:06<01:08,  0.25it/s, v_num=1y37, val_auc=0.504]Epoch 1:  95%|█████████▍| 284/300 [19:07<01:04,  0.25it/s, v_num=1y37, val_auc=0.504]Epoch 1:  95%|█████████▍| 284/300 [19:07<01:04,  0.25it/s, v_num=1y37, val_auc=0.504]Epoch 1:  95%|█████████▌| 285/300 [19:08<01:00,  0.25it/s, v_num=1y37, val_auc=0.504]Epoch 1:  95%|█████████▌| 285/300 [19:08<01:00,  0.25it/s, v_num=1y37, val_auc=0.504]Epoch 1:  95%|█████████▌| 286/300 [19:09<00:56,  0.25it/s, v_num=1y37, val_auc=0.504]Epoch 1:  95%|█████████▌| 286/300 [19:09<00:56,  0.25it/s, v_num=1y37, val_auc=0.504]Epoch 1:  96%|█████████▌| 287/300 [19:10<00:52,  0.25it/s, v_num=1y37, val_auc=0.504]Epoch 1:  96%|█████████▌| 287/300 [19:10<00:52,  0.25it/s, v_num=1y37, val_auc=0.504]Epoch 1:  96%|█████████▌| 288/300 [19:11<00:47,  0.25it/s, v_num=1y37, val_auc=0.504]Epoch 1:  96%|█████████▌| 288/300 [19:11<00:47,  0.25it/s, v_num=1y37, val_auc=0.504]Epoch 1:  96%|█████████▋| 289/300 [19:11<00:43,  0.25it/s, v_num=1y37, val_auc=0.504]Epoch 1:  96%|█████████▋| 289/300 [19:11<00:43,  0.25it/s, v_num=1y37, val_auc=0.504]Epoch 1:  97%|█████████▋| 290/300 [19:12<00:39,  0.25it/s, v_num=1y37, val_auc=0.504]Epoch 1:  97%|█████████▋| 290/300 [19:12<00:39,  0.25it/s, v_num=1y37, val_auc=0.504]Epoch 1:  97%|█████████▋| 291/300 [19:13<00:35,  0.25it/s, v_num=1y37, val_auc=0.504]Epoch 1:  97%|█████████▋| 291/300 [19:13<00:35,  0.25it/s, v_num=1y37, val_auc=0.504]Epoch 1:  97%|█████████▋| 292/300 [19:14<00:31,  0.25it/s, v_num=1y37, val_auc=0.504]Epoch 1:  97%|█████████▋| 292/300 [19:14<00:31,  0.25it/s, v_num=1y37, val_auc=0.504]Epoch 1:  98%|█████████▊| 293/300 [19:15<00:27,  0.25it/s, v_num=1y37, val_auc=0.504]Epoch 1:  98%|█████████▊| 293/300 [19:15<00:27,  0.25it/s, v_num=1y37, val_auc=0.504]Epoch 1:  98%|█████████▊| 294/300 [19:16<00:23,  0.25it/s, v_num=1y37, val_auc=0.504]Epoch 1:  98%|█████████▊| 294/300 [19:16<00:23,  0.25it/s, v_num=1y37, val_auc=0.504]Epoch 1:  98%|█████████▊| 295/300 [19:17<00:19,  0.25it/s, v_num=1y37, val_auc=0.504]Epoch 1:  98%|█████████▊| 295/300 [19:17<00:19,  0.25it/s, v_num=1y37, val_auc=0.504]Epoch 1:  99%|█████████▊| 296/300 [19:18<00:15,  0.26it/s, v_num=1y37, val_auc=0.504]Epoch 1:  99%|█████████▊| 296/300 [19:18<00:15,  0.26it/s, v_num=1y37, val_auc=0.504]Epoch 1:  99%|█████████▉| 297/300 [19:19<00:11,  0.26it/s, v_num=1y37, val_auc=0.504]Epoch 1:  99%|█████████▉| 297/300 [19:19<00:11,  0.26it/s, v_num=1y37, val_auc=0.504]Epoch 1:  99%|█████████▉| 298/300 [19:19<00:07,  0.26it/s, v_num=1y37, val_auc=0.504]Epoch 1:  99%|█████████▉| 298/300 [19:19<00:07,  0.26it/s, v_num=1y37, val_auc=0.504]Epoch 1: 100%|█████████▉| 299/300 [19:20<00:03,  0.26it/s, v_num=1y37, val_auc=0.504]Epoch 1: 100%|█████████▉| 299/300 [19:20<00:03,  0.26it/s, v_num=1y37, val_auc=0.504]Epoch 1: 100%|██████████| 300/300 [19:21<00:00,  0.26it/s, v_num=1y37, val_auc=0.504]Epoch 1: 100%|██████████| 300/300 [19:21<00:00,  0.26it/s, v_num=1y37, val_auc=0.504]
Validation: |          | 0/? [00:00<?, ?it/s][A
Validation:   0%|          | 0/85 [00:00<?, ?it/s][A
Validation DataLoader 0:   0%|          | 0/85 [00:00<?, ?it/s][A
Validation DataLoader 0:   1%|          | 1/85 [00:00<00:00, 130.71it/s][A
Validation DataLoader 0:   2%|▏         | 2/85 [00:00<00:00, 140.37it/s][A
Validation DataLoader 0:   4%|▎         | 3/85 [00:00<00:00, 142.62it/s][A
Validation DataLoader 0:   5%|▍         | 4/85 [00:00<00:12,  6.29it/s] [A
Validation DataLoader 0:   6%|▌         | 5/85 [00:00<00:10,  7.78it/s][A
Validation DataLoader 0:   7%|▋         | 6/85 [00:00<00:08,  9.25it/s][A
Validation DataLoader 0:   8%|▊         | 7/85 [00:01<00:11,  6.75it/s][A
Validation DataLoader 0:   9%|▉         | 8/85 [00:01<00:10,  7.65it/s][A
Validation DataLoader 0:  11%|█         | 9/85 [00:01<00:10,  7.08it/s][A
Validation DataLoader 0:  12%|█▏        | 10/85 [00:01<00:12,  6.15it/s][A
Validation DataLoader 0:  13%|█▎        | 11/85 [00:01<00:10,  6.73it/s][A
Validation DataLoader 0:  14%|█▍        | 12/85 [00:01<00:11,  6.53it/s][A
Validation DataLoader 0:  15%|█▌        | 13/85 [00:02<00:11,  6.43it/s][A
Validation DataLoader 0:  16%|█▋        | 14/85 [00:02<00:11,  6.15it/s][A
Validation DataLoader 0:  18%|█▊        | 15/85 [00:02<00:11,  5.97it/s][A
Validation DataLoader 0:  19%|█▉        | 16/85 [00:02<00:11,  5.86it/s][A
Validation DataLoader 0:  20%|██        | 17/85 [00:02<00:11,  5.75it/s][A
Validation DataLoader 0:  21%|██        | 18/85 [00:03<00:11,  5.61it/s][A
Validation DataLoader 0:  22%|██▏       | 19/85 [00:03<00:11,  5.58it/s][A
Validation DataLoader 0:  24%|██▎       | 20/85 [00:03<00:11,  5.52it/s][A
Validation DataLoader 0:  25%|██▍       | 21/85 [00:03<00:11,  5.48it/s][A
Validation DataLoader 0:  26%|██▌       | 22/85 [00:04<00:11,  5.47it/s][A
Validation DataLoader 0:  27%|██▋       | 23/85 [00:04<00:11,  5.41it/s][A
Validation DataLoader 0:  28%|██▊       | 24/85 [00:04<00:11,  5.35it/s][A
Validation DataLoader 0:  29%|██▉       | 25/85 [00:04<00:11,  5.27it/s][A
Validation DataLoader 0:  31%|███       | 26/85 [00:04<00:11,  5.26it/s][A
Validation DataLoader 0:  32%|███▏      | 27/85 [00:05<00:11,  5.20it/s][A
Validation DataLoader 0:  33%|███▎      | 28/85 [00:05<00:11,  5.14it/s][A
Validation DataLoader 0:  34%|███▍      | 29/85 [00:05<00:10,  5.11it/s][A
Validation DataLoader 0:  35%|███▌      | 30/85 [00:05<00:10,  5.10it/s][A
Validation DataLoader 0:  36%|███▋      | 31/85 [02:32<04:25,  0.20it/s][A
Validation DataLoader 0:  38%|███▊      | 32/85 [02:32<04:11,  0.21it/s][A
Validation DataLoader 0:  39%|███▉      | 33/85 [02:32<03:59,  0.22it/s][A
Validation DataLoader 0:  40%|████      | 34/85 [02:32<03:48,  0.22it/s][A
Validation DataLoader 0:  41%|████      | 35/85 [02:32<03:38,  0.23it/s][A
Validation DataLoader 0:  42%|████▏     | 36/85 [02:32<03:27,  0.24it/s][A
Validation DataLoader 0:  44%|████▎     | 37/85 [02:32<03:18,  0.24it/s][A
Validation DataLoader 0:  45%|████▍     | 38/85 [02:33<03:09,  0.25it/s][A
Validation DataLoader 0:  46%|████▌     | 39/85 [02:33<03:00,  0.25it/s][A
Validation DataLoader 0:  47%|████▋     | 40/85 [02:33<02:52,  0.26it/s][A
Validation DataLoader 0:  48%|████▊     | 41/85 [02:33<02:45,  0.27it/s][A
Validation DataLoader 0:  49%|████▉     | 42/85 [02:33<02:37,  0.27it/s][A
Validation DataLoader 0:  51%|█████     | 43/85 [02:34<02:30,  0.28it/s][A
Validation DataLoader 0:  52%|█████▏    | 44/85 [02:34<02:23,  0.29it/s][A
Validation DataLoader 0:  53%|█████▎    | 45/85 [02:34<02:17,  0.29it/s][A
Validation DataLoader 0:  54%|█████▍    | 46/85 [02:34<02:11,  0.30it/s][A
Validation DataLoader 0:  55%|█████▌    | 47/85 [02:35<02:05,  0.30it/s][A
Validation DataLoader 0:  56%|█████▋    | 48/85 [02:35<01:59,  0.31it/s][A
Validation DataLoader 0:  58%|█████▊    | 49/85 [02:35<01:54,  0.32it/s][A
Validation DataLoader 0:  59%|█████▉    | 50/85 [02:35<01:48,  0.32it/s][A
Validation DataLoader 0:  60%|██████    | 51/85 [02:35<01:43,  0.33it/s][A
Validation DataLoader 0:  61%|██████    | 52/85 [02:36<01:39,  0.33it/s][A
Validation DataLoader 0:  62%|██████▏   | 53/85 [02:36<01:34,  0.34it/s][A
Validation DataLoader 0:  64%|██████▎   | 54/85 [02:36<01:29,  0.35it/s][A
Validation DataLoader 0:  65%|██████▍   | 55/85 [02:36<01:25,  0.35it/s][A
Validation DataLoader 0:  66%|██████▌   | 56/85 [02:36<01:21,  0.36it/s][A
Validation DataLoader 0:  67%|██████▋   | 57/85 [02:37<01:17,  0.36it/s][A
Validation DataLoader 0:  68%|██████▊   | 58/85 [02:37<01:13,  0.37it/s][A
Validation DataLoader 0:  69%|██████▉   | 59/85 [02:37<01:09,  0.37it/s][A
Validation DataLoader 0:  71%|███████   | 60/85 [02:37<01:05,  0.38it/s][A
Validation DataLoader 0:  72%|███████▏  | 61/85 [03:50<01:30,  0.27it/s][A
Validation DataLoader 0:  73%|███████▎  | 62/85 [03:50<01:25,  0.27it/s][A
Validation DataLoader 0:  74%|███████▍  | 63/85 [03:50<01:20,  0.27it/s][A
Validation DataLoader 0:  75%|███████▌  | 64/85 [03:50<01:15,  0.28it/s][A
Validation DataLoader 0:  76%|███████▋  | 65/85 [03:51<01:11,  0.28it/s][A
Validation DataLoader 0:  78%|███████▊  | 66/85 [03:51<01:06,  0.29it/s][A
Validation DataLoader 0:  79%|███████▉  | 67/85 [03:51<01:02,  0.29it/s][A
Validation DataLoader 0:  80%|████████  | 68/85 [03:51<00:57,  0.29it/s][A
Validation DataLoader 0:  81%|████████  | 69/85 [03:51<00:53,  0.30it/s][A
Validation DataLoader 0:  82%|████████▏ | 70/85 [03:52<00:49,  0.30it/s][A
Validation DataLoader 0:  84%|████████▎ | 71/85 [03:52<00:45,  0.31it/s][A
Validation DataLoader 0:  85%|████████▍ | 72/85 [03:52<00:41,  0.31it/s][A
Validation DataLoader 0:  86%|████████▌ | 73/85 [03:52<00:38,  0.31it/s][A
Validation DataLoader 0:  87%|████████▋ | 74/85 [03:52<00:34,  0.32it/s][A
Validation DataLoader 0:  88%|████████▊ | 75/85 [03:53<00:31,  0.32it/s][A
Validation DataLoader 0:  89%|████████▉ | 76/85 [03:53<00:27,  0.33it/s][A
Validation DataLoader 0:  91%|█████████ | 77/85 [03:53<00:24,  0.33it/s][A
Validation DataLoader 0:  92%|█████████▏| 78/85 [03:53<00:20,  0.33it/s][A
Validation DataLoader 0:  93%|█████████▎| 79/85 [03:53<00:17,  0.34it/s][A
Validation DataLoader 0:  94%|█████████▍| 80/85 [03:54<00:14,  0.34it/s][A
Validation DataLoader 0:  95%|█████████▌| 81/85 [03:54<00:11,  0.35it/s][A
Validation DataLoader 0:  96%|█████████▋| 82/85 [03:54<00:08,  0.35it/s][A
Validation DataLoader 0:  98%|█████████▊| 83/85 [03:54<00:05,  0.35it/s][A
Validation DataLoader 0:  99%|█████████▉| 84/85 [03:55<00:02,  0.36it/s][A
Validation DataLoader 0: 100%|██████████| 85/85 [03:55<00:00,  0.36it/s][A
                                                                        [AEpoch 1: 100%|██████████| 300/300 [23:19<00:00,  0.21it/s, v_num=1y37, val_auc=0.433]Epoch 1: 100%|██████████| 300/300 [23:19<00:00,  0.21it/s, v_num=1y37, val_auc=0.433]Epoch 1: 100%|██████████| 300/300 [23:19<00:00,  0.21it/s, v_num=1y37, val_auc=0.433]
Done!
Done!
Done!
Done!
[1;34mwandb[0m: 
[1;34mwandb[0m: 🚀 View run [33miter-full-96[0m at: [34mhttps://wandb.ai/mgrakotomanga-university-of-leeds/pancast/runs/5pty1y37[0m
