Node: gpuhost005.jc.rl.ac.uk
Tue Jun 24 12:38:00 2025       
+-----------------------------------------------------------------------------------------+
| NVIDIA-SMI 570.133.20             Driver Version: 570.133.20     CUDA Version: 12.8     |
|-----------------------------------------+------------------------+----------------------+
| GPU  Name                 Persistence-M | Bus-Id          Disp.A | Volatile Uncorr. ECC |
| Fan  Temp   Perf          Pwr:Usage/Cap |           Memory-Usage | GPU-Util  Compute M. |
|                                         |                        |               MIG M. |
|=========================================+========================+======================|
|   0  NVIDIA A100-SXM4-40GB          On  |   00000000:01:00.0 Off |                    0 |
| N/A   28C    P0             54W /  400W |       0MiB /  40960MiB |      0%      Default |
|                                         |                        |             Disabled |
+-----------------------------------------+------------------------+----------------------+
|   1  NVIDIA A100-SXM4-40GB          On  |   00000000:41:00.0 Off |                    0 |
| N/A   29C    P0             53W /  400W |       0MiB /  40960MiB |      0%      Default |
|                                         |                        |             Disabled |
+-----------------------------------------+------------------------+----------------------+
|   2  NVIDIA A100-SXM4-40GB          On  |   00000000:81:00.0 Off |                    0 |
| N/A   28C    P0             54W /  400W |       0MiB /  40960MiB |      0%      Default |
|                                         |                        |             Disabled |
+-----------------------------------------+------------------------+----------------------+
|   3  NVIDIA A100-SXM4-40GB          On  |   00000000:C1:00.0 Off |                    0 |
| N/A   27C    P0             52W /  400W |       0MiB /  40960MiB |      0%      Default |
|                                         |                        |             Disabled |
+-----------------------------------------+------------------------+----------------------+
                                                                                         
+-----------------------------------------------------------------------------------------+
| Processes:                                                                              |
|  GPU   GI   CI              PID   Type   Process name                        GPU Memory |
|        ID   ID                                                               Usage      |
|=========================================================================================|
|  No running processes found                                                             |
+-----------------------------------------------------------------------------------------+

Sanity Checking: |          | 0/? [00:00<?, ?it/s]
Sanity Checking:   0%|          | 0/2 [00:00<?, ?it/s]
Sanity Checking DataLoader 0:   0%|          | 0/2 [00:00<?, ?it/s]
Sanity Checking DataLoader 0:  50%|█████     | 1/2 [00:00<00:00,  1.29it/s]
Sanity Checking DataLoader 0: 100%|██████████| 2/2 [00:00<00:00,  2.55it/s]
                                                                           

Training: |          | 0/? [00:00<?, ?it/s]
Training:   0%|          | 0/1210 [00:00<?, ?it/s]
Epoch 0:   0%|          | 0/1210 [00:00<?, ?it/s] 
Epoch 0:   0%|          | 1/1210 [00:03<1:03:26,  0.32it/s]
Epoch 0:   0%|          | 1/1210 [00:03<1:03:27,  0.32it/s, v_num=fdj2]
Epoch 0:   0%|          | 2/1210 [00:03<33:27,  0.60it/s, v_num=fdj2]  
Epoch 0:   0%|          | 2/1210 [00:03<33:27,  0.60it/s, v_num=fdj2]
Epoch 0:   0%|          | 3/1210 [00:03<24:55,  0.81it/s, v_num=fdj2]
Epoch 0:   0%|          | 3/1210 [00:03<24:55,  0.81it/s, v_num=fdj2]
Epoch 0:   0%|          | 4/1210 [00:04<20:38,  0.97it/s, v_num=fdj2]
Epoch 0:   0%|          | 4/1210 [00:04<20:39,  0.97it/s, v_num=fdj2]
Epoch 0:   0%|          | 5/1210 [00:04<18:04,  1.11it/s, v_num=fdj2]
Epoch 0:   0%|          | 5/1210 [00:04<18:05,  1.11it/s, v_num=fdj2]
Epoch 0:   0%|          | 6/1210 [00:04<16:21,  1.23it/s, v_num=fdj2]
Epoch 0:   0%|          | 6/1210 [00:04<16:21,  1.23it/s, v_num=fdj2]
Epoch 0:   1%|          | 7/1210 [00:05<15:08,  1.32it/s, v_num=fdj2]
Epoch 0:   1%|          | 7/1210 [00:05<15:08,  1.32it/s, v_num=fdj2]
Epoch 0:   1%|          | 8/1210 [00:05<14:12,  1.41it/s, v_num=fdj2]
Epoch 0:   1%|          | 8/1210 [00:05<14:12,  1.41it/s, v_num=fdj2]
Epoch 0:   1%|          | 9/1210 [00:06<13:29,  1.48it/s, v_num=fdj2]
Epoch 0:   1%|          | 9/1210 [00:06<13:29,  1.48it/s, v_num=fdj2]
Epoch 0:   1%|          | 10/1210 [00:06<12:55,  1.55it/s, v_num=fdj2]
Epoch 0:   1%|          | 10/1210 [00:06<12:55,  1.55it/s, v_num=fdj2]
Epoch 0:   1%|          | 11/1210 [00:06<12:26,  1.61it/s, v_num=fdj2]
Epoch 0:   1%|          | 11/1210 [00:06<12:26,  1.61it/s, v_num=fdj2]
Epoch 0:   1%|          | 12/1210 [00:07<12:03,  1.66it/s, v_num=fdj2]
Epoch 0:   1%|          | 12/1210 [00:07<12:03,  1.66it/s, v_num=fdj2]
Epoch 0:   1%|          | 13/1210 [00:07<11:43,  1.70it/s, v_num=fdj2]
Epoch 0:   1%|          | 13/1210 [00:07<11:43,  1.70it/s, v_num=fdj2]
Epoch 0:   1%|          | 14/1210 [00:08<11:25,  1.74it/s, v_num=fdj2]
Epoch 0:   1%|          | 14/1210 [00:08<11:25,  1.74it/s, v_num=fdj2]
Epoch 0:   1%|          | 15/1210 [00:08<11:10,  1.78it/s, v_num=fdj2]
Epoch 0:   1%|          | 15/1210 [00:08<11:10,  1.78it/s, v_num=fdj2]
Epoch 0:   1%|▏         | 16/1210 [00:08<10:57,  1.82it/s, v_num=fdj2]
Epoch 0:   1%|▏         | 16/1210 [00:08<10:57,  1.82it/s, v_num=fdj2]
Epoch 0:   1%|▏         | 17/1210 [00:09<10:45,  1.85it/s, v_num=fdj2]
Epoch 0:   1%|▏         | 17/1210 [00:09<10:45,  1.85it/s, v_num=fdj2]
Epoch 0:   1%|▏         | 18/1210 [00:09<10:35,  1.88it/s, v_num=fdj2]
Epoch 0:   1%|▏         | 18/1210 [00:09<10:35,  1.88it/s, v_num=fdj2]
Epoch 0:   2%|▏         | 19/1210 [00:09<10:26,  1.90it/s, v_num=fdj2]
Epoch 0:   2%|▏         | 19/1210 [00:09<10:26,  1.90it/s, v_num=fdj2]
Epoch 0:   2%|▏         | 20/1210 [00:10<10:17,  1.93it/s, v_num=fdj2]
Epoch 0:   2%|▏         | 20/1210 [00:10<10:17,  1.93it/s, v_num=fdj2]
Epoch 0:   2%|▏         | 21/1210 [00:10<10:09,  1.95it/s, v_num=fdj2]
Epoch 0:   2%|▏         | 21/1210 [00:10<10:09,  1.95it/s, v_num=fdj2]
Epoch 0:   2%|▏         | 22/1210 [00:11<10:02,  1.97it/s, v_num=fdj2]
Epoch 0:   2%|▏         | 22/1210 [00:11<10:02,  1.97it/s, v_num=fdj2]
Epoch 0:   2%|▏         | 23/1210 [00:11<09:56,  1.99it/s, v_num=fdj2]
Epoch 0:   2%|▏         | 23/1210 [00:11<09:56,  1.99it/s, v_num=fdj2]
Epoch 0:   2%|▏         | 24/1210 [00:11<09:50,  2.01it/s, v_num=fdj2]
Epoch 0:   2%|▏         | 24/1210 [00:11<09:50,  2.01it/s, v_num=fdj2]
Epoch 0:   2%|▏         | 25/1210 [00:12<09:44,  2.03it/s, v_num=fdj2]
Epoch 0:   2%|▏         | 25/1210 [00:12<09:44,  2.03it/s, v_num=fdj2]
Epoch 0:   2%|▏         | 26/1210 [00:12<09:39,  2.04it/s, v_num=fdj2]
Epoch 0:   2%|▏         | 26/1210 [00:12<09:39,  2.04it/s, v_num=fdj2]
Epoch 0:   2%|▏         | 27/1210 [00:13<09:34,  2.06it/s, v_num=fdj2]
Epoch 0:   2%|▏         | 27/1210 [00:13<09:34,  2.06it/s, v_num=fdj2]
Epoch 0:   2%|▏         | 28/1210 [00:13<09:30,  2.07it/s, v_num=fdj2]
Epoch 0:   2%|▏         | 28/1210 [00:13<09:30,  2.07it/s, v_num=fdj2]
Epoch 0:   2%|▏         | 29/1210 [00:13<09:26,  2.08it/s, v_num=fdj2]
Epoch 0:   2%|▏         | 29/1210 [00:13<09:26,  2.08it/s, v_num=fdj2]
Epoch 0:   2%|▏         | 30/1210 [00:14<09:22,  2.10it/s, v_num=fdj2]
Epoch 0:   2%|▏         | 30/1210 [00:14<09:22,  2.10it/s, v_num=fdj2]
Epoch 0:   3%|▎         | 31/1210 [00:21<13:32,  1.45it/s, v_num=fdj2]
Epoch 0:   3%|▎         | 31/1210 [00:21<13:32,  1.45it/s, v_num=fdj2]
Epoch 0:   3%|▎         | 32/1210 [00:21<13:20,  1.47it/s, v_num=fdj2]
Epoch 0:   3%|▎         | 32/1210 [00:21<13:20,  1.47it/s, v_num=fdj2]
Epoch 0:   3%|▎         | 33/1210 [00:22<13:09,  1.49it/s, v_num=fdj2]
Epoch 0:   3%|▎         | 33/1210 [00:22<13:09,  1.49it/s, v_num=fdj2]
Epoch 0:   3%|▎         | 34/1210 [00:22<12:59,  1.51it/s, v_num=fdj2]
Epoch 0:   3%|▎         | 34/1210 [00:22<12:59,  1.51it/s, v_num=fdj2]
Epoch 0:   3%|▎         | 35/1210 [00:22<12:49,  1.53it/s, v_num=fdj2]
Epoch 0:   3%|▎         | 35/1210 [00:22<12:49,  1.53it/s, v_num=fdj2]
Epoch 0:   3%|▎         | 36/1210 [00:23<12:40,  1.54it/s, v_num=fdj2]
Epoch 0:   3%|▎         | 36/1210 [00:23<12:40,  1.54it/s, v_num=fdj2]
Epoch 0:   3%|▎         | 37/1210 [00:23<12:31,  1.56it/s, v_num=fdj2]
Epoch 0:   3%|▎         | 37/1210 [00:23<12:31,  1.56it/s, v_num=fdj2]
Epoch 0:   3%|▎         | 38/1210 [00:24<12:23,  1.58it/s, v_num=fdj2]
Epoch 0:   3%|▎         | 38/1210 [00:24<12:23,  1.58it/s, v_num=fdj2]
Epoch 0:   3%|▎         | 39/1210 [00:24<12:15,  1.59it/s, v_num=fdj2]
Epoch 0:   3%|▎         | 39/1210 [00:24<12:15,  1.59it/s, v_num=fdj2]
Epoch 0:   3%|▎         | 40/1210 [00:24<12:07,  1.61it/s, v_num=fdj2]
Epoch 0:   3%|▎         | 40/1210 [00:24<12:07,  1.61it/s, v_num=fdj2]
Epoch 0:   3%|▎         | 41/1210 [00:25<12:00,  1.62it/s, v_num=fdj2]
Epoch 0:   3%|▎         | 41/1210 [00:25<12:00,  1.62it/s, v_num=fdj2]
Epoch 0:   3%|▎         | 42/1210 [00:25<11:53,  1.64it/s, v_num=fdj2]
Epoch 0:   3%|▎         | 42/1210 [00:25<11:53,  1.64it/s, v_num=fdj2]
Epoch 0:   4%|▎         | 43/1210 [00:26<11:47,  1.65it/s, v_num=fdj2]
Epoch 0:   4%|▎         | 43/1210 [00:26<11:47,  1.65it/s, v_num=fdj2]
Epoch 0:   4%|▎         | 44/1210 [00:26<11:40,  1.66it/s, v_num=fdj2]
Epoch 0:   4%|▎         | 44/1210 [00:26<11:40,  1.66it/s, v_num=fdj2]
Epoch 0:   4%|▎         | 45/1210 [00:26<11:34,  1.68it/s, v_num=fdj2]
Epoch 0:   4%|▎         | 45/1210 [00:26<11:34,  1.68it/s, v_num=fdj2]
Epoch 0:   4%|▍         | 46/1210 [00:27<11:29,  1.69it/s, v_num=fdj2]
Epoch 0:   4%|▍         | 46/1210 [00:27<11:29,  1.69it/s, v_num=fdj2]
Epoch 0:   4%|▍         | 47/1210 [00:27<11:23,  1.70it/s, v_num=fdj2]
Epoch 0:   4%|▍         | 47/1210 [00:27<11:23,  1.70it/s, v_num=fdj2]
Epoch 0:   4%|▍         | 48/1210 [00:28<11:18,  1.71it/s, v_num=fdj2]
Epoch 0:   4%|▍         | 48/1210 [00:28<11:18,  1.71it/s, v_num=fdj2]
Epoch 0:   4%|▍         | 49/1210 [00:28<11:13,  1.72it/s, v_num=fdj2]
Epoch 0:   4%|▍         | 49/1210 [00:28<11:13,  1.72it/s, v_num=fdj2]
Epoch 0:   4%|▍         | 50/1210 [00:28<11:08,  1.74it/s, v_num=fdj2]
Epoch 0:   4%|▍         | 50/1210 [00:28<11:08,  1.74it/s, v_num=fdj2]
Epoch 0:   4%|▍         | 51/1210 [00:29<11:03,  1.75it/s, v_num=fdj2]
Epoch 0:   4%|▍         | 51/1210 [00:29<11:03,  1.75it/s, v_num=fdj2]
Epoch 0:   4%|▍         | 52/1210 [00:29<10:58,  1.76it/s, v_num=fdj2]
Epoch 0:   4%|▍         | 52/1210 [00:29<10:58,  1.76it/s, v_num=fdj2]
Epoch 0:   4%|▍         | 53/1210 [00:29<10:54,  1.77it/s, v_num=fdj2]
Epoch 0:   4%|▍         | 53/1210 [00:29<10:54,  1.77it/s, v_num=fdj2]
Epoch 0:   4%|▍         | 54/1210 [00:30<10:50,  1.78it/s, v_num=fdj2]
Epoch 0:   4%|▍         | 54/1210 [00:30<10:50,  1.78it/s, v_num=fdj2]
Epoch 0:   5%|▍         | 55/1210 [00:30<10:46,  1.79it/s, v_num=fdj2]
Epoch 0:   5%|▍         | 55/1210 [00:30<10:46,  1.79it/s, v_num=fdj2]
Epoch 0:   5%|▍         | 56/1210 [00:31<10:42,  1.80it/s, v_num=fdj2]
Epoch 0:   5%|▍         | 56/1210 [00:31<10:42,  1.80it/s, v_num=fdj2]
Epoch 0:   5%|▍         | 57/1210 [00:31<10:38,  1.81it/s, v_num=fdj2]
Epoch 0:   5%|▍         | 57/1210 [00:31<10:38,  1.81it/s, v_num=fdj2]
Epoch 0:   5%|▍         | 58/1210 [00:31<10:34,  1.82it/s, v_num=fdj2]
Epoch 0:   5%|▍         | 58/1210 [00:31<10:34,  1.82it/s, v_num=fdj2]
Epoch 0:   5%|▍         | 59/1210 [00:32<10:30,  1.82it/s, v_num=fdj2]
Epoch 0:   5%|▍         | 59/1210 [00:32<10:30,  1.82it/s, v_num=fdj2]
Epoch 0:   5%|▍         | 60/1210 [00:32<10:27,  1.83it/s, v_num=fdj2]
Epoch 0:   5%|▍         | 60/1210 [00:32<10:27,  1.83it/s, v_num=fdj2]
Epoch 0:   5%|▌         | 61/1210 [00:36<11:30,  1.66it/s, v_num=fdj2]
Epoch 0:   5%|▌         | 61/1210 [00:36<11:30,  1.66it/s, v_num=fdj2]
Epoch 0:   5%|▌         | 62/1210 [00:37<11:26,  1.67it/s, v_num=fdj2]
Epoch 0:   5%|▌         | 62/1210 [00:37<11:26,  1.67it/s, v_num=fdj2]
Epoch 0:   5%|▌         | 63/1210 [00:37<11:22,  1.68it/s, v_num=fdj2]
Epoch 0:   5%|▌         | 63/1210 [00:37<11:22,  1.68it/s, v_num=fdj2]
Epoch 0:   5%|▌         | 64/1210 [00:37<11:17,  1.69it/s, v_num=fdj2]
Epoch 0:   5%|▌         | 64/1210 [00:37<11:17,  1.69it/s, v_num=fdj2]
Epoch 0:   5%|▌         | 65/1210 [00:38<11:13,  1.70it/s, v_num=fdj2]
Epoch 0:   5%|▌         | 65/1210 [00:38<11:13,  1.70it/s, v_num=fdj2]
Epoch 0:   5%|▌         | 66/1210 [00:38<11:09,  1.71it/s, v_num=fdj2]
Epoch 0:   5%|▌         | 66/1210 [00:38<11:09,  1.71it/s, v_num=fdj2]
Epoch 0:   6%|▌         | 67/1210 [00:39<11:05,  1.72it/s, v_num=fdj2]
Epoch 0:   6%|▌         | 67/1210 [00:39<11:05,  1.72it/s, v_num=fdj2]
Epoch 0:   6%|▌         | 68/1210 [00:39<11:01,  1.73it/s, v_num=fdj2]
Epoch 0:   6%|▌         | 68/1210 [00:39<11:01,  1.73it/s, v_num=fdj2]
Epoch 0:   6%|▌         | 69/1210 [00:39<10:58,  1.73it/s, v_num=fdj2]
Epoch 0:   6%|▌         | 69/1210 [00:39<10:58,  1.73it/s, v_num=fdj2]
Epoch 0:   6%|▌         | 70/1210 [00:40<10:54,  1.74it/s, v_num=fdj2]
Epoch 0:   6%|▌         | 70/1210 [00:40<10:54,  1.74it/s, v_num=fdj2]
Epoch 0:   6%|▌         | 71/1210 [00:40<10:51,  1.75it/s, v_num=fdj2]
Epoch 0:   6%|▌         | 71/1210 [00:40<10:51,  1.75it/s, v_num=fdj2]
Epoch 0:   6%|▌         | 72/1210 [00:40<10:47,  1.76it/s, v_num=fdj2]
Epoch 0:   6%|▌         | 72/1210 [00:40<10:47,  1.76it/s, v_num=fdj2]
Epoch 0:   6%|▌         | 73/1210 [00:41<10:44,  1.76it/s, v_num=fdj2]
Epoch 0:   6%|▌         | 73/1210 [00:41<10:44,  1.76it/s, v_num=fdj2]
Epoch 0:   6%|▌         | 74/1210 [00:41<10:41,  1.77it/s, v_num=fdj2]
Epoch 0:   6%|▌         | 74/1210 [00:41<10:41,  1.77it/s, v_num=fdj2]
Epoch 0:   6%|▌         | 75/1210 [00:42<10:38,  1.78it/s, v_num=fdj2]
Epoch 0:   6%|▌         | 75/1210 [00:42<10:38,  1.78it/s, v_num=fdj2]
Epoch 0:   6%|▋         | 76/1210 [00:42<10:34,  1.79it/s, v_num=fdj2]
Epoch 0:   6%|▋         | 76/1210 [00:42<10:34,  1.79it/s, v_num=fdj2]
Epoch 0:   6%|▋         | 77/1210 [00:42<10:31,  1.79it/s, v_num=fdj2]
Epoch 0:   6%|▋         | 77/1210 [00:42<10:31,  1.79it/s, v_num=fdj2]
Epoch 0:   6%|▋         | 78/1210 [00:43<10:28,  1.80it/s, v_num=fdj2]
Epoch 0:   6%|▋         | 78/1210 [00:43<10:28,  1.80it/s, v_num=fdj2]
Epoch 0:   7%|▋         | 79/1210 [00:43<10:26,  1.81it/s, v_num=fdj2]
Epoch 0:   7%|▋         | 79/1210 [00:43<10:26,  1.81it/s, v_num=fdj2]
Epoch 0:   7%|▋         | 80/1210 [00:44<10:23,  1.81it/s, v_num=fdj2]
Epoch 0:   7%|▋         | 80/1210 [00:44<10:23,  1.81it/s, v_num=fdj2]
Epoch 0:   7%|▋         | 81/1210 [00:44<10:20,  1.82it/s, v_num=fdj2]
Epoch 0:   7%|▋         | 81/1210 [00:44<10:20,  1.82it/s, v_num=fdj2]
Epoch 0:   7%|▋         | 82/1210 [00:44<10:17,  1.83it/s, v_num=fdj2]
Epoch 0:   7%|▋         | 82/1210 [00:44<10:17,  1.83it/s, v_num=fdj2]
Epoch 0:   7%|▋         | 83/1210 [00:45<10:15,  1.83it/s, v_num=fdj2]
Epoch 0:   7%|▋         | 83/1210 [00:45<10:15,  1.83it/s, v_num=fdj2]
Epoch 0:   7%|▋         | 84/1210 [00:45<10:12,  1.84it/s, v_num=fdj2]
Epoch 0:   7%|▋         | 84/1210 [00:45<10:12,  1.84it/s, v_num=fdj2]
Epoch 0:   7%|▋         | 85/1210 [00:46<10:09,  1.84it/s, v_num=fdj2]
Epoch 0:   7%|▋         | 85/1210 [00:46<10:09,  1.84it/s, v_num=fdj2]
Epoch 0:   7%|▋         | 86/1210 [00:46<10:07,  1.85it/s, v_num=fdj2]
Epoch 0:   7%|▋         | 86/1210 [00:46<10:07,  1.85it/s, v_num=fdj2]
Epoch 0:   7%|▋         | 87/1210 [00:46<10:04,  1.86it/s, v_num=fdj2]
Epoch 0:   7%|▋         | 87/1210 [00:46<10:04,  1.86it/s, v_num=fdj2]
Epoch 0:   7%|▋         | 88/1210 [00:47<10:02,  1.86it/s, v_num=fdj2]
Epoch 0:   7%|▋         | 88/1210 [00:47<10:02,  1.86it/s, v_num=fdj2]
Epoch 0:   7%|▋         | 89/1210 [00:47<10:00,  1.87it/s, v_num=fdj2]
Epoch 0:   7%|▋         | 89/1210 [00:47<10:00,  1.87it/s, v_num=fdj2]
Epoch 0:   7%|▋         | 90/1210 [00:48<09:57,  1.87it/s, v_num=fdj2]
Epoch 0:   7%|▋         | 90/1210 [00:48<09:57,  1.87it/s, v_num=fdj2]
Epoch 0:   8%|▊         | 91/1210 [00:48<09:55,  1.88it/s, v_num=fdj2]
Epoch 0:   8%|▊         | 91/1210 [00:48<09:55,  1.88it/s, v_num=fdj2]
Epoch 0:   8%|▊         | 92/1210 [00:48<09:53,  1.88it/s, v_num=fdj2]
Epoch 0:   8%|▊         | 92/1210 [00:48<09:53,  1.88it/s, v_num=fdj2]
Epoch 0:   8%|▊         | 93/1210 [00:49<09:51,  1.89it/s, v_num=fdj2]
Epoch 0:   8%|▊         | 93/1210 [00:49<09:51,  1.89it/s, v_num=fdj2]
Epoch 0:   8%|▊         | 94/1210 [01:05<12:54,  1.44it/s, v_num=fdj2]
Epoch 0:   8%|▊         | 94/1210 [01:05<12:54,  1.44it/s, v_num=fdj2]
Epoch 0:   8%|▊         | 95/1210 [01:05<12:49,  1.45it/s, v_num=fdj2]
Epoch 0:   8%|▊         | 95/1210 [01:05<12:49,  1.45it/s, v_num=fdj2]
Epoch 0:   8%|▊         | 96/1210 [01:05<12:45,  1.45it/s, v_num=fdj2]
Epoch 0:   8%|▊         | 96/1210 [01:05<12:45,  1.45it/s, v_num=fdj2]
Epoch 0:   8%|▊         | 97/1210 [01:06<12:41,  1.46it/s, v_num=fdj2]
Epoch 0:   8%|▊         | 97/1210 [01:06<12:41,  1.46it/s, v_num=fdj2]
Epoch 0:   8%|▊         | 98/1210 [01:06<12:37,  1.47it/s, v_num=fdj2]
Epoch 0:   8%|▊         | 98/1210 [01:06<12:37,  1.47it/s, v_num=fdj2]
Epoch 0:   8%|▊         | 99/1210 [01:07<12:33,  1.47it/s, v_num=fdj2]
Epoch 0:   8%|▊         | 99/1210 [01:07<12:33,  1.47it/s, v_num=fdj2]
Epoch 0:   8%|▊         | 100/1210 [01:07<12:29,  1.48it/s, v_num=fdj2]
Epoch 0:   8%|▊         | 100/1210 [01:07<12:29,  1.48it/s, v_num=fdj2]
Epoch 0:   8%|▊         | 101/1210 [01:07<12:26,  1.49it/s, v_num=fdj2]
Epoch 0:   8%|▊         | 101/1210 [01:07<12:26,  1.49it/s, v_num=fdj2]
Epoch 0:   8%|▊         | 102/1210 [01:08<12:22,  1.49it/s, v_num=fdj2]
Epoch 0:   8%|▊         | 102/1210 [01:08<12:22,  1.49it/s, v_num=fdj2]
Epoch 0:   9%|▊         | 103/1210 [01:08<12:18,  1.50it/s, v_num=fdj2]
Epoch 0:   9%|▊         | 103/1210 [01:08<12:18,  1.50it/s, v_num=fdj2]
Epoch 0:   9%|▊         | 104/1210 [01:09<12:15,  1.50it/s, v_num=fdj2]
Epoch 0:   9%|▊         | 104/1210 [01:09<12:15,  1.50it/s, v_num=fdj2]
Epoch 0:   9%|▊         | 105/1210 [01:09<12:11,  1.51it/s, v_num=fdj2]
Epoch 0:   9%|▊         | 105/1210 [01:09<12:11,  1.51it/s, v_num=fdj2]
Epoch 0:   9%|▉         | 106/1210 [01:09<12:08,  1.52it/s, v_num=fdj2]
Epoch 0:   9%|▉         | 106/1210 [01:09<12:08,  1.52it/s, v_num=fdj2]
Epoch 0:   9%|▉         | 107/1210 [01:10<12:04,  1.52it/s, v_num=fdj2]
Epoch 0:   9%|▉         | 107/1210 [01:10<12:04,  1.52it/s, v_num=fdj2]
Epoch 0:   9%|▉         | 108/1210 [01:10<12:01,  1.53it/s, v_num=fdj2]
Epoch 0:   9%|▉         | 108/1210 [01:10<12:01,  1.53it/s, v_num=fdj2]
Epoch 0:   9%|▉         | 109/1210 [01:11<11:58,  1.53it/s, v_num=fdj2]
Epoch 0:   9%|▉         | 109/1210 [01:11<11:58,  1.53it/s, v_num=fdj2]
Epoch 0:   9%|▉         | 110/1210 [01:11<11:54,  1.54it/s, v_num=fdj2]
Epoch 0:   9%|▉         | 110/1210 [01:11<11:54,  1.54it/s, v_num=fdj2]
Epoch 0:   9%|▉         | 111/1210 [01:11<11:51,  1.54it/s, v_num=fdj2]
Epoch 0:   9%|▉         | 111/1210 [01:11<11:51,  1.54it/s, v_num=fdj2]
Epoch 0:   9%|▉         | 112/1210 [01:12<11:48,  1.55it/s, v_num=fdj2]
Epoch 0:   9%|▉         | 112/1210 [01:12<11:48,  1.55it/s, v_num=fdj2]
Epoch 0:   9%|▉         | 113/1210 [01:12<11:45,  1.56it/s, v_num=fdj2]
Epoch 0:   9%|▉         | 113/1210 [01:12<11:45,  1.56it/s, v_num=fdj2]
Epoch 0:   9%|▉         | 114/1210 [01:13<11:42,  1.56it/s, v_num=fdj2]
Epoch 0:   9%|▉         | 114/1210 [01:13<11:42,  1.56it/s, v_num=fdj2]
Epoch 0:  10%|▉         | 115/1210 [01:13<11:39,  1.57it/s, v_num=fdj2]
Epoch 0:  10%|▉         | 115/1210 [01:13<11:39,  1.57it/s, v_num=fdj2]
Epoch 0:  10%|▉         | 116/1210 [01:13<11:36,  1.57it/s, v_num=fdj2]
Epoch 0:  10%|▉         | 116/1210 [01:13<11:36,  1.57it/s, v_num=fdj2]
Epoch 0:  10%|▉         | 117/1210 [01:14<11:33,  1.58it/s, v_num=fdj2]
Epoch 0:  10%|▉         | 117/1210 [01:14<11:33,  1.58it/s, v_num=fdj2]
Epoch 0:  10%|▉         | 118/1210 [01:14<11:30,  1.58it/s, v_num=fdj2]
Epoch 0:  10%|▉         | 118/1210 [01:14<11:30,  1.58it/s, v_num=fdj2]
Epoch 0:  10%|▉         | 119/1210 [01:15<11:27,  1.59it/s, v_num=fdj2]
Epoch 0:  10%|▉         | 119/1210 [01:15<11:27,  1.59it/s, v_num=fdj2]
Epoch 0:  10%|▉         | 120/1210 [01:15<11:24,  1.59it/s, v_num=fdj2]
Epoch 0:  10%|▉         | 120/1210 [01:15<11:24,  1.59it/s, v_num=fdj2]
Epoch 0:  10%|█         | 121/1210 [01:15<11:22,  1.60it/s, v_num=fdj2]
Epoch 0:  10%|█         | 121/1210 [01:15<11:22,  1.60it/s, v_num=fdj2]
Epoch 0:  10%|█         | 122/1210 [01:16<11:19,  1.60it/s, v_num=fdj2]
Epoch 0:  10%|█         | 122/1210 [01:16<11:19,  1.60it/s, v_num=fdj2]
Epoch 0:  10%|█         | 123/1210 [01:16<11:16,  1.61it/s, v_num=fdj2]
Epoch 0:  10%|█         | 123/1210 [01:16<11:16,  1.61it/s, v_num=fdj2]
Epoch 0:  10%|█         | 124/1210 [01:43<15:02,  1.20it/s, v_num=fdj2]
Epoch 0:  10%|█         | 124/1210 [01:43<15:02,  1.20it/s, v_num=fdj2]
Epoch 0:  10%|█         | 125/1210 [01:43<14:58,  1.21it/s, v_num=fdj2]
Epoch 0:  10%|█         | 125/1210 [01:43<14:58,  1.21it/s, v_num=fdj2]
Epoch 0:  10%|█         | 126/1210 [01:43<14:53,  1.21it/s, v_num=fdj2]
Epoch 0:  10%|█         | 126/1210 [01:43<14:53,  1.21it/s, v_num=fdj2]
Epoch 0:  10%|█         | 127/1210 [01:44<14:48,  1.22it/s, v_num=fdj2]
Epoch 0:  10%|█         | 127/1210 [01:44<14:48,  1.22it/s, v_num=fdj2]
Epoch 0:  11%|█         | 128/1210 [01:44<14:44,  1.22it/s, v_num=fdj2]
Epoch 0:  11%|█         | 128/1210 [01:44<14:44,  1.22it/s, v_num=fdj2]
Epoch 0:  11%|█         | 129/1210 [01:45<14:40,  1.23it/s, v_num=fdj2]
Epoch 0:  11%|█         | 129/1210 [01:45<14:40,  1.23it/s, v_num=fdj2]
Epoch 0:  11%|█         | 130/1210 [01:45<14:35,  1.23it/s, v_num=fdj2]
Epoch 0:  11%|█         | 130/1210 [01:45<14:35,  1.23it/s, v_num=fdj2]
Epoch 0:  11%|█         | 131/1210 [01:45<14:31,  1.24it/s, v_num=fdj2]
Epoch 0:  11%|█         | 131/1210 [01:45<14:31,  1.24it/s, v_num=fdj2]
Epoch 0:  11%|█         | 132/1210 [01:46<14:27,  1.24it/s, v_num=fdj2]
Epoch 0:  11%|█         | 132/1210 [01:46<14:27,  1.24it/s, v_num=fdj2]
Epoch 0:  11%|█         | 133/1210 [01:46<14:23,  1.25it/s, v_num=fdj2]
Epoch 0:  11%|█         | 133/1210 [01:46<14:23,  1.25it/s, v_num=fdj2]
Epoch 0:  11%|█         | 134/1210 [01:46<14:19,  1.25it/s, v_num=fdj2]
Epoch 0:  11%|█         | 134/1210 [01:46<14:19,  1.25it/s, v_num=fdj2]
Epoch 0:  11%|█         | 135/1210 [01:47<14:15,  1.26it/s, v_num=fdj2]
Epoch 0:  11%|█         | 135/1210 [01:47<14:15,  1.26it/s, v_num=fdj2]
Epoch 0:  11%|█         | 136/1210 [01:47<14:11,  1.26it/s, v_num=fdj2]
Epoch 0:  11%|█         | 136/1210 [01:47<14:11,  1.26it/s, v_num=fdj2]
Epoch 0:  11%|█▏        | 137/1210 [01:48<14:07,  1.27it/s, v_num=fdj2]
Epoch 0:  11%|█▏        | 137/1210 [01:48<14:07,  1.27it/s, v_num=fdj2]
Epoch 0:  11%|█▏        | 138/1210 [01:48<14:03,  1.27it/s, v_num=fdj2]
Epoch 0:  11%|█▏        | 138/1210 [01:48<14:03,  1.27it/s, v_num=fdj2]
Epoch 0:  11%|█▏        | 139/1210 [01:48<13:59,  1.28it/s, v_num=fdj2]
Epoch 0:  11%|█▏        | 139/1210 [01:48<13:59,  1.28it/s, v_num=fdj2]
Epoch 0:  12%|█▏        | 140/1210 [01:49<13:55,  1.28it/s, v_num=fdj2]
Epoch 0:  12%|█▏        | 140/1210 [01:49<13:55,  1.28it/s, v_num=fdj2]
Epoch 0:  12%|█▏        | 141/1210 [01:49<13:51,  1.29it/s, v_num=fdj2]
Epoch 0:  12%|█▏        | 141/1210 [01:49<13:51,  1.29it/s, v_num=fdj2]
Epoch 0:  12%|█▏        | 142/1210 [01:50<13:48,  1.29it/s, v_num=fdj2]
Epoch 0:  12%|█▏        | 142/1210 [01:50<13:48,  1.29it/s, v_num=fdj2]
Epoch 0:  12%|█▏        | 143/1210 [01:50<13:44,  1.29it/s, v_num=fdj2]
Epoch 0:  12%|█▏        | 143/1210 [01:50<13:44,  1.29it/s, v_num=fdj2]
Epoch 0:  12%|█▏        | 144/1210 [01:50<13:40,  1.30it/s, v_num=fdj2]
Epoch 0:  12%|█▏        | 144/1210 [01:50<13:40,  1.30it/s, v_num=fdj2]
Epoch 0:  12%|█▏        | 145/1210 [01:51<13:37,  1.30it/s, v_num=fdj2]
Epoch 0:  12%|█▏        | 145/1210 [01:51<13:37,  1.30it/s, v_num=fdj2]
Epoch 0:  12%|█▏        | 146/1210 [01:51<13:33,  1.31it/s, v_num=fdj2]
Epoch 0:  12%|█▏        | 146/1210 [01:51<13:33,  1.31it/s, v_num=fdj2]
Epoch 0:  12%|█▏        | 147/1210 [01:52<13:30,  1.31it/s, v_num=fdj2]
Epoch 0:  12%|█▏        | 147/1210 [01:52<13:30,  1.31it/s, v_num=fdj2]
Epoch 0:  12%|█▏        | 148/1210 [01:52<13:27,  1.32it/s, v_num=fdj2]
Epoch 0:  12%|█▏        | 148/1210 [01:52<13:27,  1.32it/s, v_num=fdj2]
Epoch 0:  12%|█▏        | 149/1210 [01:52<13:23,  1.32it/s, v_num=fdj2]
Epoch 0:  12%|█▏        | 149/1210 [01:52<13:23,  1.32it/s, v_num=fdj2]
Epoch 0:  12%|█▏        | 150/1210 [01:53<13:20,  1.32it/s, v_num=fdj2]
Epoch 0:  12%|█▏        | 150/1210 [01:53<13:20,  1.32it/s, v_num=fdj2]
Epoch 0:  12%|█▏        | 151/1210 [01:53<13:16,  1.33it/s, v_num=fdj2]
Epoch 0:  12%|█▏        | 151/1210 [01:53<13:16,  1.33it/s, v_num=fdj2]
Epoch 0:  13%|█▎        | 152/1210 [01:54<13:13,  1.33it/s, v_num=fdj2]
Epoch 0:  13%|█▎        | 152/1210 [01:54<13:13,  1.33it/s, v_num=fdj2]
Epoch 0:  13%|█▎        | 153/1210 [01:54<13:10,  1.34it/s, v_num=fdj2]
Epoch 0:  13%|█▎        | 153/1210 [01:54<13:10,  1.34it/s, v_num=fdj2]
Epoch 0:  13%|█▎        | 154/1210 [01:54<13:07,  1.34it/s, v_num=fdj2]
Epoch 0:  13%|█▎        | 154/1210 [01:54<13:07,  1.34it/s, v_num=fdj2]
Epoch 0:  13%|█▎        | 155/1210 [01:55<13:04,  1.35it/s, v_num=fdj2]
Epoch 0:  13%|█▎        | 155/1210 [01:55<13:04,  1.35it/s, v_num=fdj2]
Epoch 0:  13%|█▎        | 156/1210 [01:55<13:01,  1.35it/s, v_num=fdj2]
Epoch 0:  13%|█▎        | 156/1210 [01:55<13:01,  1.35it/s, v_num=fdj2]
Epoch 0:  13%|█▎        | 157/1210 [02:15<15:08,  1.16it/s, v_num=fdj2]
Epoch 0:  13%|█▎        | 157/1210 [02:15<15:08,  1.16it/s, v_num=fdj2]
Epoch 0:  13%|█▎        | 158/1210 [02:15<15:04,  1.16it/s, v_num=fdj2]
Epoch 0:  13%|█▎        | 158/1210 [02:15<15:04,  1.16it/s, v_num=fdj2]
Epoch 0:  13%|█▎        | 159/1210 [02:16<15:00,  1.17it/s, v_num=fdj2]
Epoch 0:  13%|█▎        | 159/1210 [02:16<15:00,  1.17it/s, v_num=fdj2]
Epoch 0:  13%|█▎        | 160/1210 [02:16<14:56,  1.17it/s, v_num=fdj2]
Epoch 0:  13%|█▎        | 160/1210 [02:16<14:56,  1.17it/s, v_num=fdj2]
Epoch 0:  13%|█▎        | 161/1210 [02:17<14:53,  1.17it/s, v_num=fdj2]
Epoch 0:  13%|█▎        | 161/1210 [02:17<14:53,  1.17it/s, v_num=fdj2]
Epoch 0:  13%|█▎        | 162/1210 [02:17<14:49,  1.18it/s, v_num=fdj2]
Epoch 0:  13%|█▎        | 162/1210 [02:17<14:49,  1.18it/s, v_num=fdj2]
Epoch 0:  13%|█▎        | 163/1210 [02:17<14:45,  1.18it/s, v_num=fdj2]
Epoch 0:  13%|█▎        | 163/1210 [02:17<14:45,  1.18it/s, v_num=fdj2]
Epoch 0:  14%|█▎        | 164/1210 [02:18<14:41,  1.19it/s, v_num=fdj2]
Epoch 0:  14%|█▎        | 164/1210 [02:18<14:41,  1.19it/s, v_num=fdj2]
Epoch 0:  14%|█▎        | 165/1210 [02:18<14:37,  1.19it/s, v_num=fdj2]
Epoch 0:  14%|█▎        | 165/1210 [02:18<14:37,  1.19it/s, v_num=fdj2]
Epoch 0:  14%|█▎        | 166/1210 [02:19<14:34,  1.19it/s, v_num=fdj2]
Epoch 0:  14%|█▎        | 166/1210 [02:19<14:34,  1.19it/s, v_num=fdj2]
Epoch 0:  14%|█▍        | 167/1210 [02:19<14:30,  1.20it/s, v_num=fdj2]
Epoch 0:  14%|█▍        | 167/1210 [02:19<14:30,  1.20it/s, v_num=fdj2]
Epoch 0:  14%|█▍        | 168/1210 [02:19<14:27,  1.20it/s, v_num=fdj2]
Epoch 0:  14%|█▍        | 168/1210 [02:19<14:27,  1.20it/s, v_num=fdj2]
Epoch 0:  14%|█▍        | 169/1210 [02:20<14:23,  1.21it/s, v_num=fdj2]
Epoch 0:  14%|█▍        | 169/1210 [02:20<14:23,  1.21it/s, v_num=fdj2]
Epoch 0:  14%|█▍        | 170/1210 [02:20<14:20,  1.21it/s, v_num=fdj2]
Epoch 0:  14%|█▍        | 170/1210 [02:20<14:20,  1.21it/s, v_num=fdj2]
Epoch 0:  14%|█▍        | 171/1210 [02:20<14:16,  1.21it/s, v_num=fdj2]
Epoch 0:  14%|█▍        | 171/1210 [02:20<14:16,  1.21it/s, v_num=fdj2]
Epoch 0:  14%|█▍        | 172/1210 [02:21<14:13,  1.22it/s, v_num=fdj2]
Epoch 0:  14%|█▍        | 172/1210 [02:21<14:13,  1.22it/s, v_num=fdj2]
Epoch 0:  14%|█▍        | 173/1210 [02:21<14:09,  1.22it/s, v_num=fdj2]
Epoch 0:  14%|█▍        | 173/1210 [02:21<14:09,  1.22it/s, v_num=fdj2]
Epoch 0:  14%|█▍        | 174/1210 [02:22<14:06,  1.22it/s, v_num=fdj2]
Epoch 0:  14%|█▍        | 174/1210 [02:22<14:06,  1.22it/s, v_num=fdj2]
Epoch 0:  14%|█▍        | 175/1210 [02:22<14:03,  1.23it/s, v_num=fdj2]
Epoch 0:  14%|█▍        | 175/1210 [02:22<14:03,  1.23it/s, v_num=fdj2]
Epoch 0:  15%|█▍        | 176/1210 [02:22<13:59,  1.23it/s, v_num=fdj2]
Epoch 0:  15%|█▍        | 176/1210 [02:22<13:59,  1.23it/s, v_num=fdj2]
Epoch 0:  15%|█▍        | 177/1210 [02:23<13:56,  1.23it/s, v_num=fdj2]
Epoch 0:  15%|█▍        | 177/1210 [02:23<13:56,  1.23it/s, v_num=fdj2]
Epoch 0:  15%|█▍        | 178/1210 [02:23<13:53,  1.24it/s, v_num=fdj2]
Epoch 0:  15%|█▍        | 178/1210 [02:23<13:53,  1.24it/s, v_num=fdj2]
Epoch 0:  15%|█▍        | 179/1210 [02:24<13:50,  1.24it/s, v_num=fdj2]
Epoch 0:  15%|█▍        | 179/1210 [02:24<13:50,  1.24it/s, v_num=fdj2]
Epoch 0:  15%|█▍        | 180/1210 [02:24<13:46,  1.25it/s, v_num=fdj2]
Epoch 0:  15%|█▍        | 180/1210 [02:24<13:46,  1.25it/s, v_num=fdj2]
Epoch 0:  15%|█▍        | 181/1210 [02:24<13:43,  1.25it/s, v_num=fdj2]
Epoch 0:  15%|█▍        | 181/1210 [02:24<13:43,  1.25it/s, v_num=fdj2]
Epoch 0:  15%|█▌        | 182/1210 [02:25<13:40,  1.25it/s, v_num=fdj2]
Epoch 0:  15%|█▌        | 182/1210 [02:25<13:40,  1.25it/s, v_num=fdj2]
Epoch 0:  15%|█▌        | 183/1210 [02:25<13:37,  1.26it/s, v_num=fdj2]
Epoch 0:  15%|█▌        | 183/1210 [02:25<13:37,  1.26it/s, v_num=fdj2]
Epoch 0:  15%|█▌        | 184/1210 [02:26<13:34,  1.26it/s, v_num=fdj2]
Epoch 0:  15%|█▌        | 184/1210 [02:26<13:34,  1.26it/s, v_num=fdj2]
Epoch 0:  15%|█▌        | 185/1210 [02:26<13:31,  1.26it/s, v_num=fdj2]
Epoch 0:  15%|█▌        | 185/1210 [02:26<13:31,  1.26it/s, v_num=fdj2]
Epoch 0:  15%|█▌        | 186/1210 [02:26<13:28,  1.27it/s, v_num=fdj2]
Epoch 0:  15%|█▌        | 186/1210 [02:26<13:28,  1.27it/s, v_num=fdj2]
Epoch 0:  15%|█▌        | 187/1210 [02:40<14:35,  1.17it/s, v_num=fdj2]
Epoch 0:  15%|█▌        | 187/1210 [02:40<14:35,  1.17it/s, v_num=fdj2]
Epoch 0:  16%|█▌        | 188/1210 [02:40<14:32,  1.17it/s, v_num=fdj2]
Epoch 0:  16%|█▌        | 188/1210 [02:40<14:32,  1.17it/s, v_num=fdj2]
Epoch 0:  16%|█▌        | 189/1210 [02:40<14:29,  1.17it/s, v_num=fdj2]
Epoch 0:  16%|█▌        | 189/1210 [02:40<14:29,  1.17it/s, v_num=fdj2]
Epoch 0:  16%|█▌        | 190/1210 [02:41<14:25,  1.18it/s, v_num=fdj2]
Epoch 0:  16%|█▌        | 190/1210 [02:41<14:25,  1.18it/s, v_num=fdj2]
Epoch 0:  16%|█▌        | 191/1210 [02:41<14:22,  1.18it/s, v_num=fdj2]
Epoch 0:  16%|█▌        | 191/1210 [02:41<14:22,  1.18it/s, v_num=fdj2]
Epoch 0:  16%|█▌        | 192/1210 [02:42<14:19,  1.18it/s, v_num=fdj2]
Epoch 0:  16%|█▌        | 192/1210 [02:42<14:19,  1.18it/s, v_num=fdj2]
Epoch 0:  16%|█▌        | 193/1210 [02:42<14:16,  1.19it/s, v_num=fdj2]
Epoch 0:  16%|█▌        | 193/1210 [02:42<14:16,  1.19it/s, v_num=fdj2]
Epoch 0:  16%|█▌        | 194/1210 [02:42<14:12,  1.19it/s, v_num=fdj2]
Epoch 0:  16%|█▌        | 194/1210 [02:42<14:12,  1.19it/s, v_num=fdj2]
Epoch 0:  16%|█▌        | 195/1210 [02:43<14:09,  1.19it/s, v_num=fdj2]
Epoch 0:  16%|█▌        | 195/1210 [02:43<14:09,  1.19it/s, v_num=fdj2]
Epoch 0:  16%|█▌        | 196/1210 [02:43<14:06,  1.20it/s, v_num=fdj2]
Epoch 0:  16%|█▌        | 196/1210 [02:43<14:06,  1.20it/s, v_num=fdj2]
Epoch 0:  16%|█▋        | 197/1210 [02:44<14:03,  1.20it/s, v_num=fdj2]
Epoch 0:  16%|█▋        | 197/1210 [02:44<14:03,  1.20it/s, v_num=fdj2]
Epoch 0:  16%|█▋        | 198/1210 [02:44<14:00,  1.20it/s, v_num=fdj2]
Epoch 0:  16%|█▋        | 198/1210 [02:44<14:00,  1.20it/s, v_num=fdj2]
Epoch 0:  16%|█▋        | 199/1210 [02:44<13:57,  1.21it/s, v_num=fdj2]
Epoch 0:  16%|█▋        | 199/1210 [02:44<13:57,  1.21it/s, v_num=fdj2]
Epoch 0:  17%|█▋        | 200/1210 [02:45<13:54,  1.21it/s, v_num=fdj2]
Epoch 0:  17%|█▋        | 200/1210 [02:45<13:54,  1.21it/s, v_num=fdj2]
Epoch 0:  17%|█▋        | 201/1210 [02:45<13:51,  1.21it/s, v_num=fdj2]
Epoch 0:  17%|█▋        | 201/1210 [02:45<13:51,  1.21it/s, v_num=fdj2]
Epoch 0:  17%|█▋        | 202/1210 [02:46<13:48,  1.22it/s, v_num=fdj2]
Epoch 0:  17%|█▋        | 202/1210 [02:46<13:48,  1.22it/s, v_num=fdj2]
Epoch 0:  17%|█▋        | 203/1210 [02:46<13:45,  1.22it/s, v_num=fdj2]
Epoch 0:  17%|█▋        | 203/1210 [02:46<13:45,  1.22it/s, v_num=fdj2]
Epoch 0:  17%|█▋        | 204/1210 [02:46<13:42,  1.22it/s, v_num=fdj2]
Epoch 0:  17%|█▋        | 204/1210 [02:46<13:42,  1.22it/s, v_num=fdj2]
Epoch 0:  17%|█▋        | 205/1210 [02:47<13:39,  1.23it/s, v_num=fdj2]
Epoch 0:  17%|█▋        | 205/1210 [02:47<13:39,  1.23it/s, v_num=fdj2]
Epoch 0:  17%|█▋        | 206/1210 [02:47<13:36,  1.23it/s, v_num=fdj2]
Epoch 0:  17%|█▋        | 206/1210 [02:47<13:36,  1.23it/s, v_num=fdj2]
Epoch 0:  17%|█▋        | 207/1210 [02:47<13:33,  1.23it/s, v_num=fdj2]
Epoch 0:  17%|█▋        | 207/1210 [02:47<13:33,  1.23it/s, v_num=fdj2]
Epoch 0:  17%|█▋        | 208/1210 [02:48<13:31,  1.24it/s, v_num=fdj2]
Epoch 0:  17%|█▋        | 208/1210 [02:48<13:31,  1.24it/s, v_num=fdj2]
Epoch 0:  17%|█▋        | 209/1210 [02:48<13:28,  1.24it/s, v_num=fdj2]
Epoch 0:  17%|█▋        | 209/1210 [02:48<13:28,  1.24it/s, v_num=fdj2]
Epoch 0:  17%|█▋        | 210/1210 [02:49<13:25,  1.24it/s, v_num=fdj2]
Epoch 0:  17%|█▋        | 210/1210 [02:49<13:25,  1.24it/s, v_num=fdj2]
Epoch 0:  17%|█▋        | 211/1210 [02:49<13:22,  1.24it/s, v_num=fdj2]
Epoch 0:  17%|█▋        | 211/1210 [02:49<13:22,  1.24it/s, v_num=fdj2]
Epoch 0:  18%|█▊        | 212/1210 [02:49<13:19,  1.25it/s, v_num=fdj2]
Epoch 0:  18%|█▊        | 212/1210 [02:49<13:19,  1.25it/s, v_num=fdj2]
Epoch 0:  18%|█▊        | 213/1210 [02:50<13:17,  1.25it/s, v_num=fdj2]
Epoch 0:  18%|█▊        | 213/1210 [02:50<13:17,  1.25it/s, v_num=fdj2]
Epoch 0:  18%|█▊        | 214/1210 [02:50<13:14,  1.25it/s, v_num=fdj2]
Epoch 0:  18%|█▊        | 214/1210 [02:50<13:14,  1.25it/s, v_num=fdj2]
Epoch 0:  18%|█▊        | 215/1210 [02:51<13:11,  1.26it/s, v_num=fdj2]
Epoch 0:  18%|█▊        | 215/1210 [02:51<13:11,  1.26it/s, v_num=fdj2]
Epoch 0:  18%|█▊        | 216/1210 [02:51<13:09,  1.26it/s, v_num=fdj2]
Epoch 0:  18%|█▊        | 216/1210 [02:51<13:09,  1.26it/s, v_num=fdj2]
Epoch 0:  18%|█▊        | 217/1210 [03:03<14:00,  1.18it/s, v_num=fdj2]
Epoch 0:  18%|█▊        | 217/1210 [03:03<14:00,  1.18it/s, v_num=fdj2]
Epoch 0:  18%|█▊        | 218/1210 [03:04<13:57,  1.18it/s, v_num=fdj2]
Epoch 0:  18%|█▊        | 218/1210 [03:04<13:57,  1.18it/s, v_num=fdj2]
Epoch 0:  18%|█▊        | 219/1210 [03:04<13:54,  1.19it/s, v_num=fdj2]
Epoch 0:  18%|█▊        | 219/1210 [03:04<13:54,  1.19it/s, v_num=fdj2]
Epoch 0:  18%|█▊        | 220/1210 [03:04<13:51,  1.19it/s, v_num=fdj2]
Epoch 0:  18%|█▊        | 220/1210 [03:04<13:51,  1.19it/s, v_num=fdj2]
Epoch 0:  18%|█▊        | 221/1210 [03:05<13:48,  1.19it/s, v_num=fdj2]
Epoch 0:  18%|█▊        | 221/1210 [03:05<13:48,  1.19it/s, v_num=fdj2]
Epoch 0:  18%|█▊        | 222/1210 [03:05<13:45,  1.20it/s, v_num=fdj2]
Epoch 0:  18%|█▊        | 222/1210 [03:05<13:45,  1.20it/s, v_num=fdj2]
Epoch 0:  18%|█▊        | 223/1210 [03:05<13:43,  1.20it/s, v_num=fdj2]
Epoch 0:  18%|█▊        | 223/1210 [03:05<13:43,  1.20it/s, v_num=fdj2]
Epoch 0:  19%|█▊        | 224/1210 [03:06<13:40,  1.20it/s, v_num=fdj2]
Epoch 0:  19%|█▊        | 224/1210 [03:06<13:40,  1.20it/s, v_num=fdj2]
Epoch 0:  19%|█▊        | 225/1210 [03:06<13:37,  1.20it/s, v_num=fdj2]
Epoch 0:  19%|█▊        | 225/1210 [03:06<13:37,  1.20it/s, v_num=fdj2]
Epoch 0:  19%|█▊        | 226/1210 [03:07<13:34,  1.21it/s, v_num=fdj2]
Epoch 0:  19%|█▊        | 226/1210 [03:07<13:34,  1.21it/s, v_num=fdj2]
Epoch 0:  19%|█▉        | 227/1210 [03:07<13:32,  1.21it/s, v_num=fdj2]
Epoch 0:  19%|█▉        | 227/1210 [03:07<13:32,  1.21it/s, v_num=fdj2]
Epoch 0:  19%|█▉        | 228/1210 [03:07<13:29,  1.21it/s, v_num=fdj2]
Epoch 0:  19%|█▉        | 228/1210 [03:07<13:29,  1.21it/s, v_num=fdj2]
Epoch 0:  19%|█▉        | 229/1210 [03:08<13:26,  1.22it/s, v_num=fdj2]
Epoch 0:  19%|█▉        | 229/1210 [03:08<13:26,  1.22it/s, v_num=fdj2]
Epoch 0:  19%|█▉        | 230/1210 [03:08<13:24,  1.22it/s, v_num=fdj2]
Epoch 0:  19%|█▉        | 230/1210 [03:08<13:24,  1.22it/s, v_num=fdj2]
Epoch 0:  19%|█▉        | 231/1210 [03:09<13:21,  1.22it/s, v_num=fdj2]
Epoch 0:  19%|█▉        | 231/1210 [03:09<13:21,  1.22it/s, v_num=fdj2]
Epoch 0:  19%|█▉        | 232/1210 [03:09<13:18,  1.22it/s, v_num=fdj2]
Epoch 0:  19%|█▉        | 232/1210 [03:09<13:18,  1.22it/s, v_num=fdj2]
Epoch 0:  19%|█▉        | 233/1210 [03:09<13:16,  1.23it/s, v_num=fdj2]
Epoch 0:  19%|█▉        | 233/1210 [03:09<13:16,  1.23it/s, v_num=fdj2]
Epoch 0:  19%|█▉        | 234/1210 [03:10<13:13,  1.23it/s, v_num=fdj2]
Epoch 0:  19%|█▉        | 234/1210 [03:10<13:13,  1.23it/s, v_num=fdj2]
Epoch 0:  19%|█▉        | 235/1210 [03:10<13:11,  1.23it/s, v_num=fdj2]
Epoch 0:  19%|█▉        | 235/1210 [03:10<13:11,  1.23it/s, v_num=fdj2]
Epoch 0:  20%|█▉        | 236/1210 [03:11<13:08,  1.24it/s, v_num=fdj2]
Epoch 0:  20%|█▉        | 236/1210 [03:11<13:08,  1.24it/s, v_num=fdj2]
Epoch 0:  20%|█▉        | 237/1210 [03:11<13:06,  1.24it/s, v_num=fdj2]
Epoch 0:  20%|█▉        | 237/1210 [03:11<13:06,  1.24it/s, v_num=fdj2]
Epoch 0:  20%|█▉        | 238/1210 [03:11<13:03,  1.24it/s, v_num=fdj2]
Epoch 0:  20%|█▉        | 238/1210 [03:11<13:03,  1.24it/s, v_num=fdj2]
Epoch 0:  20%|█▉        | 239/1210 [03:12<13:01,  1.24it/s, v_num=fdj2]
Epoch 0:  20%|█▉        | 239/1210 [03:12<13:01,  1.24it/s, v_num=fdj2]
Epoch 0:  20%|█▉        | 240/1210 [03:12<12:58,  1.25it/s, v_num=fdj2]
Epoch 0:  20%|█▉        | 240/1210 [03:12<12:58,  1.25it/s, v_num=fdj2]
Epoch 0:  20%|█▉        | 241/1210 [03:13<12:56,  1.25it/s, v_num=fdj2]
Epoch 0:  20%|█▉        | 241/1210 [03:13<12:56,  1.25it/s, v_num=fdj2]
Epoch 0:  20%|██        | 242/1210 [03:13<12:53,  1.25it/s, v_num=fdj2]
Epoch 0:  20%|██        | 242/1210 [03:13<12:53,  1.25it/s, v_num=fdj2]
Epoch 0:  20%|██        | 243/1210 [03:13<12:51,  1.25it/s, v_num=fdj2]
Epoch 0:  20%|██        | 243/1210 [03:13<12:51,  1.25it/s, v_num=fdj2]
Epoch 0:  20%|██        | 244/1210 [03:14<12:48,  1.26it/s, v_num=fdj2]
Epoch 0:  20%|██        | 244/1210 [03:14<12:48,  1.26it/s, v_num=fdj2]
Epoch 0:  20%|██        | 245/1210 [03:14<12:46,  1.26it/s, v_num=fdj2]
Epoch 0:  20%|██        | 245/1210 [03:14<12:46,  1.26it/s, v_num=fdj2]
Epoch 0:  20%|██        | 246/1210 [03:15<12:44,  1.26it/s, v_num=fdj2]
Epoch 0:  20%|██        | 246/1210 [03:15<12:44,  1.26it/s, v_num=fdj2]
Epoch 0:  20%|██        | 247/1210 [03:15<12:41,  1.26it/s, v_num=fdj2]
Epoch 0:  20%|██        | 247/1210 [03:15<12:41,  1.26it/s, v_num=fdj2]
Epoch 0:  20%|██        | 248/1210 [03:15<12:39,  1.27it/s, v_num=fdj2]
Epoch 0:  20%|██        | 248/1210 [03:15<12:39,  1.27it/s, v_num=fdj2]
Epoch 0:  21%|██        | 249/1210 [03:16<12:37,  1.27it/s, v_num=fdj2]
Epoch 0:  21%|██        | 249/1210 [03:16<12:37,  1.27it/s, v_num=fdj2]
Epoch 0:  21%|██        | 250/1210 [03:30<13:26,  1.19it/s, v_num=fdj2]
Epoch 0:  21%|██        | 250/1210 [03:30<13:26,  1.19it/s, v_num=fdj2]
Epoch 0:  21%|██        | 251/1210 [03:30<13:24,  1.19it/s, v_num=fdj2]
Epoch 0:  21%|██        | 251/1210 [03:30<13:24,  1.19it/s, v_num=fdj2]
Epoch 0:  21%|██        | 252/1210 [03:30<13:21,  1.19it/s, v_num=fdj2]
Epoch 0:  21%|██        | 252/1210 [03:30<13:21,  1.19it/s, v_num=fdj2]
Epoch 0:  21%|██        | 253/1210 [03:31<13:19,  1.20it/s, v_num=fdj2]
Epoch 0:  21%|██        | 253/1210 [03:31<13:19,  1.20it/s, v_num=fdj2]
Epoch 0:  21%|██        | 254/1210 [03:31<13:16,  1.20it/s, v_num=fdj2]
Epoch 0:  21%|██        | 254/1210 [03:31<13:16,  1.20it/s, v_num=fdj2]
Epoch 0:  21%|██        | 255/1210 [03:32<13:14,  1.20it/s, v_num=fdj2]
Epoch 0:  21%|██        | 255/1210 [03:32<13:14,  1.20it/s, v_num=fdj2]
Epoch 0:  21%|██        | 256/1210 [03:32<13:11,  1.20it/s, v_num=fdj2]
Epoch 0:  21%|██        | 256/1210 [03:32<13:11,  1.20it/s, v_num=fdj2]
Epoch 0:  21%|██        | 257/1210 [03:32<13:09,  1.21it/s, v_num=fdj2]
Epoch 0:  21%|██        | 257/1210 [03:32<13:09,  1.21it/s, v_num=fdj2]
Epoch 0:  21%|██▏       | 258/1210 [03:33<13:06,  1.21it/s, v_num=fdj2]
Epoch 0:  21%|██▏       | 258/1210 [03:33<13:06,  1.21it/s, v_num=fdj2]
Epoch 0:  21%|██▏       | 259/1210 [03:33<13:04,  1.21it/s, v_num=fdj2]
Epoch 0:  21%|██▏       | 259/1210 [03:33<13:04,  1.21it/s, v_num=fdj2]
Epoch 0:  21%|██▏       | 260/1210 [03:34<13:02,  1.21it/s, v_num=fdj2]
Epoch 0:  21%|██▏       | 260/1210 [03:34<13:02,  1.21it/s, v_num=fdj2]
Epoch 0:  22%|██▏       | 261/1210 [03:34<12:59,  1.22it/s, v_num=fdj2]
Epoch 0:  22%|██▏       | 261/1210 [03:34<12:59,  1.22it/s, v_num=fdj2]
Epoch 0:  22%|██▏       | 262/1210 [03:34<12:57,  1.22it/s, v_num=fdj2]
Epoch 0:  22%|██▏       | 262/1210 [03:34<12:57,  1.22it/s, v_num=fdj2]
Epoch 0:  22%|██▏       | 263/1210 [03:35<12:54,  1.22it/s, v_num=fdj2]
Epoch 0:  22%|██▏       | 263/1210 [03:35<12:54,  1.22it/s, v_num=fdj2]
Epoch 0:  22%|██▏       | 264/1210 [03:35<12:52,  1.22it/s, v_num=fdj2]
Epoch 0:  22%|██▏       | 264/1210 [03:35<12:52,  1.22it/s, v_num=fdj2]
Epoch 0:  22%|██▏       | 265/1210 [03:36<12:50,  1.23it/s, v_num=fdj2]
Epoch 0:  22%|██▏       | 265/1210 [03:36<12:50,  1.23it/s, v_num=fdj2]
Epoch 0:  22%|██▏       | 266/1210 [03:36<12:47,  1.23it/s, v_num=fdj2]
Epoch 0:  22%|██▏       | 266/1210 [03:36<12:47,  1.23it/s, v_num=fdj2]
Epoch 0:  22%|██▏       | 267/1210 [03:36<12:45,  1.23it/s, v_num=fdj2]
Epoch 0:  22%|██▏       | 267/1210 [03:36<12:45,  1.23it/s, v_num=fdj2]
Epoch 0:  22%|██▏       | 268/1210 [03:37<12:43,  1.23it/s, v_num=fdj2]
Epoch 0:  22%|██▏       | 268/1210 [03:37<12:43,  1.23it/s, v_num=fdj2]
Epoch 0:  22%|██▏       | 269/1210 [03:37<12:41,  1.24it/s, v_num=fdj2]
Epoch 0:  22%|██▏       | 269/1210 [03:37<12:41,  1.24it/s, v_num=fdj2]
Epoch 0:  22%|██▏       | 270/1210 [03:37<12:38,  1.24it/s, v_num=fdj2]
Epoch 0:  22%|██▏       | 270/1210 [03:37<12:38,  1.24it/s, v_num=fdj2]
Epoch 0:  22%|██▏       | 271/1210 [03:38<12:36,  1.24it/s, v_num=fdj2]
Epoch 0:  22%|██▏       | 271/1210 [03:38<12:36,  1.24it/s, v_num=fdj2]
Epoch 0:  22%|██▏       | 272/1210 [03:38<12:34,  1.24it/s, v_num=fdj2]
Epoch 0:  22%|██▏       | 272/1210 [03:38<12:34,  1.24it/s, v_num=fdj2]
Epoch 0:  23%|██▎       | 273/1210 [03:39<12:32,  1.25it/s, v_num=fdj2]
Epoch 0:  23%|██▎       | 273/1210 [03:39<12:32,  1.25it/s, v_num=fdj2]
Epoch 0:  23%|██▎       | 274/1210 [03:39<12:29,  1.25it/s, v_num=fdj2]
Epoch 0:  23%|██▎       | 274/1210 [03:39<12:29,  1.25it/s, v_num=fdj2]
Epoch 0:  23%|██▎       | 275/1210 [03:39<12:27,  1.25it/s, v_num=fdj2]
Epoch 0:  23%|██▎       | 275/1210 [03:39<12:27,  1.25it/s, v_num=fdj2]
Epoch 0:  23%|██▎       | 276/1210 [03:40<12:25,  1.25it/s, v_num=fdj2]
Epoch 0:  23%|██▎       | 276/1210 [03:40<12:25,  1.25it/s, v_num=fdj2]
Epoch 0:  23%|██▎       | 277/1210 [03:40<12:23,  1.26it/s, v_num=fdj2]
Epoch 0:  23%|██▎       | 277/1210 [03:40<12:23,  1.26it/s, v_num=fdj2]
Epoch 0:  23%|██▎       | 278/1210 [03:41<12:21,  1.26it/s, v_num=fdj2]
Epoch 0:  23%|██▎       | 278/1210 [03:41<12:21,  1.26it/s, v_num=fdj2]
Epoch 0:  23%|██▎       | 279/1210 [03:41<12:19,  1.26it/s, v_num=fdj2]
Epoch 0:  23%|██▎       | 279/1210 [03:41<12:19,  1.26it/s, v_num=fdj2]
Epoch 0:  23%|██▎       | 280/1210 [03:50<12:44,  1.22it/s, v_num=fdj2]
Epoch 0:  23%|██▎       | 280/1210 [03:50<12:44,  1.22it/s, v_num=fdj2]
Epoch 0:  23%|██▎       | 281/1210 [03:50<12:42,  1.22it/s, v_num=fdj2]
Epoch 0:  23%|██▎       | 281/1210 [03:50<12:42,  1.22it/s, v_num=fdj2]
Epoch 0:  23%|██▎       | 282/1210 [03:51<12:40,  1.22it/s, v_num=fdj2]
Epoch 0:  23%|██▎       | 282/1210 [03:51<12:40,  1.22it/s, v_num=fdj2]
Epoch 0:  23%|██▎       | 283/1210 [03:51<12:38,  1.22it/s, v_num=fdj2]
Epoch 0:  23%|██▎       | 283/1210 [03:51<12:38,  1.22it/s, v_num=fdj2]
Epoch 0:  23%|██▎       | 284/1210 [03:51<12:35,  1.22it/s, v_num=fdj2]
Epoch 0:  23%|██▎       | 284/1210 [03:51<12:35,  1.22it/s, v_num=fdj2]
Epoch 0:  24%|██▎       | 285/1210 [03:52<12:33,  1.23it/s, v_num=fdj2]
Epoch 0:  24%|██▎       | 285/1210 [03:52<12:33,  1.23it/s, v_num=fdj2]
Epoch 0:  24%|██▎       | 286/1210 [03:52<12:31,  1.23it/s, v_num=fdj2]
Epoch 0:  24%|██▎       | 286/1210 [03:52<12:31,  1.23it/s, v_num=fdj2]
Epoch 0:  24%|██▎       | 287/1210 [03:53<12:29,  1.23it/s, v_num=fdj2]
Epoch 0:  24%|██▎       | 287/1210 [03:53<12:29,  1.23it/s, v_num=fdj2]
Epoch 0:  24%|██▍       | 288/1210 [03:53<12:27,  1.23it/s, v_num=fdj2]
Epoch 0:  24%|██▍       | 288/1210 [03:53<12:27,  1.23it/s, v_num=fdj2]
Epoch 0:  24%|██▍       | 289/1210 [03:53<12:25,  1.24it/s, v_num=fdj2]
Epoch 0:  24%|██▍       | 289/1210 [03:53<12:25,  1.24it/s, v_num=fdj2]
Epoch 0:  24%|██▍       | 290/1210 [03:54<12:22,  1.24it/s, v_num=fdj2]
Epoch 0:  24%|██▍       | 290/1210 [03:54<12:22,  1.24it/s, v_num=fdj2]
Epoch 0:  24%|██▍       | 291/1210 [03:54<12:20,  1.24it/s, v_num=fdj2]
Epoch 0:  24%|██▍       | 291/1210 [03:54<12:20,  1.24it/s, v_num=fdj2]
Epoch 0:  24%|██▍       | 292/1210 [03:54<12:18,  1.24it/s, v_num=fdj2]
Epoch 0:  24%|██▍       | 292/1210 [03:54<12:18,  1.24it/s, v_num=fdj2]
Epoch 0:  24%|██▍       | 293/1210 [03:55<12:16,  1.24it/s, v_num=fdj2]
Epoch 0:  24%|██▍       | 293/1210 [03:55<12:16,  1.24it/s, v_num=fdj2]
Epoch 0:  24%|██▍       | 294/1210 [03:55<12:14,  1.25it/s, v_num=fdj2]
Epoch 0:  24%|██▍       | 294/1210 [03:55<12:14,  1.25it/s, v_num=fdj2]
Epoch 0:  24%|██▍       | 295/1210 [03:56<12:12,  1.25it/s, v_num=fdj2]
Epoch 0:  24%|██▍       | 295/1210 [03:56<12:12,  1.25it/s, v_num=fdj2]
Epoch 0:  24%|██▍       | 296/1210 [03:56<12:10,  1.25it/s, v_num=fdj2]
Epoch 0:  24%|██▍       | 296/1210 [03:56<12:10,  1.25it/s, v_num=fdj2]
Epoch 0:  25%|██▍       | 297/1210 [03:56<12:08,  1.25it/s, v_num=fdj2]
Epoch 0:  25%|██▍       | 297/1210 [03:56<12:08,  1.25it/s, v_num=fdj2]
Epoch 0:  25%|██▍       | 298/1210 [03:57<12:06,  1.26it/s, v_num=fdj2]
Epoch 0:  25%|██▍       | 298/1210 [03:57<12:06,  1.26it/s, v_num=fdj2]
Epoch 0:  25%|██▍       | 299/1210 [03:57<12:04,  1.26it/s, v_num=fdj2]
Epoch 0:  25%|██▍       | 299/1210 [03:57<12:04,  1.26it/s, v_num=fdj2]
Epoch 0:  25%|██▍       | 300/1210 [03:58<12:02,  1.26it/s, v_num=fdj2]
Epoch 0:  25%|██▍       | 300/1210 [03:58<12:02,  1.26it/s, v_num=fdj2]
Epoch 0:  25%|██▍       | 301/1210 [03:58<12:00,  1.26it/s, v_num=fdj2]
Epoch 0:  25%|██▍       | 301/1210 [03:58<12:00,  1.26it/s, v_num=fdj2]
Epoch 0:  25%|██▍       | 302/1210 [03:58<11:58,  1.26it/s, v_num=fdj2]
Epoch 0:  25%|██▍       | 302/1210 [03:58<11:58,  1.26it/s, v_num=fdj2]
Epoch 0:  25%|██▌       | 303/1210 [03:59<11:56,  1.27it/s, v_num=fdj2]
Epoch 0:  25%|██▌       | 303/1210 [03:59<11:56,  1.27it/s, v_num=fdj2]
Epoch 0:  25%|██▌       | 304/1210 [03:59<11:54,  1.27it/s, v_num=fdj2]
Epoch 0:  25%|██▌       | 304/1210 [03:59<11:54,  1.27it/s, v_num=fdj2]
Epoch 0:  25%|██▌       | 305/1210 [04:00<11:52,  1.27it/s, v_num=fdj2]
Epoch 0:  25%|██▌       | 305/1210 [04:00<11:52,  1.27it/s, v_num=fdj2]
Epoch 0:  25%|██▌       | 306/1210 [04:00<11:50,  1.27it/s, v_num=fdj2]
Epoch 0:  25%|██▌       | 306/1210 [04:00<11:50,  1.27it/s, v_num=fdj2]
Epoch 0:  25%|██▌       | 307/1210 [04:00<11:48,  1.27it/s, v_num=fdj2]
Epoch 0:  25%|██▌       | 307/1210 [04:00<11:48,  1.27it/s, v_num=fdj2]
Epoch 0:  25%|██▌       | 308/1210 [04:01<11:46,  1.28it/s, v_num=fdj2]
Epoch 0:  25%|██▌       | 308/1210 [04:01<11:46,  1.28it/s, v_num=fdj2]
Epoch 0:  26%|██▌       | 309/1210 [04:01<11:44,  1.28it/s, v_num=fdj2]
Epoch 0:  26%|██▌       | 309/1210 [04:01<11:44,  1.28it/s, v_num=fdj2]
Epoch 0:  26%|██▌       | 310/1210 [04:02<11:42,  1.28it/s, v_num=fdj2]
Epoch 0:  26%|██▌       | 310/1210 [04:02<11:42,  1.28it/s, v_num=fdj2]
Epoch 0:  26%|██▌       | 311/1210 [04:02<11:40,  1.28it/s, v_num=fdj2]
Epoch 0:  26%|██▌       | 311/1210 [04:02<11:40,  1.28it/s, v_num=fdj2]
Epoch 0:  26%|██▌       | 312/1210 [04:02<11:38,  1.28it/s, v_num=fdj2]
Epoch 0:  26%|██▌       | 312/1210 [04:02<11:38,  1.28it/s, v_num=fdj2]
Epoch 0:  26%|██▌       | 313/1210 [04:10<11:57,  1.25it/s, v_num=fdj2]
Epoch 0:  26%|██▌       | 313/1210 [04:10<11:57,  1.25it/s, v_num=fdj2]
Epoch 0:  26%|██▌       | 314/1210 [04:10<11:55,  1.25it/s, v_num=fdj2]
Epoch 0:  26%|██▌       | 314/1210 [04:10<11:55,  1.25it/s, v_num=fdj2]
Epoch 0:  26%|██▌       | 315/1210 [04:11<11:53,  1.25it/s, v_num=fdj2]
Epoch 0:  26%|██▌       | 315/1210 [04:11<11:53,  1.25it/s, v_num=fdj2]
Epoch 0:  26%|██▌       | 316/1210 [04:11<11:51,  1.26it/s, v_num=fdj2]
Epoch 0:  26%|██▌       | 316/1210 [04:11<11:51,  1.26it/s, v_num=fdj2]
Epoch 0:  26%|██▌       | 317/1210 [04:11<11:49,  1.26it/s, v_num=fdj2]
Epoch 0:  26%|██▌       | 317/1210 [04:11<11:49,  1.26it/s, v_num=fdj2]
Epoch 0:  26%|██▋       | 318/1210 [04:12<11:47,  1.26it/s, v_num=fdj2]
Epoch 0:  26%|██▋       | 318/1210 [04:12<11:47,  1.26it/s, v_num=fdj2]
Epoch 0:  26%|██▋       | 319/1210 [04:12<11:45,  1.26it/s, v_num=fdj2]
Epoch 0:  26%|██▋       | 319/1210 [04:12<11:45,  1.26it/s, v_num=fdj2]
Epoch 0:  26%|██▋       | 320/1210 [04:13<11:43,  1.26it/s, v_num=fdj2]
Epoch 0:  26%|██▋       | 320/1210 [04:13<11:43,  1.26it/s, v_num=fdj2]
Epoch 0:  27%|██▋       | 321/1210 [04:13<11:41,  1.27it/s, v_num=fdj2]
Epoch 0:  27%|██▋       | 321/1210 [04:13<11:41,  1.27it/s, v_num=fdj2]
Epoch 0:  27%|██▋       | 322/1210 [04:13<11:39,  1.27it/s, v_num=fdj2]
Epoch 0:  27%|██▋       | 322/1210 [04:13<11:39,  1.27it/s, v_num=fdj2]
Epoch 0:  27%|██▋       | 323/1210 [04:14<11:38,  1.27it/s, v_num=fdj2]
Epoch 0:  27%|██▋       | 323/1210 [04:14<11:38,  1.27it/s, v_num=fdj2]
Epoch 0:  27%|██▋       | 324/1210 [04:14<11:36,  1.27it/s, v_num=fdj2]
Epoch 0:  27%|██▋       | 324/1210 [04:14<11:36,  1.27it/s, v_num=fdj2]
Epoch 0:  27%|██▋       | 325/1210 [04:15<11:34,  1.27it/s, v_num=fdj2]
Epoch 0:  27%|██▋       | 325/1210 [04:15<11:34,  1.27it/s, v_num=fdj2]
Epoch 0:  27%|██▋       | 326/1210 [04:15<11:32,  1.28it/s, v_num=fdj2]
Epoch 0:  27%|██▋       | 326/1210 [04:15<11:32,  1.28it/s, v_num=fdj2]
Epoch 0:  27%|██▋       | 327/1210 [04:15<11:30,  1.28it/s, v_num=fdj2]
Epoch 0:  27%|██▋       | 327/1210 [04:15<11:30,  1.28it/s, v_num=fdj2]
Epoch 0:  27%|██▋       | 328/1210 [04:16<11:28,  1.28it/s, v_num=fdj2]
Epoch 0:  27%|██▋       | 328/1210 [04:16<11:28,  1.28it/s, v_num=fdj2]
Epoch 0:  27%|██▋       | 329/1210 [04:16<11:27,  1.28it/s, v_num=fdj2]
Epoch 0:  27%|██▋       | 329/1210 [04:16<11:27,  1.28it/s, v_num=fdj2]
Epoch 0:  27%|██▋       | 330/1210 [04:16<11:25,  1.28it/s, v_num=fdj2]
Epoch 0:  27%|██▋       | 330/1210 [04:16<11:25,  1.28it/s, v_num=fdj2]
Epoch 0:  27%|██▋       | 331/1210 [04:17<11:23,  1.29it/s, v_num=fdj2]
Epoch 0:  27%|██▋       | 331/1210 [04:17<11:23,  1.29it/s, v_num=fdj2]
Epoch 0:  27%|██▋       | 332/1210 [04:17<11:21,  1.29it/s, v_num=fdj2]
Epoch 0:  27%|██▋       | 332/1210 [04:17<11:21,  1.29it/s, v_num=fdj2]
Epoch 0:  28%|██▊       | 333/1210 [04:18<11:19,  1.29it/s, v_num=fdj2]
Epoch 0:  28%|██▊       | 333/1210 [04:18<11:19,  1.29it/s, v_num=fdj2]
Epoch 0:  28%|██▊       | 334/1210 [04:18<11:18,  1.29it/s, v_num=fdj2]
Epoch 0:  28%|██▊       | 334/1210 [04:18<11:18,  1.29it/s, v_num=fdj2]
Epoch 0:  28%|██▊       | 335/1210 [04:18<11:16,  1.29it/s, v_num=fdj2]
Epoch 0:  28%|██▊       | 335/1210 [04:18<11:16,  1.29it/s, v_num=fdj2]
Epoch 0:  28%|██▊       | 336/1210 [04:19<11:14,  1.30it/s, v_num=fdj2]
Epoch 0:  28%|██▊       | 336/1210 [04:19<11:14,  1.30it/s, v_num=fdj2]
Epoch 0:  28%|██▊       | 337/1210 [04:19<11:12,  1.30it/s, v_num=fdj2]
Epoch 0:  28%|██▊       | 337/1210 [04:19<11:12,  1.30it/s, v_num=fdj2]
Epoch 0:  28%|██▊       | 338/1210 [04:20<11:11,  1.30it/s, v_num=fdj2]
Epoch 0:  28%|██▊       | 338/1210 [04:20<11:11,  1.30it/s, v_num=fdj2]
Epoch 0:  28%|██▊       | 339/1210 [04:20<11:09,  1.30it/s, v_num=fdj2]
Epoch 0:  28%|██▊       | 339/1210 [04:20<11:09,  1.30it/s, v_num=fdj2]
Epoch 0:  28%|██▊       | 340/1210 [04:20<11:07,  1.30it/s, v_num=fdj2]
Epoch 0:  28%|██▊       | 340/1210 [04:20<11:07,  1.30it/s, v_num=fdj2]
Epoch 0:  28%|██▊       | 341/1210 [04:21<11:05,  1.31it/s, v_num=fdj2]
Epoch 0:  28%|██▊       | 341/1210 [04:21<11:05,  1.31it/s, v_num=fdj2]
Epoch 0:  28%|██▊       | 342/1210 [04:21<11:04,  1.31it/s, v_num=fdj2]
Epoch 0:  28%|██▊       | 342/1210 [04:21<11:04,  1.31it/s, v_num=fdj2]
Epoch 0:  28%|██▊       | 343/1210 [04:27<11:17,  1.28it/s, v_num=fdj2]
Epoch 0:  28%|██▊       | 343/1210 [04:27<11:17,  1.28it/s, v_num=fdj2]
Epoch 0:  28%|██▊       | 344/1210 [04:28<11:15,  1.28it/s, v_num=fdj2]
Epoch 0:  28%|██▊       | 344/1210 [04:28<11:15,  1.28it/s, v_num=fdj2]
Epoch 0:  29%|██▊       | 345/1210 [04:28<11:13,  1.28it/s, v_num=fdj2]
Epoch 0:  29%|██▊       | 345/1210 [04:28<11:13,  1.28it/s, v_num=fdj2]
Epoch 0:  29%|██▊       | 346/1210 [04:29<11:11,  1.29it/s, v_num=fdj2]
Epoch 0:  29%|██▊       | 346/1210 [04:29<11:11,  1.29it/s, v_num=fdj2]
Epoch 0:  29%|██▊       | 347/1210 [04:29<11:10,  1.29it/s, v_num=fdj2]
Epoch 0:  29%|██▊       | 347/1210 [04:29<11:10,  1.29it/s, v_num=fdj2]
Epoch 0:  29%|██▉       | 348/1210 [04:29<11:08,  1.29it/s, v_num=fdj2]
Epoch 0:  29%|██▉       | 348/1210 [04:29<11:08,  1.29it/s, v_num=fdj2]
Epoch 0:  29%|██▉       | 349/1210 [04:30<11:06,  1.29it/s, v_num=fdj2]
Epoch 0:  29%|██▉       | 349/1210 [04:30<11:06,  1.29it/s, v_num=fdj2]
Epoch 0:  29%|██▉       | 350/1210 [04:30<11:05,  1.29it/s, v_num=fdj2]
Epoch 0:  29%|██▉       | 350/1210 [04:30<11:05,  1.29it/s, v_num=fdj2]
Epoch 0:  29%|██▉       | 351/1210 [04:31<11:03,  1.29it/s, v_num=fdj2]
Epoch 0:  29%|██▉       | 351/1210 [04:31<11:03,  1.29it/s, v_num=fdj2]
Epoch 0:  29%|██▉       | 352/1210 [04:31<11:01,  1.30it/s, v_num=fdj2]
Epoch 0:  29%|██▉       | 352/1210 [04:31<11:01,  1.30it/s, v_num=fdj2]
Epoch 0:  29%|██▉       | 353/1210 [04:31<10:59,  1.30it/s, v_num=fdj2]
Epoch 0:  29%|██▉       | 353/1210 [04:31<10:59,  1.30it/s, v_num=fdj2]
Epoch 0:  29%|██▉       | 354/1210 [04:32<10:58,  1.30it/s, v_num=fdj2]
Epoch 0:  29%|██▉       | 354/1210 [04:32<10:58,  1.30it/s, v_num=fdj2]
Epoch 0:  29%|██▉       | 355/1210 [04:32<10:56,  1.30it/s, v_num=fdj2]
Epoch 0:  29%|██▉       | 355/1210 [04:32<10:56,  1.30it/s, v_num=fdj2]
Epoch 0:  29%|██▉       | 356/1210 [04:33<10:54,  1.30it/s, v_num=fdj2]
Epoch 0:  29%|██▉       | 356/1210 [04:33<10:54,  1.30it/s, v_num=fdj2]
Epoch 0:  30%|██▉       | 357/1210 [04:33<10:53,  1.31it/s, v_num=fdj2]
Epoch 0:  30%|██▉       | 357/1210 [04:33<10:53,  1.31it/s, v_num=fdj2]
Epoch 0:  30%|██▉       | 358/1210 [04:33<10:51,  1.31it/s, v_num=fdj2]
Epoch 0:  30%|██▉       | 358/1210 [04:33<10:51,  1.31it/s, v_num=fdj2]
Epoch 0:  30%|██▉       | 359/1210 [04:34<10:50,  1.31it/s, v_num=fdj2]
Epoch 0:  30%|██▉       | 359/1210 [04:34<10:50,  1.31it/s, v_num=fdj2]
Epoch 0:  30%|██▉       | 360/1210 [04:34<10:48,  1.31it/s, v_num=fdj2]
Epoch 0:  30%|██▉       | 360/1210 [04:34<10:48,  1.31it/s, v_num=fdj2]
Epoch 0:  30%|██▉       | 361/1210 [04:34<10:46,  1.31it/s, v_num=fdj2]
Epoch 0:  30%|██▉       | 361/1210 [04:34<10:46,  1.31it/s, v_num=fdj2]
Epoch 0:  30%|██▉       | 362/1210 [04:35<10:45,  1.31it/s, v_num=fdj2]
Epoch 0:  30%|██▉       | 362/1210 [04:35<10:45,  1.31it/s, v_num=fdj2]
Epoch 0:  30%|███       | 363/1210 [04:35<10:43,  1.32it/s, v_num=fdj2]
Epoch 0:  30%|███       | 363/1210 [04:35<10:43,  1.32it/s, v_num=fdj2]
Epoch 0:  30%|███       | 364/1210 [04:36<10:41,  1.32it/s, v_num=fdj2]
Epoch 0:  30%|███       | 364/1210 [04:36<10:41,  1.32it/s, v_num=fdj2]
Epoch 0:  30%|███       | 365/1210 [04:36<10:40,  1.32it/s, v_num=fdj2]
Epoch 0:  30%|███       | 365/1210 [04:36<10:40,  1.32it/s, v_num=fdj2]
Epoch 0:  30%|███       | 366/1210 [04:36<10:38,  1.32it/s, v_num=fdj2]
Epoch 0:  30%|███       | 366/1210 [04:36<10:38,  1.32it/s, v_num=fdj2]
Epoch 0:  30%|███       | 367/1210 [04:37<10:37,  1.32it/s, v_num=fdj2]
Epoch 0:  30%|███       | 367/1210 [04:37<10:37,  1.32it/s, v_num=fdj2]
Epoch 0:  30%|███       | 368/1210 [04:37<10:35,  1.32it/s, v_num=fdj2]
Epoch 0:  30%|███       | 368/1210 [04:37<10:35,  1.32it/s, v_num=fdj2]
Epoch 0:  30%|███       | 369/1210 [04:38<10:33,  1.33it/s, v_num=fdj2]
Epoch 0:  30%|███       | 369/1210 [04:38<10:33,  1.33it/s, v_num=fdj2]
Epoch 0:  31%|███       | 370/1210 [04:38<10:32,  1.33it/s, v_num=fdj2]
Epoch 0:  31%|███       | 370/1210 [04:38<10:32,  1.33it/s, v_num=fdj2]
Epoch 0:  31%|███       | 371/1210 [04:38<10:30,  1.33it/s, v_num=fdj2]
Epoch 0:  31%|███       | 371/1210 [04:38<10:30,  1.33it/s, v_num=fdj2]
Epoch 0:  31%|███       | 372/1210 [04:39<10:29,  1.33it/s, v_num=fdj2]
Epoch 0:  31%|███       | 372/1210 [04:39<10:29,  1.33it/s, v_num=fdj2]
Epoch 0:  31%|███       | 373/1210 [04:39<10:27,  1.33it/s, v_num=fdj2]
Epoch 0:  31%|███       | 373/1210 [04:39<10:27,  1.33it/s, v_num=fdj2]
Epoch 0:  31%|███       | 374/1210 [04:40<10:26,  1.34it/s, v_num=fdj2]
Epoch 0:  31%|███       | 374/1210 [04:40<10:26,  1.34it/s, v_num=fdj2]
Epoch 0:  31%|███       | 375/1210 [04:40<10:24,  1.34it/s, v_num=fdj2]
Epoch 0:  31%|███       | 375/1210 [04:40<10:24,  1.34it/s, v_num=fdj2]
Epoch 0:  31%|███       | 376/1210 [04:47<10:37,  1.31it/s, v_num=fdj2]
Epoch 0:  31%|███       | 376/1210 [04:47<10:37,  1.31it/s, v_num=fdj2]
Epoch 0:  31%|███       | 377/1210 [04:47<10:35,  1.31it/s, v_num=fdj2]
Epoch 0:  31%|███       | 377/1210 [04:47<10:35,  1.31it/s, v_num=fdj2]
Epoch 0:  31%|███       | 378/1210 [04:48<10:34,  1.31it/s, v_num=fdj2]
Epoch 0:  31%|███       | 378/1210 [04:48<10:34,  1.31it/s, v_num=fdj2]
Epoch 0:  31%|███▏      | 379/1210 [04:48<10:32,  1.31it/s, v_num=fdj2]
Epoch 0:  31%|███▏      | 379/1210 [04:48<10:32,  1.31it/s, v_num=fdj2]
Epoch 0:  31%|███▏      | 380/1210 [04:48<10:30,  1.32it/s, v_num=fdj2]
Epoch 0:  31%|███▏      | 380/1210 [04:48<10:30,  1.32it/s, v_num=fdj2]
Epoch 0:  31%|███▏      | 381/1210 [04:49<10:29,  1.32it/s, v_num=fdj2]
Epoch 0:  31%|███▏      | 381/1210 [04:49<10:29,  1.32it/s, v_num=fdj2]
Epoch 0:  32%|███▏      | 382/1210 [04:49<10:27,  1.32it/s, v_num=fdj2]
Epoch 0:  32%|███▏      | 382/1210 [04:49<10:27,  1.32it/s, v_num=fdj2]
Epoch 0:  32%|███▏      | 383/1210 [04:50<10:26,  1.32it/s, v_num=fdj2]
Epoch 0:  32%|███▏      | 383/1210 [04:50<10:26,  1.32it/s, v_num=fdj2]
Epoch 0:  32%|███▏      | 384/1210 [04:50<10:24,  1.32it/s, v_num=fdj2]
Epoch 0:  32%|███▏      | 384/1210 [04:50<10:24,  1.32it/s, v_num=fdj2]
Epoch 0:  32%|███▏      | 385/1210 [04:50<10:23,  1.32it/s, v_num=fdj2]
Epoch 0:  32%|███▏      | 385/1210 [04:50<10:23,  1.32it/s, v_num=fdj2]
Epoch 0:  32%|███▏      | 386/1210 [04:51<10:21,  1.33it/s, v_num=fdj2]
Epoch 0:  32%|███▏      | 386/1210 [04:51<10:21,  1.33it/s, v_num=fdj2]
Epoch 0:  32%|███▏      | 387/1210 [04:51<10:20,  1.33it/s, v_num=fdj2]
Epoch 0:  32%|███▏      | 387/1210 [04:51<10:20,  1.33it/s, v_num=fdj2]
Epoch 0:  32%|███▏      | 388/1210 [04:52<10:18,  1.33it/s, v_num=fdj2]
Epoch 0:  32%|███▏      | 388/1210 [04:52<10:18,  1.33it/s, v_num=fdj2]
Epoch 0:  32%|███▏      | 389/1210 [04:52<10:17,  1.33it/s, v_num=fdj2]
Epoch 0:  32%|███▏      | 389/1210 [04:52<10:17,  1.33it/s, v_num=fdj2]
Epoch 0:  32%|███▏      | 390/1210 [04:52<10:15,  1.33it/s, v_num=fdj2]
Epoch 0:  32%|███▏      | 390/1210 [04:52<10:15,  1.33it/s, v_num=fdj2]
Epoch 0:  32%|███▏      | 391/1210 [04:53<10:14,  1.33it/s, v_num=fdj2]
Epoch 0:  32%|███▏      | 391/1210 [04:53<10:14,  1.33it/s, v_num=fdj2]
Epoch 0:  32%|███▏      | 392/1210 [04:53<10:12,  1.34it/s, v_num=fdj2]
Epoch 0:  32%|███▏      | 392/1210 [04:53<10:12,  1.34it/s, v_num=fdj2]
Epoch 0:  32%|███▏      | 393/1210 [04:53<10:11,  1.34it/s, v_num=fdj2]
Epoch 0:  32%|███▏      | 393/1210 [04:53<10:11,  1.34it/s, v_num=fdj2]
Epoch 0:  33%|███▎      | 394/1210 [04:54<10:09,  1.34it/s, v_num=fdj2]
Epoch 0:  33%|███▎      | 394/1210 [04:54<10:09,  1.34it/s, v_num=fdj2]
Epoch 0:  33%|███▎      | 395/1210 [04:54<10:08,  1.34it/s, v_num=fdj2]
Epoch 0:  33%|███▎      | 395/1210 [04:54<10:08,  1.34it/s, v_num=fdj2]
Epoch 0:  33%|███▎      | 396/1210 [04:55<10:06,  1.34it/s, v_num=fdj2]
Epoch 0:  33%|███▎      | 396/1210 [04:55<10:06,  1.34it/s, v_num=fdj2]
Epoch 0:  33%|███▎      | 397/1210 [04:55<10:05,  1.34it/s, v_num=fdj2]
Epoch 0:  33%|███▎      | 397/1210 [04:55<10:05,  1.34it/s, v_num=fdj2]
Epoch 0:  33%|███▎      | 398/1210 [04:55<10:03,  1.34it/s, v_num=fdj2]
Epoch 0:  33%|███▎      | 398/1210 [04:55<10:03,  1.34it/s, v_num=fdj2]
Epoch 0:  33%|███▎      | 399/1210 [04:56<10:02,  1.35it/s, v_num=fdj2]
Epoch 0:  33%|███▎      | 399/1210 [04:56<10:02,  1.35it/s, v_num=fdj2]
Epoch 0:  33%|███▎      | 400/1210 [04:56<10:00,  1.35it/s, v_num=fdj2]
Epoch 0:  33%|███▎      | 400/1210 [04:56<10:00,  1.35it/s, v_num=fdj2]
Epoch 0:  33%|███▎      | 401/1210 [04:57<09:59,  1.35it/s, v_num=fdj2]
Epoch 0:  33%|███▎      | 401/1210 [04:57<09:59,  1.35it/s, v_num=fdj2]
Epoch 0:  33%|███▎      | 402/1210 [04:57<09:57,  1.35it/s, v_num=fdj2]
Epoch 0:  33%|███▎      | 402/1210 [04:57<09:57,  1.35it/s, v_num=fdj2]
Epoch 0:  33%|███▎      | 403/1210 [04:57<09:56,  1.35it/s, v_num=fdj2]
Epoch 0:  33%|███▎      | 403/1210 [04:57<09:56,  1.35it/s, v_num=fdj2]
Epoch 0:  33%|███▎      | 404/1210 [04:58<09:55,  1.35it/s, v_num=fdj2]
Epoch 0:  33%|███▎      | 404/1210 [04:58<09:55,  1.35it/s, v_num=fdj2]
Epoch 0:  33%|███▎      | 405/1210 [04:58<09:53,  1.36it/s, v_num=fdj2]
Epoch 0:  33%|███▎      | 405/1210 [04:58<09:53,  1.36it/s, v_num=fdj2]
Epoch 0:  34%|███▎      | 406/1210 [05:05<10:04,  1.33it/s, v_num=fdj2]
Epoch 0:  34%|███▎      | 406/1210 [05:05<10:04,  1.33it/s, v_num=fdj2]
Epoch 0:  34%|███▎      | 407/1210 [05:05<10:03,  1.33it/s, v_num=fdj2]
Epoch 0:  34%|███▎      | 407/1210 [05:05<10:03,  1.33it/s, v_num=fdj2]
Epoch 0:  34%|███▎      | 408/1210 [05:06<10:01,  1.33it/s, v_num=fdj2]
Epoch 0:  34%|███▎      | 408/1210 [05:06<10:01,  1.33it/s, v_num=fdj2]
Epoch 0:  34%|███▍      | 409/1210 [05:06<10:00,  1.33it/s, v_num=fdj2]
Epoch 0:  34%|███▍      | 409/1210 [05:06<10:00,  1.33it/s, v_num=fdj2]
Epoch 0:  34%|███▍      | 410/1210 [05:06<09:58,  1.34it/s, v_num=fdj2]
Epoch 0:  34%|███▍      | 410/1210 [05:06<09:58,  1.34it/s, v_num=fdj2]
Epoch 0:  34%|███▍      | 411/1210 [05:07<09:57,  1.34it/s, v_num=fdj2]
Epoch 0:  34%|███▍      | 411/1210 [05:07<09:57,  1.34it/s, v_num=fdj2]
Epoch 0:  34%|███▍      | 412/1210 [05:07<09:55,  1.34it/s, v_num=fdj2]
Epoch 0:  34%|███▍      | 412/1210 [05:07<09:55,  1.34it/s, v_num=fdj2]
Epoch 0:  34%|███▍      | 413/1210 [05:08<09:54,  1.34it/s, v_num=fdj2]
Epoch 0:  34%|███▍      | 413/1210 [05:08<09:54,  1.34it/s, v_num=fdj2]
Epoch 0:  34%|███▍      | 414/1210 [05:08<09:53,  1.34it/s, v_num=fdj2]
Epoch 0:  34%|███▍      | 414/1210 [05:08<09:53,  1.34it/s, v_num=fdj2]
Epoch 0:  34%|███▍      | 415/1210 [05:08<09:51,  1.34it/s, v_num=fdj2]
Epoch 0:  34%|███▍      | 415/1210 [05:08<09:51,  1.34it/s, v_num=fdj2]
Epoch 0:  34%|███▍      | 416/1210 [05:09<09:50,  1.35it/s, v_num=fdj2]
Epoch 0:  34%|███▍      | 416/1210 [05:09<09:50,  1.35it/s, v_num=fdj2]
Epoch 0:  34%|███▍      | 417/1210 [05:09<09:48,  1.35it/s, v_num=fdj2]
Epoch 0:  34%|███▍      | 417/1210 [05:09<09:48,  1.35it/s, v_num=fdj2]
Epoch 0:  35%|███▍      | 418/1210 [05:10<09:47,  1.35it/s, v_num=fdj2]
Epoch 0:  35%|███▍      | 418/1210 [05:10<09:47,  1.35it/s, v_num=fdj2]
Epoch 0:  35%|███▍      | 419/1210 [05:10<09:46,  1.35it/s, v_num=fdj2]
Epoch 0:  35%|███▍      | 419/1210 [05:10<09:46,  1.35it/s, v_num=fdj2]
Epoch 0:  35%|███▍      | 420/1210 [05:10<09:44,  1.35it/s, v_num=fdj2]
Epoch 0:  35%|███▍      | 420/1210 [05:10<09:44,  1.35it/s, v_num=fdj2]
Epoch 0:  35%|███▍      | 421/1210 [05:11<09:43,  1.35it/s, v_num=fdj2]
Epoch 0:  35%|███▍      | 421/1210 [05:11<09:43,  1.35it/s, v_num=fdj2]
Epoch 0:  35%|███▍      | 422/1210 [05:11<09:41,  1.35it/s, v_num=fdj2]
Epoch 0:  35%|███▍      | 422/1210 [05:11<09:41,  1.35it/s, v_num=fdj2]
Epoch 0:  35%|███▍      | 423/1210 [05:12<09:40,  1.36it/s, v_num=fdj2]
Epoch 0:  35%|███▍      | 423/1210 [05:12<09:40,  1.36it/s, v_num=fdj2]
Epoch 0:  35%|███▌      | 424/1210 [05:12<09:39,  1.36it/s, v_num=fdj2]
Epoch 0:  35%|███▌      | 424/1210 [05:12<09:39,  1.36it/s, v_num=fdj2]
Epoch 0:  35%|███▌      | 425/1210 [05:12<09:37,  1.36it/s, v_num=fdj2]
Epoch 0:  35%|███▌      | 425/1210 [05:12<09:37,  1.36it/s, v_num=fdj2]
Epoch 0:  35%|███▌      | 426/1210 [05:13<09:36,  1.36it/s, v_num=fdj2]
Epoch 0:  35%|███▌      | 426/1210 [05:13<09:36,  1.36it/s, v_num=fdj2]
Epoch 0:  35%|███▌      | 427/1210 [05:13<09:35,  1.36it/s, v_num=fdj2]
Epoch 0:  35%|███▌      | 427/1210 [05:13<09:35,  1.36it/s, v_num=fdj2]
Epoch 0:  35%|███▌      | 428/1210 [05:13<09:33,  1.36it/s, v_num=fdj2]
Epoch 0:  35%|███▌      | 428/1210 [05:13<09:33,  1.36it/s, v_num=fdj2]
Epoch 0:  35%|███▌      | 429/1210 [05:14<09:32,  1.36it/s, v_num=fdj2]
Epoch 0:  35%|███▌      | 429/1210 [05:14<09:32,  1.36it/s, v_num=fdj2]
Epoch 0:  36%|███▌      | 430/1210 [05:14<09:30,  1.37it/s, v_num=fdj2]
Epoch 0:  36%|███▌      | 430/1210 [05:14<09:30,  1.37it/s, v_num=fdj2]
Epoch 0:  36%|███▌      | 431/1210 [05:15<09:29,  1.37it/s, v_num=fdj2]
Epoch 0:  36%|███▌      | 431/1210 [05:15<09:29,  1.37it/s, v_num=fdj2]
Epoch 0:  36%|███▌      | 432/1210 [05:15<09:28,  1.37it/s, v_num=fdj2]
Epoch 0:  36%|███▌      | 432/1210 [05:15<09:28,  1.37it/s, v_num=fdj2]
Epoch 0:  36%|███▌      | 433/1210 [05:15<09:26,  1.37it/s, v_num=fdj2]
Epoch 0:  36%|███▌      | 433/1210 [05:15<09:26,  1.37it/s, v_num=fdj2]
Epoch 0:  36%|███▌      | 434/1210 [05:16<09:25,  1.37it/s, v_num=fdj2]
Epoch 0:  36%|███▌      | 434/1210 [05:16<09:25,  1.37it/s, v_num=fdj2]
Epoch 0:  36%|███▌      | 435/1210 [05:16<09:24,  1.37it/s, v_num=fdj2]
Epoch 0:  36%|███▌      | 435/1210 [05:16<09:24,  1.37it/s, v_num=fdj2]
Epoch 0:  36%|███▌      | 436/1210 [05:23<09:33,  1.35it/s, v_num=fdj2]
Epoch 0:  36%|███▌      | 436/1210 [05:23<09:33,  1.35it/s, v_num=fdj2]
Epoch 0:  36%|███▌      | 437/1210 [05:23<09:32,  1.35it/s, v_num=fdj2]
Epoch 0:  36%|███▌      | 437/1210 [05:23<09:32,  1.35it/s, v_num=fdj2]
Epoch 0:  36%|███▌      | 438/1210 [05:24<09:31,  1.35it/s, v_num=fdj2]
Epoch 0:  36%|███▌      | 438/1210 [05:24<09:31,  1.35it/s, v_num=fdj2]
Epoch 0:  36%|███▋      | 439/1210 [05:24<09:29,  1.35it/s, v_num=fdj2]
Epoch 0:  36%|███▋      | 439/1210 [05:24<09:29,  1.35it/s, v_num=fdj2]
Epoch 0:  36%|███▋      | 440/1210 [05:24<09:28,  1.35it/s, v_num=fdj2]
Epoch 0:  36%|███▋      | 440/1210 [05:24<09:28,  1.35it/s, v_num=fdj2]
Epoch 0:  36%|███▋      | 441/1210 [05:25<09:27,  1.36it/s, v_num=fdj2]
Epoch 0:  36%|███▋      | 441/1210 [05:25<09:27,  1.36it/s, v_num=fdj2]
Epoch 0:  37%|███▋      | 442/1210 [05:25<09:25,  1.36it/s, v_num=fdj2]
Epoch 0:  37%|███▋      | 442/1210 [05:25<09:25,  1.36it/s, v_num=fdj2]
Epoch 0:  37%|███▋      | 443/1210 [05:26<09:24,  1.36it/s, v_num=fdj2]
Epoch 0:  37%|███▋      | 443/1210 [05:26<09:24,  1.36it/s, v_num=fdj2]
Epoch 0:  37%|███▋      | 444/1210 [05:26<09:23,  1.36it/s, v_num=fdj2]
Epoch 0:  37%|███▋      | 444/1210 [05:26<09:23,  1.36it/s, v_num=fdj2]
Epoch 0:  37%|███▋      | 445/1210 [05:26<09:21,  1.36it/s, v_num=fdj2]
Epoch 0:  37%|███▋      | 445/1210 [05:26<09:21,  1.36it/s, v_num=fdj2]
Epoch 0:  37%|███▋      | 446/1210 [05:27<09:20,  1.36it/s, v_num=fdj2]
Epoch 0:  37%|███▋      | 446/1210 [05:27<09:20,  1.36it/s, v_num=fdj2]
Epoch 0:  37%|███▋      | 447/1210 [05:27<09:19,  1.36it/s, v_num=fdj2]
Epoch 0:  37%|███▋      | 447/1210 [05:27<09:19,  1.36it/s, v_num=fdj2]
Epoch 0:  37%|███▋      | 448/1210 [05:27<09:17,  1.37it/s, v_num=fdj2]
Epoch 0:  37%|███▋      | 448/1210 [05:27<09:17,  1.37it/s, v_num=fdj2]
Epoch 0:  37%|███▋      | 449/1210 [05:28<09:16,  1.37it/s, v_num=fdj2]
Epoch 0:  37%|███▋      | 449/1210 [05:28<09:16,  1.37it/s, v_num=fdj2]
Epoch 0:  37%|███▋      | 450/1210 [05:28<09:15,  1.37it/s, v_num=fdj2]
Epoch 0:  37%|███▋      | 450/1210 [05:28<09:15,  1.37it/s, v_num=fdj2]
Epoch 0:  37%|███▋      | 451/1210 [05:29<09:13,  1.37it/s, v_num=fdj2]
Epoch 0:  37%|███▋      | 451/1210 [05:29<09:13,  1.37it/s, v_num=fdj2]
Epoch 0:  37%|███▋      | 452/1210 [05:29<09:12,  1.37it/s, v_num=fdj2]
Epoch 0:  37%|███▋      | 452/1210 [05:29<09:12,  1.37it/s, v_num=fdj2]
Epoch 0:  37%|███▋      | 453/1210 [05:29<09:11,  1.37it/s, v_num=fdj2]
Epoch 0:  37%|███▋      | 453/1210 [05:29<09:11,  1.37it/s, v_num=fdj2]
Epoch 0:  38%|███▊      | 454/1210 [05:30<09:10,  1.37it/s, v_num=fdj2]
Epoch 0:  38%|███▊      | 454/1210 [05:30<09:10,  1.37it/s, v_num=fdj2]
Epoch 0:  38%|███▊      | 455/1210 [05:30<09:08,  1.38it/s, v_num=fdj2]
Epoch 0:  38%|███▊      | 455/1210 [05:30<09:08,  1.38it/s, v_num=fdj2]
Epoch 0:  38%|███▊      | 456/1210 [05:31<09:07,  1.38it/s, v_num=fdj2]
Epoch 0:  38%|███▊      | 456/1210 [05:31<09:07,  1.38it/s, v_num=fdj2]
Epoch 0:  38%|███▊      | 457/1210 [05:31<09:06,  1.38it/s, v_num=fdj2]
Epoch 0:  38%|███▊      | 457/1210 [05:31<09:06,  1.38it/s, v_num=fdj2]
Epoch 0:  38%|███▊      | 458/1210 [05:31<09:04,  1.38it/s, v_num=fdj2]
Epoch 0:  38%|███▊      | 458/1210 [05:31<09:04,  1.38it/s, v_num=fdj2]
Epoch 0:  38%|███▊      | 459/1210 [05:32<09:03,  1.38it/s, v_num=fdj2]
Epoch 0:  38%|███▊      | 459/1210 [05:32<09:03,  1.38it/s, v_num=fdj2]
Epoch 0:  38%|███▊      | 460/1210 [05:32<09:02,  1.38it/s, v_num=fdj2]
Epoch 0:  38%|███▊      | 460/1210 [05:32<09:02,  1.38it/s, v_num=fdj2]
Epoch 0:  38%|███▊      | 461/1210 [05:33<09:01,  1.38it/s, v_num=fdj2]
Epoch 0:  38%|███▊      | 461/1210 [05:33<09:01,  1.38it/s, v_num=fdj2]
Epoch 0:  38%|███▊      | 462/1210 [05:33<08:59,  1.39it/s, v_num=fdj2]
Epoch 0:  38%|███▊      | 462/1210 [05:33<08:59,  1.39it/s, v_num=fdj2]
Epoch 0:  38%|███▊      | 463/1210 [05:33<08:58,  1.39it/s, v_num=fdj2]
Epoch 0:  38%|███▊      | 463/1210 [05:33<08:58,  1.39it/s, v_num=fdj2]
Epoch 0:  38%|███▊      | 464/1210 [05:34<08:57,  1.39it/s, v_num=fdj2]
Epoch 0:  38%|███▊      | 464/1210 [05:34<08:57,  1.39it/s, v_num=fdj2]
Epoch 0:  38%|███▊      | 465/1210 [05:34<08:56,  1.39it/s, v_num=fdj2]
Epoch 0:  38%|███▊      | 465/1210 [05:34<08:56,  1.39it/s, v_num=fdj2]
Epoch 0:  39%|███▊      | 466/1210 [05:35<08:54,  1.39it/s, v_num=fdj2]
Epoch 0:  39%|███▊      | 466/1210 [05:35<08:54,  1.39it/s, v_num=fdj2]
Epoch 0:  39%|███▊      | 467/1210 [05:35<08:53,  1.39it/s, v_num=fdj2]
Epoch 0:  39%|███▊      | 467/1210 [05:35<08:53,  1.39it/s, v_num=fdj2]
Epoch 0:  39%|███▊      | 468/1210 [05:35<08:52,  1.39it/s, v_num=fdj2]
Epoch 0:  39%|███▊      | 468/1210 [05:35<08:52,  1.39it/s, v_num=fdj2]
Epoch 0:  39%|███▉      | 469/1210 [05:41<08:59,  1.37it/s, v_num=fdj2]
Epoch 0:  39%|███▉      | 469/1210 [05:41<08:59,  1.37it/s, v_num=fdj2]
Epoch 0:  39%|███▉      | 470/1210 [05:42<08:58,  1.37it/s, v_num=fdj2]
Epoch 0:  39%|███▉      | 470/1210 [05:42<08:58,  1.37it/s, v_num=fdj2]
Epoch 0:  39%|███▉      | 471/1210 [05:42<08:57,  1.38it/s, v_num=fdj2]
Epoch 0:  39%|███▉      | 471/1210 [05:42<08:57,  1.38it/s, v_num=fdj2]
Epoch 0:  39%|███▉      | 472/1210 [05:42<08:55,  1.38it/s, v_num=fdj2]
Epoch 0:  39%|███▉      | 472/1210 [05:42<08:55,  1.38it/s, v_num=fdj2]
Epoch 0:  39%|███▉      | 473/1210 [05:43<08:54,  1.38it/s, v_num=fdj2]
Epoch 0:  39%|███▉      | 473/1210 [05:43<08:54,  1.38it/s, v_num=fdj2]
Epoch 0:  39%|███▉      | 474/1210 [05:43<08:53,  1.38it/s, v_num=fdj2]
Epoch 0:  39%|███▉      | 474/1210 [05:43<08:53,  1.38it/s, v_num=fdj2]
Epoch 0:  39%|███▉      | 475/1210 [05:43<08:52,  1.38it/s, v_num=fdj2]
Epoch 0:  39%|███▉      | 475/1210 [05:43<08:52,  1.38it/s, v_num=fdj2]
Epoch 0:  39%|███▉      | 476/1210 [05:44<08:51,  1.38it/s, v_num=fdj2]
Epoch 0:  39%|███▉      | 476/1210 [05:44<08:51,  1.38it/s, v_num=fdj2]
Epoch 0:  39%|███▉      | 477/1210 [05:44<08:49,  1.38it/s, v_num=fdj2]
Epoch 0:  39%|███▉      | 477/1210 [05:44<08:49,  1.38it/s, v_num=fdj2]
Epoch 0:  40%|███▉      | 478/1210 [05:45<08:48,  1.38it/s, v_num=fdj2]
Epoch 0:  40%|███▉      | 478/1210 [05:45<08:48,  1.38it/s, v_num=fdj2]
Epoch 0:  40%|███▉      | 479/1210 [05:45<08:47,  1.39it/s, v_num=fdj2]
Epoch 0:  40%|███▉      | 479/1210 [05:45<08:47,  1.39it/s, v_num=fdj2]
Epoch 0:  40%|███▉      | 480/1210 [05:45<08:46,  1.39it/s, v_num=fdj2]
Epoch 0:  40%|███▉      | 480/1210 [05:45<08:46,  1.39it/s, v_num=fdj2]
Epoch 0:  40%|███▉      | 481/1210 [05:46<08:44,  1.39it/s, v_num=fdj2]
Epoch 0:  40%|███▉      | 481/1210 [05:46<08:44,  1.39it/s, v_num=fdj2]
Epoch 0:  40%|███▉      | 482/1210 [05:46<08:43,  1.39it/s, v_num=fdj2]
Epoch 0:  40%|███▉      | 482/1210 [05:46<08:43,  1.39it/s, v_num=fdj2]
Epoch 0:  40%|███▉      | 483/1210 [05:47<08:42,  1.39it/s, v_num=fdj2]
Epoch 0:  40%|███▉      | 483/1210 [05:47<08:42,  1.39it/s, v_num=fdj2]
Epoch 0:  40%|████      | 484/1210 [05:47<08:41,  1.39it/s, v_num=fdj2]
Epoch 0:  40%|████      | 484/1210 [05:47<08:41,  1.39it/s, v_num=fdj2]
Epoch 0:  40%|████      | 485/1210 [05:47<08:40,  1.39it/s, v_num=fdj2]
Epoch 0:  40%|████      | 485/1210 [05:47<08:40,  1.39it/s, v_num=fdj2]
Epoch 0:  40%|████      | 486/1210 [05:48<08:38,  1.40it/s, v_num=fdj2]
Epoch 0:  40%|████      | 486/1210 [05:48<08:38,  1.40it/s, v_num=fdj2]
Epoch 0:  40%|████      | 487/1210 [05:48<08:37,  1.40it/s, v_num=fdj2]
Epoch 0:  40%|████      | 487/1210 [05:48<08:37,  1.40it/s, v_num=fdj2]
Epoch 0:  40%|████      | 488/1210 [05:49<08:36,  1.40it/s, v_num=fdj2]
Epoch 0:  40%|████      | 488/1210 [05:49<08:36,  1.40it/s, v_num=fdj2]
Epoch 0:  40%|████      | 489/1210 [05:49<08:35,  1.40it/s, v_num=fdj2]
Epoch 0:  40%|████      | 489/1210 [05:49<08:35,  1.40it/s, v_num=fdj2]
Epoch 0:  40%|████      | 490/1210 [05:49<08:34,  1.40it/s, v_num=fdj2]
Epoch 0:  40%|████      | 490/1210 [05:49<08:34,  1.40it/s, v_num=fdj2]
Epoch 0:  41%|████      | 491/1210 [05:50<08:32,  1.40it/s, v_num=fdj2]
Epoch 0:  41%|████      | 491/1210 [05:50<08:32,  1.40it/s, v_num=fdj2]
Epoch 0:  41%|████      | 492/1210 [05:50<08:31,  1.40it/s, v_num=fdj2]
Epoch 0:  41%|████      | 492/1210 [05:50<08:31,  1.40it/s, v_num=fdj2]
Epoch 0:  41%|████      | 493/1210 [05:51<08:30,  1.40it/s, v_num=fdj2]
Epoch 0:  41%|████      | 493/1210 [05:51<08:30,  1.40it/s, v_num=fdj2]
Epoch 0:  41%|████      | 494/1210 [05:51<08:29,  1.41it/s, v_num=fdj2]
Epoch 0:  41%|████      | 494/1210 [05:51<08:29,  1.41it/s, v_num=fdj2]
Epoch 0:  41%|████      | 495/1210 [05:51<08:28,  1.41it/s, v_num=fdj2]
Epoch 0:  41%|████      | 495/1210 [05:51<08:28,  1.41it/s, v_num=fdj2]
Epoch 0:  41%|████      | 496/1210 [05:52<08:27,  1.41it/s, v_num=fdj2]
Epoch 0:  41%|████      | 496/1210 [05:52<08:27,  1.41it/s, v_num=fdj2]
Epoch 0:  41%|████      | 497/1210 [05:52<08:25,  1.41it/s, v_num=fdj2]
Epoch 0:  41%|████      | 497/1210 [05:52<08:25,  1.41it/s, v_num=fdj2]
Epoch 0:  41%|████      | 498/1210 [05:53<08:24,  1.41it/s, v_num=fdj2]
Epoch 0:  41%|████      | 498/1210 [05:53<08:24,  1.41it/s, v_num=fdj2]
Epoch 0:  41%|████      | 499/1210 [06:25<09:09,  1.29it/s, v_num=fdj2]
Epoch 0:  41%|████      | 499/1210 [06:25<09:09,  1.29it/s, v_num=fdj2]
Epoch 0:  41%|████▏     | 500/1210 [06:25<09:07,  1.30it/s, v_num=fdj2]
Epoch 0:  41%|████▏     | 500/1210 [06:25<09:07,  1.30it/s, v_num=fdj2]
Epoch 0:  41%|████▏     | 501/1210 [06:26<09:06,  1.30it/s, v_num=fdj2]
Epoch 0:  41%|████▏     | 501/1210 [06:26<09:06,  1.30it/s, v_num=fdj2]
Epoch 0:  41%|████▏     | 502/1210 [06:26<09:05,  1.30it/s, v_num=fdj2]
Epoch 0:  41%|████▏     | 502/1210 [06:26<09:05,  1.30it/s, v_num=fdj2]
Epoch 0:  42%|████▏     | 503/1210 [06:27<09:04,  1.30it/s, v_num=fdj2]
Epoch 0:  42%|████▏     | 503/1210 [06:27<09:04,  1.30it/s, v_num=fdj2]
Epoch 0:  42%|████▏     | 504/1210 [06:27<09:02,  1.30it/s, v_num=fdj2]
Epoch 0:  42%|████▏     | 504/1210 [06:27<09:02,  1.30it/s, v_num=fdj2]
Epoch 0:  42%|████▏     | 505/1210 [06:27<09:01,  1.30it/s, v_num=fdj2]
Epoch 0:  42%|████▏     | 505/1210 [06:27<09:01,  1.30it/s, v_num=fdj2]
Epoch 0:  42%|████▏     | 506/1210 [06:28<09:00,  1.30it/s, v_num=fdj2]
Epoch 0:  42%|████▏     | 506/1210 [06:28<09:00,  1.30it/s, v_num=fdj2]
Epoch 0:  42%|████▏     | 507/1210 [06:28<08:58,  1.30it/s, v_num=fdj2]
Epoch 0:  42%|████▏     | 507/1210 [06:28<08:58,  1.30it/s, v_num=fdj2]
Epoch 0:  42%|████▏     | 508/1210 [06:29<08:57,  1.31it/s, v_num=fdj2]
Epoch 0:  42%|████▏     | 508/1210 [06:29<08:57,  1.31it/s, v_num=fdj2]
Epoch 0:  42%|████▏     | 509/1210 [06:29<08:56,  1.31it/s, v_num=fdj2]
Epoch 0:  42%|████▏     | 509/1210 [06:29<08:56,  1.31it/s, v_num=fdj2]
Epoch 0:  42%|████▏     | 510/1210 [06:29<08:55,  1.31it/s, v_num=fdj2]
Epoch 0:  42%|████▏     | 510/1210 [06:29<08:55,  1.31it/s, v_num=fdj2]
Epoch 0:  42%|████▏     | 511/1210 [06:30<08:53,  1.31it/s, v_num=fdj2]
Epoch 0:  42%|████▏     | 511/1210 [06:30<08:53,  1.31it/s, v_num=fdj2]
Epoch 0:  42%|████▏     | 512/1210 [06:30<08:52,  1.31it/s, v_num=fdj2]
Epoch 0:  42%|████▏     | 512/1210 [06:30<08:52,  1.31it/s, v_num=fdj2]
Epoch 0:  42%|████▏     | 513/1210 [06:30<08:51,  1.31it/s, v_num=fdj2]
Epoch 0:  42%|████▏     | 513/1210 [06:31<08:51,  1.31it/s, v_num=fdj2]
Epoch 0:  42%|████▏     | 514/1210 [06:31<08:49,  1.31it/s, v_num=fdj2]
Epoch 0:  42%|████▏     | 514/1210 [06:31<08:49,  1.31it/s, v_num=fdj2]
Epoch 0:  43%|████▎     | 515/1210 [06:31<08:48,  1.31it/s, v_num=fdj2]
Epoch 0:  43%|████▎     | 515/1210 [06:31<08:48,  1.31it/s, v_num=fdj2]
Epoch 0:  43%|████▎     | 516/1210 [06:32<08:47,  1.32it/s, v_num=fdj2]
Epoch 0:  43%|████▎     | 516/1210 [06:32<08:47,  1.32it/s, v_num=fdj2]
Epoch 0:  43%|████▎     | 517/1210 [06:32<08:46,  1.32it/s, v_num=fdj2]
Epoch 0:  43%|████▎     | 517/1210 [06:32<08:46,  1.32it/s, v_num=fdj2]
Epoch 0:  43%|████▎     | 518/1210 [06:32<08:44,  1.32it/s, v_num=fdj2]
Epoch 0:  43%|████▎     | 518/1210 [06:32<08:44,  1.32it/s, v_num=fdj2]
Epoch 0:  43%|████▎     | 519/1210 [06:33<08:43,  1.32it/s, v_num=fdj2]
Epoch 0:  43%|████▎     | 519/1210 [06:33<08:43,  1.32it/s, v_num=fdj2]
Epoch 0:  43%|████▎     | 520/1210 [06:33<08:42,  1.32it/s, v_num=fdj2]
Epoch 0:  43%|████▎     | 520/1210 [06:33<08:42,  1.32it/s, v_num=fdj2]
Epoch 0:  43%|████▎     | 521/1210 [06:34<08:41,  1.32it/s, v_num=fdj2]
Epoch 0:  43%|████▎     | 521/1210 [06:34<08:41,  1.32it/s, v_num=fdj2]
Epoch 0:  43%|████▎     | 522/1210 [06:34<08:39,  1.32it/s, v_num=fdj2]
Epoch 0:  43%|████▎     | 522/1210 [06:34<08:39,  1.32it/s, v_num=fdj2]
Epoch 0:  43%|████▎     | 523/1210 [06:34<08:38,  1.32it/s, v_num=fdj2]
Epoch 0:  43%|████▎     | 523/1210 [06:34<08:38,  1.32it/s, v_num=fdj2]
Epoch 0:  43%|████▎     | 524/1210 [06:35<08:37,  1.33it/s, v_num=fdj2]
Epoch 0:  43%|████▎     | 524/1210 [06:35<08:37,  1.33it/s, v_num=fdj2]
Epoch 0:  43%|████▎     | 525/1210 [06:35<08:36,  1.33it/s, v_num=fdj2]
Epoch 0:  43%|████▎     | 525/1210 [06:35<08:36,  1.33it/s, v_num=fdj2]
Epoch 0:  43%|████▎     | 526/1210 [06:36<08:35,  1.33it/s, v_num=fdj2]
Epoch 0:  43%|████▎     | 526/1210 [06:36<08:35,  1.33it/s, v_num=fdj2]
Epoch 0:  44%|████▎     | 527/1210 [06:36<08:33,  1.33it/s, v_num=fdj2]
Epoch 0:  44%|████▎     | 527/1210 [06:36<08:33,  1.33it/s, v_num=fdj2]
Epoch 0:  44%|████▎     | 528/1210 [06:36<08:32,  1.33it/s, v_num=fdj2]
Epoch 0:  44%|████▎     | 528/1210 [06:36<08:32,  1.33it/s, v_num=fdj2]
Epoch 0:  44%|████▎     | 529/1210 [06:37<08:31,  1.33it/s, v_num=fdj2]
Epoch 0:  44%|████▎     | 529/1210 [06:37<08:31,  1.33it/s, v_num=fdj2]
Epoch 0:  44%|████▍     | 530/1210 [06:37<08:30,  1.33it/s, v_num=fdj2]
Epoch 0:  44%|████▍     | 530/1210 [06:37<08:30,  1.33it/s, v_num=fdj2]
Epoch 0:  44%|████▍     | 531/1210 [06:38<08:28,  1.33it/s, v_num=fdj2]
Epoch 0:  44%|████▍     | 531/1210 [06:38<08:29,  1.33it/s, v_num=fdj2]
Epoch 0:  44%|████▍     | 532/1210 [07:13<09:12,  1.23it/s, v_num=fdj2]
Epoch 0:  44%|████▍     | 532/1210 [07:13<09:12,  1.23it/s, v_num=fdj2]
Epoch 0:  44%|████▍     | 533/1210 [07:14<09:11,  1.23it/s, v_num=fdj2]
Epoch 0:  44%|████▍     | 533/1210 [07:14<09:11,  1.23it/s, v_num=fdj2]
Epoch 0:  44%|████▍     | 534/1210 [07:14<09:09,  1.23it/s, v_num=fdj2]
Epoch 0:  44%|████▍     | 534/1210 [07:14<09:09,  1.23it/s, v_num=fdj2]
Epoch 0:  44%|████▍     | 535/1210 [07:14<09:08,  1.23it/s, v_num=fdj2]
Epoch 0:  44%|████▍     | 535/1210 [07:14<09:08,  1.23it/s, v_num=fdj2]
Epoch 0:  44%|████▍     | 536/1210 [07:15<09:07,  1.23it/s, v_num=fdj2]
Epoch 0:  44%|████▍     | 536/1210 [07:15<09:07,  1.23it/s, v_num=fdj2]
Epoch 0:  44%|████▍     | 537/1210 [07:15<09:05,  1.23it/s, v_num=fdj2]
Epoch 0:  44%|████▍     | 537/1210 [07:15<09:05,  1.23it/s, v_num=fdj2]
Epoch 0:  44%|████▍     | 538/1210 [07:15<09:04,  1.23it/s, v_num=fdj2]
Epoch 0:  44%|████▍     | 538/1210 [07:15<09:04,  1.23it/s, v_num=fdj2]
Epoch 0:  45%|████▍     | 539/1210 [07:16<09:03,  1.24it/s, v_num=fdj2]
Epoch 0:  45%|████▍     | 539/1210 [07:16<09:03,  1.24it/s, v_num=fdj2]
Epoch 0:  45%|████▍     | 540/1210 [07:16<09:01,  1.24it/s, v_num=fdj2]
Epoch 0:  45%|████▍     | 540/1210 [07:16<09:01,  1.24it/s, v_num=fdj2]
Epoch 0:  45%|████▍     | 541/1210 [07:17<09:00,  1.24it/s, v_num=fdj2]
Epoch 0:  45%|████▍     | 541/1210 [07:17<09:00,  1.24it/s, v_num=fdj2]
Epoch 0:  45%|████▍     | 542/1210 [07:17<08:59,  1.24it/s, v_num=fdj2]
Epoch 0:  45%|████▍     | 542/1210 [07:17<08:59,  1.24it/s, v_num=fdj2]
Epoch 0:  45%|████▍     | 543/1210 [07:17<08:57,  1.24it/s, v_num=fdj2]
Epoch 0:  45%|████▍     | 543/1210 [07:17<08:57,  1.24it/s, v_num=fdj2]
Epoch 0:  45%|████▍     | 544/1210 [07:18<08:56,  1.24it/s, v_num=fdj2]
Epoch 0:  45%|████▍     | 544/1210 [07:18<08:56,  1.24it/s, v_num=fdj2]
Epoch 0:  45%|████▌     | 545/1210 [07:18<08:55,  1.24it/s, v_num=fdj2]
Epoch 0:  45%|████▌     | 545/1210 [07:18<08:55,  1.24it/s, v_num=fdj2]
Epoch 0:  45%|████▌     | 546/1210 [07:19<08:54,  1.24it/s, v_num=fdj2]
Epoch 0:  45%|████▌     | 546/1210 [07:19<08:54,  1.24it/s, v_num=fdj2]
Epoch 0:  45%|████▌     | 547/1210 [07:19<08:52,  1.24it/s, v_num=fdj2]
Epoch 0:  45%|████▌     | 547/1210 [07:19<08:52,  1.24it/s, v_num=fdj2]
Epoch 0:  45%|████▌     | 548/1210 [07:19<08:51,  1.25it/s, v_num=fdj2]
Epoch 0:  45%|████▌     | 548/1210 [07:19<08:51,  1.25it/s, v_num=fdj2]
Epoch 0:  45%|████▌     | 549/1210 [07:20<08:50,  1.25it/s, v_num=fdj2]
Epoch 0:  45%|████▌     | 549/1210 [07:20<08:50,  1.25it/s, v_num=fdj2]
Epoch 0:  45%|████▌     | 550/1210 [07:20<08:48,  1.25it/s, v_num=fdj2]
Epoch 0:  45%|████▌     | 550/1210 [07:20<08:48,  1.25it/s, v_num=fdj2]
Epoch 0:  46%|████▌     | 551/1210 [07:21<08:47,  1.25it/s, v_num=fdj2]
Epoch 0:  46%|████▌     | 551/1210 [07:21<08:47,  1.25it/s, v_num=fdj2]
Epoch 0:  46%|████▌     | 552/1210 [07:21<08:46,  1.25it/s, v_num=fdj2]
Epoch 0:  46%|████▌     | 552/1210 [07:21<08:46,  1.25it/s, v_num=fdj2]
Epoch 0:  46%|████▌     | 553/1210 [07:21<08:44,  1.25it/s, v_num=fdj2]
Epoch 0:  46%|████▌     | 553/1210 [07:21<08:44,  1.25it/s, v_num=fdj2]
Epoch 0:  46%|████▌     | 554/1210 [07:22<08:43,  1.25it/s, v_num=fdj2]
Epoch 0:  46%|████▌     | 554/1210 [07:22<08:43,  1.25it/s, v_num=fdj2]
Epoch 0:  46%|████▌     | 555/1210 [07:22<08:42,  1.25it/s, v_num=fdj2]
Epoch 0:  46%|████▌     | 555/1210 [07:22<08:42,  1.25it/s, v_num=fdj2]
Epoch 0:  46%|████▌     | 556/1210 [07:23<08:41,  1.26it/s, v_num=fdj2]
Epoch 0:  46%|████▌     | 556/1210 [07:23<08:41,  1.25it/s, v_num=fdj2]
Epoch 0:  46%|████▌     | 557/1210 [07:23<08:39,  1.26it/s, v_num=fdj2]
Epoch 0:  46%|████▌     | 557/1210 [07:23<08:39,  1.26it/s, v_num=fdj2]
Epoch 0:  46%|████▌     | 558/1210 [07:23<08:38,  1.26it/s, v_num=fdj2]
Epoch 0:  46%|████▌     | 558/1210 [07:23<08:38,  1.26it/s, v_num=fdj2]
Epoch 0:  46%|████▌     | 559/1210 [07:24<08:37,  1.26it/s, v_num=fdj2]
Epoch 0:  46%|████▌     | 559/1210 [07:24<08:37,  1.26it/s, v_num=fdj2]
Epoch 0:  46%|████▋     | 560/1210 [07:24<08:36,  1.26it/s, v_num=fdj2]
Epoch 0:  46%|████▋     | 560/1210 [07:24<08:36,  1.26it/s, v_num=fdj2]
Epoch 0:  46%|████▋     | 561/1210 [07:24<08:34,  1.26it/s, v_num=fdj2]
Epoch 0:  46%|████▋     | 561/1210 [07:24<08:34,  1.26it/s, v_num=fdj2]
Epoch 0:  46%|████▋     | 562/1210 [07:51<09:03,  1.19it/s, v_num=fdj2]
Epoch 0:  46%|████▋     | 562/1210 [07:51<09:03,  1.19it/s, v_num=fdj2]
Epoch 0:  47%|████▋     | 563/1210 [07:51<09:02,  1.19it/s, v_num=fdj2]
Epoch 0:  47%|████▋     | 563/1210 [07:51<09:02,  1.19it/s, v_num=fdj2]
Epoch 0:  47%|████▋     | 564/1210 [07:52<09:01,  1.19it/s, v_num=fdj2]
Epoch 0:  47%|████▋     | 564/1210 [07:52<09:01,  1.19it/s, v_num=fdj2]
Epoch 0:  47%|████▋     | 565/1210 [07:52<08:59,  1.20it/s, v_num=fdj2]
Epoch 0:  47%|████▋     | 565/1210 [07:52<08:59,  1.20it/s, v_num=fdj2]
Epoch 0:  47%|████▋     | 566/1210 [07:53<08:58,  1.20it/s, v_num=fdj2]
Epoch 0:  47%|████▋     | 566/1210 [07:53<08:58,  1.20it/s, v_num=fdj2]
Epoch 0:  47%|████▋     | 567/1210 [07:53<08:57,  1.20it/s, v_num=fdj2]
Epoch 0:  47%|████▋     | 567/1210 [07:53<08:57,  1.20it/s, v_num=fdj2]
Epoch 0:  47%|████▋     | 568/1210 [07:53<08:55,  1.20it/s, v_num=fdj2]
Epoch 0:  47%|████▋     | 568/1210 [07:53<08:55,  1.20it/s, v_num=fdj2]
Epoch 0:  47%|████▋     | 569/1210 [07:54<08:54,  1.20it/s, v_num=fdj2]
Epoch 0:  47%|████▋     | 569/1210 [07:54<08:54,  1.20it/s, v_num=fdj2]
Epoch 0:  47%|████▋     | 570/1210 [07:54<08:53,  1.20it/s, v_num=fdj2]
Epoch 0:  47%|████▋     | 570/1210 [07:54<08:53,  1.20it/s, v_num=fdj2]
Epoch 0:  47%|████▋     | 571/1210 [07:55<08:51,  1.20it/s, v_num=fdj2]
Epoch 0:  47%|████▋     | 571/1210 [07:55<08:51,  1.20it/s, v_num=fdj2]
Epoch 0:  47%|████▋     | 572/1210 [07:55<08:50,  1.20it/s, v_num=fdj2]
Epoch 0:  47%|████▋     | 572/1210 [07:55<08:50,  1.20it/s, v_num=fdj2]
Epoch 0:  47%|████▋     | 573/1210 [07:55<08:49,  1.20it/s, v_num=fdj2]
Epoch 0:  47%|████▋     | 573/1210 [07:55<08:49,  1.20it/s, v_num=fdj2]
Epoch 0:  47%|████▋     | 574/1210 [07:56<08:47,  1.21it/s, v_num=fdj2]
Epoch 0:  47%|████▋     | 574/1210 [07:56<08:47,  1.21it/s, v_num=fdj2]
Epoch 0:  48%|████▊     | 575/1210 [07:56<08:46,  1.21it/s, v_num=fdj2]
Epoch 0:  48%|████▊     | 575/1210 [07:56<08:46,  1.21it/s, v_num=fdj2]
Epoch 0:  48%|████▊     | 576/1210 [07:57<08:45,  1.21it/s, v_num=fdj2]
Epoch 0:  48%|████▊     | 576/1210 [07:57<08:45,  1.21it/s, v_num=fdj2]
Epoch 0:  48%|████▊     | 577/1210 [07:57<08:43,  1.21it/s, v_num=fdj2]
Epoch 0:  48%|████▊     | 577/1210 [07:57<08:43,  1.21it/s, v_num=fdj2]
Epoch 0:  48%|████▊     | 578/1210 [07:57<08:42,  1.21it/s, v_num=fdj2]
Epoch 0:  48%|████▊     | 578/1210 [07:57<08:42,  1.21it/s, v_num=fdj2]
Epoch 0:  48%|████▊     | 579/1210 [07:58<08:41,  1.21it/s, v_num=fdj2]
Epoch 0:  48%|████▊     | 579/1210 [07:58<08:41,  1.21it/s, v_num=fdj2]
Epoch 0:  48%|████▊     | 580/1210 [07:58<08:39,  1.21it/s, v_num=fdj2]
Epoch 0:  48%|████▊     | 580/1210 [07:58<08:39,  1.21it/s, v_num=fdj2]
Epoch 0:  48%|████▊     | 581/1210 [07:59<08:38,  1.21it/s, v_num=fdj2]
Epoch 0:  48%|████▊     | 581/1210 [07:59<08:38,  1.21it/s, v_num=fdj2]
Epoch 0:  48%|████▊     | 582/1210 [07:59<08:37,  1.21it/s, v_num=fdj2]
Epoch 0:  48%|████▊     | 582/1210 [07:59<08:37,  1.21it/s, v_num=fdj2]
Epoch 0:  48%|████▊     | 583/1210 [07:59<08:36,  1.22it/s, v_num=fdj2]
Epoch 0:  48%|████▊     | 583/1210 [07:59<08:36,  1.22it/s, v_num=fdj2]
Epoch 0:  48%|████▊     | 584/1210 [08:00<08:34,  1.22it/s, v_num=fdj2]
Epoch 0:  48%|████▊     | 584/1210 [08:00<08:34,  1.22it/s, v_num=fdj2]
Epoch 0:  48%|████▊     | 585/1210 [08:00<08:33,  1.22it/s, v_num=fdj2]
Epoch 0:  48%|████▊     | 585/1210 [08:00<08:33,  1.22it/s, v_num=fdj2]
Epoch 0:  48%|████▊     | 586/1210 [08:00<08:32,  1.22it/s, v_num=fdj2]
Epoch 0:  48%|████▊     | 586/1210 [08:00<08:32,  1.22it/s, v_num=fdj2]
Epoch 0:  49%|████▊     | 587/1210 [08:01<08:30,  1.22it/s, v_num=fdj2]
Epoch 0:  49%|████▊     | 587/1210 [08:01<08:30,  1.22it/s, v_num=fdj2]
Epoch 0:  49%|████▊     | 588/1210 [08:01<08:29,  1.22it/s, v_num=fdj2]
Epoch 0:  49%|████▊     | 588/1210 [08:01<08:29,  1.22it/s, v_num=fdj2]
Epoch 0:  49%|████▊     | 589/1210 [08:02<08:28,  1.22it/s, v_num=fdj2]
Epoch 0:  49%|████▊     | 589/1210 [08:02<08:28,  1.22it/s, v_num=fdj2]
Epoch 0:  49%|████▉     | 590/1210 [08:02<08:27,  1.22it/s, v_num=fdj2]
Epoch 0:  49%|████▉     | 590/1210 [08:02<08:27,  1.22it/s, v_num=fdj2]
Epoch 0:  49%|████▉     | 591/1210 [08:02<08:25,  1.22it/s, v_num=fdj2]
Epoch 0:  49%|████▉     | 591/1210 [08:02<08:25,  1.22it/s, v_num=fdj2]
Epoch 0:  49%|████▉     | 592/1210 [08:51<09:14,  1.11it/s, v_num=fdj2]
Epoch 0:  49%|████▉     | 592/1210 [08:51<09:14,  1.11it/s, v_num=fdj2]
Epoch 0:  49%|████▉     | 593/1210 [08:51<09:12,  1.12it/s, v_num=fdj2]
Epoch 0:  49%|████▉     | 593/1210 [08:51<09:12,  1.12it/s, v_num=fdj2]
Epoch 0:  49%|████▉     | 594/1210 [08:51<09:11,  1.12it/s, v_num=fdj2]
Epoch 0:  49%|████▉     | 594/1210 [08:51<09:11,  1.12it/s, v_num=fdj2]
Epoch 0:  49%|████▉     | 595/1210 [08:52<09:10,  1.12it/s, v_num=fdj2]
Epoch 0:  49%|████▉     | 595/1210 [08:52<09:10,  1.12it/s, v_num=fdj2]
Epoch 0:  49%|████▉     | 596/1210 [08:52<09:08,  1.12it/s, v_num=fdj2]
Epoch 0:  49%|████▉     | 596/1210 [08:52<09:08,  1.12it/s, v_num=fdj2]
Epoch 0:  49%|████▉     | 597/1210 [08:53<09:07,  1.12it/s, v_num=fdj2]
Epoch 0:  49%|████▉     | 597/1210 [08:53<09:07,  1.12it/s, v_num=fdj2]
Epoch 0:  49%|████▉     | 598/1210 [08:53<09:05,  1.12it/s, v_num=fdj2]
Epoch 0:  49%|████▉     | 598/1210 [08:53<09:05,  1.12it/s, v_num=fdj2]
Epoch 0:  50%|████▉     | 599/1210 [08:53<09:04,  1.12it/s, v_num=fdj2]
Epoch 0:  50%|████▉     | 599/1210 [08:53<09:04,  1.12it/s, v_num=fdj2]
Epoch 0:  50%|████▉     | 600/1210 [08:54<09:03,  1.12it/s, v_num=fdj2]
Epoch 0:  50%|████▉     | 600/1210 [08:54<09:03,  1.12it/s, v_num=fdj2]
Epoch 0:  50%|████▉     | 601/1210 [08:54<09:01,  1.12it/s, v_num=fdj2]
Epoch 0:  50%|████▉     | 601/1210 [08:54<09:01,  1.12it/s, v_num=fdj2]
Epoch 0:  50%|████▉     | 602/1210 [08:54<09:00,  1.13it/s, v_num=fdj2]
Epoch 0:  50%|████▉     | 602/1210 [08:54<09:00,  1.13it/s, v_num=fdj2]
Epoch 0:  50%|████▉     | 603/1210 [08:55<08:58,  1.13it/s, v_num=fdj2]
Epoch 0:  50%|████▉     | 603/1210 [08:55<08:58,  1.13it/s, v_num=fdj2]
Epoch 0:  50%|████▉     | 604/1210 [08:55<08:57,  1.13it/s, v_num=fdj2]
Epoch 0:  50%|████▉     | 604/1210 [08:55<08:57,  1.13it/s, v_num=fdj2]
Epoch 0:  50%|█████     | 605/1210 [08:56<08:56,  1.13it/s, v_num=fdj2]
Epoch 0:  50%|█████     | 605/1210 [08:56<08:56,  1.13it/s, v_num=fdj2]
Epoch 0:  50%|█████     | 606/1210 [08:56<08:54,  1.13it/s, v_num=fdj2]
Epoch 0:  50%|█████     | 606/1210 [08:56<08:54,  1.13it/s, v_num=fdj2]
Epoch 0:  50%|█████     | 607/1210 [08:56<08:53,  1.13it/s, v_num=fdj2]
Epoch 0:  50%|█████     | 607/1210 [08:56<08:53,  1.13it/s, v_num=fdj2]
Epoch 0:  50%|█████     | 608/1210 [08:57<08:52,  1.13it/s, v_num=fdj2]
Epoch 0:  50%|█████     | 608/1210 [08:57<08:52,  1.13it/s, v_num=fdj2]
Epoch 0:  50%|█████     | 609/1210 [08:57<08:50,  1.13it/s, v_num=fdj2]
Epoch 0:  50%|█████     | 609/1210 [08:57<08:50,  1.13it/s, v_num=fdj2]
Epoch 0:  50%|█████     | 610/1210 [08:58<08:49,  1.13it/s, v_num=fdj2]
Epoch 0:  50%|█████     | 610/1210 [08:58<08:49,  1.13it/s, v_num=fdj2]
Epoch 0:  50%|█████     | 611/1210 [08:58<08:47,  1.13it/s, v_num=fdj2]
Epoch 0:  50%|█████     | 611/1210 [08:58<08:47,  1.13it/s, v_num=fdj2]
Epoch 0:  51%|█████     | 612/1210 [08:58<08:46,  1.14it/s, v_num=fdj2]
Epoch 0:  51%|█████     | 612/1210 [08:58<08:46,  1.14it/s, v_num=fdj2]
Epoch 0:  51%|█████     | 613/1210 [08:59<08:45,  1.14it/s, v_num=fdj2]
Epoch 0:  51%|█████     | 613/1210 [08:59<08:45,  1.14it/s, v_num=fdj2]
Epoch 0:  51%|█████     | 614/1210 [08:59<08:43,  1.14it/s, v_num=fdj2]
Epoch 0:  51%|█████     | 614/1210 [08:59<08:43,  1.14it/s, v_num=fdj2]
Epoch 0:  51%|█████     | 615/1210 [09:00<08:42,  1.14it/s, v_num=fdj2]
Epoch 0:  51%|█████     | 615/1210 [09:00<08:42,  1.14it/s, v_num=fdj2]
Epoch 0:  51%|█████     | 616/1210 [09:00<08:41,  1.14it/s, v_num=fdj2]
Epoch 0:  51%|█████     | 616/1210 [09:00<08:41,  1.14it/s, v_num=fdj2]
Epoch 0:  51%|█████     | 617/1210 [09:00<08:39,  1.14it/s, v_num=fdj2]
Epoch 0:  51%|█████     | 617/1210 [09:00<08:39,  1.14it/s, v_num=fdj2]
Epoch 0:  51%|█████     | 618/1210 [09:01<08:38,  1.14it/s, v_num=fdj2]
Epoch 0:  51%|█████     | 618/1210 [09:01<08:38,  1.14it/s, v_num=fdj2]
Epoch 0:  51%|█████     | 619/1210 [09:01<08:37,  1.14it/s, v_num=fdj2]
Epoch 0:  51%|█████     | 619/1210 [09:01<08:37,  1.14it/s, v_num=fdj2]
Epoch 0:  51%|█████     | 620/1210 [09:02<08:35,  1.14it/s, v_num=fdj2]
Epoch 0:  51%|█████     | 620/1210 [09:02<08:35,  1.14it/s, v_num=fdj2]
Epoch 0:  51%|█████▏    | 621/1210 [09:02<08:34,  1.14it/s, v_num=fdj2]
Epoch 0:  51%|█████▏    | 621/1210 [09:02<08:34,  1.14it/s, v_num=fdj2]
Epoch 0:  51%|█████▏    | 622/1210 [09:02<08:33,  1.15it/s, v_num=fdj2]
Epoch 0:  51%|█████▏    | 622/1210 [09:02<08:33,  1.15it/s, v_num=fdj2]
Epoch 0:  51%|█████▏    | 623/1210 [09:03<08:31,  1.15it/s, v_num=fdj2]
Epoch 0:  51%|█████▏    | 623/1210 [09:03<08:31,  1.15it/s, v_num=fdj2]
Epoch 0:  52%|█████▏    | 624/1210 [09:03<08:30,  1.15it/s, v_num=fdj2]
Epoch 0:  52%|█████▏    | 624/1210 [09:03<08:30,  1.15it/s, v_num=fdj2]
Epoch 0:  52%|█████▏    | 625/1210 [09:35<08:58,  1.09it/s, v_num=fdj2]
Epoch 0:  52%|█████▏    | 625/1210 [09:35<08:58,  1.09it/s, v_num=fdj2]
Epoch 0:  52%|█████▏    | 626/1210 [09:35<08:56,  1.09it/s, v_num=fdj2]
Epoch 0:  52%|█████▏    | 626/1210 [09:35<08:56,  1.09it/s, v_num=fdj2]
Epoch 0:  52%|█████▏    | 627/1210 [09:35<08:55,  1.09it/s, v_num=fdj2]
Epoch 0:  52%|█████▏    | 627/1210 [09:35<08:55,  1.09it/s, v_num=fdj2]
Epoch 0:  52%|█████▏    | 628/1210 [09:36<08:54,  1.09it/s, v_num=fdj2]
Epoch 0:  52%|█████▏    | 628/1210 [09:36<08:54,  1.09it/s, v_num=fdj2]
Epoch 0:  52%|█████▏    | 629/1210 [09:36<08:52,  1.09it/s, v_num=fdj2]
Epoch 0:  52%|█████▏    | 629/1210 [09:36<08:52,  1.09it/s, v_num=fdj2]
Epoch 0:  52%|█████▏    | 630/1210 [09:37<08:51,  1.09it/s, v_num=fdj2]
Epoch 0:  52%|█████▏    | 630/1210 [09:37<08:51,  1.09it/s, v_num=fdj2]
Epoch 0:  52%|█████▏    | 631/1210 [09:37<08:49,  1.09it/s, v_num=fdj2]
Epoch 0:  52%|█████▏    | 631/1210 [09:37<08:49,  1.09it/s, v_num=fdj2]
Epoch 0:  52%|█████▏    | 632/1210 [09:37<08:48,  1.09it/s, v_num=fdj2]
Epoch 0:  52%|█████▏    | 632/1210 [09:37<08:48,  1.09it/s, v_num=fdj2]
Epoch 0:  52%|█████▏    | 633/1210 [09:38<08:47,  1.09it/s, v_num=fdj2]
Epoch 0:  52%|█████▏    | 633/1210 [09:38<08:47,  1.09it/s, v_num=fdj2]
Epoch 0:  52%|█████▏    | 634/1210 [09:38<08:45,  1.10it/s, v_num=fdj2]
Epoch 0:  52%|█████▏    | 634/1210 [09:38<08:45,  1.10it/s, v_num=fdj2]
Epoch 0:  52%|█████▏    | 635/1210 [09:39<08:44,  1.10it/s, v_num=fdj2]
Epoch 0:  52%|█████▏    | 635/1210 [09:39<08:44,  1.10it/s, v_num=fdj2]
Epoch 0:  53%|█████▎    | 636/1210 [09:39<08:42,  1.10it/s, v_num=fdj2]
Epoch 0:  53%|█████▎    | 636/1210 [09:39<08:42,  1.10it/s, v_num=fdj2]
Epoch 0:  53%|█████▎    | 637/1210 [09:39<08:41,  1.10it/s, v_num=fdj2]
Epoch 0:  53%|█████▎    | 637/1210 [09:39<08:41,  1.10it/s, v_num=fdj2]
Epoch 0:  53%|█████▎    | 638/1210 [09:40<08:40,  1.10it/s, v_num=fdj2]
Epoch 0:  53%|█████▎    | 638/1210 [09:40<08:40,  1.10it/s, v_num=fdj2]
Epoch 0:  53%|█████▎    | 639/1210 [09:40<08:38,  1.10it/s, v_num=fdj2]
Epoch 0:  53%|█████▎    | 639/1210 [09:40<08:38,  1.10it/s, v_num=fdj2]
Epoch 0:  53%|█████▎    | 640/1210 [09:40<08:37,  1.10it/s, v_num=fdj2]
Epoch 0:  53%|█████▎    | 640/1210 [09:40<08:37,  1.10it/s, v_num=fdj2]
Epoch 0:  53%|█████▎    | 641/1210 [09:41<08:36,  1.10it/s, v_num=fdj2]
Epoch 0:  53%|█████▎    | 641/1210 [09:41<08:36,  1.10it/s, v_num=fdj2]
Epoch 0:  53%|█████▎    | 642/1210 [09:41<08:34,  1.10it/s, v_num=fdj2]
Epoch 0:  53%|█████▎    | 642/1210 [09:41<08:34,  1.10it/s, v_num=fdj2]
Epoch 0:  53%|█████▎    | 643/1210 [09:42<08:33,  1.10it/s, v_num=fdj2]
Epoch 0:  53%|█████▎    | 643/1210 [09:42<08:33,  1.10it/s, v_num=fdj2]
Epoch 0:  53%|█████▎    | 644/1210 [09:42<08:32,  1.11it/s, v_num=fdj2]
Epoch 0:  53%|█████▎    | 644/1210 [09:42<08:32,  1.11it/s, v_num=fdj2]
Epoch 0:  53%|█████▎    | 645/1210 [09:42<08:30,  1.11it/s, v_num=fdj2]
Epoch 0:  53%|█████▎    | 645/1210 [09:42<08:30,  1.11it/s, v_num=fdj2]
Epoch 0:  53%|█████▎    | 646/1210 [09:43<08:29,  1.11it/s, v_num=fdj2]
Epoch 0:  53%|█████▎    | 646/1210 [09:43<08:29,  1.11it/s, v_num=fdj2]
Epoch 0:  53%|█████▎    | 647/1210 [09:43<08:27,  1.11it/s, v_num=fdj2]
Epoch 0:  53%|█████▎    | 647/1210 [09:43<08:27,  1.11it/s, v_num=fdj2]
Epoch 0:  54%|█████▎    | 648/1210 [09:44<08:26,  1.11it/s, v_num=fdj2]
Epoch 0:  54%|█████▎    | 648/1210 [09:44<08:26,  1.11it/s, v_num=fdj2]
Epoch 0:  54%|█████▎    | 649/1210 [09:44<08:25,  1.11it/s, v_num=fdj2]
Epoch 0:  54%|█████▎    | 649/1210 [09:44<08:25,  1.11it/s, v_num=fdj2]
Epoch 0:  54%|█████▎    | 650/1210 [09:44<08:23,  1.11it/s, v_num=fdj2]
Epoch 0:  54%|█████▎    | 650/1210 [09:44<08:23,  1.11it/s, v_num=fdj2]
Epoch 0:  54%|█████▍    | 651/1210 [09:45<08:22,  1.11it/s, v_num=fdj2]
Epoch 0:  54%|█████▍    | 651/1210 [09:45<08:22,  1.11it/s, v_num=fdj2]
Epoch 0:  54%|█████▍    | 652/1210 [09:45<08:21,  1.11it/s, v_num=fdj2]
Epoch 0:  54%|█████▍    | 652/1210 [09:45<08:21,  1.11it/s, v_num=fdj2]
Epoch 0:  54%|█████▍    | 653/1210 [09:46<08:19,  1.11it/s, v_num=fdj2]
Epoch 0:  54%|█████▍    | 653/1210 [09:46<08:19,  1.11it/s, v_num=fdj2]
Epoch 0:  54%|█████▍    | 654/1210 [09:46<08:18,  1.12it/s, v_num=fdj2]
Epoch 0:  54%|█████▍    | 654/1210 [09:46<08:18,  1.12it/s, v_num=fdj2]
Epoch 0:  54%|█████▍    | 655/1210 [10:16<08:42,  1.06it/s, v_num=fdj2]
Epoch 0:  54%|█████▍    | 655/1210 [10:16<08:42,  1.06it/s, v_num=fdj2]
Epoch 0:  54%|█████▍    | 656/1210 [10:16<08:40,  1.06it/s, v_num=fdj2]
Epoch 0:  54%|█████▍    | 656/1210 [10:16<08:40,  1.06it/s, v_num=fdj2]
Epoch 0:  54%|█████▍    | 657/1210 [10:17<08:39,  1.06it/s, v_num=fdj2]
Epoch 0:  54%|█████▍    | 657/1210 [10:17<08:39,  1.06it/s, v_num=fdj2]
Epoch 0:  54%|█████▍    | 658/1210 [10:17<08:38,  1.07it/s, v_num=fdj2]
Epoch 0:  54%|█████▍    | 658/1210 [10:17<08:38,  1.07it/s, v_num=fdj2]
Epoch 0:  54%|█████▍    | 659/1210 [10:18<08:36,  1.07it/s, v_num=fdj2]
Epoch 0:  54%|█████▍    | 659/1210 [10:18<08:36,  1.07it/s, v_num=fdj2]
Epoch 0:  55%|█████▍    | 660/1210 [10:18<08:35,  1.07it/s, v_num=fdj2]
Epoch 0:  55%|█████▍    | 660/1210 [10:18<08:35,  1.07it/s, v_num=fdj2]
Epoch 0:  55%|█████▍    | 661/1210 [10:18<08:33,  1.07it/s, v_num=fdj2]
Epoch 0:  55%|█████▍    | 661/1210 [10:18<08:33,  1.07it/s, v_num=fdj2]
Epoch 0:  55%|█████▍    | 662/1210 [10:19<08:32,  1.07it/s, v_num=fdj2]
Epoch 0:  55%|█████▍    | 662/1210 [10:19<08:32,  1.07it/s, v_num=fdj2]
Epoch 0:  55%|█████▍    | 663/1210 [10:19<08:31,  1.07it/s, v_num=fdj2]
Epoch 0:  55%|█████▍    | 663/1210 [10:19<08:31,  1.07it/s, v_num=fdj2]
Epoch 0:  55%|█████▍    | 664/1210 [10:20<08:29,  1.07it/s, v_num=fdj2]
Epoch 0:  55%|█████▍    | 664/1210 [10:20<08:29,  1.07it/s, v_num=fdj2]
Epoch 0:  55%|█████▍    | 665/1210 [10:20<08:28,  1.07it/s, v_num=fdj2]
Epoch 0:  55%|█████▍    | 665/1210 [10:20<08:28,  1.07it/s, v_num=fdj2]
Epoch 0:  55%|█████▌    | 666/1210 [10:20<08:27,  1.07it/s, v_num=fdj2]
Epoch 0:  55%|█████▌    | 666/1210 [10:20<08:27,  1.07it/s, v_num=fdj2]
Epoch 0:  55%|█████▌    | 667/1210 [10:21<08:25,  1.07it/s, v_num=fdj2]
Epoch 0:  55%|█████▌    | 667/1210 [10:21<08:25,  1.07it/s, v_num=fdj2]
Epoch 0:  55%|█████▌    | 668/1210 [10:21<08:24,  1.07it/s, v_num=fdj2]
Epoch 0:  55%|█████▌    | 668/1210 [10:21<08:24,  1.07it/s, v_num=fdj2]
Epoch 0:  55%|█████▌    | 669/1210 [10:21<08:22,  1.08it/s, v_num=fdj2]
Epoch 0:  55%|█████▌    | 669/1210 [10:21<08:22,  1.08it/s, v_num=fdj2]
Epoch 0:  55%|█████▌    | 670/1210 [10:22<08:21,  1.08it/s, v_num=fdj2]
Epoch 0:  55%|█████▌    | 670/1210 [10:22<08:21,  1.08it/s, v_num=fdj2]
Epoch 0:  55%|█████▌    | 671/1210 [10:22<08:20,  1.08it/s, v_num=fdj2]
Epoch 0:  55%|█████▌    | 671/1210 [10:22<08:20,  1.08it/s, v_num=fdj2]
Epoch 0:  56%|█████▌    | 672/1210 [10:23<08:18,  1.08it/s, v_num=fdj2]
Epoch 0:  56%|█████▌    | 672/1210 [10:23<08:18,  1.08it/s, v_num=fdj2]
Epoch 0:  56%|█████▌    | 673/1210 [10:23<08:17,  1.08it/s, v_num=fdj2]
Epoch 0:  56%|█████▌    | 673/1210 [10:23<08:17,  1.08it/s, v_num=fdj2]
Epoch 0:  56%|█████▌    | 674/1210 [10:23<08:16,  1.08it/s, v_num=fdj2]
Epoch 0:  56%|█████▌    | 674/1210 [10:23<08:16,  1.08it/s, v_num=fdj2]
Epoch 0:  56%|█████▌    | 675/1210 [10:24<08:14,  1.08it/s, v_num=fdj2]
Epoch 0:  56%|█████▌    | 675/1210 [10:24<08:14,  1.08it/s, v_num=fdj2]
Epoch 0:  56%|█████▌    | 676/1210 [10:24<08:13,  1.08it/s, v_num=fdj2]
Epoch 0:  56%|█████▌    | 676/1210 [10:24<08:13,  1.08it/s, v_num=fdj2]
Epoch 0:  56%|█████▌    | 677/1210 [10:25<08:12,  1.08it/s, v_num=fdj2]
Epoch 0:  56%|█████▌    | 677/1210 [10:25<08:12,  1.08it/s, v_num=fdj2]
Epoch 0:  56%|█████▌    | 678/1210 [10:25<08:10,  1.08it/s, v_num=fdj2]
Epoch 0:  56%|█████▌    | 678/1210 [10:25<08:10,  1.08it/s, v_num=fdj2]
Epoch 0:  56%|█████▌    | 679/1210 [10:25<08:09,  1.08it/s, v_num=fdj2]
Epoch 0:  56%|█████▌    | 679/1210 [10:25<08:09,  1.08it/s, v_num=fdj2]
Epoch 0:  56%|█████▌    | 680/1210 [10:26<08:08,  1.09it/s, v_num=fdj2]
Epoch 0:  56%|█████▌    | 680/1210 [10:26<08:08,  1.09it/s, v_num=fdj2]
Epoch 0:  56%|█████▋    | 681/1210 [10:26<08:06,  1.09it/s, v_num=fdj2]
Epoch 0:  56%|█████▋    | 681/1210 [10:26<08:06,  1.09it/s, v_num=fdj2]
Epoch 0:  56%|█████▋    | 682/1210 [10:27<08:05,  1.09it/s, v_num=fdj2]
Epoch 0:  56%|█████▋    | 682/1210 [10:27<08:05,  1.09it/s, v_num=fdj2]
Epoch 0:  56%|█████▋    | 683/1210 [10:27<08:04,  1.09it/s, v_num=fdj2]
Epoch 0:  56%|█████▋    | 683/1210 [10:27<08:04,  1.09it/s, v_num=fdj2]
Epoch 0:  57%|█████▋    | 684/1210 [10:27<08:02,  1.09it/s, v_num=fdj2]
Epoch 0:  57%|█████▋    | 684/1210 [10:27<08:02,  1.09it/s, v_num=fdj2]
Epoch 0:  57%|█████▋    | 685/1210 [10:28<08:01,  1.09it/s, v_num=fdj2]
Epoch 0:  57%|█████▋    | 685/1210 [10:28<08:01,  1.09it/s, v_num=fdj2]
Epoch 0:  57%|█████▋    | 686/1210 [10:28<08:00,  1.09it/s, v_num=fdj2]
Epoch 0:  57%|█████▋    | 686/1210 [10:28<08:00,  1.09it/s, v_num=fdj2]
Epoch 0:  57%|█████▋    | 687/1210 [10:29<07:58,  1.09it/s, v_num=fdj2]
Epoch 0:  57%|█████▋    | 687/1210 [10:29<07:58,  1.09it/s, v_num=fdj2]
Epoch 0:  57%|█████▋    | 688/1210 [11:00<08:21,  1.04it/s, v_num=fdj2]
Epoch 0:  57%|█████▋    | 688/1210 [11:00<08:21,  1.04it/s, v_num=fdj2]
Epoch 0:  57%|█████▋    | 689/1210 [11:00<08:19,  1.04it/s, v_num=fdj2]
Epoch 0:  57%|█████▋    | 689/1210 [11:00<08:19,  1.04it/s, v_num=fdj2]
Epoch 0:  57%|█████▋    | 690/1210 [11:01<08:18,  1.04it/s, v_num=fdj2]
Epoch 0:  57%|█████▋    | 690/1210 [11:01<08:18,  1.04it/s, v_num=fdj2]
Epoch 0:  57%|█████▋    | 691/1210 [11:01<08:16,  1.04it/s, v_num=fdj2]
Epoch 0:  57%|█████▋    | 691/1210 [11:01<08:16,  1.04it/s, v_num=fdj2]
Epoch 0:  57%|█████▋    | 692/1210 [11:01<08:15,  1.05it/s, v_num=fdj2]
Epoch 0:  57%|█████▋    | 692/1210 [11:01<08:15,  1.05it/s, v_num=fdj2]
Epoch 0:  57%|█████▋    | 693/1210 [11:02<08:14,  1.05it/s, v_num=fdj2]
Epoch 0:  57%|█████▋    | 693/1210 [11:02<08:14,  1.05it/s, v_num=fdj2]
Epoch 0:  57%|█████▋    | 694/1210 [11:02<08:12,  1.05it/s, v_num=fdj2]
Epoch 0:  57%|█████▋    | 694/1210 [11:02<08:12,  1.05it/s, v_num=fdj2]
Epoch 0:  57%|█████▋    | 695/1210 [11:03<08:11,  1.05it/s, v_num=fdj2]
Epoch 0:  57%|█████▋    | 695/1210 [11:03<08:11,  1.05it/s, v_num=fdj2]
Epoch 0:  58%|█████▊    | 696/1210 [11:03<08:09,  1.05it/s, v_num=fdj2]
Epoch 0:  58%|█████▊    | 696/1210 [11:03<08:09,  1.05it/s, v_num=fdj2]
Epoch 0:  58%|█████▊    | 697/1210 [11:03<08:08,  1.05it/s, v_num=fdj2]
Epoch 0:  58%|█████▊    | 697/1210 [11:03<08:08,  1.05it/s, v_num=fdj2]
Epoch 0:  58%|█████▊    | 698/1210 [11:04<08:07,  1.05it/s, v_num=fdj2]
Epoch 0:  58%|█████▊    | 698/1210 [11:04<08:07,  1.05it/s, v_num=fdj2]
Epoch 0:  58%|█████▊    | 699/1210 [11:04<08:05,  1.05it/s, v_num=fdj2]
Epoch 0:  58%|█████▊    | 699/1210 [11:04<08:05,  1.05it/s, v_num=fdj2]
Epoch 0:  58%|█████▊    | 700/1210 [11:05<08:04,  1.05it/s, v_num=fdj2]
Epoch 0:  58%|█████▊    | 700/1210 [11:05<08:04,  1.05it/s, v_num=fdj2]
Epoch 0:  58%|█████▊    | 701/1210 [11:05<08:03,  1.05it/s, v_num=fdj2]
Epoch 0:  58%|█████▊    | 701/1210 [11:05<08:03,  1.05it/s, v_num=fdj2]
Epoch 0:  58%|█████▊    | 702/1210 [11:05<08:01,  1.05it/s, v_num=fdj2]
Epoch 0:  58%|█████▊    | 702/1210 [11:05<08:01,  1.05it/s, v_num=fdj2]
Epoch 0:  58%|█████▊    | 703/1210 [11:06<08:00,  1.06it/s, v_num=fdj2]
Epoch 0:  58%|█████▊    | 703/1210 [11:06<08:00,  1.06it/s, v_num=fdj2]
Epoch 0:  58%|█████▊    | 704/1210 [11:06<07:59,  1.06it/s, v_num=fdj2]
Epoch 0:  58%|█████▊    | 704/1210 [11:06<07:59,  1.06it/s, v_num=fdj2]
Epoch 0:  58%|█████▊    | 705/1210 [11:07<07:57,  1.06it/s, v_num=fdj2]
Epoch 0:  58%|█████▊    | 705/1210 [11:07<07:57,  1.06it/s, v_num=fdj2]
Epoch 0:  58%|█████▊    | 706/1210 [11:07<07:56,  1.06it/s, v_num=fdj2]
Epoch 0:  58%|█████▊    | 706/1210 [11:07<07:56,  1.06it/s, v_num=fdj2]
Epoch 0:  58%|█████▊    | 707/1210 [11:07<07:55,  1.06it/s, v_num=fdj2]
Epoch 0:  58%|█████▊    | 707/1210 [11:07<07:55,  1.06it/s, v_num=fdj2]
Epoch 0:  59%|█████▊    | 708/1210 [11:08<07:53,  1.06it/s, v_num=fdj2]
Epoch 0:  59%|█████▊    | 708/1210 [11:08<07:53,  1.06it/s, v_num=fdj2]
Epoch 0:  59%|█████▊    | 709/1210 [11:08<07:52,  1.06it/s, v_num=fdj2]
Epoch 0:  59%|█████▊    | 709/1210 [11:08<07:52,  1.06it/s, v_num=fdj2]
Epoch 0:  59%|█████▊    | 710/1210 [11:08<07:51,  1.06it/s, v_num=fdj2]
Epoch 0:  59%|█████▊    | 710/1210 [11:08<07:51,  1.06it/s, v_num=fdj2]
Epoch 0:  59%|█████▉    | 711/1210 [11:09<07:49,  1.06it/s, v_num=fdj2]
Epoch 0:  59%|█████▉    | 711/1210 [11:09<07:49,  1.06it/s, v_num=fdj2]
Epoch 0:  59%|█████▉    | 712/1210 [11:09<07:48,  1.06it/s, v_num=fdj2]
Epoch 0:  59%|█████▉    | 712/1210 [11:09<07:48,  1.06it/s, v_num=fdj2]
Epoch 0:  59%|█████▉    | 713/1210 [11:10<07:47,  1.06it/s, v_num=fdj2]
Epoch 0:  59%|█████▉    | 713/1210 [11:10<07:47,  1.06it/s, v_num=fdj2]
Epoch 0:  59%|█████▉    | 714/1210 [11:10<07:45,  1.06it/s, v_num=fdj2]
Epoch 0:  59%|█████▉    | 714/1210 [11:10<07:45,  1.06it/s, v_num=fdj2]
Epoch 0:  59%|█████▉    | 715/1210 [11:10<07:44,  1.07it/s, v_num=fdj2]
Epoch 0:  59%|█████▉    | 715/1210 [11:10<07:44,  1.07it/s, v_num=fdj2]
Epoch 0:  59%|█████▉    | 716/1210 [11:11<07:43,  1.07it/s, v_num=fdj2]
Epoch 0:  59%|█████▉    | 716/1210 [11:11<07:43,  1.07it/s, v_num=fdj2]
Epoch 0:  59%|█████▉    | 717/1210 [11:11<07:41,  1.07it/s, v_num=fdj2]
Epoch 0:  59%|█████▉    | 717/1210 [11:11<07:41,  1.07it/s, v_num=fdj2]
Epoch 0:  59%|█████▉    | 718/1210 [11:44<08:02,  1.02it/s, v_num=fdj2]
Epoch 0:  59%|█████▉    | 718/1210 [11:44<08:02,  1.02it/s, v_num=fdj2]
Epoch 0:  59%|█████▉    | 719/1210 [11:45<08:01,  1.02it/s, v_num=fdj2]
Epoch 0:  59%|█████▉    | 719/1210 [11:45<08:01,  1.02it/s, v_num=fdj2]
Epoch 0:  60%|█████▉    | 720/1210 [11:45<08:00,  1.02it/s, v_num=fdj2]
Epoch 0:  60%|█████▉    | 720/1210 [11:45<08:00,  1.02it/s, v_num=fdj2]
Epoch 0:  60%|█████▉    | 721/1210 [11:45<07:58,  1.02it/s, v_num=fdj2]
Epoch 0:  60%|█████▉    | 721/1210 [11:45<07:58,  1.02it/s, v_num=fdj2]
Epoch 0:  60%|█████▉    | 722/1210 [11:46<07:57,  1.02it/s, v_num=fdj2]
Epoch 0:  60%|█████▉    | 722/1210 [11:46<07:57,  1.02it/s, v_num=fdj2]
Epoch 0:  60%|█████▉    | 723/1210 [11:46<07:55,  1.02it/s, v_num=fdj2]
Epoch 0:  60%|█████▉    | 723/1210 [11:46<07:55,  1.02it/s, v_num=fdj2]
Epoch 0:  60%|█████▉    | 724/1210 [11:47<07:54,  1.02it/s, v_num=fdj2]
Epoch 0:  60%|█████▉    | 724/1210 [11:47<07:54,  1.02it/s, v_num=fdj2]
Epoch 0:  60%|█████▉    | 725/1210 [11:47<07:53,  1.02it/s, v_num=fdj2]
Epoch 0:  60%|█████▉    | 725/1210 [11:47<07:53,  1.02it/s, v_num=fdj2]
Epoch 0:  60%|██████    | 726/1210 [11:47<07:51,  1.03it/s, v_num=fdj2]
Epoch 0:  60%|██████    | 726/1210 [11:47<07:51,  1.03it/s, v_num=fdj2]
Epoch 0:  60%|██████    | 727/1210 [11:48<07:50,  1.03it/s, v_num=fdj2]
Epoch 0:  60%|██████    | 727/1210 [11:48<07:50,  1.03it/s, v_num=fdj2]
Epoch 0:  60%|██████    | 728/1210 [11:48<07:49,  1.03it/s, v_num=fdj2]
Epoch 0:  60%|██████    | 728/1210 [11:48<07:49,  1.03it/s, v_num=fdj2]
Epoch 0:  60%|██████    | 729/1210 [11:49<07:47,  1.03it/s, v_num=fdj2]
Epoch 0:  60%|██████    | 729/1210 [11:49<07:47,  1.03it/s, v_num=fdj2]
Epoch 0:  60%|██████    | 730/1210 [11:49<07:46,  1.03it/s, v_num=fdj2]
Epoch 0:  60%|██████    | 730/1210 [11:49<07:46,  1.03it/s, v_num=fdj2]
Epoch 0:  60%|██████    | 731/1210 [11:49<07:45,  1.03it/s, v_num=fdj2]
Epoch 0:  60%|██████    | 731/1210 [11:49<07:45,  1.03it/s, v_num=fdj2]
Epoch 0:  60%|██████    | 732/1210 [11:50<07:43,  1.03it/s, v_num=fdj2]
Epoch 0:  60%|██████    | 732/1210 [11:50<07:43,  1.03it/s, v_num=fdj2]
Epoch 0:  61%|██████    | 733/1210 [11:50<07:42,  1.03it/s, v_num=fdj2]
Epoch 0:  61%|██████    | 733/1210 [11:50<07:42,  1.03it/s, v_num=fdj2]
Epoch 0:  61%|██████    | 734/1210 [11:50<07:41,  1.03it/s, v_num=fdj2]
Epoch 0:  61%|██████    | 734/1210 [11:50<07:41,  1.03it/s, v_num=fdj2]
Epoch 0:  61%|██████    | 735/1210 [11:51<07:39,  1.03it/s, v_num=fdj2]
Epoch 0:  61%|██████    | 735/1210 [11:51<07:39,  1.03it/s, v_num=fdj2]
Epoch 0:  61%|██████    | 736/1210 [11:51<07:38,  1.03it/s, v_num=fdj2]
Epoch 0:  61%|██████    | 736/1210 [11:51<07:38,  1.03it/s, v_num=fdj2]
Epoch 0:  61%|██████    | 737/1210 [11:52<07:37,  1.03it/s, v_num=fdj2]
Epoch 0:  61%|██████    | 737/1210 [11:52<07:37,  1.03it/s, v_num=fdj2]
Epoch 0:  61%|██████    | 738/1210 [11:52<07:35,  1.04it/s, v_num=fdj2]
Epoch 0:  61%|██████    | 738/1210 [11:52<07:35,  1.04it/s, v_num=fdj2]
Epoch 0:  61%|██████    | 739/1210 [11:52<07:34,  1.04it/s, v_num=fdj2]
Epoch 0:  61%|██████    | 739/1210 [11:52<07:34,  1.04it/s, v_num=fdj2]
Epoch 0:  61%|██████    | 740/1210 [11:53<07:33,  1.04it/s, v_num=fdj2]
Epoch 0:  61%|██████    | 740/1210 [11:53<07:33,  1.04it/s, v_num=fdj2]
Epoch 0:  61%|██████    | 741/1210 [11:53<07:31,  1.04it/s, v_num=fdj2]
Epoch 0:  61%|██████    | 741/1210 [11:53<07:31,  1.04it/s, v_num=fdj2]
Epoch 0:  61%|██████▏   | 742/1210 [11:54<07:30,  1.04it/s, v_num=fdj2]
Epoch 0:  61%|██████▏   | 742/1210 [11:54<07:30,  1.04it/s, v_num=fdj2]
Epoch 0:  61%|██████▏   | 743/1210 [11:54<07:29,  1.04it/s, v_num=fdj2]
Epoch 0:  61%|██████▏   | 743/1210 [11:54<07:29,  1.04it/s, v_num=fdj2]
Epoch 0:  61%|██████▏   | 744/1210 [11:54<07:27,  1.04it/s, v_num=fdj2]
Epoch 0:  61%|██████▏   | 744/1210 [11:54<07:27,  1.04it/s, v_num=fdj2]
Epoch 0:  62%|██████▏   | 745/1210 [11:55<07:26,  1.04it/s, v_num=fdj2]
Epoch 0:  62%|██████▏   | 745/1210 [11:55<07:26,  1.04it/s, v_num=fdj2]
Epoch 0:  62%|██████▏   | 746/1210 [11:55<07:25,  1.04it/s, v_num=fdj2]
Epoch 0:  62%|██████▏   | 746/1210 [11:55<07:25,  1.04it/s, v_num=fdj2]
Epoch 0:  62%|██████▏   | 747/1210 [11:56<07:23,  1.04it/s, v_num=fdj2]
Epoch 0:  62%|██████▏   | 747/1210 [11:56<07:23,  1.04it/s, v_num=fdj2]
Epoch 0:  62%|██████▏   | 748/1210 [11:56<07:22,  1.04it/s, v_num=fdj2]
Epoch 0:  62%|██████▏   | 748/1210 [11:56<07:22,  1.04it/s, v_num=fdj2]
Epoch 0:  62%|██████▏   | 749/1210 [11:56<07:21,  1.04it/s, v_num=fdj2]
Epoch 0:  62%|██████▏   | 749/1210 [11:56<07:21,  1.04it/s, v_num=fdj2]
Epoch 0:  62%|██████▏   | 750/1210 [11:57<07:19,  1.05it/s, v_num=fdj2]
Epoch 0:  62%|██████▏   | 750/1210 [11:57<07:19,  1.05it/s, v_num=fdj2]
Epoch 0:  62%|██████▏   | 751/1210 [12:33<07:40,  1.00it/s, v_num=fdj2]
Epoch 0:  62%|██████▏   | 751/1210 [12:33<07:40,  1.00it/s, v_num=fdj2]
Epoch 0:  62%|██████▏   | 752/1210 [12:33<07:38,  1.00it/s, v_num=fdj2]
Epoch 0:  62%|██████▏   | 752/1210 [12:33<07:38,  1.00it/s, v_num=fdj2]
Epoch 0:  62%|██████▏   | 753/1210 [12:33<07:37,  1.00it/s, v_num=fdj2]
Epoch 0:  62%|██████▏   | 753/1210 [12:33<07:37,  1.00it/s, v_num=fdj2]
Epoch 0:  62%|██████▏   | 754/1210 [12:34<07:36,  1.00it/s, v_num=fdj2]
Epoch 0:  62%|██████▏   | 754/1210 [12:34<07:36,  1.00it/s, v_num=fdj2]
Epoch 0:  62%|██████▏   | 755/1210 [12:34<07:34,  1.00it/s, v_num=fdj2]
Epoch 0:  62%|██████▏   | 755/1210 [12:34<07:34,  1.00it/s, v_num=fdj2]
Epoch 0:  62%|██████▏   | 756/1210 [12:34<07:33,  1.00it/s, v_num=fdj2]
Epoch 0:  62%|██████▏   | 756/1210 [12:34<07:33,  1.00it/s, v_num=fdj2]
Epoch 0:  63%|██████▎   | 757/1210 [12:35<07:32,  1.00it/s, v_num=fdj2]
Epoch 0:  63%|██████▎   | 757/1210 [12:35<07:32,  1.00it/s, v_num=fdj2]
Epoch 0:  63%|██████▎   | 758/1210 [12:35<07:30,  1.00it/s, v_num=fdj2]
Epoch 0:  63%|██████▎   | 758/1210 [12:35<07:30,  1.00it/s, v_num=fdj2]
Epoch 0:  63%|██████▎   | 759/1210 [12:36<07:29,  1.00it/s, v_num=fdj2]
Epoch 0:  63%|██████▎   | 759/1210 [12:36<07:29,  1.00it/s, v_num=fdj2]
Epoch 0:  63%|██████▎   | 760/1210 [12:36<07:27,  1.00it/s, v_num=fdj2]
Epoch 0:  63%|██████▎   | 760/1210 [12:36<07:27,  1.00it/s, v_num=fdj2]
Epoch 0:  63%|██████▎   | 761/1210 [12:36<07:26,  1.01it/s, v_num=fdj2]
Epoch 0:  63%|██████▎   | 761/1210 [12:36<07:26,  1.01it/s, v_num=fdj2]
Epoch 0:  63%|██████▎   | 762/1210 [12:37<07:25,  1.01it/s, v_num=fdj2]
Epoch 0:  63%|██████▎   | 762/1210 [12:37<07:25,  1.01it/s, v_num=fdj2]
Epoch 0:  63%|██████▎   | 763/1210 [12:37<07:23,  1.01it/s, v_num=fdj2]
Epoch 0:  63%|██████▎   | 763/1210 [12:37<07:23,  1.01it/s, v_num=fdj2]
Epoch 0:  63%|██████▎   | 764/1210 [12:38<07:22,  1.01it/s, v_num=fdj2]
Epoch 0:  63%|██████▎   | 764/1210 [12:38<07:22,  1.01it/s, v_num=fdj2]
Epoch 0:  63%|██████▎   | 765/1210 [12:38<07:21,  1.01it/s, v_num=fdj2]
Epoch 0:  63%|██████▎   | 765/1210 [12:38<07:21,  1.01it/s, v_num=fdj2]
Epoch 0:  63%|██████▎   | 766/1210 [12:38<07:19,  1.01it/s, v_num=fdj2]
Epoch 0:  63%|██████▎   | 766/1210 [12:38<07:19,  1.01it/s, v_num=fdj2]
Epoch 0:  63%|██████▎   | 767/1210 [12:39<07:18,  1.01it/s, v_num=fdj2]
Epoch 0:  63%|██████▎   | 767/1210 [12:39<07:18,  1.01it/s, v_num=fdj2]
Epoch 0:  63%|██████▎   | 768/1210 [12:39<07:17,  1.01it/s, v_num=fdj2]
Epoch 0:  63%|██████▎   | 768/1210 [12:39<07:17,  1.01it/s, v_num=fdj2]
Epoch 0:  64%|██████▎   | 769/1210 [12:40<07:15,  1.01it/s, v_num=fdj2]
Epoch 0:  64%|██████▎   | 769/1210 [12:40<07:15,  1.01it/s, v_num=fdj2]
Epoch 0:  64%|██████▎   | 770/1210 [12:40<07:14,  1.01it/s, v_num=fdj2]
Epoch 0:  64%|██████▎   | 770/1210 [12:40<07:14,  1.01it/s, v_num=fdj2]
Epoch 0:  64%|██████▎   | 771/1210 [12:40<07:13,  1.01it/s, v_num=fdj2]
Epoch 0:  64%|██████▎   | 771/1210 [12:40<07:13,  1.01it/s, v_num=fdj2]
Epoch 0:  64%|██████▍   | 772/1210 [12:41<07:11,  1.01it/s, v_num=fdj2]
Epoch 0:  64%|██████▍   | 772/1210 [12:41<07:11,  1.01it/s, v_num=fdj2]
Epoch 0:  64%|██████▍   | 773/1210 [12:41<07:10,  1.01it/s, v_num=fdj2]
Epoch 0:  64%|██████▍   | 773/1210 [12:41<07:10,  1.01it/s, v_num=fdj2]
Epoch 0:  64%|██████▍   | 774/1210 [12:42<07:09,  1.02it/s, v_num=fdj2]
Epoch 0:  64%|██████▍   | 774/1210 [12:42<07:09,  1.02it/s, v_num=fdj2]
Epoch 0:  64%|██████▍   | 775/1210 [12:42<07:07,  1.02it/s, v_num=fdj2]
Epoch 0:  64%|██████▍   | 775/1210 [12:42<07:07,  1.02it/s, v_num=fdj2]
Epoch 0:  64%|██████▍   | 776/1210 [12:42<07:06,  1.02it/s, v_num=fdj2]
Epoch 0:  64%|██████▍   | 776/1210 [12:42<07:06,  1.02it/s, v_num=fdj2]
Epoch 0:  64%|██████▍   | 777/1210 [12:43<07:05,  1.02it/s, v_num=fdj2]
Epoch 0:  64%|██████▍   | 777/1210 [12:43<07:05,  1.02it/s, v_num=fdj2]
Epoch 0:  64%|██████▍   | 778/1210 [12:43<07:04,  1.02it/s, v_num=fdj2]
Epoch 0:  64%|██████▍   | 778/1210 [12:43<07:04,  1.02it/s, v_num=fdj2]
Epoch 0:  64%|██████▍   | 779/1210 [12:44<07:02,  1.02it/s, v_num=fdj2]
Epoch 0:  64%|██████▍   | 779/1210 [12:44<07:02,  1.02it/s, v_num=fdj2]
Epoch 0:  64%|██████▍   | 780/1210 [12:44<07:01,  1.02it/s, v_num=fdj2]
Epoch 0:  64%|██████▍   | 780/1210 [12:44<07:01,  1.02it/s, v_num=fdj2]
Epoch 0:  65%|██████▍   | 781/1210 [13:10<07:14,  0.99it/s, v_num=fdj2]
Epoch 0:  65%|██████▍   | 781/1210 [13:10<07:14,  0.99it/s, v_num=fdj2]
Epoch 0:  65%|██████▍   | 782/1210 [13:11<07:12,  0.99it/s, v_num=fdj2]
Epoch 0:  65%|██████▍   | 782/1210 [13:11<07:12,  0.99it/s, v_num=fdj2]
Epoch 0:  65%|██████▍   | 783/1210 [13:11<07:11,  0.99it/s, v_num=fdj2]
Epoch 0:  65%|██████▍   | 783/1210 [13:11<07:11,  0.99it/s, v_num=fdj2]
Epoch 0:  65%|██████▍   | 784/1210 [13:11<07:10,  0.99it/s, v_num=fdj2]
Epoch 0:  65%|██████▍   | 784/1210 [13:11<07:10,  0.99it/s, v_num=fdj2]
Epoch 0:  65%|██████▍   | 785/1210 [13:12<07:08,  0.99it/s, v_num=fdj2]
Epoch 0:  65%|██████▍   | 785/1210 [13:12<07:08,  0.99it/s, v_num=fdj2]
Epoch 0:  65%|██████▍   | 786/1210 [13:12<07:07,  0.99it/s, v_num=fdj2]
Epoch 0:  65%|██████▍   | 786/1210 [13:12<07:07,  0.99it/s, v_num=fdj2]
Epoch 0:  65%|██████▌   | 787/1210 [13:12<07:06,  0.99it/s, v_num=fdj2]
Epoch 0:  65%|██████▌   | 787/1210 [13:12<07:06,  0.99it/s, v_num=fdj2]
Epoch 0:  65%|██████▌   | 788/1210 [13:13<07:04,  0.99it/s, v_num=fdj2]
Epoch 0:  65%|██████▌   | 788/1210 [13:13<07:04,  0.99it/s, v_num=fdj2]
Epoch 0:  65%|██████▌   | 789/1210 [13:13<07:03,  0.99it/s, v_num=fdj2]
Epoch 0:  65%|██████▌   | 789/1210 [13:13<07:03,  0.99it/s, v_num=fdj2]
Epoch 0:  65%|██████▌   | 790/1210 [13:14<07:02,  0.99it/s, v_num=fdj2]
Epoch 0:  65%|██████▌   | 790/1210 [13:14<07:02,  0.99it/s, v_num=fdj2]
Epoch 0:  65%|██████▌   | 791/1210 [13:14<07:00,  1.00it/s, v_num=fdj2]
Epoch 0:  65%|██████▌   | 791/1210 [13:14<07:00,  1.00it/s, v_num=fdj2]
Epoch 0:  65%|██████▌   | 792/1210 [13:14<06:59,  1.00it/s, v_num=fdj2]
Epoch 0:  65%|██████▌   | 792/1210 [13:14<06:59,  1.00it/s, v_num=fdj2]
Epoch 0:  66%|██████▌   | 793/1210 [13:15<06:58,  1.00it/s, v_num=fdj2]
Epoch 0:  66%|██████▌   | 793/1210 [13:15<06:58,  1.00it/s, v_num=fdj2]
Epoch 0:  66%|██████▌   | 794/1210 [13:15<06:56,  1.00it/s, v_num=fdj2]
Epoch 0:  66%|██████▌   | 794/1210 [13:15<06:56,  1.00it/s, v_num=fdj2]
Epoch 0:  66%|██████▌   | 795/1210 [13:16<06:55,  1.00it/s, v_num=fdj2]
Epoch 0:  66%|██████▌   | 795/1210 [13:16<06:55,  1.00it/s, v_num=fdj2]
Epoch 0:  66%|██████▌   | 796/1210 [13:16<06:54,  1.00it/s, v_num=fdj2]
Epoch 0:  66%|██████▌   | 796/1210 [13:16<06:54,  1.00it/s, v_num=fdj2]
Epoch 0:  66%|██████▌   | 797/1210 [13:16<06:52,  1.00it/s, v_num=fdj2]
Epoch 0:  66%|██████▌   | 797/1210 [13:16<06:52,  1.00it/s, v_num=fdj2]
Epoch 0:  66%|██████▌   | 798/1210 [13:17<06:51,  1.00it/s, v_num=fdj2]
Epoch 0:  66%|██████▌   | 798/1210 [13:17<06:51,  1.00it/s, v_num=fdj2]
Epoch 0:  66%|██████▌   | 799/1210 [13:17<06:50,  1.00it/s, v_num=fdj2]
Epoch 0:  66%|██████▌   | 799/1210 [13:17<06:50,  1.00it/s, v_num=fdj2]
Epoch 0:  66%|██████▌   | 800/1210 [13:18<06:49,  1.00it/s, v_num=fdj2]
Epoch 0:  66%|██████▌   | 800/1210 [13:18<06:49,  1.00it/s, v_num=fdj2]
Epoch 0:  66%|██████▌   | 801/1210 [13:18<06:47,  1.00it/s, v_num=fdj2]
Epoch 0:  66%|██████▌   | 801/1210 [13:18<06:47,  1.00it/s, v_num=fdj2]
Epoch 0:  66%|██████▋   | 802/1210 [13:18<06:46,  1.00it/s, v_num=fdj2]
Epoch 0:  66%|██████▋   | 802/1210 [13:18<06:46,  1.00it/s, v_num=fdj2]
Epoch 0:  66%|██████▋   | 803/1210 [13:19<06:45,  1.00it/s, v_num=fdj2]
Epoch 0:  66%|██████▋   | 803/1210 [13:19<06:45,  1.00it/s, v_num=fdj2]
Epoch 0:  66%|██████▋   | 804/1210 [13:19<06:43,  1.01it/s, v_num=fdj2]
Epoch 0:  66%|██████▋   | 804/1210 [13:19<06:43,  1.01it/s, v_num=fdj2]
Epoch 0:  67%|██████▋   | 805/1210 [13:20<06:42,  1.01it/s, v_num=fdj2]
Epoch 0:  67%|██████▋   | 805/1210 [13:20<06:42,  1.01it/s, v_num=fdj2]
Epoch 0:  67%|██████▋   | 806/1210 [13:20<06:41,  1.01it/s, v_num=fdj2]
Epoch 0:  67%|██████▋   | 806/1210 [13:20<06:41,  1.01it/s, v_num=fdj2]
Epoch 0:  67%|██████▋   | 807/1210 [13:20<06:39,  1.01it/s, v_num=fdj2]
Epoch 0:  67%|██████▋   | 807/1210 [13:20<06:39,  1.01it/s, v_num=fdj2]
Epoch 0:  67%|██████▋   | 808/1210 [13:21<06:38,  1.01it/s, v_num=fdj2]
Epoch 0:  67%|██████▋   | 808/1210 [13:21<06:38,  1.01it/s, v_num=fdj2]
Epoch 0:  67%|██████▋   | 809/1210 [13:21<06:37,  1.01it/s, v_num=fdj2]
Epoch 0:  67%|██████▋   | 809/1210 [13:21<06:37,  1.01it/s, v_num=fdj2]
Epoch 0:  67%|██████▋   | 810/1210 [13:22<06:36,  1.01it/s, v_num=fdj2]
Epoch 0:  67%|██████▋   | 810/1210 [13:22<06:36,  1.01it/s, v_num=fdj2]
Epoch 0:  67%|██████▋   | 811/1210 [14:35<07:10,  0.93it/s, v_num=fdj2]
Epoch 0:  67%|██████▋   | 811/1210 [14:35<07:10,  0.93it/s, v_num=fdj2]
Epoch 0:  67%|██████▋   | 812/1210 [14:35<07:09,  0.93it/s, v_num=fdj2]
Epoch 0:  67%|██████▋   | 812/1210 [14:35<07:09,  0.93it/s, v_num=fdj2]
Epoch 0:  67%|██████▋   | 813/1210 [14:35<07:07,  0.93it/s, v_num=fdj2]
Epoch 0:  67%|██████▋   | 813/1210 [14:35<07:07,  0.93it/s, v_num=fdj2]
Epoch 0:  67%|██████▋   | 814/1210 [14:36<07:06,  0.93it/s, v_num=fdj2]
Epoch 0:  67%|██████▋   | 814/1210 [14:36<07:06,  0.93it/s, v_num=fdj2]
Epoch 0:  67%|██████▋   | 815/1210 [14:36<07:04,  0.93it/s, v_num=fdj2]
Epoch 0:  67%|██████▋   | 815/1210 [14:36<07:04,  0.93it/s, v_num=fdj2]
Epoch 0:  67%|██████▋   | 816/1210 [14:37<07:03,  0.93it/s, v_num=fdj2]
Epoch 0:  67%|██████▋   | 816/1210 [14:37<07:03,  0.93it/s, v_num=fdj2]
Epoch 0:  68%|██████▊   | 817/1210 [14:37<07:02,  0.93it/s, v_num=fdj2]
Epoch 0:  68%|██████▊   | 817/1210 [14:37<07:02,  0.93it/s, v_num=fdj2]
Epoch 0:  68%|██████▊   | 818/1210 [14:37<07:00,  0.93it/s, v_num=fdj2]
Epoch 0:  68%|██████▊   | 818/1210 [14:37<07:00,  0.93it/s, v_num=fdj2]
Epoch 0:  68%|██████▊   | 819/1210 [14:38<06:59,  0.93it/s, v_num=fdj2]
Epoch 0:  68%|██████▊   | 819/1210 [14:38<06:59,  0.93it/s, v_num=fdj2]
Epoch 0:  68%|██████▊   | 820/1210 [14:38<06:57,  0.93it/s, v_num=fdj2]
Epoch 0:  68%|██████▊   | 820/1210 [14:38<06:57,  0.93it/s, v_num=fdj2]
Epoch 0:  68%|██████▊   | 821/1210 [14:38<06:56,  0.93it/s, v_num=fdj2]
Epoch 0:  68%|██████▊   | 821/1210 [14:38<06:56,  0.93it/s, v_num=fdj2]
Epoch 0:  68%|██████▊   | 822/1210 [14:39<06:55,  0.93it/s, v_num=fdj2]
Epoch 0:  68%|██████▊   | 822/1210 [14:39<06:55,  0.93it/s, v_num=fdj2]
Epoch 0:  68%|██████▊   | 823/1210 [14:39<06:53,  0.94it/s, v_num=fdj2]
Epoch 0:  68%|██████▊   | 823/1210 [14:39<06:53,  0.94it/s, v_num=fdj2]
Epoch 0:  68%|██████▊   | 824/1210 [14:40<06:52,  0.94it/s, v_num=fdj2]
Epoch 0:  68%|██████▊   | 824/1210 [14:40<06:52,  0.94it/s, v_num=fdj2]
Epoch 0:  68%|██████▊   | 825/1210 [14:40<06:50,  0.94it/s, v_num=fdj2]
Epoch 0:  68%|██████▊   | 825/1210 [14:40<06:50,  0.94it/s, v_num=fdj2]
Epoch 0:  68%|██████▊   | 826/1210 [14:40<06:49,  0.94it/s, v_num=fdj2]
Epoch 0:  68%|██████▊   | 826/1210 [14:40<06:49,  0.94it/s, v_num=fdj2]
Epoch 0:  68%|██████▊   | 827/1210 [14:41<06:48,  0.94it/s, v_num=fdj2]
Epoch 0:  68%|██████▊   | 827/1210 [14:41<06:48,  0.94it/s, v_num=fdj2]
Epoch 0:  68%|██████▊   | 828/1210 [14:41<06:46,  0.94it/s, v_num=fdj2]
Epoch 0:  68%|██████▊   | 828/1210 [14:41<06:46,  0.94it/s, v_num=fdj2]
Epoch 0:  69%|██████▊   | 829/1210 [14:42<06:45,  0.94it/s, v_num=fdj2]
Epoch 0:  69%|██████▊   | 829/1210 [14:42<06:45,  0.94it/s, v_num=fdj2]
Epoch 0:  69%|██████▊   | 830/1210 [14:42<06:44,  0.94it/s, v_num=fdj2]
Epoch 0:  69%|██████▊   | 830/1210 [14:42<06:44,  0.94it/s, v_num=fdj2]
Epoch 0:  69%|██████▊   | 831/1210 [14:42<06:42,  0.94it/s, v_num=fdj2]
Epoch 0:  69%|██████▊   | 831/1210 [14:42<06:42,  0.94it/s, v_num=fdj2]
Epoch 0:  69%|██████▉   | 832/1210 [14:43<06:41,  0.94it/s, v_num=fdj2]
Epoch 0:  69%|██████▉   | 832/1210 [14:43<06:41,  0.94it/s, v_num=fdj2]
Epoch 0:  69%|██████▉   | 833/1210 [14:43<06:39,  0.94it/s, v_num=fdj2]
Epoch 0:  69%|██████▉   | 833/1210 [14:43<06:39,  0.94it/s, v_num=fdj2]
Epoch 0:  69%|██████▉   | 834/1210 [14:44<06:38,  0.94it/s, v_num=fdj2]
Epoch 0:  69%|██████▉   | 834/1210 [14:44<06:38,  0.94it/s, v_num=fdj2]
Epoch 0:  69%|██████▉   | 835/1210 [14:44<06:37,  0.94it/s, v_num=fdj2]
Epoch 0:  69%|██████▉   | 835/1210 [14:44<06:37,  0.94it/s, v_num=fdj2]
Epoch 0:  69%|██████▉   | 836/1210 [14:44<06:35,  0.94it/s, v_num=fdj2]
Epoch 0:  69%|██████▉   | 836/1210 [14:44<06:35,  0.94it/s, v_num=fdj2]
Epoch 0:  69%|██████▉   | 837/1210 [14:45<06:34,  0.95it/s, v_num=fdj2]
Epoch 0:  69%|██████▉   | 837/1210 [14:45<06:34,  0.95it/s, v_num=fdj2]
Epoch 0:  69%|██████▉   | 838/1210 [14:45<06:33,  0.95it/s, v_num=fdj2]
Epoch 0:  69%|██████▉   | 838/1210 [14:45<06:33,  0.95it/s, v_num=fdj2]
Epoch 0:  69%|██████▉   | 839/1210 [14:46<06:31,  0.95it/s, v_num=fdj2]
Epoch 0:  69%|██████▉   | 839/1210 [14:46<06:31,  0.95it/s, v_num=fdj2]
Epoch 0:  69%|██████▉   | 840/1210 [14:46<06:30,  0.95it/s, v_num=fdj2]
Epoch 0:  69%|██████▉   | 840/1210 [14:46<06:30,  0.95it/s, v_num=fdj2]
Epoch 0:  70%|██████▉   | 841/1210 [14:46<06:29,  0.95it/s, v_num=fdj2]
Epoch 0:  70%|██████▉   | 841/1210 [14:46<06:29,  0.95it/s, v_num=fdj2]
Epoch 0:  70%|██████▉   | 842/1210 [14:47<06:27,  0.95it/s, v_num=fdj2]
Epoch 0:  70%|██████▉   | 842/1210 [14:47<06:27,  0.95it/s, v_num=fdj2]
Epoch 0:  70%|██████▉   | 843/1210 [14:47<06:26,  0.95it/s, v_num=fdj2]
Epoch 0:  70%|██████▉   | 843/1210 [14:47<06:26,  0.95it/s, v_num=fdj2]
Epoch 0:  70%|██████▉   | 844/1210 [15:46<06:50,  0.89it/s, v_num=fdj2]
Epoch 0:  70%|██████▉   | 844/1210 [15:46<06:50,  0.89it/s, v_num=fdj2]
Epoch 0:  70%|██████▉   | 845/1210 [15:46<06:48,  0.89it/s, v_num=fdj2]
Epoch 0:  70%|██████▉   | 845/1210 [15:46<06:48,  0.89it/s, v_num=fdj2]
Epoch 0:  70%|██████▉   | 846/1210 [15:47<06:47,  0.89it/s, v_num=fdj2]
Epoch 0:  70%|██████▉   | 846/1210 [15:47<06:47,  0.89it/s, v_num=fdj2]
Epoch 0:  70%|███████   | 847/1210 [15:47<06:46,  0.89it/s, v_num=fdj2]
Epoch 0:  70%|███████   | 847/1210 [15:47<06:46,  0.89it/s, v_num=fdj2]
Epoch 0:  70%|███████   | 848/1210 [15:47<06:44,  0.89it/s, v_num=fdj2]
Epoch 0:  70%|███████   | 848/1210 [15:47<06:44,  0.89it/s, v_num=fdj2]
Epoch 0:  70%|███████   | 849/1210 [15:48<06:43,  0.90it/s, v_num=fdj2]
Epoch 0:  70%|███████   | 849/1210 [15:48<06:43,  0.90it/s, v_num=fdj2]
Epoch 0:  70%|███████   | 850/1210 [15:48<06:41,  0.90it/s, v_num=fdj2]
Epoch 0:  70%|███████   | 850/1210 [15:48<06:41,  0.90it/s, v_num=fdj2]
Epoch 0:  70%|███████   | 851/1210 [15:49<06:40,  0.90it/s, v_num=fdj2]
Epoch 0:  70%|███████   | 851/1210 [15:49<06:40,  0.90it/s, v_num=fdj2]
Epoch 0:  70%|███████   | 852/1210 [15:49<06:38,  0.90it/s, v_num=fdj2]
Epoch 0:  70%|███████   | 852/1210 [15:49<06:38,  0.90it/s, v_num=fdj2]
Epoch 0:  70%|███████   | 853/1210 [15:49<06:37,  0.90it/s, v_num=fdj2]
Epoch 0:  70%|███████   | 853/1210 [15:49<06:37,  0.90it/s, v_num=fdj2]
Epoch 0:  71%|███████   | 854/1210 [15:50<06:36,  0.90it/s, v_num=fdj2]
Epoch 0:  71%|███████   | 854/1210 [15:50<06:36,  0.90it/s, v_num=fdj2]
Epoch 0:  71%|███████   | 855/1210 [15:50<06:34,  0.90it/s, v_num=fdj2]
Epoch 0:  71%|███████   | 855/1210 [15:50<06:34,  0.90it/s, v_num=fdj2]
Epoch 0:  71%|███████   | 856/1210 [15:51<06:33,  0.90it/s, v_num=fdj2]
Epoch 0:  71%|███████   | 856/1210 [15:51<06:33,  0.90it/s, v_num=fdj2]
Epoch 0:  71%|███████   | 857/1210 [15:51<06:31,  0.90it/s, v_num=fdj2]
Epoch 0:  71%|███████   | 857/1210 [15:51<06:31,  0.90it/s, v_num=fdj2]
Epoch 0:  71%|███████   | 858/1210 [15:51<06:30,  0.90it/s, v_num=fdj2]
Epoch 0:  71%|███████   | 858/1210 [15:51<06:30,  0.90it/s, v_num=fdj2]
Epoch 0:  71%|███████   | 859/1210 [15:52<06:29,  0.90it/s, v_num=fdj2]
Epoch 0:  71%|███████   | 859/1210 [15:52<06:29,  0.90it/s, v_num=fdj2]
Epoch 0:  71%|███████   | 860/1210 [15:52<06:27,  0.90it/s, v_num=fdj2]
Epoch 0:  71%|███████   | 860/1210 [15:52<06:27,  0.90it/s, v_num=fdj2]
Epoch 0:  71%|███████   | 861/1210 [15:53<06:26,  0.90it/s, v_num=fdj2]
Epoch 0:  71%|███████   | 861/1210 [15:53<06:26,  0.90it/s, v_num=fdj2]
Epoch 0:  71%|███████   | 862/1210 [15:53<06:24,  0.90it/s, v_num=fdj2]
Epoch 0:  71%|███████   | 862/1210 [15:53<06:24,  0.90it/s, v_num=fdj2]
Epoch 0:  71%|███████▏  | 863/1210 [15:53<06:23,  0.90it/s, v_num=fdj2]
Epoch 0:  71%|███████▏  | 863/1210 [15:53<06:23,  0.90it/s, v_num=fdj2]
Epoch 0:  71%|███████▏  | 864/1210 [15:54<06:22,  0.91it/s, v_num=fdj2]
Epoch 0:  71%|███████▏  | 864/1210 [15:54<06:22,  0.91it/s, v_num=fdj2]
Epoch 0:  71%|███████▏  | 865/1210 [15:54<06:20,  0.91it/s, v_num=fdj2]
Epoch 0:  71%|███████▏  | 865/1210 [15:54<06:20,  0.91it/s, v_num=fdj2]
Epoch 0:  72%|███████▏  | 866/1210 [15:54<06:19,  0.91it/s, v_num=fdj2]
Epoch 0:  72%|███████▏  | 866/1210 [15:54<06:19,  0.91it/s, v_num=fdj2]
Epoch 0:  72%|███████▏  | 867/1210 [15:55<06:17,  0.91it/s, v_num=fdj2]
Epoch 0:  72%|███████▏  | 867/1210 [15:55<06:17,  0.91it/s, v_num=fdj2]
Epoch 0:  72%|███████▏  | 868/1210 [15:55<06:16,  0.91it/s, v_num=fdj2]
Epoch 0:  72%|███████▏  | 868/1210 [15:55<06:16,  0.91it/s, v_num=fdj2]
Epoch 0:  72%|███████▏  | 869/1210 [15:56<06:15,  0.91it/s, v_num=fdj2]
Epoch 0:  72%|███████▏  | 869/1210 [15:56<06:15,  0.91it/s, v_num=fdj2]
Epoch 0:  72%|███████▏  | 870/1210 [15:56<06:13,  0.91it/s, v_num=fdj2]
Epoch 0:  72%|███████▏  | 870/1210 [15:56<06:13,  0.91it/s, v_num=fdj2]
Epoch 0:  72%|███████▏  | 871/1210 [15:56<06:12,  0.91it/s, v_num=fdj2]
Epoch 0:  72%|███████▏  | 871/1210 [15:56<06:12,  0.91it/s, v_num=fdj2]
Epoch 0:  72%|███████▏  | 872/1210 [15:57<06:11,  0.91it/s, v_num=fdj2]
Epoch 0:  72%|███████▏  | 872/1210 [15:57<06:11,  0.91it/s, v_num=fdj2]
Epoch 0:  72%|███████▏  | 873/1210 [15:57<06:09,  0.91it/s, v_num=fdj2]
Epoch 0:  72%|███████▏  | 873/1210 [15:57<06:09,  0.91it/s, v_num=fdj2]
Epoch 0:  72%|███████▏  | 874/1210 [16:58<06:31,  0.86it/s, v_num=fdj2]
Epoch 0:  72%|███████▏  | 874/1210 [16:58<06:31,  0.86it/s, v_num=fdj2]
Epoch 0:  72%|███████▏  | 875/1210 [16:58<06:29,  0.86it/s, v_num=fdj2]
Epoch 0:  72%|███████▏  | 875/1210 [16:58<06:29,  0.86it/s, v_num=fdj2]
Epoch 0:  72%|███████▏  | 876/1210 [16:58<06:28,  0.86it/s, v_num=fdj2]
Epoch 0:  72%|███████▏  | 876/1210 [16:58<06:28,  0.86it/s, v_num=fdj2]
Epoch 0:  72%|███████▏  | 877/1210 [16:59<06:27,  0.86it/s, v_num=fdj2]
Epoch 0:  72%|███████▏  | 877/1210 [16:59<06:27,  0.86it/s, v_num=fdj2]
Epoch 0:  73%|███████▎  | 878/1210 [16:59<06:25,  0.86it/s, v_num=fdj2]
Epoch 0:  73%|███████▎  | 878/1210 [16:59<06:25,  0.86it/s, v_num=fdj2]
Epoch 0:  73%|███████▎  | 879/1210 [17:00<06:24,  0.86it/s, v_num=fdj2]
Epoch 0:  73%|███████▎  | 879/1210 [17:00<06:24,  0.86it/s, v_num=fdj2]
Epoch 0:  73%|███████▎  | 880/1210 [17:00<06:22,  0.86it/s, v_num=fdj2]
Epoch 0:  73%|███████▎  | 880/1210 [17:00<06:22,  0.86it/s, v_num=fdj2]
Epoch 0:  73%|███████▎  | 881/1210 [17:00<06:21,  0.86it/s, v_num=fdj2]
Epoch 0:  73%|███████▎  | 881/1210 [17:00<06:21,  0.86it/s, v_num=fdj2]
Epoch 0:  73%|███████▎  | 882/1210 [17:01<06:19,  0.86it/s, v_num=fdj2]
Epoch 0:  73%|███████▎  | 882/1210 [17:01<06:19,  0.86it/s, v_num=fdj2]
Epoch 0:  73%|███████▎  | 883/1210 [17:01<06:18,  0.86it/s, v_num=fdj2]
Epoch 0:  73%|███████▎  | 883/1210 [17:01<06:18,  0.86it/s, v_num=fdj2]
Epoch 0:  73%|███████▎  | 884/1210 [17:02<06:16,  0.86it/s, v_num=fdj2]
Epoch 0:  73%|███████▎  | 884/1210 [17:02<06:16,  0.86it/s, v_num=fdj2]
Epoch 0:  73%|███████▎  | 885/1210 [17:02<06:15,  0.87it/s, v_num=fdj2]
Epoch 0:  73%|███████▎  | 885/1210 [17:02<06:15,  0.87it/s, v_num=fdj2]
Epoch 0:  73%|███████▎  | 886/1210 [17:02<06:14,  0.87it/s, v_num=fdj2]
Epoch 0:  73%|███████▎  | 886/1210 [17:02<06:14,  0.87it/s, v_num=fdj2]
Epoch 0:  73%|███████▎  | 887/1210 [17:03<06:12,  0.87it/s, v_num=fdj2]
Epoch 0:  73%|███████▎  | 887/1210 [17:03<06:12,  0.87it/s, v_num=fdj2]
Epoch 0:  73%|███████▎  | 888/1210 [17:03<06:11,  0.87it/s, v_num=fdj2]
Epoch 0:  73%|███████▎  | 888/1210 [17:03<06:11,  0.87it/s, v_num=fdj2]
Epoch 0:  73%|███████▎  | 889/1210 [17:04<06:09,  0.87it/s, v_num=fdj2]
Epoch 0:  73%|███████▎  | 889/1210 [17:04<06:09,  0.87it/s, v_num=fdj2]
Epoch 0:  74%|███████▎  | 890/1210 [17:04<06:08,  0.87it/s, v_num=fdj2]
Epoch 0:  74%|███████▎  | 890/1210 [17:04<06:08,  0.87it/s, v_num=fdj2]
Epoch 0:  74%|███████▎  | 891/1210 [17:04<06:06,  0.87it/s, v_num=fdj2]
Epoch 0:  74%|███████▎  | 891/1210 [17:04<06:06,  0.87it/s, v_num=fdj2]
Epoch 0:  74%|███████▎  | 892/1210 [17:05<06:05,  0.87it/s, v_num=fdj2]
Epoch 0:  74%|███████▎  | 892/1210 [17:05<06:05,  0.87it/s, v_num=fdj2]
Epoch 0:  74%|███████▍  | 893/1210 [17:05<06:04,  0.87it/s, v_num=fdj2]
Epoch 0:  74%|███████▍  | 893/1210 [17:05<06:04,  0.87it/s, v_num=fdj2]
Epoch 0:  74%|███████▍  | 894/1210 [17:06<06:02,  0.87it/s, v_num=fdj2]
Epoch 0:  74%|███████▍  | 894/1210 [17:06<06:02,  0.87it/s, v_num=fdj2]
Epoch 0:  74%|███████▍  | 895/1210 [17:06<06:01,  0.87it/s, v_num=fdj2]
Epoch 0:  74%|███████▍  | 895/1210 [17:06<06:01,  0.87it/s, v_num=fdj2]
Epoch 0:  74%|███████▍  | 896/1210 [17:06<05:59,  0.87it/s, v_num=fdj2]
Epoch 0:  74%|███████▍  | 896/1210 [17:06<05:59,  0.87it/s, v_num=fdj2]
Epoch 0:  74%|███████▍  | 897/1210 [17:07<05:58,  0.87it/s, v_num=fdj2]
Epoch 0:  74%|███████▍  | 897/1210 [17:07<05:58,  0.87it/s, v_num=fdj2]
Epoch 0:  74%|███████▍  | 898/1210 [17:07<05:57,  0.87it/s, v_num=fdj2]
Epoch 0:  74%|███████▍  | 898/1210 [17:07<05:57,  0.87it/s, v_num=fdj2]
Epoch 0:  74%|███████▍  | 899/1210 [17:08<05:55,  0.87it/s, v_num=fdj2]
Epoch 0:  74%|███████▍  | 899/1210 [17:08<05:55,  0.87it/s, v_num=fdj2]
Epoch 0:  74%|███████▍  | 900/1210 [17:08<05:54,  0.88it/s, v_num=fdj2]
Epoch 0:  74%|███████▍  | 900/1210 [17:08<05:54,  0.88it/s, v_num=fdj2]
Epoch 0:  74%|███████▍  | 901/1210 [17:08<05:52,  0.88it/s, v_num=fdj2]
Epoch 0:  74%|███████▍  | 901/1210 [17:08<05:52,  0.88it/s, v_num=fdj2]
Epoch 0:  75%|███████▍  | 902/1210 [17:09<05:51,  0.88it/s, v_num=fdj2]
Epoch 0:  75%|███████▍  | 902/1210 [17:09<05:51,  0.88it/s, v_num=fdj2]
Epoch 0:  75%|███████▍  | 903/1210 [17:09<05:50,  0.88it/s, v_num=fdj2]
Epoch 0:  75%|███████▍  | 903/1210 [17:09<05:50,  0.88it/s, v_num=fdj2]
Epoch 0:  75%|███████▍  | 904/1210 [17:09<05:48,  0.88it/s, v_num=fdj2]
Epoch 0:  75%|███████▍  | 904/1210 [17:09<05:48,  0.88it/s, v_num=fdj2]
Epoch 0:  75%|███████▍  | 905/1210 [17:10<05:47,  0.88it/s, v_num=fdj2]
Epoch 0:  75%|███████▍  | 905/1210 [17:10<05:47,  0.88it/s, v_num=fdj2]
Epoch 0:  75%|███████▍  | 906/1210 [17:10<05:45,  0.88it/s, v_num=fdj2]
Epoch 0:  75%|███████▍  | 906/1210 [17:10<05:45,  0.88it/s, v_num=fdj2]
Epoch 0:  75%|███████▍  | 907/1210 [18:51<06:17,  0.80it/s, v_num=fdj2]
Epoch 0:  75%|███████▍  | 907/1210 [18:51<06:17,  0.80it/s, v_num=fdj2]
Epoch 0:  75%|███████▌  | 908/1210 [18:51<06:16,  0.80it/s, v_num=fdj2]
Epoch 0:  75%|███████▌  | 908/1210 [18:51<06:16,  0.80it/s, v_num=fdj2]
Epoch 0:  75%|███████▌  | 909/1210 [18:51<06:14,  0.80it/s, v_num=fdj2]
Epoch 0:  75%|███████▌  | 909/1210 [18:51<06:14,  0.80it/s, v_num=fdj2]
Epoch 0:  75%|███████▌  | 910/1210 [18:52<06:13,  0.80it/s, v_num=fdj2]
Epoch 0:  75%|███████▌  | 910/1210 [18:52<06:13,  0.80it/s, v_num=fdj2]
Epoch 0:  75%|███████▌  | 911/1210 [18:52<06:11,  0.80it/s, v_num=fdj2]
Epoch 0:  75%|███████▌  | 911/1210 [18:52<06:11,  0.80it/s, v_num=fdj2]
Epoch 0:  75%|███████▌  | 912/1210 [18:53<06:10,  0.80it/s, v_num=fdj2]
Epoch 0:  75%|███████▌  | 912/1210 [18:53<06:10,  0.80it/s, v_num=fdj2]
Epoch 0:  75%|███████▌  | 913/1210 [18:53<06:08,  0.81it/s, v_num=fdj2]
Epoch 0:  75%|███████▌  | 913/1210 [18:53<06:08,  0.81it/s, v_num=fdj2]
Epoch 0:  76%|███████▌  | 914/1210 [18:53<06:07,  0.81it/s, v_num=fdj2]
Epoch 0:  76%|███████▌  | 914/1210 [18:53<06:07,  0.81it/s, v_num=fdj2]
Epoch 0:  76%|███████▌  | 915/1210 [18:54<06:05,  0.81it/s, v_num=fdj2]
Epoch 0:  76%|███████▌  | 915/1210 [18:54<06:05,  0.81it/s, v_num=fdj2]
Epoch 0:  76%|███████▌  | 916/1210 [18:54<06:04,  0.81it/s, v_num=fdj2]
Epoch 0:  76%|███████▌  | 916/1210 [18:54<06:04,  0.81it/s, v_num=fdj2]
Epoch 0:  76%|███████▌  | 917/1210 [18:55<06:02,  0.81it/s, v_num=fdj2]
Epoch 0:  76%|███████▌  | 917/1210 [18:55<06:02,  0.81it/s, v_num=fdj2]
Epoch 0:  76%|███████▌  | 918/1210 [18:55<06:01,  0.81it/s, v_num=fdj2]
Epoch 0:  76%|███████▌  | 918/1210 [18:55<06:01,  0.81it/s, v_num=fdj2]
Epoch 0:  76%|███████▌  | 919/1210 [18:55<05:59,  0.81it/s, v_num=fdj2]
Epoch 0:  76%|███████▌  | 919/1210 [18:55<05:59,  0.81it/s, v_num=fdj2]
Epoch 0:  76%|███████▌  | 920/1210 [18:56<05:58,  0.81it/s, v_num=fdj2]
Epoch 0:  76%|███████▌  | 920/1210 [18:56<05:58,  0.81it/s, v_num=fdj2]
Epoch 0:  76%|███████▌  | 921/1210 [18:56<05:56,  0.81it/s, v_num=fdj2]
Epoch 0:  76%|███████▌  | 921/1210 [18:56<05:56,  0.81it/s, v_num=fdj2]
Epoch 0:  76%|███████▌  | 922/1210 [18:57<05:55,  0.81it/s, v_num=fdj2]
Epoch 0:  76%|███████▌  | 922/1210 [18:57<05:55,  0.81it/s, v_num=fdj2]
Epoch 0:  76%|███████▋  | 923/1210 [18:57<05:53,  0.81it/s, v_num=fdj2]
Epoch 0:  76%|███████▋  | 923/1210 [18:57<05:53,  0.81it/s, v_num=fdj2]
Epoch 0:  76%|███████▋  | 924/1210 [18:57<05:52,  0.81it/s, v_num=fdj2]
Epoch 0:  76%|███████▋  | 924/1210 [18:57<05:52,  0.81it/s, v_num=fdj2]
Epoch 0:  76%|███████▋  | 925/1210 [18:58<05:50,  0.81it/s, v_num=fdj2]
Epoch 0:  76%|███████▋  | 925/1210 [18:58<05:50,  0.81it/s, v_num=fdj2]
Epoch 0:  77%|███████▋  | 926/1210 [18:58<05:49,  0.81it/s, v_num=fdj2]
Epoch 0:  77%|███████▋  | 926/1210 [18:58<05:49,  0.81it/s, v_num=fdj2]
Epoch 0:  77%|███████▋  | 927/1210 [18:58<05:47,  0.81it/s, v_num=fdj2]
Epoch 0:  77%|███████▋  | 927/1210 [18:58<05:47,  0.81it/s, v_num=fdj2]
Epoch 0:  77%|███████▋  | 928/1210 [18:59<05:46,  0.81it/s, v_num=fdj2]
Epoch 0:  77%|███████▋  | 928/1210 [18:59<05:46,  0.81it/s, v_num=fdj2]
Epoch 0:  77%|███████▋  | 929/1210 [18:59<05:44,  0.82it/s, v_num=fdj2]
Epoch 0:  77%|███████▋  | 929/1210 [18:59<05:44,  0.82it/s, v_num=fdj2]
Epoch 0:  77%|███████▋  | 930/1210 [19:00<05:43,  0.82it/s, v_num=fdj2]
Epoch 0:  77%|███████▋  | 930/1210 [19:00<05:43,  0.82it/s, v_num=fdj2]
Epoch 0:  77%|███████▋  | 931/1210 [19:00<05:41,  0.82it/s, v_num=fdj2]
Epoch 0:  77%|███████▋  | 931/1210 [19:00<05:41,  0.82it/s, v_num=fdj2]
Epoch 0:  77%|███████▋  | 932/1210 [19:00<05:40,  0.82it/s, v_num=fdj2]
Epoch 0:  77%|███████▋  | 932/1210 [19:00<05:40,  0.82it/s, v_num=fdj2]
Epoch 0:  77%|███████▋  | 933/1210 [19:01<05:38,  0.82it/s, v_num=fdj2]
Epoch 0:  77%|███████▋  | 933/1210 [19:01<05:38,  0.82it/s, v_num=fdj2]
Epoch 0:  77%|███████▋  | 934/1210 [19:01<05:37,  0.82it/s, v_num=fdj2]
Epoch 0:  77%|███████▋  | 934/1210 [19:01<05:37,  0.82it/s, v_num=fdj2]
Epoch 0:  77%|███████▋  | 935/1210 [19:02<05:35,  0.82it/s, v_num=fdj2]
Epoch 0:  77%|███████▋  | 935/1210 [19:02<05:35,  0.82it/s, v_num=fdj2]
Epoch 0:  77%|███████▋  | 936/1210 [19:02<05:34,  0.82it/s, v_num=fdj2]
Epoch 0:  77%|███████▋  | 936/1210 [19:02<05:34,  0.82it/s, v_num=fdj2]
Epoch 0:  77%|███████▋  | 937/1210 [20:45<06:02,  0.75it/s, v_num=fdj2]
Epoch 0:  77%|███████▋  | 937/1210 [20:45<06:02,  0.75it/s, v_num=fdj2]
Epoch 0:  78%|███████▊  | 938/1210 [20:45<06:01,  0.75it/s, v_num=fdj2]
Epoch 0:  78%|███████▊  | 938/1210 [20:45<06:01,  0.75it/s, v_num=fdj2]
Epoch 0:  78%|███████▊  | 939/1210 [20:46<05:59,  0.75it/s, v_num=fdj2]
Epoch 0:  78%|███████▊  | 939/1210 [20:46<05:59,  0.75it/s, v_num=fdj2]
Epoch 0:  78%|███████▊  | 940/1210 [20:46<05:58,  0.75it/s, v_num=fdj2]
Epoch 0:  78%|███████▊  | 940/1210 [20:46<05:58,  0.75it/s, v_num=fdj2]
Epoch 0:  78%|███████▊  | 941/1210 [20:46<05:56,  0.75it/s, v_num=fdj2]
Epoch 0:  78%|███████▊  | 941/1210 [20:46<05:56,  0.75it/s, v_num=fdj2]
Epoch 0:  78%|███████▊  | 942/1210 [20:47<05:54,  0.76it/s, v_num=fdj2]
Epoch 0:  78%|███████▊  | 942/1210 [20:47<05:54,  0.76it/s, v_num=fdj2]
Epoch 0:  78%|███████▊  | 943/1210 [20:47<05:53,  0.76it/s, v_num=fdj2]
Epoch 0:  78%|███████▊  | 943/1210 [20:47<05:53,  0.76it/s, v_num=fdj2]
Epoch 0:  78%|███████▊  | 944/1210 [20:48<05:51,  0.76it/s, v_num=fdj2]
Epoch 0:  78%|███████▊  | 944/1210 [20:48<05:51,  0.76it/s, v_num=fdj2]
Epoch 0:  78%|███████▊  | 945/1210 [20:48<05:50,  0.76it/s, v_num=fdj2]
Epoch 0:  78%|███████▊  | 945/1210 [20:48<05:50,  0.76it/s, v_num=fdj2]
Epoch 0:  78%|███████▊  | 946/1210 [20:48<05:48,  0.76it/s, v_num=fdj2]
Epoch 0:  78%|███████▊  | 946/1210 [20:48<05:48,  0.76it/s, v_num=fdj2]
Epoch 0:  78%|███████▊  | 947/1210 [20:49<05:46,  0.76it/s, v_num=fdj2]
Epoch 0:  78%|███████▊  | 947/1210 [20:49<05:46,  0.76it/s, v_num=fdj2]
Epoch 0:  78%|███████▊  | 948/1210 [20:49<05:45,  0.76it/s, v_num=fdj2]
Epoch 0:  78%|███████▊  | 948/1210 [20:49<05:45,  0.76it/s, v_num=fdj2]
Epoch 0:  78%|███████▊  | 949/1210 [20:50<05:43,  0.76it/s, v_num=fdj2]
Epoch 0:  78%|███████▊  | 949/1210 [20:50<05:43,  0.76it/s, v_num=fdj2]
Epoch 0:  79%|███████▊  | 950/1210 [20:50<05:42,  0.76it/s, v_num=fdj2]
Epoch 0:  79%|███████▊  | 950/1210 [20:50<05:42,  0.76it/s, v_num=fdj2]
Epoch 0:  79%|███████▊  | 951/1210 [20:50<05:40,  0.76it/s, v_num=fdj2]
Epoch 0:  79%|███████▊  | 951/1210 [20:50<05:40,  0.76it/s, v_num=fdj2]
Epoch 0:  79%|███████▊  | 952/1210 [20:51<05:39,  0.76it/s, v_num=fdj2]
Epoch 0:  79%|███████▊  | 952/1210 [20:51<05:39,  0.76it/s, v_num=fdj2]
Epoch 0:  79%|███████▉  | 953/1210 [20:51<05:37,  0.76it/s, v_num=fdj2]
Epoch 0:  79%|███████▉  | 953/1210 [20:51<05:37,  0.76it/s, v_num=fdj2]
Epoch 0:  79%|███████▉  | 954/1210 [20:52<05:35,  0.76it/s, v_num=fdj2]
Epoch 0:  79%|███████▉  | 954/1210 [20:52<05:35,  0.76it/s, v_num=fdj2]
Epoch 0:  79%|███████▉  | 955/1210 [20:52<05:34,  0.76it/s, v_num=fdj2]
Epoch 0:  79%|███████▉  | 955/1210 [20:52<05:34,  0.76it/s, v_num=fdj2]
Epoch 0:  79%|███████▉  | 956/1210 [20:52<05:32,  0.76it/s, v_num=fdj2]
Epoch 0:  79%|███████▉  | 956/1210 [20:52<05:32,  0.76it/s, v_num=fdj2]
Epoch 0:  79%|███████▉  | 957/1210 [20:53<05:31,  0.76it/s, v_num=fdj2]
Epoch 0:  79%|███████▉  | 957/1210 [20:53<05:31,  0.76it/s, v_num=fdj2]
Epoch 0:  79%|███████▉  | 958/1210 [20:53<05:29,  0.76it/s, v_num=fdj2]
Epoch 0:  79%|███████▉  | 958/1210 [20:53<05:29,  0.76it/s, v_num=fdj2]
Epoch 0:  79%|███████▉  | 959/1210 [20:53<05:28,  0.76it/s, v_num=fdj2]
Epoch 0:  79%|███████▉  | 959/1210 [20:53<05:28,  0.76it/s, v_num=fdj2]
Epoch 0:  79%|███████▉  | 960/1210 [20:54<05:26,  0.77it/s, v_num=fdj2]
Epoch 0:  79%|███████▉  | 960/1210 [20:54<05:26,  0.77it/s, v_num=fdj2]
Epoch 0:  79%|███████▉  | 961/1210 [20:54<05:25,  0.77it/s, v_num=fdj2]
Epoch 0:  79%|███████▉  | 961/1210 [20:54<05:25,  0.77it/s, v_num=fdj2]
Epoch 0:  80%|███████▉  | 962/1210 [20:55<05:23,  0.77it/s, v_num=fdj2]
Epoch 0:  80%|███████▉  | 962/1210 [20:55<05:23,  0.77it/s, v_num=fdj2]
Epoch 0:  80%|███████▉  | 963/1210 [20:55<05:22,  0.77it/s, v_num=fdj2]
Epoch 0:  80%|███████▉  | 963/1210 [20:55<05:22,  0.77it/s, v_num=fdj2]
Epoch 0:  80%|███████▉  | 964/1210 [20:55<05:20,  0.77it/s, v_num=fdj2]
Epoch 0:  80%|███████▉  | 964/1210 [20:55<05:20,  0.77it/s, v_num=fdj2]
Epoch 0:  80%|███████▉  | 965/1210 [20:56<05:18,  0.77it/s, v_num=fdj2]
Epoch 0:  80%|███████▉  | 965/1210 [20:56<05:18,  0.77it/s, v_num=fdj2]
Epoch 0:  80%|███████▉  | 966/1210 [20:56<05:17,  0.77it/s, v_num=fdj2]
Epoch 0:  80%|███████▉  | 966/1210 [20:56<05:17,  0.77it/s, v_num=fdj2]
Epoch 0:  80%|███████▉  | 967/1210 [22:11<05:34,  0.73it/s, v_num=fdj2]
Epoch 0:  80%|███████▉  | 967/1210 [22:11<05:34,  0.73it/s, v_num=fdj2]
Epoch 0:  80%|████████  | 968/1210 [22:11<05:32,  0.73it/s, v_num=fdj2]
Epoch 0:  80%|████████  | 968/1210 [22:11<05:32,  0.73it/s, v_num=fdj2]
Epoch 0:  80%|████████  | 969/1210 [22:12<05:31,  0.73it/s, v_num=fdj2]
Epoch 0:  80%|████████  | 969/1210 [22:12<05:31,  0.73it/s, v_num=fdj2]
Epoch 0:  80%|████████  | 970/1210 [22:12<05:29,  0.73it/s, v_num=fdj2]
Epoch 0:  80%|████████  | 970/1210 [22:12<05:29,  0.73it/s, v_num=fdj2]
Epoch 0:  80%|████████  | 971/1210 [22:13<05:28,  0.73it/s, v_num=fdj2]
Epoch 0:  80%|████████  | 971/1210 [22:13<05:28,  0.73it/s, v_num=fdj2]
Epoch 0:  80%|████████  | 972/1210 [22:13<05:26,  0.73it/s, v_num=fdj2]
Epoch 0:  80%|████████  | 972/1210 [22:13<05:26,  0.73it/s, v_num=fdj2]
Epoch 0:  80%|████████  | 973/1210 [22:13<05:24,  0.73it/s, v_num=fdj2]
Epoch 0:  80%|████████  | 973/1210 [22:13<05:24,  0.73it/s, v_num=fdj2]
Epoch 0:  80%|████████  | 974/1210 [22:14<05:23,  0.73it/s, v_num=fdj2]
Epoch 0:  80%|████████  | 974/1210 [22:14<05:23,  0.73it/s, v_num=fdj2]
Epoch 0:  81%|████████  | 975/1210 [22:14<05:21,  0.73it/s, v_num=fdj2]
Epoch 0:  81%|████████  | 975/1210 [22:14<05:21,  0.73it/s, v_num=fdj2]
Epoch 0:  81%|████████  | 976/1210 [22:15<05:20,  0.73it/s, v_num=fdj2]
Epoch 0:  81%|████████  | 976/1210 [22:15<05:20,  0.73it/s, v_num=fdj2]
Epoch 0:  81%|████████  | 977/1210 [22:15<05:18,  0.73it/s, v_num=fdj2]
Epoch 0:  81%|████████  | 977/1210 [22:15<05:18,  0.73it/s, v_num=fdj2]
Epoch 0:  81%|████████  | 978/1210 [22:15<05:16,  0.73it/s, v_num=fdj2]
Epoch 0:  81%|████████  | 978/1210 [22:15<05:16,  0.73it/s, v_num=fdj2]
Epoch 0:  81%|████████  | 979/1210 [22:16<05:15,  0.73it/s, v_num=fdj2]
Epoch 0:  81%|████████  | 979/1210 [22:16<05:15,  0.73it/s, v_num=fdj2]
Epoch 0:  81%|████████  | 980/1210 [22:16<05:13,  0.73it/s, v_num=fdj2]
Epoch 0:  81%|████████  | 980/1210 [22:16<05:13,  0.73it/s, v_num=fdj2]
Epoch 0:  81%|████████  | 981/1210 [22:17<05:12,  0.73it/s, v_num=fdj2]
Epoch 0:  81%|████████  | 981/1210 [22:17<05:12,  0.73it/s, v_num=fdj2]
Epoch 0:  81%|████████  | 982/1210 [22:17<05:10,  0.73it/s, v_num=fdj2]
Epoch 0:  81%|████████  | 982/1210 [22:17<05:10,  0.73it/s, v_num=fdj2]
Epoch 0:  81%|████████  | 983/1210 [22:17<05:08,  0.73it/s, v_num=fdj2]
Epoch 0:  81%|████████  | 983/1210 [22:17<05:08,  0.73it/s, v_num=fdj2]
Epoch 0:  81%|████████▏ | 984/1210 [22:18<05:07,  0.74it/s, v_num=fdj2]
Epoch 0:  81%|████████▏ | 984/1210 [22:18<05:07,  0.74it/s, v_num=fdj2]
Epoch 0:  81%|████████▏ | 985/1210 [22:18<05:05,  0.74it/s, v_num=fdj2]
Epoch 0:  81%|████████▏ | 985/1210 [22:18<05:05,  0.74it/s, v_num=fdj2]
Epoch 0:  81%|████████▏ | 986/1210 [22:19<05:04,  0.74it/s, v_num=fdj2]
Epoch 0:  81%|████████▏ | 986/1210 [22:19<05:04,  0.74it/s, v_num=fdj2]
Epoch 0:  82%|████████▏ | 987/1210 [22:19<05:02,  0.74it/s, v_num=fdj2]
Epoch 0:  82%|████████▏ | 987/1210 [22:19<05:02,  0.74it/s, v_num=fdj2]
Epoch 0:  82%|████████▏ | 988/1210 [22:19<05:01,  0.74it/s, v_num=fdj2]
Epoch 0:  82%|████████▏ | 988/1210 [22:19<05:01,  0.74it/s, v_num=fdj2]
Epoch 0:  82%|████████▏ | 989/1210 [22:20<04:59,  0.74it/s, v_num=fdj2]
Epoch 0:  82%|████████▏ | 989/1210 [22:20<04:59,  0.74it/s, v_num=fdj2]
Epoch 0:  82%|████████▏ | 990/1210 [22:20<04:57,  0.74it/s, v_num=fdj2]
Epoch 0:  82%|████████▏ | 990/1210 [22:20<04:57,  0.74it/s, v_num=fdj2]
Epoch 0:  82%|████████▏ | 991/1210 [22:20<04:56,  0.74it/s, v_num=fdj2]
Epoch 0:  82%|████████▏ | 991/1210 [22:20<04:56,  0.74it/s, v_num=fdj2]
Epoch 0:  82%|████████▏ | 992/1210 [22:21<04:54,  0.74it/s, v_num=fdj2]
Epoch 0:  82%|████████▏ | 992/1210 [22:21<04:54,  0.74it/s, v_num=fdj2]
Epoch 0:  82%|████████▏ | 993/1210 [22:21<04:53,  0.74it/s, v_num=fdj2]
Epoch 0:  82%|████████▏ | 993/1210 [22:21<04:53,  0.74it/s, v_num=fdj2]
Epoch 0:  82%|████████▏ | 994/1210 [22:22<04:51,  0.74it/s, v_num=fdj2]
Epoch 0:  82%|████████▏ | 994/1210 [22:22<04:51,  0.74it/s, v_num=fdj2]
Epoch 0:  82%|████████▏ | 995/1210 [22:22<04:50,  0.74it/s, v_num=fdj2]
Epoch 0:  82%|████████▏ | 995/1210 [22:22<04:50,  0.74it/s, v_num=fdj2]
Epoch 0:  82%|████████▏ | 996/1210 [22:22<04:48,  0.74it/s, v_num=fdj2]
Epoch 0:  82%|████████▏ | 996/1210 [22:22<04:48,  0.74it/s, v_num=fdj2]
Epoch 0:  82%|████████▏ | 997/1210 [22:23<04:46,  0.74it/s, v_num=fdj2]
Epoch 0:  82%|████████▏ | 997/1210 [22:23<04:46,  0.74it/s, v_num=fdj2]
Epoch 0:  82%|████████▏ | 998/1210 [22:23<04:45,  0.74it/s, v_num=fdj2]
Epoch 0:  82%|████████▏ | 998/1210 [22:23<04:45,  0.74it/s, v_num=fdj2]
Epoch 0:  83%|████████▎ | 999/1210 [22:24<04:43,  0.74it/s, v_num=fdj2]
Epoch 0:  83%|████████▎ | 999/1210 [22:24<04:43,  0.74it/s, v_num=fdj2]
Epoch 0:  83%|████████▎ | 1000/1210 [24:19<05:06,  0.69it/s, v_num=fdj2]
Epoch 0:  83%|████████▎ | 1000/1210 [24:19<05:06,  0.68it/s, v_num=fdj2]
Epoch 0:  83%|████████▎ | 1001/1210 [24:20<05:04,  0.69it/s, v_num=fdj2]
Epoch 0:  83%|████████▎ | 1001/1210 [24:20<05:04,  0.69it/s, v_num=fdj2]
Epoch 0:  83%|████████▎ | 1002/1210 [24:20<05:03,  0.69it/s, v_num=fdj2]
Epoch 0:  83%|████████▎ | 1002/1210 [24:20<05:03,  0.69it/s, v_num=fdj2]
Epoch 0:  83%|████████▎ | 1003/1210 [24:21<05:01,  0.69it/s, v_num=fdj2]
Epoch 0:  83%|████████▎ | 1003/1210 [24:21<05:01,  0.69it/s, v_num=fdj2]
Epoch 0:  83%|████████▎ | 1004/1210 [24:21<04:59,  0.69it/s, v_num=fdj2]
Epoch 0:  83%|████████▎ | 1004/1210 [24:21<04:59,  0.69it/s, v_num=fdj2]
Epoch 0:  83%|████████▎ | 1005/1210 [24:21<04:58,  0.69it/s, v_num=fdj2]
Epoch 0:  83%|████████▎ | 1005/1210 [24:21<04:58,  0.69it/s, v_num=fdj2]
Epoch 0:  83%|████████▎ | 1006/1210 [24:22<04:56,  0.69it/s, v_num=fdj2]
Epoch 0:  83%|████████▎ | 1006/1210 [24:22<04:56,  0.69it/s, v_num=fdj2]
Epoch 0:  83%|████████▎ | 1007/1210 [24:22<04:54,  0.69it/s, v_num=fdj2]
Epoch 0:  83%|████████▎ | 1007/1210 [24:22<04:54,  0.69it/s, v_num=fdj2]
Epoch 0:  83%|████████▎ | 1008/1210 [24:22<04:53,  0.69it/s, v_num=fdj2]
Epoch 0:  83%|████████▎ | 1008/1210 [24:22<04:53,  0.69it/s, v_num=fdj2]
Epoch 0:  83%|████████▎ | 1009/1210 [24:23<04:51,  0.69it/s, v_num=fdj2]
Epoch 0:  83%|████████▎ | 1009/1210 [24:23<04:51,  0.69it/s, v_num=fdj2]
Epoch 0:  83%|████████▎ | 1010/1210 [24:23<04:49,  0.69it/s, v_num=fdj2]
Epoch 0:  83%|████████▎ | 1010/1210 [24:23<04:49,  0.69it/s, v_num=fdj2]
Epoch 0:  84%|████████▎ | 1011/1210 [24:24<04:48,  0.69it/s, v_num=fdj2]
Epoch 0:  84%|████████▎ | 1011/1210 [24:24<04:48,  0.69it/s, v_num=fdj2]
Epoch 0:  84%|████████▎ | 1012/1210 [24:24<04:46,  0.69it/s, v_num=fdj2]
Epoch 0:  84%|████████▎ | 1012/1210 [24:24<04:46,  0.69it/s, v_num=fdj2]
Epoch 0:  84%|████████▎ | 1013/1210 [24:24<04:44,  0.69it/s, v_num=fdj2]
Epoch 0:  84%|████████▎ | 1013/1210 [24:24<04:44,  0.69it/s, v_num=fdj2]
Epoch 0:  84%|████████▍ | 1014/1210 [24:25<04:43,  0.69it/s, v_num=fdj2]
Epoch 0:  84%|████████▍ | 1014/1210 [24:25<04:43,  0.69it/s, v_num=fdj2]
Epoch 0:  84%|████████▍ | 1015/1210 [24:25<04:41,  0.69it/s, v_num=fdj2]
Epoch 0:  84%|████████▍ | 1015/1210 [24:25<04:41,  0.69it/s, v_num=fdj2]
Epoch 0:  84%|████████▍ | 1016/1210 [24:26<04:39,  0.69it/s, v_num=fdj2]
Epoch 0:  84%|████████▍ | 1016/1210 [24:26<04:39,  0.69it/s, v_num=fdj2]
Epoch 0:  84%|████████▍ | 1017/1210 [24:26<04:38,  0.69it/s, v_num=fdj2]
Epoch 0:  84%|████████▍ | 1017/1210 [24:26<04:38,  0.69it/s, v_num=fdj2]
Epoch 0:  84%|████████▍ | 1018/1210 [24:26<04:36,  0.69it/s, v_num=fdj2]
Epoch 0:  84%|████████▍ | 1018/1210 [24:26<04:36,  0.69it/s, v_num=fdj2]
Epoch 0:  84%|████████▍ | 1019/1210 [24:27<04:35,  0.69it/s, v_num=fdj2]
Epoch 0:  84%|████████▍ | 1019/1210 [24:27<04:35,  0.69it/s, v_num=fdj2]
Epoch 0:  84%|████████▍ | 1020/1210 [24:27<04:33,  0.69it/s, v_num=fdj2]
Epoch 0:  84%|████████▍ | 1020/1210 [24:27<04:33,  0.69it/s, v_num=fdj2]
Epoch 0:  84%|████████▍ | 1021/1210 [24:28<04:31,  0.70it/s, v_num=fdj2]
Epoch 0:  84%|████████▍ | 1021/1210 [24:28<04:31,  0.70it/s, v_num=fdj2]
Epoch 0:  84%|████████▍ | 1022/1210 [24:28<04:30,  0.70it/s, v_num=fdj2]
Epoch 0:  84%|████████▍ | 1022/1210 [24:28<04:30,  0.70it/s, v_num=fdj2]
Epoch 0:  85%|████████▍ | 1023/1210 [24:28<04:28,  0.70it/s, v_num=fdj2]
Epoch 0:  85%|████████▍ | 1023/1210 [24:28<04:28,  0.70it/s, v_num=fdj2]
Epoch 0:  85%|████████▍ | 1024/1210 [24:29<04:26,  0.70it/s, v_num=fdj2]
Epoch 0:  85%|████████▍ | 1024/1210 [24:29<04:26,  0.70it/s, v_num=fdj2]
Epoch 0:  85%|████████▍ | 1025/1210 [24:29<04:25,  0.70it/s, v_num=fdj2]
Epoch 0:  85%|████████▍ | 1025/1210 [24:29<04:25,  0.70it/s, v_num=fdj2]
Epoch 0:  85%|████████▍ | 1026/1210 [24:30<04:23,  0.70it/s, v_num=fdj2]
Epoch 0:  85%|████████▍ | 1026/1210 [24:30<04:23,  0.70it/s, v_num=fdj2]
Epoch 0:  85%|████████▍ | 1027/1210 [24:30<04:22,  0.70it/s, v_num=fdj2]
Epoch 0:  85%|████████▍ | 1027/1210 [24:30<04:22,  0.70it/s, v_num=fdj2]
Epoch 0:  85%|████████▍ | 1028/1210 [24:30<04:20,  0.70it/s, v_num=fdj2]
Epoch 0:  85%|████████▍ | 1028/1210 [24:30<04:20,  0.70it/s, v_num=fdj2]
Epoch 0:  85%|████████▌ | 1029/1210 [24:31<04:18,  0.70it/s, v_num=fdj2]
Epoch 0:  85%|████████▌ | 1029/1210 [24:31<04:18,  0.70it/s, v_num=fdj2]
Epoch 0:  85%|████████▌ | 1030/1210 [26:43<04:40,  0.64it/s, v_num=fdj2]
Epoch 0:  85%|████████▌ | 1030/1210 [26:43<04:40,  0.64it/s, v_num=fdj2]
Epoch 0:  85%|████████▌ | 1031/1210 [26:44<04:38,  0.64it/s, v_num=fdj2]
Epoch 0:  85%|████████▌ | 1031/1210 [26:44<04:38,  0.64it/s, v_num=fdj2]
Epoch 0:  85%|████████▌ | 1032/1210 [26:44<04:36,  0.64it/s, v_num=fdj2]
Epoch 0:  85%|████████▌ | 1032/1210 [26:44<04:36,  0.64it/s, v_num=fdj2]
Epoch 0:  85%|████████▌ | 1033/1210 [26:44<04:34,  0.64it/s, v_num=fdj2]
Epoch 0:  85%|████████▌ | 1033/1210 [26:44<04:34,  0.64it/s, v_num=fdj2]
Epoch 0:  85%|████████▌ | 1034/1210 [26:45<04:33,  0.64it/s, v_num=fdj2]
Epoch 0:  85%|████████▌ | 1034/1210 [26:45<04:33,  0.64it/s, v_num=fdj2]
Epoch 0:  86%|████████▌ | 1035/1210 [26:45<04:31,  0.64it/s, v_num=fdj2]
Epoch 0:  86%|████████▌ | 1035/1210 [26:45<04:31,  0.64it/s, v_num=fdj2]
Epoch 0:  86%|████████▌ | 1036/1210 [26:46<04:29,  0.65it/s, v_num=fdj2]
Epoch 0:  86%|████████▌ | 1036/1210 [26:46<04:29,  0.65it/s, v_num=fdj2]
Epoch 0:  86%|████████▌ | 1037/1210 [26:46<04:28,  0.65it/s, v_num=fdj2]
Epoch 0:  86%|████████▌ | 1037/1210 [26:46<04:28,  0.65it/s, v_num=fdj2]
Epoch 0:  86%|████████▌ | 1038/1210 [26:46<04:26,  0.65it/s, v_num=fdj2]
Epoch 0:  86%|████████▌ | 1038/1210 [26:46<04:26,  0.65it/s, v_num=fdj2]
Epoch 0:  86%|████████▌ | 1039/1210 [26:47<04:24,  0.65it/s, v_num=fdj2]
Epoch 0:  86%|████████▌ | 1039/1210 [26:47<04:24,  0.65it/s, v_num=fdj2]
Epoch 0:  86%|████████▌ | 1040/1210 [26:47<04:22,  0.65it/s, v_num=fdj2]
Epoch 0:  86%|████████▌ | 1040/1210 [26:47<04:22,  0.65it/s, v_num=fdj2]
Epoch 0:  86%|████████▌ | 1041/1210 [26:48<04:21,  0.65it/s, v_num=fdj2]
Epoch 0:  86%|████████▌ | 1041/1210 [26:48<04:21,  0.65it/s, v_num=fdj2]
Epoch 0:  86%|████████▌ | 1042/1210 [26:48<04:19,  0.65it/s, v_num=fdj2]
Epoch 0:  86%|████████▌ | 1042/1210 [26:48<04:19,  0.65it/s, v_num=fdj2]
Epoch 0:  86%|████████▌ | 1043/1210 [26:48<04:17,  0.65it/s, v_num=fdj2]
Epoch 0:  86%|████████▌ | 1043/1210 [26:48<04:17,  0.65it/s, v_num=fdj2]
Epoch 0:  86%|████████▋ | 1044/1210 [26:49<04:15,  0.65it/s, v_num=fdj2]
Epoch 0:  86%|████████▋ | 1044/1210 [26:49<04:15,  0.65it/s, v_num=fdj2]
Epoch 0:  86%|████████▋ | 1045/1210 [26:49<04:14,  0.65it/s, v_num=fdj2]
Epoch 0:  86%|████████▋ | 1045/1210 [26:49<04:14,  0.65it/s, v_num=fdj2]
Epoch 0:  86%|████████▋ | 1046/1210 [26:49<04:12,  0.65it/s, v_num=fdj2]
Epoch 0:  86%|████████▋ | 1046/1210 [26:49<04:12,  0.65it/s, v_num=fdj2]
Epoch 0:  87%|████████▋ | 1047/1210 [26:50<04:10,  0.65it/s, v_num=fdj2]
Epoch 0:  87%|████████▋ | 1047/1210 [26:50<04:10,  0.65it/s, v_num=fdj2]
Epoch 0:  87%|████████▋ | 1048/1210 [26:50<04:08,  0.65it/s, v_num=fdj2]
Epoch 0:  87%|████████▋ | 1048/1210 [26:50<04:08,  0.65it/s, v_num=fdj2]
Epoch 0:  87%|████████▋ | 1049/1210 [26:51<04:07,  0.65it/s, v_num=fdj2]
Epoch 0:  87%|████████▋ | 1049/1210 [26:51<04:07,  0.65it/s, v_num=fdj2]
Epoch 0:  87%|████████▋ | 1050/1210 [26:51<04:05,  0.65it/s, v_num=fdj2]
Epoch 0:  87%|████████▋ | 1050/1210 [26:51<04:05,  0.65it/s, v_num=fdj2]
Epoch 0:  87%|████████▋ | 1051/1210 [26:51<04:03,  0.65it/s, v_num=fdj2]
Epoch 0:  87%|████████▋ | 1051/1210 [26:51<04:03,  0.65it/s, v_num=fdj2]
Epoch 0:  87%|████████▋ | 1052/1210 [26:52<04:02,  0.65it/s, v_num=fdj2]
Epoch 0:  87%|████████▋ | 1052/1210 [26:52<04:02,  0.65it/s, v_num=fdj2]
Epoch 0:  87%|████████▋ | 1053/1210 [26:52<04:00,  0.65it/s, v_num=fdj2]
Epoch 0:  87%|████████▋ | 1053/1210 [26:52<04:00,  0.65it/s, v_num=fdj2]
Epoch 0:  87%|████████▋ | 1054/1210 [26:53<03:58,  0.65it/s, v_num=fdj2]
Epoch 0:  87%|████████▋ | 1054/1210 [26:53<03:58,  0.65it/s, v_num=fdj2]
Epoch 0:  87%|████████▋ | 1055/1210 [26:53<03:57,  0.65it/s, v_num=fdj2]
Epoch 0:  87%|████████▋ | 1055/1210 [26:53<03:57,  0.65it/s, v_num=fdj2]
Epoch 0:  87%|████████▋ | 1056/1210 [26:53<03:55,  0.65it/s, v_num=fdj2]
Epoch 0:  87%|████████▋ | 1056/1210 [26:53<03:55,  0.65it/s, v_num=fdj2]
Epoch 0:  87%|████████▋ | 1057/1210 [26:54<03:53,  0.65it/s, v_num=fdj2]
Epoch 0:  87%|████████▋ | 1057/1210 [26:54<03:53,  0.65it/s, v_num=fdj2]
Epoch 0:  87%|████████▋ | 1058/1210 [26:54<03:51,  0.66it/s, v_num=fdj2]
Epoch 0:  87%|████████▋ | 1058/1210 [26:54<03:51,  0.66it/s, v_num=fdj2]
Epoch 0:  88%|████████▊ | 1059/1210 [26:55<03:50,  0.66it/s, v_num=fdj2]
Epoch 0:  88%|████████▊ | 1059/1210 [26:55<03:50,  0.66it/s, v_num=fdj2]
Epoch 0:  88%|████████▊ | 1060/1210 [26:55<03:48,  0.66it/s, v_num=fdj2]
Epoch 0:  88%|████████▊ | 1060/1210 [26:55<03:48,  0.66it/s, v_num=fdj2]
Epoch 0:  88%|████████▊ | 1061/1210 [26:55<03:46,  0.66it/s, v_num=fdj2]
Epoch 0:  88%|████████▊ | 1061/1210 [26:55<03:46,  0.66it/s, v_num=fdj2]
Epoch 0:  88%|████████▊ | 1062/1210 [26:56<03:45,  0.66it/s, v_num=fdj2]
Epoch 0:  88%|████████▊ | 1062/1210 [26:56<03:45,  0.66it/s, v_num=fdj2]
Epoch 0:  88%|████████▊ | 1063/1210 [29:39<04:06,  0.60it/s, v_num=fdj2]
Epoch 0:  88%|████████▊ | 1063/1210 [29:39<04:06,  0.60it/s, v_num=fdj2]
Epoch 0:  88%|████████▊ | 1064/1210 [29:40<04:04,  0.60it/s, v_num=fdj2]
Epoch 0:  88%|████████▊ | 1064/1210 [29:40<04:04,  0.60it/s, v_num=fdj2]
Epoch 0:  88%|████████▊ | 1065/1210 [29:40<04:02,  0.60it/s, v_num=fdj2]
Epoch 0:  88%|████████▊ | 1065/1210 [29:40<04:02,  0.60it/s, v_num=fdj2]
Epoch 0:  88%|████████▊ | 1066/1210 [29:40<04:00,  0.60it/s, v_num=fdj2]
Epoch 0:  88%|████████▊ | 1066/1210 [29:40<04:00,  0.60it/s, v_num=fdj2]
Epoch 0:  88%|████████▊ | 1067/1210 [29:41<03:58,  0.60it/s, v_num=fdj2]
Epoch 0:  88%|████████▊ | 1067/1210 [29:41<03:58,  0.60it/s, v_num=fdj2]
Epoch 0:  88%|████████▊ | 1068/1210 [29:41<03:56,  0.60it/s, v_num=fdj2]
Epoch 0:  88%|████████▊ | 1068/1210 [29:41<03:56,  0.60it/s, v_num=fdj2]
Epoch 0:  88%|████████▊ | 1069/1210 [29:42<03:55,  0.60it/s, v_num=fdj2]
Epoch 0:  88%|████████▊ | 1069/1210 [29:42<03:55,  0.60it/s, v_num=fdj2]
Epoch 0:  88%|████████▊ | 1070/1210 [29:42<03:53,  0.60it/s, v_num=fdj2]
Epoch 0:  88%|████████▊ | 1070/1210 [29:42<03:53,  0.60it/s, v_num=fdj2]
Epoch 0:  89%|████████▊ | 1071/1210 [29:42<03:51,  0.60it/s, v_num=fdj2]
Epoch 0:  89%|████████▊ | 1071/1210 [29:42<03:51,  0.60it/s, v_num=fdj2]
Epoch 0:  89%|████████▊ | 1072/1210 [29:43<03:49,  0.60it/s, v_num=fdj2]
Epoch 0:  89%|████████▊ | 1072/1210 [29:43<03:49,  0.60it/s, v_num=fdj2]
Epoch 0:  89%|████████▊ | 1073/1210 [29:43<03:47,  0.60it/s, v_num=fdj2]
Epoch 0:  89%|████████▊ | 1073/1210 [29:43<03:47,  0.60it/s, v_num=fdj2]
Epoch 0:  89%|████████▉ | 1074/1210 [29:43<03:45,  0.60it/s, v_num=fdj2]
Epoch 0:  89%|████████▉ | 1074/1210 [29:43<03:45,  0.60it/s, v_num=fdj2]
Epoch 0:  89%|████████▉ | 1075/1210 [29:44<03:44,  0.60it/s, v_num=fdj2]
Epoch 0:  89%|████████▉ | 1075/1210 [29:44<03:44,  0.60it/s, v_num=fdj2]
Epoch 0:  89%|████████▉ | 1076/1210 [29:44<03:42,  0.60it/s, v_num=fdj2]
Epoch 0:  89%|████████▉ | 1076/1210 [29:44<03:42,  0.60it/s, v_num=fdj2]
Epoch 0:  89%|████████▉ | 1077/1210 [29:45<03:40,  0.60it/s, v_num=fdj2]
Epoch 0:  89%|████████▉ | 1077/1210 [29:45<03:40,  0.60it/s, v_num=fdj2]
Epoch 0:  89%|████████▉ | 1078/1210 [29:45<03:38,  0.60it/s, v_num=fdj2]
Epoch 0:  89%|████████▉ | 1078/1210 [29:45<03:38,  0.60it/s, v_num=fdj2]
Epoch 0:  89%|████████▉ | 1079/1210 [29:45<03:36,  0.60it/s, v_num=fdj2]
Epoch 0:  89%|████████▉ | 1079/1210 [29:45<03:36,  0.60it/s, v_num=fdj2]
Epoch 0:  89%|████████▉ | 1080/1210 [29:46<03:35,  0.60it/s, v_num=fdj2]
Epoch 0:  89%|████████▉ | 1080/1210 [29:46<03:35,  0.60it/s, v_num=fdj2]
Epoch 0:  89%|████████▉ | 1081/1210 [29:46<03:33,  0.61it/s, v_num=fdj2]
Epoch 0:  89%|████████▉ | 1081/1210 [29:46<03:33,  0.61it/s, v_num=fdj2]
Epoch 0:  89%|████████▉ | 1082/1210 [29:47<03:31,  0.61it/s, v_num=fdj2]
Epoch 0:  89%|████████▉ | 1082/1210 [29:47<03:31,  0.61it/s, v_num=fdj2]
Epoch 0:  90%|████████▉ | 1083/1210 [29:47<03:29,  0.61it/s, v_num=fdj2]
Epoch 0:  90%|████████▉ | 1083/1210 [29:47<03:29,  0.61it/s, v_num=fdj2]
Epoch 0:  90%|████████▉ | 1084/1210 [29:47<03:27,  0.61it/s, v_num=fdj2]
Epoch 0:  90%|████████▉ | 1084/1210 [29:47<03:27,  0.61it/s, v_num=fdj2]
Epoch 0:  90%|████████▉ | 1085/1210 [29:48<03:26,  0.61it/s, v_num=fdj2]
Epoch 0:  90%|████████▉ | 1085/1210 [29:48<03:26,  0.61it/s, v_num=fdj2]
Epoch 0:  90%|████████▉ | 1086/1210 [29:48<03:24,  0.61it/s, v_num=fdj2]
Epoch 0:  90%|████████▉ | 1086/1210 [29:48<03:24,  0.61it/s, v_num=fdj2]
Epoch 0:  90%|████████▉ | 1087/1210 [29:49<03:22,  0.61it/s, v_num=fdj2]
Epoch 0:  90%|████████▉ | 1087/1210 [29:49<03:22,  0.61it/s, v_num=fdj2]
Epoch 0:  90%|████████▉ | 1088/1210 [29:49<03:20,  0.61it/s, v_num=fdj2]
Epoch 0:  90%|████████▉ | 1088/1210 [29:49<03:20,  0.61it/s, v_num=fdj2]
Epoch 0:  90%|█████████ | 1089/1210 [29:49<03:18,  0.61it/s, v_num=fdj2]
Epoch 0:  90%|█████████ | 1089/1210 [29:49<03:18,  0.61it/s, v_num=fdj2]
Epoch 0:  90%|█████████ | 1090/1210 [29:50<03:17,  0.61it/s, v_num=fdj2]
Epoch 0:  90%|█████████ | 1090/1210 [29:50<03:17,  0.61it/s, v_num=fdj2]
Epoch 0:  90%|█████████ | 1091/1210 [29:50<03:15,  0.61it/s, v_num=fdj2]
Epoch 0:  90%|█████████ | 1091/1210 [29:50<03:15,  0.61it/s, v_num=fdj2]
Epoch 0:  90%|█████████ | 1092/1210 [29:51<03:13,  0.61it/s, v_num=fdj2]
Epoch 0:  90%|█████████ | 1092/1210 [29:51<03:13,  0.61it/s, v_num=fdj2]
Epoch 0:  90%|█████████ | 1093/1210 [32:40<03:29,  0.56it/s, v_num=fdj2]
Epoch 0:  90%|█████████ | 1093/1210 [32:40<03:29,  0.56it/s, v_num=fdj2]
Epoch 0:  90%|█████████ | 1094/1210 [32:40<03:27,  0.56it/s, v_num=fdj2]
Epoch 0:  90%|█████████ | 1094/1210 [32:40<03:27,  0.56it/s, v_num=fdj2]
Epoch 0:  90%|█████████ | 1095/1210 [32:41<03:25,  0.56it/s, v_num=fdj2]
Epoch 0:  90%|█████████ | 1095/1210 [32:41<03:25,  0.56it/s, v_num=fdj2]
Epoch 0:  91%|█████████ | 1096/1210 [32:41<03:24,  0.56it/s, v_num=fdj2]
Epoch 0:  91%|█████████ | 1096/1210 [32:41<03:24,  0.56it/s, v_num=fdj2]
Epoch 0:  91%|█████████ | 1097/1210 [32:42<03:22,  0.56it/s, v_num=fdj2]
Epoch 0:  91%|█████████ | 1097/1210 [32:42<03:22,  0.56it/s, v_num=fdj2]
Epoch 0:  91%|█████████ | 1098/1210 [32:42<03:20,  0.56it/s, v_num=fdj2]
Epoch 0:  91%|█████████ | 1098/1210 [32:42<03:20,  0.56it/s, v_num=fdj2]
Epoch 0:  91%|█████████ | 1099/1210 [32:42<03:18,  0.56it/s, v_num=fdj2]
Epoch 0:  91%|█████████ | 1099/1210 [32:42<03:18,  0.56it/s, v_num=fdj2]
Epoch 0:  91%|█████████ | 1100/1210 [32:43<03:16,  0.56it/s, v_num=fdj2]
Epoch 0:  91%|█████████ | 1100/1210 [32:43<03:16,  0.56it/s, v_num=fdj2]
Epoch 0:  91%|█████████ | 1101/1210 [32:43<03:14,  0.56it/s, v_num=fdj2]
Epoch 0:  91%|█████████ | 1101/1210 [32:43<03:14,  0.56it/s, v_num=fdj2]
Epoch 0:  91%|█████████ | 1102/1210 [32:44<03:12,  0.56it/s, v_num=fdj2]
Epoch 0:  91%|█████████ | 1102/1210 [32:44<03:12,  0.56it/s, v_num=fdj2]
Epoch 0:  91%|█████████ | 1103/1210 [32:44<03:10,  0.56it/s, v_num=fdj2]
Epoch 0:  91%|█████████ | 1103/1210 [32:44<03:10,  0.56it/s, v_num=fdj2]
Epoch 0:  91%|█████████ | 1104/1210 [32:44<03:08,  0.56it/s, v_num=fdj2]
Epoch 0:  91%|█████████ | 1104/1210 [32:44<03:08,  0.56it/s, v_num=fdj2]
Epoch 0:  91%|█████████▏| 1105/1210 [32:45<03:06,  0.56it/s, v_num=fdj2]
Epoch 0:  91%|█████████▏| 1105/1210 [32:45<03:06,  0.56it/s, v_num=fdj2]
Epoch 0:  91%|█████████▏| 1106/1210 [32:45<03:04,  0.56it/s, v_num=fdj2]
Epoch 0:  91%|█████████▏| 1106/1210 [32:45<03:04,  0.56it/s, v_num=fdj2]
Epoch 0:  91%|█████████▏| 1107/1210 [32:45<03:02,  0.56it/s, v_num=fdj2]
Epoch 0:  91%|█████████▏| 1107/1210 [32:45<03:02,  0.56it/s, v_num=fdj2]
Epoch 0:  92%|█████████▏| 1108/1210 [32:46<03:01,  0.56it/s, v_num=fdj2]
Epoch 0:  92%|█████████▏| 1108/1210 [32:46<03:01,  0.56it/s, v_num=fdj2]
Epoch 0:  92%|█████████▏| 1109/1210 [32:46<02:59,  0.56it/s, v_num=fdj2]
Epoch 0:  92%|█████████▏| 1109/1210 [32:46<02:59,  0.56it/s, v_num=fdj2]
Epoch 0:  92%|█████████▏| 1110/1210 [32:47<02:57,  0.56it/s, v_num=fdj2]
Epoch 0:  92%|█████████▏| 1110/1210 [32:47<02:57,  0.56it/s, v_num=fdj2]
Epoch 0:  92%|█████████▏| 1111/1210 [32:47<02:55,  0.56it/s, v_num=fdj2]
Epoch 0:  92%|█████████▏| 1111/1210 [32:47<02:55,  0.56it/s, v_num=fdj2]
Epoch 0:  92%|█████████▏| 1112/1210 [32:47<02:53,  0.57it/s, v_num=fdj2]
Epoch 0:  92%|█████████▏| 1112/1210 [32:47<02:53,  0.57it/s, v_num=fdj2]
Epoch 0:  92%|█████████▏| 1113/1210 [32:48<02:51,  0.57it/s, v_num=fdj2]
Epoch 0:  92%|█████████▏| 1113/1210 [32:48<02:51,  0.57it/s, v_num=fdj2]
Epoch 0:  92%|█████████▏| 1114/1210 [32:48<02:49,  0.57it/s, v_num=fdj2]
Epoch 0:  92%|█████████▏| 1114/1210 [32:48<02:49,  0.57it/s, v_num=fdj2]
Epoch 0:  92%|█████████▏| 1115/1210 [32:49<02:47,  0.57it/s, v_num=fdj2]
Epoch 0:  92%|█████████▏| 1115/1210 [32:49<02:47,  0.57it/s, v_num=fdj2]
Epoch 0:  92%|█████████▏| 1116/1210 [32:49<02:45,  0.57it/s, v_num=fdj2]
Epoch 0:  92%|█████████▏| 1116/1210 [32:49<02:45,  0.57it/s, v_num=fdj2]
Epoch 0:  92%|█████████▏| 1117/1210 [32:49<02:44,  0.57it/s, v_num=fdj2]
Epoch 0:  92%|█████████▏| 1117/1210 [32:49<02:44,  0.57it/s, v_num=fdj2]
Epoch 0:  92%|█████████▏| 1118/1210 [32:50<02:42,  0.57it/s, v_num=fdj2]
Epoch 0:  92%|█████████▏| 1118/1210 [32:50<02:42,  0.57it/s, v_num=fdj2]
Epoch 0:  92%|█████████▏| 1119/1210 [32:50<02:40,  0.57it/s, v_num=fdj2]
Epoch 0:  92%|█████████▏| 1119/1210 [32:50<02:40,  0.57it/s, v_num=fdj2]
Epoch 0:  93%|█████████▎| 1120/1210 [32:51<02:38,  0.57it/s, v_num=fdj2]
Epoch 0:  93%|█████████▎| 1120/1210 [32:51<02:38,  0.57it/s, v_num=fdj2]
Epoch 0:  93%|█████████▎| 1121/1210 [32:51<02:36,  0.57it/s, v_num=fdj2]
Epoch 0:  93%|█████████▎| 1121/1210 [32:51<02:36,  0.57it/s, v_num=fdj2]
Epoch 0:  93%|█████████▎| 1122/1210 [32:51<02:34,  0.57it/s, v_num=fdj2]
Epoch 0:  93%|█████████▎| 1122/1210 [32:51<02:34,  0.57it/s, v_num=fdj2]
Epoch 0:  93%|█████████▎| 1123/1210 [32:52<02:32,  0.57it/s, v_num=fdj2]
Epoch 0:  93%|█████████▎| 1123/1210 [32:52<02:32,  0.57it/s, v_num=fdj2]
Epoch 0:  93%|█████████▎| 1124/1210 [32:52<02:30,  0.57it/s, v_num=fdj2]
Epoch 0:  93%|█████████▎| 1124/1210 [32:52<02:30,  0.57it/s, v_num=fdj2]
Epoch 0:  93%|█████████▎| 1125/1210 [32:53<02:29,  0.57it/s, v_num=fdj2]
Epoch 0:  93%|█████████▎| 1125/1210 [32:53<02:29,  0.57it/s, v_num=fdj2]
Epoch 0:  93%|█████████▎| 1126/1210 [34:40<02:35,  0.54it/s, v_num=fdj2]
Epoch 0:  93%|█████████▎| 1126/1210 [34:40<02:35,  0.54it/s, v_num=fdj2]
Epoch 0:  93%|█████████▎| 1127/1210 [34:40<02:33,  0.54it/s, v_num=fdj2]
Epoch 0:  93%|█████████▎| 1127/1210 [34:40<02:33,  0.54it/s, v_num=fdj2]
Epoch 0:  93%|█████████▎| 1128/1210 [34:40<02:31,  0.54it/s, v_num=fdj2]
Epoch 0:  93%|█████████▎| 1128/1210 [34:40<02:31,  0.54it/s, v_num=fdj2]
Epoch 0:  93%|█████████▎| 1129/1210 [34:41<02:29,  0.54it/s, v_num=fdj2]
Epoch 0:  93%|█████████▎| 1129/1210 [34:41<02:29,  0.54it/s, v_num=fdj2]
Epoch 0:  93%|█████████▎| 1130/1210 [34:41<02:27,  0.54it/s, v_num=fdj2]
Epoch 0:  93%|█████████▎| 1130/1210 [34:41<02:27,  0.54it/s, v_num=fdj2]
Epoch 0:  93%|█████████▎| 1131/1210 [34:42<02:25,  0.54it/s, v_num=fdj2]
Epoch 0:  93%|█████████▎| 1131/1210 [34:42<02:25,  0.54it/s, v_num=fdj2]
Epoch 0:  94%|█████████▎| 1132/1210 [34:42<02:23,  0.54it/s, v_num=fdj2]
Epoch 0:  94%|█████████▎| 1132/1210 [34:42<02:23,  0.54it/s, v_num=fdj2]
Epoch 0:  94%|█████████▎| 1133/1210 [34:42<02:21,  0.54it/s, v_num=fdj2]
Epoch 0:  94%|█████████▎| 1133/1210 [34:42<02:21,  0.54it/s, v_num=fdj2]
Epoch 0:  94%|█████████▎| 1134/1210 [34:43<02:19,  0.54it/s, v_num=fdj2]
Epoch 0:  94%|█████████▎| 1134/1210 [34:43<02:19,  0.54it/s, v_num=fdj2]
Epoch 0:  94%|█████████▍| 1135/1210 [34:43<02:17,  0.54it/s, v_num=fdj2]
Epoch 0:  94%|█████████▍| 1135/1210 [34:43<02:17,  0.54it/s, v_num=fdj2]
Epoch 0:  94%|█████████▍| 1136/1210 [34:43<02:15,  0.55it/s, v_num=fdj2]
Epoch 0:  94%|█████████▍| 1136/1210 [34:43<02:15,  0.55it/s, v_num=fdj2]
Epoch 0:  94%|█████████▍| 1137/1210 [34:44<02:13,  0.55it/s, v_num=fdj2]
Epoch 0:  94%|█████████▍| 1137/1210 [34:44<02:13,  0.55it/s, v_num=fdj2]
Epoch 0:  94%|█████████▍| 1138/1210 [34:44<02:11,  0.55it/s, v_num=fdj2]
Epoch 0:  94%|█████████▍| 1138/1210 [34:44<02:11,  0.55it/s, v_num=fdj2]
Epoch 0:  94%|█████████▍| 1139/1210 [34:45<02:09,  0.55it/s, v_num=fdj2]
Epoch 0:  94%|█████████▍| 1139/1210 [34:45<02:09,  0.55it/s, v_num=fdj2]
Epoch 0:  94%|█████████▍| 1140/1210 [34:45<02:08,  0.55it/s, v_num=fdj2]
Epoch 0:  94%|█████████▍| 1140/1210 [34:45<02:08,  0.55it/s, v_num=fdj2]
Epoch 0:  94%|█████████▍| 1141/1210 [34:45<02:06,  0.55it/s, v_num=fdj2]
Epoch 0:  94%|█████████▍| 1141/1210 [34:45<02:06,  0.55it/s, v_num=fdj2]
Epoch 0:  94%|█████████▍| 1142/1210 [34:46<02:04,  0.55it/s, v_num=fdj2]
Epoch 0:  94%|█████████▍| 1142/1210 [34:46<02:04,  0.55it/s, v_num=fdj2]
Epoch 0:  94%|█████████▍| 1143/1210 [34:46<02:02,  0.55it/s, v_num=fdj2]
Epoch 0:  94%|█████████▍| 1143/1210 [34:46<02:02,  0.55it/s, v_num=fdj2]
Epoch 0:  95%|█████████▍| 1144/1210 [34:47<02:00,  0.55it/s, v_num=fdj2]
Epoch 0:  95%|█████████▍| 1144/1210 [34:47<02:00,  0.55it/s, v_num=fdj2]
Epoch 0:  95%|█████████▍| 1145/1210 [34:47<01:58,  0.55it/s, v_num=fdj2]
Epoch 0:  95%|█████████▍| 1145/1210 [34:47<01:58,  0.55it/s, v_num=fdj2]
Epoch 0:  95%|█████████▍| 1146/1210 [34:47<01:56,  0.55it/s, v_num=fdj2]
Epoch 0:  95%|█████████▍| 1146/1210 [34:47<01:56,  0.55it/s, v_num=fdj2]
Epoch 0:  95%|█████████▍| 1147/1210 [34:48<01:54,  0.55it/s, v_num=fdj2]
Epoch 0:  95%|█████████▍| 1147/1210 [34:48<01:54,  0.55it/s, v_num=fdj2]
Epoch 0:  95%|█████████▍| 1148/1210 [34:48<01:52,  0.55it/s, v_num=fdj2]
Epoch 0:  95%|█████████▍| 1148/1210 [34:48<01:52,  0.55it/s, v_num=fdj2]
Epoch 0:  95%|█████████▍| 1149/1210 [34:49<01:50,  0.55it/s, v_num=fdj2]
Epoch 0:  95%|█████████▍| 1149/1210 [34:49<01:50,  0.55it/s, v_num=fdj2]
Epoch 0:  95%|█████████▌| 1150/1210 [34:49<01:49,  0.55it/s, v_num=fdj2]
Epoch 0:  95%|█████████▌| 1150/1210 [34:49<01:49,  0.55it/s, v_num=fdj2]
Epoch 0:  95%|█████████▌| 1151/1210 [34:49<01:47,  0.55it/s, v_num=fdj2]
Epoch 0:  95%|█████████▌| 1151/1210 [34:49<01:47,  0.55it/s, v_num=fdj2]
Epoch 0:  95%|█████████▌| 1152/1210 [34:50<01:45,  0.55it/s, v_num=fdj2]
Epoch 0:  95%|█████████▌| 1152/1210 [34:50<01:45,  0.55it/s, v_num=fdj2]
Epoch 0:  95%|█████████▌| 1153/1210 [34:50<01:43,  0.55it/s, v_num=fdj2]
Epoch 0:  95%|█████████▌| 1153/1210 [34:50<01:43,  0.55it/s, v_num=fdj2]
Epoch 0:  95%|█████████▌| 1154/1210 [34:51<01:41,  0.55it/s, v_num=fdj2]
Epoch 0:  95%|█████████▌| 1154/1210 [34:51<01:41,  0.55it/s, v_num=fdj2]
Epoch 0:  95%|█████████▌| 1155/1210 [34:51<01:39,  0.55it/s, v_num=fdj2]
Epoch 0:  95%|█████████▌| 1155/1210 [34:51<01:39,  0.55it/s, v_num=fdj2]
Epoch 0:  96%|█████████▌| 1156/1210 [35:51<01:40,  0.54it/s, v_num=fdj2]
Epoch 0:  96%|█████████▌| 1156/1210 [35:51<01:40,  0.54it/s, v_num=fdj2]
Epoch 0:  96%|█████████▌| 1157/1210 [35:51<01:38,  0.54it/s, v_num=fdj2]
Epoch 0:  96%|█████████▌| 1157/1210 [35:51<01:38,  0.54it/s, v_num=fdj2]
Epoch 0:  96%|█████████▌| 1158/1210 [35:52<01:36,  0.54it/s, v_num=fdj2]
Epoch 0:  96%|█████████▌| 1158/1210 [35:52<01:36,  0.54it/s, v_num=fdj2]
Epoch 0:  96%|█████████▌| 1159/1210 [35:52<01:34,  0.54it/s, v_num=fdj2]
Epoch 0:  96%|█████████▌| 1159/1210 [35:52<01:34,  0.54it/s, v_num=fdj2]
Epoch 0:  96%|█████████▌| 1160/1210 [35:52<01:32,  0.54it/s, v_num=fdj2]
Epoch 0:  96%|█████████▌| 1160/1210 [35:52<01:32,  0.54it/s, v_num=fdj2]
Epoch 0:  96%|█████████▌| 1161/1210 [35:53<01:30,  0.54it/s, v_num=fdj2]
Epoch 0:  96%|█████████▌| 1161/1210 [35:53<01:30,  0.54it/s, v_num=fdj2]
Epoch 0:  96%|█████████▌| 1162/1210 [35:53<01:28,  0.54it/s, v_num=fdj2]
Epoch 0:  96%|█████████▌| 1162/1210 [35:53<01:28,  0.54it/s, v_num=fdj2]
Epoch 0:  96%|█████████▌| 1163/1210 [35:54<01:27,  0.54it/s, v_num=fdj2]
Epoch 0:  96%|█████████▌| 1163/1210 [35:54<01:27,  0.54it/s, v_num=fdj2]
Epoch 0:  96%|█████████▌| 1164/1210 [35:54<01:25,  0.54it/s, v_num=fdj2]
Epoch 0:  96%|█████████▌| 1164/1210 [35:54<01:25,  0.54it/s, v_num=fdj2]
Epoch 0:  96%|█████████▋| 1165/1210 [35:54<01:23,  0.54it/s, v_num=fdj2]
Epoch 0:  96%|█████████▋| 1165/1210 [35:54<01:23,  0.54it/s, v_num=fdj2]
Epoch 0:  96%|█████████▋| 1166/1210 [35:55<01:21,  0.54it/s, v_num=fdj2]
Epoch 0:  96%|█████████▋| 1166/1210 [35:55<01:21,  0.54it/s, v_num=fdj2]
Epoch 0:  96%|█████████▋| 1167/1210 [35:55<01:19,  0.54it/s, v_num=fdj2]
Epoch 0:  96%|█████████▋| 1167/1210 [35:55<01:19,  0.54it/s, v_num=fdj2]
Epoch 0:  97%|█████████▋| 1168/1210 [35:56<01:17,  0.54it/s, v_num=fdj2]
Epoch 0:  97%|█████████▋| 1168/1210 [35:56<01:17,  0.54it/s, v_num=fdj2]
Epoch 0:  97%|█████████▋| 1169/1210 [35:56<01:15,  0.54it/s, v_num=fdj2]
Epoch 0:  97%|█████████▋| 1169/1210 [35:56<01:15,  0.54it/s, v_num=fdj2]
Epoch 0:  97%|█████████▋| 1170/1210 [35:56<01:13,  0.54it/s, v_num=fdj2]
Epoch 0:  97%|█████████▋| 1170/1210 [35:56<01:13,  0.54it/s, v_num=fdj2]
Epoch 0:  97%|█████████▋| 1171/1210 [35:57<01:11,  0.54it/s, v_num=fdj2]
Epoch 0:  97%|█████████▋| 1171/1210 [35:57<01:11,  0.54it/s, v_num=fdj2]
Epoch 0:  97%|█████████▋| 1172/1210 [35:57<01:09,  0.54it/s, v_num=fdj2]
Epoch 0:  97%|█████████▋| 1172/1210 [35:57<01:09,  0.54it/s, v_num=fdj2]
Epoch 0:  97%|█████████▋| 1173/1210 [35:58<01:08,  0.54it/s, v_num=fdj2]
Epoch 0:  97%|█████████▋| 1173/1210 [35:58<01:08,  0.54it/s, v_num=fdj2]
Epoch 0:  97%|█████████▋| 1174/1210 [35:58<01:06,  0.54it/s, v_num=fdj2]
Epoch 0:  97%|█████████▋| 1174/1210 [35:58<01:06,  0.54it/s, v_num=fdj2]
Epoch 0:  97%|█████████▋| 1175/1210 [35:58<01:04,  0.54it/s, v_num=fdj2]
Epoch 0:  97%|█████████▋| 1175/1210 [35:58<01:04,  0.54it/s, v_num=fdj2]
Epoch 0:  97%|█████████▋| 1176/1210 [35:59<01:02,  0.54it/s, v_num=fdj2]
Epoch 0:  97%|█████████▋| 1176/1210 [35:59<01:02,  0.54it/s, v_num=fdj2]
Epoch 0:  97%|█████████▋| 1177/1210 [35:59<01:00,  0.55it/s, v_num=fdj2]
Epoch 0:  97%|█████████▋| 1177/1210 [35:59<01:00,  0.55it/s, v_num=fdj2]
Epoch 0:  97%|█████████▋| 1178/1210 [36:00<00:58,  0.55it/s, v_num=fdj2]
Epoch 0:  97%|█████████▋| 1178/1210 [36:00<00:58,  0.55it/s, v_num=fdj2]
Epoch 0:  97%|█████████▋| 1179/1210 [36:00<00:56,  0.55it/s, v_num=fdj2]
Epoch 0:  97%|█████████▋| 1179/1210 [36:00<00:56,  0.55it/s, v_num=fdj2]
Epoch 0:  98%|█████████▊| 1180/1210 [36:00<00:54,  0.55it/s, v_num=fdj2]
Epoch 0:  98%|█████████▊| 1180/1210 [36:00<00:54,  0.55it/s, v_num=fdj2]
Epoch 0:  98%|█████████▊| 1181/1210 [36:01<00:53,  0.55it/s, v_num=fdj2]
Epoch 0:  98%|█████████▊| 1181/1210 [36:01<00:53,  0.55it/s, v_num=fdj2]
Epoch 0:  98%|█████████▊| 1182/1210 [36:01<00:51,  0.55it/s, v_num=fdj2]
Epoch 0:  98%|█████████▊| 1182/1210 [36:01<00:51,  0.55it/s, v_num=fdj2]
Epoch 0:  98%|█████████▊| 1183/1210 [36:01<00:49,  0.55it/s, v_num=fdj2]
Epoch 0:  98%|█████████▊| 1183/1210 [36:01<00:49,  0.55it/s, v_num=fdj2]
Epoch 0:  98%|█████████▊| 1184/1210 [36:02<00:47,  0.55it/s, v_num=fdj2]
Epoch 0:  98%|█████████▊| 1184/1210 [36:02<00:47,  0.55it/s, v_num=fdj2]
Epoch 0:  98%|█████████▊| 1185/1210 [36:02<00:45,  0.55it/s, v_num=fdj2]
Epoch 0:  98%|█████████▊| 1185/1210 [36:02<00:45,  0.55it/s, v_num=fdj2]
Epoch 0:  98%|█████████▊| 1186/1210 [37:55<00:46,  0.52it/s, v_num=fdj2]
Epoch 0:  98%|█████████▊| 1186/1210 [37:55<00:46,  0.52it/s, v_num=fdj2]
Epoch 0:  98%|█████████▊| 1187/1210 [37:55<00:44,  0.52it/s, v_num=fdj2]
Epoch 0:  98%|█████████▊| 1187/1210 [37:55<00:44,  0.52it/s, v_num=fdj2]
Epoch 0:  98%|█████████▊| 1188/1210 [37:56<00:42,  0.52it/s, v_num=fdj2]
Epoch 0:  98%|█████████▊| 1188/1210 [37:56<00:42,  0.52it/s, v_num=fdj2]
Epoch 0:  98%|█████████▊| 1189/1210 [37:56<00:40,  0.52it/s, v_num=fdj2]
Epoch 0:  98%|█████████▊| 1189/1210 [37:56<00:40,  0.52it/s, v_num=fdj2]
Epoch 0:  98%|█████████▊| 1190/1210 [37:56<00:38,  0.52it/s, v_num=fdj2]
Epoch 0:  98%|█████████▊| 1190/1210 [37:56<00:38,  0.52it/s, v_num=fdj2]
Epoch 0:  98%|█████████▊| 1191/1210 [37:57<00:36,  0.52it/s, v_num=fdj2]
Epoch 0:  98%|█████████▊| 1191/1210 [37:57<00:36,  0.52it/s, v_num=fdj2]
Epoch 0:  99%|█████████▊| 1192/1210 [37:57<00:34,  0.52it/s, v_num=fdj2]
Epoch 0:  99%|█████████▊| 1192/1210 [37:57<00:34,  0.52it/s, v_num=fdj2]
Epoch 0:  99%|█████████▊| 1193/1210 [37:58<00:32,  0.52it/s, v_num=fdj2]
Epoch 0:  99%|█████████▊| 1193/1210 [37:58<00:32,  0.52it/s, v_num=fdj2]
Epoch 0:  99%|█████████▊| 1194/1210 [37:58<00:30,  0.52it/s, v_num=fdj2]
Epoch 0:  99%|█████████▊| 1194/1210 [37:58<00:30,  0.52it/s, v_num=fdj2]
Epoch 0:  99%|█████████▉| 1195/1210 [37:58<00:28,  0.52it/s, v_num=fdj2]
Epoch 0:  99%|█████████▉| 1195/1210 [37:58<00:28,  0.52it/s, v_num=fdj2]
Epoch 0:  99%|█████████▉| 1196/1210 [37:59<00:26,  0.52it/s, v_num=fdj2]
Epoch 0:  99%|█████████▉| 1196/1210 [37:59<00:26,  0.52it/s, v_num=fdj2]
Epoch 0:  99%|█████████▉| 1197/1210 [37:59<00:24,  0.53it/s, v_num=fdj2]
Epoch 0:  99%|█████████▉| 1197/1210 [37:59<00:24,  0.53it/s, v_num=fdj2]
Epoch 0:  99%|█████████▉| 1198/1210 [37:59<00:22,  0.53it/s, v_num=fdj2]
Epoch 0:  99%|█████████▉| 1198/1210 [37:59<00:22,  0.53it/s, v_num=fdj2]
Epoch 0:  99%|█████████▉| 1199/1210 [38:00<00:20,  0.53it/s, v_num=fdj2]
Epoch 0:  99%|█████████▉| 1199/1210 [38:00<00:20,  0.53it/s, v_num=fdj2]
Epoch 0:  99%|█████████▉| 1200/1210 [38:00<00:19,  0.53it/s, v_num=fdj2]
Epoch 0:  99%|█████████▉| 1200/1210 [38:00<00:19,  0.53it/s, v_num=fdj2]
Epoch 0:  99%|█████████▉| 1201/1210 [38:01<00:17,  0.53it/s, v_num=fdj2]
Epoch 0:  99%|█████████▉| 1201/1210 [38:01<00:17,  0.53it/s, v_num=fdj2]
Epoch 0:  99%|█████████▉| 1202/1210 [38:01<00:15,  0.53it/s, v_num=fdj2]
Epoch 0:  99%|█████████▉| 1202/1210 [38:01<00:15,  0.53it/s, v_num=fdj2]
Epoch 0:  99%|█████████▉| 1203/1210 [38:01<00:13,  0.53it/s, v_num=fdj2]
Epoch 0:  99%|█████████▉| 1203/1210 [38:01<00:13,  0.53it/s, v_num=fdj2]
Epoch 0: 100%|█████████▉| 1204/1210 [38:02<00:11,  0.53it/s, v_num=fdj2]
Epoch 0: 100%|█████████▉| 1204/1210 [38:02<00:11,  0.53it/s, v_num=fdj2]
Epoch 0: 100%|█████████▉| 1205/1210 [38:02<00:09,  0.53it/s, v_num=fdj2]
Epoch 0: 100%|█████████▉| 1205/1210 [38:02<00:09,  0.53it/s, v_num=fdj2]
Epoch 0: 100%|█████████▉| 1206/1210 [38:03<00:07,  0.53it/s, v_num=fdj2]
Epoch 0: 100%|█████████▉| 1206/1210 [38:03<00:07,  0.53it/s, v_num=fdj2]
Epoch 0: 100%|█████████▉| 1207/1210 [38:03<00:05,  0.53it/s, v_num=fdj2]
Epoch 0: 100%|█████████▉| 1207/1210 [38:03<00:05,  0.53it/s, v_num=fdj2]
Epoch 0: 100%|█████████▉| 1208/1210 [38:03<00:03,  0.53it/s, v_num=fdj2]
Epoch 0: 100%|█████████▉| 1208/1210 [38:03<00:03,  0.53it/s, v_num=fdj2]
Epoch 0: 100%|█████████▉| 1209/1210 [38:04<00:01,  0.53it/s, v_num=fdj2]
Epoch 0: 100%|█████████▉| 1209/1210 [38:04<00:01,  0.53it/s, v_num=fdj2]
Epoch 0: 100%|██████████| 1210/1210 [38:04<00:00,  0.53it/s, v_num=fdj2]
Epoch 0: 100%|██████████| 1210/1210 [38:04<00:00,  0.53it/s, v_num=fdj2]

Validation: |          | 0/? [00:00<?, ?it/s][A

Validation:   0%|          | 0/32 [00:00<?, ?it/s][A

Validation DataLoader 0:   0%|          | 0/32 [00:00<?, ?it/s][A

Validation DataLoader 0:   3%|▎         | 1/32 [00:00<00:00, 137.38it/s][A

Validation DataLoader 0:   6%|▋         | 2/32 [00:00<00:00, 169.75it/s][A

Validation DataLoader 0:   9%|▉         | 3/32 [00:00<00:00, 57.17it/s] [A

Validation DataLoader 0:  12%|█▎        | 4/32 [00:00<00:00, 28.37it/s][A

Validation DataLoader 0:  16%|█▌        | 5/32 [00:00<00:00, 34.35it/s][A

Validation DataLoader 0:  19%|█▉        | 6/32 [00:00<00:00, 32.16it/s][A

Validation DataLoader 0:  22%|██▏       | 7/32 [00:00<00:03,  7.17it/s][A

Validation DataLoader 0:  25%|██▌       | 8/32 [00:01<00:03,  6.50it/s][A

Validation DataLoader 0:  28%|██▊       | 9/32 [00:01<00:03,  7.08it/s][A

Validation DataLoader 0:  31%|███▏      | 10/32 [00:01<00:02,  7.57it/s][A

Validation DataLoader 0:  34%|███▍      | 11/32 [00:01<00:02,  8.08it/s][A

Validation DataLoader 0:  38%|███▊      | 12/32 [00:01<00:02,  8.55it/s][A

Validation DataLoader 0:  41%|████      | 13/32 [00:01<00:02,  8.95it/s][A

Validation DataLoader 0:  44%|████▍     | 14/32 [00:01<00:01,  9.37it/s][A

Validation DataLoader 0:  47%|████▋     | 15/32 [00:01<00:01,  9.77it/s][A

Validation DataLoader 0:  50%|█████     | 16/32 [00:01<00:01, 10.09it/s][A

Validation DataLoader 0:  53%|█████▎    | 17/32 [00:01<00:01,  9.91it/s][A

Validation DataLoader 0:  56%|█████▋    | 18/32 [00:01<00:01,  9.99it/s][A

Validation DataLoader 0:  59%|█████▉    | 19/32 [00:01<00:01,  9.81it/s][A

Validation DataLoader 0:  62%|██████▎   | 20/32 [00:02<00:01,  9.85it/s][A

Validation DataLoader 0:  66%|██████▌   | 21/32 [00:02<00:01,  9.73it/s][A

Validation DataLoader 0:  69%|██████▉   | 22/32 [00:03<00:01,  6.80it/s][A

Validation DataLoader 0:  72%|███████▏  | 23/32 [00:03<00:01,  7.10it/s][A

Validation DataLoader 0:  75%|███████▌  | 24/32 [00:03<00:01,  7.39it/s][A

Validation DataLoader 0:  78%|███████▊  | 25/32 [00:03<00:00,  7.69it/s][A

Validation DataLoader 0:  81%|████████▏ | 26/32 [00:03<00:00,  7.43it/s][A

Validation DataLoader 0:  84%|████████▍ | 27/32 [00:03<00:00,  7.63it/s][A

Validation DataLoader 0:  88%|████████▊ | 28/32 [00:03<00:00,  7.80it/s][A

Validation DataLoader 0:  91%|█████████ | 29/32 [00:03<00:00,  7.99it/s][A

Validation DataLoader 0:  94%|█████████▍| 30/32 [00:03<00:00,  8.17it/s][A

Validation DataLoader 0:  97%|█████████▋| 31/32 [01:43<00:03,  0.30it/s][A

Validation DataLoader 0: 100%|██████████| 32/32 [01:43<00:00,  0.31it/s][A
                                                                        [AEpoch 0: 100%|██████████| 1210/1210 [44:35<00:00,  0.45it/s, v_num=fdj2, val_auc=0.000]Epoch 0: 100%|██████████| 1210/1210 [44:35<00:00,  0.45it/s, v_num=fdj2, val_auc=0.000]Epoch 0:   0%|          | 0/1210 [00:00<?, ?it/s, v_num=fdj2, val_auc=0.000]           Epoch 1:   0%|          | 0/1210 [00:00<?, ?it/s, v_num=fdj2, val_auc=0.000]Epoch 1:   0%|          | 1/1210 [01:51<37:35:27,  0.01it/s, v_num=fdj2, val_auc=0.000]Epoch 1:   0%|          | 1/1210 [01:51<37:35:34,  0.01it/s, v_num=fdj2, val_auc=0.000]Epoch 1:   0%|          | 2/1210 [01:52<18:50:43,  0.02it/s, v_num=fdj2, val_auc=0.000]Epoch 1:   0%|          | 2/1210 [01:52<18:50:44,  0.02it/s, v_num=fdj2, val_auc=0.000]Epoch 1:   0%|          | 3/1210 [01:52<12:35:49,  0.03it/s, v_num=fdj2, val_auc=0.000]Epoch 1:   0%|          | 3/1210 [01:52<12:35:49,  0.03it/s, v_num=fdj2, val_auc=0.000]Epoch 1:   0%|          | 4/1210 [01:53<9:28:22,  0.04it/s, v_num=fdj2, val_auc=0.000] Epoch 1:   0%|          | 4/1210 [01:53<9:28:22,  0.04it/s, v_num=fdj2, val_auc=0.000]Epoch 1:   0%|          | 5/1210 [01:53<7:35:53,  0.04it/s, v_num=fdj2, val_auc=0.000]Epoch 1:   0%|          | 5/1210 [01:53<7:35:53,  0.04it/s, v_num=fdj2, val_auc=0.000]Epoch 1:   0%|          | 6/1210 [01:53<6:20:54,  0.05it/s, v_num=fdj2, val_auc=0.000]Epoch 1:   0%|          | 6/1210 [01:53<6:20:54,  0.05it/s, v_num=fdj2, val_auc=0.000]Epoch 1:   1%|          | 7/1210 [01:54<5:27:20,  0.06it/s, v_num=fdj2, val_auc=0.000]Epoch 1:   1%|          | 7/1210 [01:54<5:27:20,  0.06it/s, v_num=fdj2, val_auc=0.000]Epoch 1:   1%|          | 8/1210 [01:54<4:47:11,  0.07it/s, v_num=fdj2, val_auc=0.000]Epoch 1:   1%|          | 8/1210 [01:54<4:47:11,  0.07it/s, v_num=fdj2, val_auc=0.000]Epoch 1:   1%|          | 9/1210 [01:55<4:15:56,  0.08it/s, v_num=fdj2, val_auc=0.000]Epoch 1:   1%|          | 9/1210 [01:55<4:15:56,  0.08it/s, v_num=fdj2, val_auc=0.000]Epoch 1:   1%|          | 10/1210 [01:55<3:50:56,  0.09it/s, v_num=fdj2, val_auc=0.000]Epoch 1:   1%|          | 10/1210 [01:55<3:50:56,  0.09it/s, v_num=fdj2, val_auc=0.000]Epoch 1:   1%|          | 11/1210 [01:55<3:30:28,  0.09it/s, v_num=fdj2, val_auc=0.000]Epoch 1:   1%|          | 11/1210 [01:55<3:30:28,  0.09it/s, v_num=fdj2, val_auc=0.000]Epoch 1:   1%|          | 12/1210 [01:56<3:13:26,  0.10it/s, v_num=fdj2, val_auc=0.000]Epoch 1:   1%|          | 12/1210 [01:56<3:13:26,  0.10it/s, v_num=fdj2, val_auc=0.000]Epoch 1:   1%|          | 13/1210 [01:56<2:59:00,  0.11it/s, v_num=fdj2, val_auc=0.000]Epoch 1:   1%|          | 13/1210 [01:56<2:59:00,  0.11it/s, v_num=fdj2, val_auc=0.000]Epoch 1:   1%|          | 14/1210 [01:57<2:46:38,  0.12it/s, v_num=fdj2, val_auc=0.000]Epoch 1:   1%|          | 14/1210 [01:57<2:46:38,  0.12it/s, v_num=fdj2, val_auc=0.000]Epoch 1:   1%|          | 15/1210 [01:57<2:35:55,  0.13it/s, v_num=fdj2, val_auc=0.000]Epoch 1:   1%|          | 15/1210 [01:57<2:35:55,  0.13it/s, v_num=fdj2, val_auc=0.000]Epoch 1:   1%|▏         | 16/1210 [01:57<2:26:32,  0.14it/s, v_num=fdj2, val_auc=0.000]Epoch 1:   1%|▏         | 16/1210 [01:57<2:26:32,  0.14it/s, v_num=fdj2, val_auc=0.000]Epoch 1:   1%|▏         | 17/1210 [01:58<2:18:16,  0.14it/s, v_num=fdj2, val_auc=0.000]Epoch 1:   1%|▏         | 17/1210 [01:58<2:18:16,  0.14it/s, v_num=fdj2, val_auc=0.000]Epoch 1:   1%|▏         | 18/1210 [01:58<2:10:54,  0.15it/s, v_num=fdj2, val_auc=0.000]Epoch 1:   1%|▏         | 18/1210 [01:58<2:10:54,  0.15it/s, v_num=fdj2, val_auc=0.000]Epoch 1:   2%|▏         | 19/1210 [01:59<2:04:19,  0.16it/s, v_num=fdj2, val_auc=0.000]Epoch 1:   2%|▏         | 19/1210 [01:59<2:04:19,  0.16it/s, v_num=fdj2, val_auc=0.000]Epoch 1:   2%|▏         | 20/1210 [01:59<1:58:23,  0.17it/s, v_num=fdj2, val_auc=0.000]Epoch 1:   2%|▏         | 20/1210 [01:59<1:58:23,  0.17it/s, v_num=fdj2, val_auc=0.000]Epoch 1:   2%|▏         | 21/1210 [01:59<1:53:02,  0.18it/s, v_num=fdj2, val_auc=0.000]Epoch 1:   2%|▏         | 21/1210 [01:59<1:53:02,  0.18it/s, v_num=fdj2, val_auc=0.000]Epoch 1:   2%|▏         | 22/1210 [02:00<1:48:09,  0.18it/s, v_num=fdj2, val_auc=0.000]Epoch 1:   2%|▏         | 22/1210 [02:00<1:48:09,  0.18it/s, v_num=fdj2, val_auc=0.000]Epoch 1:   2%|▏         | 23/1210 [02:00<1:43:42,  0.19it/s, v_num=fdj2, val_auc=0.000]Epoch 1:   2%|▏         | 23/1210 [02:00<1:43:42,  0.19it/s, v_num=fdj2, val_auc=0.000]Epoch 1:   2%|▏         | 24/1210 [02:00<1:39:37,  0.20it/s, v_num=fdj2, val_auc=0.000]Epoch 1:   2%|▏         | 24/1210 [02:00<1:39:37,  0.20it/s, v_num=fdj2, val_auc=0.000]Epoch 1:   2%|▏         | 25/1210 [02:01<1:35:52,  0.21it/s, v_num=fdj2, val_auc=0.000]Epoch 1:   2%|▏         | 25/1210 [02:01<1:35:52,  0.21it/s, v_num=fdj2, val_auc=0.000]Epoch 1:   2%|▏         | 26/1210 [02:01<1:32:24,  0.21it/s, v_num=fdj2, val_auc=0.000]Epoch 1:   2%|▏         | 26/1210 [02:01<1:32:24,  0.21it/s, v_num=fdj2, val_auc=0.000]Epoch 1:   2%|▏         | 27/1210 [02:02<1:29:11,  0.22it/s, v_num=fdj2, val_auc=0.000]Epoch 1:   2%|▏         | 27/1210 [02:02<1:29:11,  0.22it/s, v_num=fdj2, val_auc=0.000]Epoch 1:   2%|▏         | 28/1210 [02:02<1:26:13,  0.23it/s, v_num=fdj2, val_auc=0.000]Epoch 1:   2%|▏         | 28/1210 [02:02<1:26:13,  0.23it/s, v_num=fdj2, val_auc=0.000]Epoch 1:   2%|▏         | 29/1210 [02:02<1:23:26,  0.24it/s, v_num=fdj2, val_auc=0.000]Epoch 1:   2%|▏         | 29/1210 [02:02<1:23:26,  0.24it/s, v_num=fdj2, val_auc=0.000]Epoch 1:   2%|▏         | 30/1210 [02:03<1:20:51,  0.24it/s, v_num=fdj2, val_auc=0.000]Epoch 1:   2%|▏         | 30/1210 [02:03<1:20:51,  0.24it/s, v_num=fdj2, val_auc=0.000]Epoch 1:   3%|▎         | 31/1210 [02:03<1:18:25,  0.25it/s, v_num=fdj2, val_auc=0.000]Epoch 1:   3%|▎         | 31/1210 [02:03<1:18:25,  0.25it/s, v_num=fdj2, val_auc=0.000]Epoch 1:   3%|▎         | 32/1210 [02:04<1:16:09,  0.26it/s, v_num=fdj2, val_auc=0.000]Epoch 1:   3%|▎         | 32/1210 [02:04<1:16:09,  0.26it/s, v_num=fdj2, val_auc=0.000]Epoch 1:   3%|▎         | 33/1210 [02:04<1:14:01,  0.27it/s, v_num=fdj2, val_auc=0.000]Epoch 1:   3%|▎         | 33/1210 [02:04<1:14:01,  0.27it/s, v_num=fdj2, val_auc=0.000]Epoch 1:   3%|▎         | 34/1210 [02:04<1:12:00,  0.27it/s, v_num=fdj2, val_auc=0.000]Epoch 1:   3%|▎         | 34/1210 [02:04<1:12:00,  0.27it/s, v_num=fdj2, val_auc=0.000]Epoch 1:   3%|▎         | 35/1210 [02:05<1:10:06,  0.28it/s, v_num=fdj2, val_auc=0.000]Epoch 1:   3%|▎         | 35/1210 [02:05<1:10:06,  0.28it/s, v_num=fdj2, val_auc=0.000]Epoch 1:   3%|▎         | 36/1210 [02:05<1:08:18,  0.29it/s, v_num=fdj2, val_auc=0.000]Epoch 1:   3%|▎         | 36/1210 [02:05<1:08:18,  0.29it/s, v_num=fdj2, val_auc=0.000]Epoch 1:   3%|▎         | 37/1210 [02:06<1:06:37,  0.29it/s, v_num=fdj2, val_auc=0.000]Epoch 1:   3%|▎         | 37/1210 [02:06<1:06:37,  0.29it/s, v_num=fdj2, val_auc=0.000]Epoch 1:   3%|▎         | 38/1210 [02:06<1:05:00,  0.30it/s, v_num=fdj2, val_auc=0.000]Epoch 1:   3%|▎         | 38/1210 [02:06<1:05:00,  0.30it/s, v_num=fdj2, val_auc=0.000]Epoch 1:   3%|▎         | 39/1210 [02:06<1:03:29,  0.31it/s, v_num=fdj2, val_auc=0.000]Epoch 1:   3%|▎         | 39/1210 [02:06<1:03:29,  0.31it/s, v_num=fdj2, val_auc=0.000]Epoch 1:   3%|▎         | 40/1210 [02:07<1:02:02,  0.31it/s, v_num=fdj2, val_auc=0.000]Epoch 1:   3%|▎         | 40/1210 [02:07<1:02:02,  0.31it/s, v_num=fdj2, val_auc=0.000]Epoch 1:   3%|▎         | 41/1210 [02:07<1:00:39,  0.32it/s, v_num=fdj2, val_auc=0.000]Epoch 1:   3%|▎         | 41/1210 [02:07<1:00:39,  0.32it/s, v_num=fdj2, val_auc=0.000]Epoch 1:   3%|▎         | 42/1210 [02:08<59:20,  0.33it/s, v_num=fdj2, val_auc=0.000]  Epoch 1:   3%|▎         | 42/1210 [02:08<59:20,  0.33it/s, v_num=fdj2, val_auc=0.000]Epoch 1:   4%|▎         | 43/1210 [02:08<58:05,  0.33it/s, v_num=fdj2, val_auc=0.000]Epoch 1:   4%|▎         | 43/1210 [02:08<58:05,  0.33it/s, v_num=fdj2, val_auc=0.000]Epoch 1:   4%|▎         | 44/1210 [02:08<56:53,  0.34it/s, v_num=fdj2, val_auc=0.000]Epoch 1:   4%|▎         | 44/1210 [02:08<56:53,  0.34it/s, v_num=fdj2, val_auc=0.000]Epoch 1:   4%|▎         | 45/1210 [02:09<55:45,  0.35it/s, v_num=fdj2, val_auc=0.000]Epoch 1:   4%|▎         | 45/1210 [02:09<55:45,  0.35it/s, v_num=fdj2, val_auc=0.000]Epoch 1:   4%|▍         | 46/1210 [02:09<54:39,  0.35it/s, v_num=fdj2, val_auc=0.000]Epoch 1:   4%|▍         | 46/1210 [02:09<54:39,  0.35it/s, v_num=fdj2, val_auc=0.000]Epoch 1:   4%|▍         | 47/1210 [02:10<53:36,  0.36it/s, v_num=fdj2, val_auc=0.000]Epoch 1:   4%|▍         | 47/1210 [02:10<53:36,  0.36it/s, v_num=fdj2, val_auc=0.000]Epoch 1:   4%|▍         | 48/1210 [02:10<52:36,  0.37it/s, v_num=fdj2, val_auc=0.000]Epoch 1:   4%|▍         | 48/1210 [02:10<52:36,  0.37it/s, v_num=fdj2, val_auc=0.000]Epoch 1:   4%|▍         | 49/1210 [02:10<51:38,  0.37it/s, v_num=fdj2, val_auc=0.000]Epoch 1:   4%|▍         | 49/1210 [02:10<51:38,  0.37it/s, v_num=fdj2, val_auc=0.000]Epoch 1:   4%|▍         | 50/1210 [02:11<50:43,  0.38it/s, v_num=fdj2, val_auc=0.000]Epoch 1:   4%|▍         | 50/1210 [02:11<50:43,  0.38it/s, v_num=fdj2, val_auc=0.000]Epoch 1:   4%|▍         | 51/1210 [02:11<49:50,  0.39it/s, v_num=fdj2, val_auc=0.000]Epoch 1:   4%|▍         | 51/1210 [02:11<49:50,  0.39it/s, v_num=fdj2, val_auc=0.000]Epoch 1:   4%|▍         | 52/1210 [02:11<48:58,  0.39it/s, v_num=fdj2, val_auc=0.000]Epoch 1:   4%|▍         | 52/1210 [02:11<48:58,  0.39it/s, v_num=fdj2, val_auc=0.000]Epoch 1:   4%|▍         | 53/1210 [02:12<48:09,  0.40it/s, v_num=fdj2, val_auc=0.000]Epoch 1:   4%|▍         | 53/1210 [02:12<48:09,  0.40it/s, v_num=fdj2, val_auc=0.000]Epoch 1:   4%|▍         | 54/1210 [02:12<47:21,  0.41it/s, v_num=fdj2, val_auc=0.000]Epoch 1:   4%|▍         | 54/1210 [02:12<47:21,  0.41it/s, v_num=fdj2, val_auc=0.000]Epoch 1:   5%|▍         | 55/1210 [02:13<46:36,  0.41it/s, v_num=fdj2, val_auc=0.000]Epoch 1:   5%|▍         | 55/1210 [02:13<46:36,  0.41it/s, v_num=fdj2, val_auc=0.000]Epoch 1:   5%|▍         | 56/1210 [02:13<45:51,  0.42it/s, v_num=fdj2, val_auc=0.000]Epoch 1:   5%|▍         | 56/1210 [02:13<45:51,  0.42it/s, v_num=fdj2, val_auc=0.000]Epoch 1:   5%|▍         | 57/1210 [02:13<45:09,  0.43it/s, v_num=fdj2, val_auc=0.000]Epoch 1:   5%|▍         | 57/1210 [02:13<45:09,  0.43it/s, v_num=fdj2, val_auc=0.000]Epoch 1:   5%|▍         | 58/1210 [02:14<44:27,  0.43it/s, v_num=fdj2, val_auc=0.000]Epoch 1:   5%|▍         | 58/1210 [02:14<44:27,  0.43it/s, v_num=fdj2, val_auc=0.000]Epoch 1:   5%|▍         | 59/1210 [02:14<43:48,  0.44it/s, v_num=fdj2, val_auc=0.000]Epoch 1:   5%|▍         | 59/1210 [02:14<43:48,  0.44it/s, v_num=fdj2, val_auc=0.000]Epoch 1:   5%|▍         | 60/1210 [02:15<43:09,  0.44it/s, v_num=fdj2, val_auc=0.000]Epoch 1:   5%|▍         | 60/1210 [02:15<43:09,  0.44it/s, v_num=fdj2, val_auc=0.000]Epoch 1:   5%|▌         | 61/1210 [02:15<42:32,  0.45it/s, v_num=fdj2, val_auc=0.000]Epoch 1:   5%|▌         | 61/1210 [02:15<42:32,  0.45it/s, v_num=fdj2, val_auc=0.000]Epoch 1:   5%|▌         | 62/1210 [02:15<41:56,  0.46it/s, v_num=fdj2, val_auc=0.000]Epoch 1:   5%|▌         | 62/1210 [02:15<41:56,  0.46it/s, v_num=fdj2, val_auc=0.000]Epoch 1:   5%|▌         | 63/1210 [02:16<41:21,  0.46it/s, v_num=fdj2, val_auc=0.000]Epoch 1:   5%|▌         | 63/1210 [02:16<41:21,  0.46it/s, v_num=fdj2, val_auc=0.000]Epoch 1:   5%|▌         | 64/1210 [02:16<40:47,  0.47it/s, v_num=fdj2, val_auc=0.000]Epoch 1:   5%|▌         | 64/1210 [02:16<40:47,  0.47it/s, v_num=fdj2, val_auc=0.000]Epoch 1:   5%|▌         | 65/1210 [02:17<40:14,  0.47it/s, v_num=fdj2, val_auc=0.000]Epoch 1:   5%|▌         | 65/1210 [02:17<40:14,  0.47it/s, v_num=fdj2, val_auc=0.000]Epoch 1:   5%|▌         | 66/1210 [02:17<39:42,  0.48it/s, v_num=fdj2, val_auc=0.000]Epoch 1:   5%|▌         | 66/1210 [02:17<39:42,  0.48it/s, v_num=fdj2, val_auc=0.000]Epoch 1:   6%|▌         | 67/1210 [02:17<39:11,  0.49it/s, v_num=fdj2, val_auc=0.000]Epoch 1:   6%|▌         | 67/1210 [02:17<39:11,  0.49it/s, v_num=fdj2, val_auc=0.000]Epoch 1:   6%|▌         | 68/1210 [02:18<38:41,  0.49it/s, v_num=fdj2, val_auc=0.000]Epoch 1:   6%|▌         | 68/1210 [02:18<38:41,  0.49it/s, v_num=fdj2, val_auc=0.000]Epoch 1:   6%|▌         | 69/1210 [02:18<38:12,  0.50it/s, v_num=fdj2, val_auc=0.000]Epoch 1:   6%|▌         | 69/1210 [02:18<38:12,  0.50it/s, v_num=fdj2, val_auc=0.000]Epoch 1:   6%|▌         | 70/1210 [02:19<37:44,  0.50it/s, v_num=fdj2, val_auc=0.000]Epoch 1:   6%|▌         | 70/1210 [02:19<37:44,  0.50it/s, v_num=fdj2, val_auc=0.000]Epoch 1:   6%|▌         | 71/1210 [02:19<37:16,  0.51it/s, v_num=fdj2, val_auc=0.000]Epoch 1:   6%|▌         | 71/1210 [02:19<37:16,  0.51it/s, v_num=fdj2, val_auc=0.000]Epoch 1:   6%|▌         | 72/1210 [02:19<36:49,  0.51it/s, v_num=fdj2, val_auc=0.000]Epoch 1:   6%|▌         | 72/1210 [02:19<36:49,  0.51it/s, v_num=fdj2, val_auc=0.000]Epoch 1:   6%|▌         | 73/1210 [02:20<36:23,  0.52it/s, v_num=fdj2, val_auc=0.000]Epoch 1:   6%|▌         | 73/1210 [02:20<36:23,  0.52it/s, v_num=fdj2, val_auc=0.000]Epoch 1:   6%|▌         | 74/1210 [02:20<35:58,  0.53it/s, v_num=fdj2, val_auc=0.000]Epoch 1:   6%|▌         | 74/1210 [02:20<35:58,  0.53it/s, v_num=fdj2, val_auc=0.000]Epoch 1:   6%|▌         | 75/1210 [02:20<35:33,  0.53it/s, v_num=fdj2, val_auc=0.000]Epoch 1:   6%|▌         | 75/1210 [02:20<35:33,  0.53it/s, v_num=fdj2, val_auc=0.000]Epoch 1:   6%|▋         | 76/1210 [02:21<35:09,  0.54it/s, v_num=fdj2, val_auc=0.000]Epoch 1:   6%|▋         | 76/1210 [02:21<35:09,  0.54it/s, v_num=fdj2, val_auc=0.000]Epoch 1:   6%|▋         | 77/1210 [02:21<34:46,  0.54it/s, v_num=fdj2, val_auc=0.000]Epoch 1:   6%|▋         | 77/1210 [02:21<34:46,  0.54it/s, v_num=fdj2, val_auc=0.000]Epoch 1:   6%|▋         | 78/1210 [02:22<34:23,  0.55it/s, v_num=fdj2, val_auc=0.000]Epoch 1:   6%|▋         | 78/1210 [02:22<34:23,  0.55it/s, v_num=fdj2, val_auc=0.000]Epoch 1:   7%|▋         | 79/1210 [02:22<34:00,  0.55it/s, v_num=fdj2, val_auc=0.000]Epoch 1:   7%|▋         | 79/1210 [02:22<34:00,  0.55it/s, v_num=fdj2, val_auc=0.000]Epoch 1:   7%|▋         | 80/1210 [02:22<33:39,  0.56it/s, v_num=fdj2, val_auc=0.000]Epoch 1:   7%|▋         | 80/1210 [02:22<33:39,  0.56it/s, v_num=fdj2, val_auc=0.000]Epoch 1:   7%|▋         | 81/1210 [02:23<33:17,  0.57it/s, v_num=fdj2, val_auc=0.000]Epoch 1:   7%|▋         | 81/1210 [02:23<33:17,  0.57it/s, v_num=fdj2, val_auc=0.000]Epoch 1:   7%|▋         | 82/1210 [02:23<32:57,  0.57it/s, v_num=fdj2, val_auc=0.000]Epoch 1:   7%|▋         | 82/1210 [02:23<32:57,  0.57it/s, v_num=fdj2, val_auc=0.000]Epoch 1:   7%|▋         | 83/1210 [02:24<32:36,  0.58it/s, v_num=fdj2, val_auc=0.000]Epoch 1:   7%|▋         | 83/1210 [02:24<32:36,  0.58it/s, v_num=fdj2, val_auc=0.000]Epoch 1:   7%|▋         | 84/1210 [02:24<32:17,  0.58it/s, v_num=fdj2, val_auc=0.000]Epoch 1:   7%|▋         | 84/1210 [02:24<32:17,  0.58it/s, v_num=fdj2, val_auc=0.000]Epoch 1:   7%|▋         | 85/1210 [02:24<31:57,  0.59it/s, v_num=fdj2, val_auc=0.000]Epoch 1:   7%|▋         | 85/1210 [02:24<31:57,  0.59it/s, v_num=fdj2, val_auc=0.000]Epoch 1:   7%|▋         | 86/1210 [02:25<31:38,  0.59it/s, v_num=fdj2, val_auc=0.000]Epoch 1:   7%|▋         | 86/1210 [02:25<31:38,  0.59it/s, v_num=fdj2, val_auc=0.000]Epoch 1:   7%|▋         | 87/1210 [02:25<31:20,  0.60it/s, v_num=fdj2, val_auc=0.000]Epoch 1:   7%|▋         | 87/1210 [02:25<31:20,  0.60it/s, v_num=fdj2, val_auc=0.000]Epoch 1:   7%|▋         | 88/1210 [02:26<31:02,  0.60it/s, v_num=fdj2, val_auc=0.000]Epoch 1:   7%|▋         | 88/1210 [02:26<31:02,  0.60it/s, v_num=fdj2, val_auc=0.000]Epoch 1:   7%|▋         | 89/1210 [02:26<30:44,  0.61it/s, v_num=fdj2, val_auc=0.000]Epoch 1:   7%|▋         | 89/1210 [02:26<30:44,  0.61it/s, v_num=fdj2, val_auc=0.000]Epoch 1:   7%|▋         | 90/1210 [02:26<30:27,  0.61it/s, v_num=fdj2, val_auc=0.000]Epoch 1:   7%|▋         | 90/1210 [02:26<30:27,  0.61it/s, v_num=fdj2, val_auc=0.000]Epoch 1:   8%|▊         | 91/1210 [02:27<30:10,  0.62it/s, v_num=fdj2, val_auc=0.000]Epoch 1:   8%|▊         | 91/1210 [02:27<30:10,  0.62it/s, v_num=fdj2, val_auc=0.000]Epoch 1:   8%|▊         | 92/1210 [02:27<29:54,  0.62it/s, v_num=fdj2, val_auc=0.000]Epoch 1:   8%|▊         | 92/1210 [02:27<29:54,  0.62it/s, v_num=fdj2, val_auc=0.000]Epoch 1:   8%|▊         | 93/1210 [02:28<29:38,  0.63it/s, v_num=fdj2, val_auc=0.000]Epoch 1:   8%|▊         | 93/1210 [02:28<29:38,  0.63it/s, v_num=fdj2, val_auc=0.000]Epoch 1:   8%|▊         | 94/1210 [02:28<29:22,  0.63it/s, v_num=fdj2, val_auc=0.000]Epoch 1:   8%|▊         | 94/1210 [02:28<29:22,  0.63it/s, v_num=fdj2, val_auc=0.000]Epoch 1:   8%|▊         | 95/1210 [02:28<29:06,  0.64it/s, v_num=fdj2, val_auc=0.000]Epoch 1:   8%|▊         | 95/1210 [02:28<29:06,  0.64it/s, v_num=fdj2, val_auc=0.000]Epoch 1:   8%|▊         | 96/1210 [02:29<28:51,  0.64it/s, v_num=fdj2, val_auc=0.000]Epoch 1:   8%|▊         | 96/1210 [02:29<28:51,  0.64it/s, v_num=fdj2, val_auc=0.000]Epoch 1:   8%|▊         | 97/1210 [02:29<28:36,  0.65it/s, v_num=fdj2, val_auc=0.000]Epoch 1:   8%|▊         | 97/1210 [02:29<28:36,  0.65it/s, v_num=fdj2, val_auc=0.000]Epoch 1:   8%|▊         | 98/1210 [02:30<28:22,  0.65it/s, v_num=fdj2, val_auc=0.000]Epoch 1:   8%|▊         | 98/1210 [02:30<28:22,  0.65it/s, v_num=fdj2, val_auc=0.000]Epoch 1:   8%|▊         | 99/1210 [02:30<28:07,  0.66it/s, v_num=fdj2, val_auc=0.000]Epoch 1:   8%|▊         | 99/1210 [02:30<28:07,  0.66it/s, v_num=fdj2, val_auc=0.000]Epoch 1:   8%|▊         | 100/1210 [02:30<27:53,  0.66it/s, v_num=fdj2, val_auc=0.000]Epoch 1:   8%|▊         | 100/1210 [02:30<27:53,  0.66it/s, v_num=fdj2, val_auc=0.000]Epoch 1:   8%|▊         | 101/1210 [02:31<27:40,  0.67it/s, v_num=fdj2, val_auc=0.000]Epoch 1:   8%|▊         | 101/1210 [02:31<27:40,  0.67it/s, v_num=fdj2, val_auc=0.000]Epoch 1:   8%|▊         | 102/1210 [02:31<27:26,  0.67it/s, v_num=fdj2, val_auc=0.000]Epoch 1:   8%|▊         | 102/1210 [02:31<27:26,  0.67it/s, v_num=fdj2, val_auc=0.000]Epoch 1:   9%|▊         | 103/1210 [02:31<27:13,  0.68it/s, v_num=fdj2, val_auc=0.000]Epoch 1:   9%|▊         | 103/1210 [02:31<27:13,  0.68it/s, v_num=fdj2, val_auc=0.000]Epoch 1:   9%|▊         | 104/1210 [02:32<27:00,  0.68it/s, v_num=fdj2, val_auc=0.000]Epoch 1:   9%|▊         | 104/1210 [02:32<27:00,  0.68it/s, v_num=fdj2, val_auc=0.000]Epoch 1:   9%|▊         | 105/1210 [02:32<26:47,  0.69it/s, v_num=fdj2, val_auc=0.000]Epoch 1:   9%|▊         | 105/1210 [02:32<26:47,  0.69it/s, v_num=fdj2, val_auc=0.000]Epoch 1:   9%|▉         | 106/1210 [02:33<26:35,  0.69it/s, v_num=fdj2, val_auc=0.000]Epoch 1:   9%|▉         | 106/1210 [02:33<26:35,  0.69it/s, v_num=fdj2, val_auc=0.000]Epoch 1:   9%|▉         | 107/1210 [02:33<26:22,  0.70it/s, v_num=fdj2, val_auc=0.000]Epoch 1:   9%|▉         | 107/1210 [02:33<26:22,  0.70it/s, v_num=fdj2, val_auc=0.000]Epoch 1:   9%|▉         | 108/1210 [02:33<26:10,  0.70it/s, v_num=fdj2, val_auc=0.000]Epoch 1:   9%|▉         | 108/1210 [02:33<26:10,  0.70it/s, v_num=fdj2, val_auc=0.000]Epoch 1:   9%|▉         | 109/1210 [02:34<25:58,  0.71it/s, v_num=fdj2, val_auc=0.000]Epoch 1:   9%|▉         | 109/1210 [02:34<25:58,  0.71it/s, v_num=fdj2, val_auc=0.000]Epoch 1:   9%|▉         | 110/1210 [02:34<25:47,  0.71it/s, v_num=fdj2, val_auc=0.000]Epoch 1:   9%|▉         | 110/1210 [02:34<25:47,  0.71it/s, v_num=fdj2, val_auc=0.000]Epoch 1:   9%|▉         | 111/1210 [02:35<25:35,  0.72it/s, v_num=fdj2, val_auc=0.000]Epoch 1:   9%|▉         | 111/1210 [02:35<25:35,  0.72it/s, v_num=fdj2, val_auc=0.000]Epoch 1:   9%|▉         | 112/1210 [02:35<25:24,  0.72it/s, v_num=fdj2, val_auc=0.000]Epoch 1:   9%|▉         | 112/1210 [02:35<25:24,  0.72it/s, v_num=fdj2, val_auc=0.000]Epoch 1:   9%|▉         | 113/1210 [02:35<25:13,  0.72it/s, v_num=fdj2, val_auc=0.000]Epoch 1:   9%|▉         | 113/1210 [02:35<25:13,  0.72it/s, v_num=fdj2, val_auc=0.000]Epoch 1:   9%|▉         | 114/1210 [02:36<25:02,  0.73it/s, v_num=fdj2, val_auc=0.000]Epoch 1:   9%|▉         | 114/1210 [02:36<25:02,  0.73it/s, v_num=fdj2, val_auc=0.000]Epoch 1:  10%|▉         | 115/1210 [02:36<24:51,  0.73it/s, v_num=fdj2, val_auc=0.000]Epoch 1:  10%|▉         | 115/1210 [02:36<24:51,  0.73it/s, v_num=fdj2, val_auc=0.000]Epoch 1:  10%|▉         | 116/1210 [02:37<24:41,  0.74it/s, v_num=fdj2, val_auc=0.000]Epoch 1:  10%|▉         | 116/1210 [02:37<24:41,  0.74it/s, v_num=fdj2, val_auc=0.000]Epoch 1:  10%|▉         | 117/1210 [02:37<24:31,  0.74it/s, v_num=fdj2, val_auc=0.000]Epoch 1:  10%|▉         | 117/1210 [02:37<24:31,  0.74it/s, v_num=fdj2, val_auc=0.000]Epoch 1:  10%|▉         | 118/1210 [02:37<24:20,  0.75it/s, v_num=fdj2, val_auc=0.000]Epoch 1:  10%|▉         | 118/1210 [02:37<24:20,  0.75it/s, v_num=fdj2, val_auc=0.000]Epoch 1:  10%|▉         | 119/1210 [02:38<24:10,  0.75it/s, v_num=fdj2, val_auc=0.000]Epoch 1:  10%|▉         | 119/1210 [02:38<24:10,  0.75it/s, v_num=fdj2, val_auc=0.000]Epoch 1:  10%|▉         | 120/1210 [02:38<24:01,  0.76it/s, v_num=fdj2, val_auc=0.000]Epoch 1:  10%|▉         | 120/1210 [02:38<24:01,  0.76it/s, v_num=fdj2, val_auc=0.000]Epoch 1:  10%|█         | 121/1210 [02:39<23:51,  0.76it/s, v_num=fdj2, val_auc=0.000]Epoch 1:  10%|█         | 121/1210 [02:39<23:51,  0.76it/s, v_num=fdj2, val_auc=0.000]Epoch 1:  10%|█         | 122/1210 [02:39<23:41,  0.77it/s, v_num=fdj2, val_auc=0.000]Epoch 1:  10%|█         | 122/1210 [02:39<23:41,  0.77it/s, v_num=fdj2, val_auc=0.000]Epoch 1:  10%|█         | 123/1210 [02:39<23:32,  0.77it/s, v_num=fdj2, val_auc=0.000]Epoch 1:  10%|█         | 123/1210 [02:39<23:32,  0.77it/s, v_num=fdj2, val_auc=0.000]Epoch 1:  10%|█         | 124/1210 [02:40<23:23,  0.77it/s, v_num=fdj2, val_auc=0.000]Epoch 1:  10%|█         | 124/1210 [02:40<23:23,  0.77it/s, v_num=fdj2, val_auc=0.000]Epoch 1:  10%|█         | 125/1210 [02:40<23:14,  0.78it/s, v_num=fdj2, val_auc=0.000]Epoch 1:  10%|█         | 125/1210 [02:40<23:14,  0.78it/s, v_num=fdj2, val_auc=0.000]Epoch 1:  10%|█         | 126/1210 [02:40<23:05,  0.78it/s, v_num=fdj2, val_auc=0.000]Epoch 1:  10%|█         | 126/1210 [02:40<23:05,  0.78it/s, v_num=fdj2, val_auc=0.000]Epoch 1:  10%|█         | 127/1210 [02:41<22:56,  0.79it/s, v_num=fdj2, val_auc=0.000]Epoch 1:  10%|█         | 127/1210 [02:41<22:56,  0.79it/s, v_num=fdj2, val_auc=0.000]Epoch 1:  11%|█         | 128/1210 [02:41<22:47,  0.79it/s, v_num=fdj2, val_auc=0.000]Epoch 1:  11%|█         | 128/1210 [02:41<22:47,  0.79it/s, v_num=fdj2, val_auc=0.000]Epoch 1:  11%|█         | 129/1210 [02:42<22:38,  0.80it/s, v_num=fdj2, val_auc=0.000]Epoch 1:  11%|█         | 129/1210 [02:42<22:39,  0.80it/s, v_num=fdj2, val_auc=0.000]Epoch 1:  11%|█         | 130/1210 [02:42<22:30,  0.80it/s, v_num=fdj2, val_auc=0.000]Epoch 1:  11%|█         | 130/1210 [02:42<22:30,  0.80it/s, v_num=fdj2, val_auc=0.000]Epoch 1:  11%|█         | 131/1210 [02:42<22:22,  0.80it/s, v_num=fdj2, val_auc=0.000]Epoch 1:  11%|█         | 131/1210 [02:42<22:22,  0.80it/s, v_num=fdj2, val_auc=0.000]Epoch 1:  11%|█         | 132/1210 [02:43<22:14,  0.81it/s, v_num=fdj2, val_auc=0.000]Epoch 1:  11%|█         | 132/1210 [02:43<22:14,  0.81it/s, v_num=fdj2, val_auc=0.000]Epoch 1:  11%|█         | 133/1210 [02:43<22:05,  0.81it/s, v_num=fdj2, val_auc=0.000]Epoch 1:  11%|█         | 133/1210 [02:43<22:05,  0.81it/s, v_num=fdj2, val_auc=0.000]Epoch 1:  11%|█         | 134/1210 [02:44<21:57,  0.82it/s, v_num=fdj2, val_auc=0.000]Epoch 1:  11%|█         | 134/1210 [02:44<21:57,  0.82it/s, v_num=fdj2, val_auc=0.000]Epoch 1:  11%|█         | 135/1210 [02:44<21:50,  0.82it/s, v_num=fdj2, val_auc=0.000]Epoch 1:  11%|█         | 135/1210 [02:44<21:50,  0.82it/s, v_num=fdj2, val_auc=0.000]Epoch 1:  11%|█         | 136/1210 [02:44<21:42,  0.82it/s, v_num=fdj2, val_auc=0.000]Epoch 1:  11%|█         | 136/1210 [02:44<21:42,  0.82it/s, v_num=fdj2, val_auc=0.000]Epoch 1:  11%|█▏        | 137/1210 [02:45<21:34,  0.83it/s, v_num=fdj2, val_auc=0.000]Epoch 1:  11%|█▏        | 137/1210 [02:45<21:34,  0.83it/s, v_num=fdj2, val_auc=0.000]Epoch 1:  11%|█▏        | 138/1210 [02:45<21:27,  0.83it/s, v_num=fdj2, val_auc=0.000]Epoch 1:  11%|█▏        | 138/1210 [02:45<21:27,  0.83it/s, v_num=fdj2, val_auc=0.000]Epoch 1:  11%|█▏        | 139/1210 [02:46<21:19,  0.84it/s, v_num=fdj2, val_auc=0.000]Epoch 1:  11%|█▏        | 139/1210 [02:46<21:19,  0.84it/s, v_num=fdj2, val_auc=0.000]Epoch 1:  12%|█▏        | 140/1210 [02:46<21:12,  0.84it/s, v_num=fdj2, val_auc=0.000]Epoch 1:  12%|█▏        | 140/1210 [02:46<21:12,  0.84it/s, v_num=fdj2, val_auc=0.000]Epoch 1:  12%|█▏        | 141/1210 [02:46<21:05,  0.84it/s, v_num=fdj2, val_auc=0.000]Epoch 1:  12%|█▏        | 141/1210 [02:46<21:05,  0.84it/s, v_num=fdj2, val_auc=0.000]Epoch 1:  12%|█▏        | 142/1210 [02:47<20:57,  0.85it/s, v_num=fdj2, val_auc=0.000]Epoch 1:  12%|█▏        | 142/1210 [02:47<20:58,  0.85it/s, v_num=fdj2, val_auc=0.000]Epoch 1:  12%|█▏        | 143/1210 [02:47<20:50,  0.85it/s, v_num=fdj2, val_auc=0.000]Epoch 1:  12%|█▏        | 143/1210 [02:47<20:50,  0.85it/s, v_num=fdj2, val_auc=0.000]Epoch 1:  12%|█▏        | 144/1210 [02:48<20:43,  0.86it/s, v_num=fdj2, val_auc=0.000]Epoch 1:  12%|█▏        | 144/1210 [02:48<20:43,  0.86it/s, v_num=fdj2, val_auc=0.000]Epoch 1:  12%|█▏        | 145/1210 [02:48<20:37,  0.86it/s, v_num=fdj2, val_auc=0.000]Epoch 1:  12%|█▏        | 145/1210 [02:48<20:37,  0.86it/s, v_num=fdj2, val_auc=0.000]Epoch 1:  12%|█▏        | 146/1210 [02:48<20:30,  0.86it/s, v_num=fdj2, val_auc=0.000]Epoch 1:  12%|█▏        | 146/1210 [02:48<20:30,  0.86it/s, v_num=fdj2, val_auc=0.000]Epoch 1:  12%|█▏        | 147/1210 [02:49<20:23,  0.87it/s, v_num=fdj2, val_auc=0.000]Epoch 1:  12%|█▏        | 147/1210 [02:49<20:23,  0.87it/s, v_num=fdj2, val_auc=0.000]Epoch 1:  12%|█▏        | 148/1210 [02:49<20:17,  0.87it/s, v_num=fdj2, val_auc=0.000]Epoch 1:  12%|█▏        | 148/1210 [02:49<20:17,  0.87it/s, v_num=fdj2, val_auc=0.000]Epoch 1:  12%|█▏        | 149/1210 [02:49<20:10,  0.88it/s, v_num=fdj2, val_auc=0.000]Epoch 1:  12%|█▏        | 149/1210 [02:49<20:10,  0.88it/s, v_num=fdj2, val_auc=0.000]Epoch 1:  12%|█▏        | 150/1210 [02:50<20:04,  0.88it/s, v_num=fdj2, val_auc=0.000]Epoch 1:  12%|█▏        | 150/1210 [02:50<20:04,  0.88it/s, v_num=fdj2, val_auc=0.000]Epoch 1:  12%|█▏        | 151/1210 [02:50<19:57,  0.88it/s, v_num=fdj2, val_auc=0.000]Epoch 1:  12%|█▏        | 151/1210 [02:50<19:57,  0.88it/s, v_num=fdj2, val_auc=0.000]Epoch 1:  13%|█▎        | 152/1210 [02:51<19:51,  0.89it/s, v_num=fdj2, val_auc=0.000]Epoch 1:  13%|█▎        | 152/1210 [02:51<19:51,  0.89it/s, v_num=fdj2, val_auc=0.000]Epoch 1:  13%|█▎        | 153/1210 [02:51<19:45,  0.89it/s, v_num=fdj2, val_auc=0.000]Epoch 1:  13%|█▎        | 153/1210 [02:51<19:45,  0.89it/s, v_num=fdj2, val_auc=0.000]Epoch 1:  13%|█▎        | 154/1210 [02:51<19:39,  0.90it/s, v_num=fdj2, val_auc=0.000]Epoch 1:  13%|█▎        | 154/1210 [02:51<19:39,  0.90it/s, v_num=fdj2, val_auc=0.000]Epoch 1:  13%|█▎        | 155/1210 [02:52<19:33,  0.90it/s, v_num=fdj2, val_auc=0.000]Epoch 1:  13%|█▎        | 155/1210 [02:52<19:33,  0.90it/s, v_num=fdj2, val_auc=0.000]Epoch 1:  13%|█▎        | 156/1210 [02:52<19:27,  0.90it/s, v_num=fdj2, val_auc=0.000]Epoch 1:  13%|█▎        | 156/1210 [02:52<19:27,  0.90it/s, v_num=fdj2, val_auc=0.000]Epoch 1:  13%|█▎        | 157/1210 [02:53<19:21,  0.91it/s, v_num=fdj2, val_auc=0.000]Epoch 1:  13%|█▎        | 157/1210 [02:53<19:21,  0.91it/s, v_num=fdj2, val_auc=0.000]Epoch 1:  13%|█▎        | 158/1210 [02:53<19:15,  0.91it/s, v_num=fdj2, val_auc=0.000]Epoch 1:  13%|█▎        | 158/1210 [02:53<19:15,  0.91it/s, v_num=fdj2, val_auc=0.000]Epoch 1:  13%|█▎        | 159/1210 [02:53<19:09,  0.91it/s, v_num=fdj2, val_auc=0.000]Epoch 1:  13%|█▎        | 159/1210 [02:53<19:09,  0.91it/s, v_num=fdj2, val_auc=0.000]Epoch 1:  13%|█▎        | 160/1210 [02:54<19:03,  0.92it/s, v_num=fdj2, val_auc=0.000]Epoch 1:  13%|█▎        | 160/1210 [02:54<19:03,  0.92it/s, v_num=fdj2, val_auc=0.000]Epoch 1:  13%|█▎        | 161/1210 [02:54<18:58,  0.92it/s, v_num=fdj2, val_auc=0.000]Epoch 1:  13%|█▎        | 161/1210 [02:54<18:58,  0.92it/s, v_num=fdj2, val_auc=0.000]Epoch 1:  13%|█▎        | 162/1210 [02:55<18:52,  0.93it/s, v_num=fdj2, val_auc=0.000]Epoch 1:  13%|█▎        | 162/1210 [02:55<18:52,  0.93it/s, v_num=fdj2, val_auc=0.000]Epoch 1:  13%|█▎        | 163/1210 [02:55<18:47,  0.93it/s, v_num=fdj2, val_auc=0.000]Epoch 1:  13%|█▎        | 163/1210 [02:55<18:47,  0.93it/s, v_num=fdj2, val_auc=0.000]Epoch 1:  14%|█▎        | 164/1210 [02:55<18:41,  0.93it/s, v_num=fdj2, val_auc=0.000]Epoch 1:  14%|█▎        | 164/1210 [02:55<18:41,  0.93it/s, v_num=fdj2, val_auc=0.000]Epoch 1:  14%|█▎        | 165/1210 [02:56<18:36,  0.94it/s, v_num=fdj2, val_auc=0.000]Epoch 1:  14%|█▎        | 165/1210 [02:56<18:36,  0.94it/s, v_num=fdj2, val_auc=0.000]Epoch 1:  14%|█▎        | 166/1210 [02:56<18:31,  0.94it/s, v_num=fdj2, val_auc=0.000]Epoch 1:  14%|█▎        | 166/1210 [02:56<18:31,  0.94it/s, v_num=fdj2, val_auc=0.000]Epoch 1:  14%|█▍        | 167/1210 [02:57<18:25,  0.94it/s, v_num=fdj2, val_auc=0.000]Epoch 1:  14%|█▍        | 167/1210 [02:57<18:25,  0.94it/s, v_num=fdj2, val_auc=0.000]Epoch 1:  14%|█▍        | 168/1210 [02:57<18:20,  0.95it/s, v_num=fdj2, val_auc=0.000]Epoch 1:  14%|█▍        | 168/1210 [02:57<18:20,  0.95it/s, v_num=fdj2, val_auc=0.000]Epoch 1:  14%|█▍        | 169/1210 [02:57<18:15,  0.95it/s, v_num=fdj2, val_auc=0.000]Epoch 1:  14%|█▍        | 169/1210 [02:57<18:15,  0.95it/s, v_num=fdj2, val_auc=0.000]Epoch 1:  14%|█▍        | 170/1210 [02:58<18:10,  0.95it/s, v_num=fdj2, val_auc=0.000]Epoch 1:  14%|█▍        | 170/1210 [02:58<18:10,  0.95it/s, v_num=fdj2, val_auc=0.000]Epoch 1:  14%|█▍        | 171/1210 [02:58<18:05,  0.96it/s, v_num=fdj2, val_auc=0.000]Epoch 1:  14%|█▍        | 171/1210 [02:58<18:05,  0.96it/s, v_num=fdj2, val_auc=0.000]Epoch 1:  14%|█▍        | 172/1210 [02:59<18:00,  0.96it/s, v_num=fdj2, val_auc=0.000]Epoch 1:  14%|█▍        | 172/1210 [02:59<18:00,  0.96it/s, v_num=fdj2, val_auc=0.000]Epoch 1:  14%|█▍        | 173/1210 [02:59<17:55,  0.96it/s, v_num=fdj2, val_auc=0.000]Epoch 1:  14%|█▍        | 173/1210 [02:59<17:55,  0.96it/s, v_num=fdj2, val_auc=0.000]Epoch 1:  14%|█▍        | 174/1210 [02:59<17:50,  0.97it/s, v_num=fdj2, val_auc=0.000]Epoch 1:  14%|█▍        | 174/1210 [02:59<17:50,  0.97it/s, v_num=fdj2, val_auc=0.000]Epoch 1:  14%|█▍        | 175/1210 [03:00<17:45,  0.97it/s, v_num=fdj2, val_auc=0.000]Epoch 1:  14%|█▍        | 175/1210 [03:00<17:45,  0.97it/s, v_num=fdj2, val_auc=0.000]Epoch 1:  15%|█▍        | 176/1210 [03:00<17:41,  0.97it/s, v_num=fdj2, val_auc=0.000]Epoch 1:  15%|█▍        | 176/1210 [03:00<17:41,  0.97it/s, v_num=fdj2, val_auc=0.000]Epoch 1:  15%|█▍        | 177/1210 [03:00<17:36,  0.98it/s, v_num=fdj2, val_auc=0.000]Epoch 1:  15%|█▍        | 177/1210 [03:00<17:36,  0.98it/s, v_num=fdj2, val_auc=0.000]Epoch 1:  15%|█▍        | 178/1210 [03:01<17:31,  0.98it/s, v_num=fdj2, val_auc=0.000]Epoch 1:  15%|█▍        | 178/1210 [03:01<17:31,  0.98it/s, v_num=fdj2, val_auc=0.000]Epoch 1:  15%|█▍        | 179/1210 [03:01<17:26,  0.98it/s, v_num=fdj2, val_auc=0.000]Epoch 1:  15%|█▍        | 179/1210 [03:01<17:26,  0.98it/s, v_num=fdj2, val_auc=0.000]Epoch 1:  15%|█▍        | 180/1210 [03:02<17:22,  0.99it/s, v_num=fdj2, val_auc=0.000]Epoch 1:  15%|█▍        | 180/1210 [03:02<17:22,  0.99it/s, v_num=fdj2, val_auc=0.000]Epoch 1:  15%|█▍        | 181/1210 [03:02<17:17,  0.99it/s, v_num=fdj2, val_auc=0.000]Epoch 1:  15%|█▍        | 181/1210 [03:02<17:17,  0.99it/s, v_num=fdj2, val_auc=0.000]Epoch 1:  15%|█▌        | 182/1210 [03:02<17:13,  0.99it/s, v_num=fdj2, val_auc=0.000]Epoch 1:  15%|█▌        | 182/1210 [03:02<17:13,  0.99it/s, v_num=fdj2, val_auc=0.000]Epoch 1:  15%|█▌        | 183/1210 [03:03<17:08,  1.00it/s, v_num=fdj2, val_auc=0.000]Epoch 1:  15%|█▌        | 183/1210 [03:03<17:08,  1.00it/s, v_num=fdj2, val_auc=0.000]Epoch 1:  15%|█▌        | 184/1210 [03:03<17:04,  1.00it/s, v_num=fdj2, val_auc=0.000]Epoch 1:  15%|█▌        | 184/1210 [03:03<17:04,  1.00it/s, v_num=fdj2, val_auc=0.000]Epoch 1:  15%|█▌        | 185/1210 [03:04<17:00,  1.00it/s, v_num=fdj2, val_auc=0.000]Epoch 1:  15%|█▌        | 185/1210 [03:04<17:00,  1.00it/s, v_num=fdj2, val_auc=0.000]Epoch 1:  15%|█▌        | 186/1210 [03:04<16:55,  1.01it/s, v_num=fdj2, val_auc=0.000]Epoch 1:  15%|█▌        | 186/1210 [03:04<16:55,  1.01it/s, v_num=fdj2, val_auc=0.000]Epoch 1:  15%|█▌        | 187/1210 [03:04<16:51,  1.01it/s, v_num=fdj2, val_auc=0.000]Epoch 1:  15%|█▌        | 187/1210 [03:04<16:51,  1.01it/s, v_num=fdj2, val_auc=0.000]Epoch 1:  16%|█▌        | 188/1210 [03:05<16:47,  1.01it/s, v_num=fdj2, val_auc=0.000]Epoch 1:  16%|█▌        | 188/1210 [03:05<16:47,  1.01it/s, v_num=fdj2, val_auc=0.000]Epoch 1:  16%|█▌        | 189/1210 [03:05<16:43,  1.02it/s, v_num=fdj2, val_auc=0.000]Epoch 1:  16%|█▌        | 189/1210 [03:05<16:43,  1.02it/s, v_num=fdj2, val_auc=0.000]Epoch 1:  16%|█▌        | 190/1210 [03:06<16:39,  1.02it/s, v_num=fdj2, val_auc=0.000]Epoch 1:  16%|█▌        | 190/1210 [03:06<16:39,  1.02it/s, v_num=fdj2, val_auc=0.000]Epoch 1:  16%|█▌        | 191/1210 [03:06<16:34,  1.02it/s, v_num=fdj2, val_auc=0.000]Epoch 1:  16%|█▌        | 191/1210 [03:06<16:34,  1.02it/s, v_num=fdj2, val_auc=0.000]Epoch 1:  16%|█▌        | 192/1210 [03:06<16:30,  1.03it/s, v_num=fdj2, val_auc=0.000]Epoch 1:  16%|█▌        | 192/1210 [03:06<16:30,  1.03it/s, v_num=fdj2, val_auc=0.000]Epoch 1:  16%|█▌        | 193/1210 [03:07<16:26,  1.03it/s, v_num=fdj2, val_auc=0.000]Epoch 1:  16%|█▌        | 193/1210 [03:07<16:26,  1.03it/s, v_num=fdj2, val_auc=0.000]Epoch 1:  16%|█▌        | 194/1210 [03:07<16:22,  1.03it/s, v_num=fdj2, val_auc=0.000]Epoch 1:  16%|█▌        | 194/1210 [03:07<16:22,  1.03it/s, v_num=fdj2, val_auc=0.000]Epoch 1:  16%|█▌        | 195/1210 [03:08<16:18,  1.04it/s, v_num=fdj2, val_auc=0.000]Epoch 1:  16%|█▌        | 195/1210 [03:08<16:18,  1.04it/s, v_num=fdj2, val_auc=0.000]Epoch 1:  16%|█▌        | 196/1210 [03:08<16:14,  1.04it/s, v_num=fdj2, val_auc=0.000]Epoch 1:  16%|█▌        | 196/1210 [03:08<16:14,  1.04it/s, v_num=fdj2, val_auc=0.000]Epoch 1:  16%|█▋        | 197/1210 [03:08<16:11,  1.04it/s, v_num=fdj2, val_auc=0.000]Epoch 1:  16%|█▋        | 197/1210 [03:08<16:11,  1.04it/s, v_num=fdj2, val_auc=0.000]Epoch 1:  16%|█▋        | 198/1210 [03:09<16:07,  1.05it/s, v_num=fdj2, val_auc=0.000]Epoch 1:  16%|█▋        | 198/1210 [03:09<16:07,  1.05it/s, v_num=fdj2, val_auc=0.000]Epoch 1:  16%|█▋        | 199/1210 [03:09<16:03,  1.05it/s, v_num=fdj2, val_auc=0.000]Epoch 1:  16%|█▋        | 199/1210 [03:09<16:03,  1.05it/s, v_num=fdj2, val_auc=0.000]Epoch 1:  17%|█▋        | 200/1210 [03:10<15:59,  1.05it/s, v_num=fdj2, val_auc=0.000]Epoch 1:  17%|█▋        | 200/1210 [03:10<15:59,  1.05it/s, v_num=fdj2, val_auc=0.000]Epoch 1:  17%|█▋        | 201/1210 [03:10<15:55,  1.06it/s, v_num=fdj2, val_auc=0.000]Epoch 1:  17%|█▋        | 201/1210 [03:10<15:55,  1.06it/s, v_num=fdj2, val_auc=0.000]Epoch 1:  17%|█▋        | 202/1210 [03:10<15:52,  1.06it/s, v_num=fdj2, val_auc=0.000]Epoch 1:  17%|█▋        | 202/1210 [03:10<15:52,  1.06it/s, v_num=fdj2, val_auc=0.000]Epoch 1:  17%|█▋        | 203/1210 [03:11<15:48,  1.06it/s, v_num=fdj2, val_auc=0.000]Epoch 1:  17%|█▋        | 203/1210 [03:11<15:48,  1.06it/s, v_num=fdj2, val_auc=0.000]Epoch 1:  17%|█▋        | 204/1210 [03:11<15:44,  1.06it/s, v_num=fdj2, val_auc=0.000]Epoch 1:  17%|█▋        | 204/1210 [03:11<15:44,  1.06it/s, v_num=fdj2, val_auc=0.000]Epoch 1:  17%|█▋        | 205/1210 [03:11<15:41,  1.07it/s, v_num=fdj2, val_auc=0.000]Epoch 1:  17%|█▋        | 205/1210 [03:11<15:41,  1.07it/s, v_num=fdj2, val_auc=0.000]Epoch 1:  17%|█▋        | 206/1210 [03:12<15:37,  1.07it/s, v_num=fdj2, val_auc=0.000]Epoch 1:  17%|█▋        | 206/1210 [03:12<15:37,  1.07it/s, v_num=fdj2, val_auc=0.000]Epoch 1:  17%|█▋        | 207/1210 [03:12<15:34,  1.07it/s, v_num=fdj2, val_auc=0.000]Epoch 1:  17%|█▋        | 207/1210 [03:12<15:34,  1.07it/s, v_num=fdj2, val_auc=0.000]Epoch 1:  17%|█▋        | 208/1210 [03:13<15:30,  1.08it/s, v_num=fdj2, val_auc=0.000]Epoch 1:  17%|█▋        | 208/1210 [03:13<15:30,  1.08it/s, v_num=fdj2, val_auc=0.000]Epoch 1:  17%|█▋        | 209/1210 [03:13<15:27,  1.08it/s, v_num=fdj2, val_auc=0.000]Epoch 1:  17%|█▋        | 209/1210 [03:13<15:27,  1.08it/s, v_num=fdj2, val_auc=0.000]Epoch 1:  17%|█▋        | 210/1210 [03:13<15:23,  1.08it/s, v_num=fdj2, val_auc=0.000]Epoch 1:  17%|█▋        | 210/1210 [03:13<15:23,  1.08it/s, v_num=fdj2, val_auc=0.000]Epoch 1:  17%|█▋        | 211/1210 [03:14<15:20,  1.09it/s, v_num=fdj2, val_auc=0.000]Epoch 1:  17%|█▋        | 211/1210 [03:14<15:20,  1.09it/s, v_num=fdj2, val_auc=0.000]Epoch 1:  18%|█▊        | 212/1210 [03:14<15:16,  1.09it/s, v_num=fdj2, val_auc=0.000]Epoch 1:  18%|█▊        | 212/1210 [03:14<15:16,  1.09it/s, v_num=fdj2, val_auc=0.000]Epoch 1:  18%|█▊        | 213/1210 [03:15<15:13,  1.09it/s, v_num=fdj2, val_auc=0.000]Epoch 1:  18%|█▊        | 213/1210 [03:15<15:13,  1.09it/s, v_num=fdj2, val_auc=0.000]Epoch 1:  18%|█▊        | 214/1210 [03:15<15:10,  1.09it/s, v_num=fdj2, val_auc=0.000]Epoch 1:  18%|█▊        | 214/1210 [03:15<15:10,  1.09it/s, v_num=fdj2, val_auc=0.000]Epoch 1:  18%|█▊        | 215/1210 [03:15<15:06,  1.10it/s, v_num=fdj2, val_auc=0.000]Epoch 1:  18%|█▊        | 215/1210 [03:15<15:06,  1.10it/s, v_num=fdj2, val_auc=0.000]Epoch 1:  18%|█▊        | 216/1210 [03:16<15:03,  1.10it/s, v_num=fdj2, val_auc=0.000]Epoch 1:  18%|█▊        | 216/1210 [03:16<15:03,  1.10it/s, v_num=fdj2, val_auc=0.000]Epoch 1:  18%|█▊        | 217/1210 [03:16<15:00,  1.10it/s, v_num=fdj2, val_auc=0.000]Epoch 1:  18%|█▊        | 217/1210 [03:16<15:00,  1.10it/s, v_num=fdj2, val_auc=0.000]Epoch 1:  18%|█▊        | 218/1210 [03:17<14:56,  1.11it/s, v_num=fdj2, val_auc=0.000]Epoch 1:  18%|█▊        | 218/1210 [03:17<14:56,  1.11it/s, v_num=fdj2, val_auc=0.000]Epoch 1:  18%|█▊        | 219/1210 [03:17<14:53,  1.11it/s, v_num=fdj2, val_auc=0.000]Epoch 1:  18%|█▊        | 219/1210 [03:17<14:53,  1.11it/s, v_num=fdj2, val_auc=0.000]Epoch 1:  18%|█▊        | 220/1210 [03:17<14:50,  1.11it/s, v_num=fdj2, val_auc=0.000]Epoch 1:  18%|█▊        | 220/1210 [03:17<14:50,  1.11it/s, v_num=fdj2, val_auc=0.000]Epoch 1:  18%|█▊        | 221/1210 [03:18<14:47,  1.11it/s, v_num=fdj2, val_auc=0.000]Epoch 1:  18%|█▊        | 221/1210 [03:18<14:47,  1.11it/s, v_num=fdj2, val_auc=0.000]Epoch 1:  18%|█▊        | 222/1210 [03:18<14:44,  1.12it/s, v_num=fdj2, val_auc=0.000]Epoch 1:  18%|█▊        | 222/1210 [03:18<14:44,  1.12it/s, v_num=fdj2, val_auc=0.000]Epoch 1:  18%|█▊        | 223/1210 [03:19<14:41,  1.12it/s, v_num=fdj2, val_auc=0.000]Epoch 1:  18%|█▊        | 223/1210 [03:19<14:41,  1.12it/s, v_num=fdj2, val_auc=0.000]Epoch 1:  19%|█▊        | 224/1210 [03:19<14:37,  1.12it/s, v_num=fdj2, val_auc=0.000]Epoch 1:  19%|█▊        | 224/1210 [03:19<14:37,  1.12it/s, v_num=fdj2, val_auc=0.000]Epoch 1:  19%|█▊        | 225/1210 [03:19<14:34,  1.13it/s, v_num=fdj2, val_auc=0.000]Epoch 1:  19%|█▊        | 225/1210 [03:19<14:34,  1.13it/s, v_num=fdj2, val_auc=0.000]Epoch 1:  19%|█▊        | 226/1210 [03:20<14:31,  1.13it/s, v_num=fdj2, val_auc=0.000]Epoch 1:  19%|█▊        | 226/1210 [03:20<14:31,  1.13it/s, v_num=fdj2, val_auc=0.000]Epoch 1:  19%|█▉        | 227/1210 [03:20<14:28,  1.13it/s, v_num=fdj2, val_auc=0.000]Epoch 1:  19%|█▉        | 227/1210 [03:20<14:28,  1.13it/s, v_num=fdj2, val_auc=0.000]Epoch 1:  19%|█▉        | 228/1210 [03:21<14:25,  1.13it/s, v_num=fdj2, val_auc=0.000]Epoch 1:  19%|█▉        | 228/1210 [03:21<14:25,  1.13it/s, v_num=fdj2, val_auc=0.000]Epoch 1:  19%|█▉        | 229/1210 [03:21<14:22,  1.14it/s, v_num=fdj2, val_auc=0.000]Epoch 1:  19%|█▉        | 229/1210 [03:21<14:22,  1.14it/s, v_num=fdj2, val_auc=0.000]Epoch 1:  19%|█▉        | 230/1210 [03:21<14:19,  1.14it/s, v_num=fdj2, val_auc=0.000]Epoch 1:  19%|█▉        | 230/1210 [03:21<14:19,  1.14it/s, v_num=fdj2, val_auc=0.000]Epoch 1:  19%|█▉        | 231/1210 [03:22<14:16,  1.14it/s, v_num=fdj2, val_auc=0.000]Epoch 1:  19%|█▉        | 231/1210 [03:22<14:16,  1.14it/s, v_num=fdj2, val_auc=0.000]Epoch 1:  19%|█▉        | 232/1210 [03:22<14:14,  1.15it/s, v_num=fdj2, val_auc=0.000]Epoch 1:  19%|█▉        | 232/1210 [03:22<14:14,  1.15it/s, v_num=fdj2, val_auc=0.000]Epoch 1:  19%|█▉        | 233/1210 [03:22<14:11,  1.15it/s, v_num=fdj2, val_auc=0.000]Epoch 1:  19%|█▉        | 233/1210 [03:22<14:11,  1.15it/s, v_num=fdj2, val_auc=0.000]Epoch 1:  19%|█▉        | 234/1210 [03:23<14:08,  1.15it/s, v_num=fdj2, val_auc=0.000]Epoch 1:  19%|█▉        | 234/1210 [03:23<14:08,  1.15it/s, v_num=fdj2, val_auc=0.000]Epoch 1:  19%|█▉        | 235/1210 [03:23<14:05,  1.15it/s, v_num=fdj2, val_auc=0.000]Epoch 1:  19%|█▉        | 235/1210 [03:23<14:05,  1.15it/s, v_num=fdj2, val_auc=0.000]Epoch 1:  20%|█▉        | 236/1210 [03:24<14:02,  1.16it/s, v_num=fdj2, val_auc=0.000]Epoch 1:  20%|█▉        | 236/1210 [03:24<14:02,  1.16it/s, v_num=fdj2, val_auc=0.000]Epoch 1:  20%|█▉        | 237/1210 [03:24<13:59,  1.16it/s, v_num=fdj2, val_auc=0.000]Epoch 1:  20%|█▉        | 237/1210 [03:24<13:59,  1.16it/s, v_num=fdj2, val_auc=0.000]Epoch 1:  20%|█▉        | 238/1210 [03:24<13:57,  1.16it/s, v_num=fdj2, val_auc=0.000]Epoch 1:  20%|█▉        | 238/1210 [03:24<13:57,  1.16it/s, v_num=fdj2, val_auc=0.000]Epoch 1:  20%|█▉        | 239/1210 [03:25<13:54,  1.16it/s, v_num=fdj2, val_auc=0.000]Epoch 1:  20%|█▉        | 239/1210 [03:25<13:54,  1.16it/s, v_num=fdj2, val_auc=0.000]Epoch 1:  20%|█▉        | 240/1210 [03:25<13:51,  1.17it/s, v_num=fdj2, val_auc=0.000]Epoch 1:  20%|█▉        | 240/1210 [03:25<13:51,  1.17it/s, v_num=fdj2, val_auc=0.000]Epoch 1:  20%|█▉        | 241/1210 [03:26<13:48,  1.17it/s, v_num=fdj2, val_auc=0.000]Epoch 1:  20%|█▉        | 241/1210 [03:26<13:48,  1.17it/s, v_num=fdj2, val_auc=0.000]Epoch 1:  20%|██        | 242/1210 [03:26<13:46,  1.17it/s, v_num=fdj2, val_auc=0.000]Epoch 1:  20%|██        | 242/1210 [03:26<13:46,  1.17it/s, v_num=fdj2, val_auc=0.000]Epoch 1:  20%|██        | 243/1210 [03:26<13:43,  1.17it/s, v_num=fdj2, val_auc=0.000]Epoch 1:  20%|██        | 243/1210 [03:26<13:43,  1.17it/s, v_num=fdj2, val_auc=0.000]Epoch 1:  20%|██        | 244/1210 [03:27<13:40,  1.18it/s, v_num=fdj2, val_auc=0.000]Epoch 1:  20%|██        | 244/1210 [03:27<13:40,  1.18it/s, v_num=fdj2, val_auc=0.000]Epoch 1:  20%|██        | 245/1210 [03:27<13:38,  1.18it/s, v_num=fdj2, val_auc=0.000]Epoch 1:  20%|██        | 245/1210 [03:27<13:38,  1.18it/s, v_num=fdj2, val_auc=0.000]Epoch 1:  20%|██        | 246/1210 [03:28<13:35,  1.18it/s, v_num=fdj2, val_auc=0.000]Epoch 1:  20%|██        | 246/1210 [03:28<13:35,  1.18it/s, v_num=fdj2, val_auc=0.000]Epoch 1:  20%|██        | 247/1210 [03:28<13:32,  1.18it/s, v_num=fdj2, val_auc=0.000]Epoch 1:  20%|██        | 247/1210 [03:28<13:32,  1.18it/s, v_num=fdj2, val_auc=0.000]Epoch 1:  20%|██        | 248/1210 [03:28<13:30,  1.19it/s, v_num=fdj2, val_auc=0.000]Epoch 1:  20%|██        | 248/1210 [03:28<13:30,  1.19it/s, v_num=fdj2, val_auc=0.000]Epoch 1:  21%|██        | 249/1210 [03:29<13:27,  1.19it/s, v_num=fdj2, val_auc=0.000]Epoch 1:  21%|██        | 249/1210 [03:29<13:27,  1.19it/s, v_num=fdj2, val_auc=0.000]Epoch 1:  21%|██        | 250/1210 [03:29<13:25,  1.19it/s, v_num=fdj2, val_auc=0.000]Epoch 1:  21%|██        | 250/1210 [03:29<13:25,  1.19it/s, v_num=fdj2, val_auc=0.000]Epoch 1:  21%|██        | 251/1210 [03:30<13:22,  1.19it/s, v_num=fdj2, val_auc=0.000]Epoch 1:  21%|██        | 251/1210 [03:30<13:22,  1.19it/s, v_num=fdj2, val_auc=0.000]Epoch 1:  21%|██        | 252/1210 [03:30<13:20,  1.20it/s, v_num=fdj2, val_auc=0.000]Epoch 1:  21%|██        | 252/1210 [03:30<13:20,  1.20it/s, v_num=fdj2, val_auc=0.000]Epoch 1:  21%|██        | 253/1210 [03:30<13:17,  1.20it/s, v_num=fdj2, val_auc=0.000]Epoch 1:  21%|██        | 253/1210 [03:30<13:17,  1.20it/s, v_num=fdj2, val_auc=0.000]Epoch 1:  21%|██        | 254/1210 [03:31<13:15,  1.20it/s, v_num=fdj2, val_auc=0.000]Epoch 1:  21%|██        | 254/1210 [03:31<13:15,  1.20it/s, v_num=fdj2, val_auc=0.000]Epoch 1:  21%|██        | 255/1210 [03:31<13:12,  1.20it/s, v_num=fdj2, val_auc=0.000]Epoch 1:  21%|██        | 255/1210 [03:31<13:12,  1.20it/s, v_num=fdj2, val_auc=0.000]Epoch 1:  21%|██        | 256/1210 [03:32<13:10,  1.21it/s, v_num=fdj2, val_auc=0.000]Epoch 1:  21%|██        | 256/1210 [03:32<13:10,  1.21it/s, v_num=fdj2, val_auc=0.000]Epoch 1:  21%|██        | 257/1210 [03:32<13:07,  1.21it/s, v_num=fdj2, val_auc=0.000]Epoch 1:  21%|██        | 257/1210 [03:32<13:07,  1.21it/s, v_num=fdj2, val_auc=0.000]Epoch 1:  21%|██▏       | 258/1210 [03:32<13:05,  1.21it/s, v_num=fdj2, val_auc=0.000]Epoch 1:  21%|██▏       | 258/1210 [03:32<13:05,  1.21it/s, v_num=fdj2, val_auc=0.000]Epoch 1:  21%|██▏       | 259/1210 [03:33<13:02,  1.21it/s, v_num=fdj2, val_auc=0.000]Epoch 1:  21%|██▏       | 259/1210 [03:33<13:02,  1.21it/s, v_num=fdj2, val_auc=0.000]Epoch 1:  21%|██▏       | 260/1210 [03:33<13:00,  1.22it/s, v_num=fdj2, val_auc=0.000]Epoch 1:  21%|██▏       | 260/1210 [03:33<13:00,  1.22it/s, v_num=fdj2, val_auc=0.000]Epoch 1:  22%|██▏       | 261/1210 [03:33<12:58,  1.22it/s, v_num=fdj2, val_auc=0.000]Epoch 1:  22%|██▏       | 261/1210 [03:33<12:58,  1.22it/s, v_num=fdj2, val_auc=0.000]Epoch 1:  22%|██▏       | 262/1210 [03:34<12:55,  1.22it/s, v_num=fdj2, val_auc=0.000]Epoch 1:  22%|██▏       | 262/1210 [03:34<12:55,  1.22it/s, v_num=fdj2, val_auc=0.000]Epoch 1:  22%|██▏       | 263/1210 [03:34<12:53,  1.22it/s, v_num=fdj2, val_auc=0.000]Epoch 1:  22%|██▏       | 263/1210 [03:34<12:53,  1.22it/s, v_num=fdj2, val_auc=0.000]Epoch 1:  22%|██▏       | 264/1210 [03:35<12:51,  1.23it/s, v_num=fdj2, val_auc=0.000]Epoch 1:  22%|██▏       | 264/1210 [03:35<12:51,  1.23it/s, v_num=fdj2, val_auc=0.000]Epoch 1:  22%|██▏       | 265/1210 [03:35<12:48,  1.23it/s, v_num=fdj2, val_auc=0.000]Epoch 1:  22%|██▏       | 265/1210 [03:35<12:48,  1.23it/s, v_num=fdj2, val_auc=0.000]Epoch 1:  22%|██▏       | 266/1210 [03:35<12:46,  1.23it/s, v_num=fdj2, val_auc=0.000]Epoch 1:  22%|██▏       | 266/1210 [03:35<12:46,  1.23it/s, v_num=fdj2, val_auc=0.000]Epoch 1:  22%|██▏       | 267/1210 [03:36<12:44,  1.23it/s, v_num=fdj2, val_auc=0.000]Epoch 1:  22%|██▏       | 267/1210 [03:36<12:44,  1.23it/s, v_num=fdj2, val_auc=0.000]Epoch 1:  22%|██▏       | 268/1210 [03:36<12:41,  1.24it/s, v_num=fdj2, val_auc=0.000]Epoch 1:  22%|██▏       | 268/1210 [03:36<12:41,  1.24it/s, v_num=fdj2, val_auc=0.000]Epoch 1:  22%|██▏       | 269/1210 [03:37<12:39,  1.24it/s, v_num=fdj2, val_auc=0.000]Epoch 1:  22%|██▏       | 269/1210 [03:37<12:39,  1.24it/s, v_num=fdj2, val_auc=0.000]Epoch 1:  22%|██▏       | 270/1210 [03:37<12:37,  1.24it/s, v_num=fdj2, val_auc=0.000]Epoch 1:  22%|██▏       | 270/1210 [03:37<12:37,  1.24it/s, v_num=fdj2, val_auc=0.000]Epoch 1:  22%|██▏       | 271/1210 [03:37<12:35,  1.24it/s, v_num=fdj2, val_auc=0.000]Epoch 1:  22%|██▏       | 271/1210 [03:37<12:35,  1.24it/s, v_num=fdj2, val_auc=0.000]Epoch 1:  22%|██▏       | 272/1210 [03:38<12:32,  1.25it/s, v_num=fdj2, val_auc=0.000]Epoch 1:  22%|██▏       | 272/1210 [03:38<12:32,  1.25it/s, v_num=fdj2, val_auc=0.000]Epoch 1:  23%|██▎       | 273/1210 [03:38<12:30,  1.25it/s, v_num=fdj2, val_auc=0.000]Epoch 1:  23%|██▎       | 273/1210 [03:38<12:30,  1.25it/s, v_num=fdj2, val_auc=0.000]Epoch 1:  23%|██▎       | 274/1210 [03:39<12:28,  1.25it/s, v_num=fdj2, val_auc=0.000]Epoch 1:  23%|██▎       | 274/1210 [03:39<12:28,  1.25it/s, v_num=fdj2, val_auc=0.000]Epoch 1:  23%|██▎       | 275/1210 [03:39<12:26,  1.25it/s, v_num=fdj2, val_auc=0.000]Epoch 1:  23%|██▎       | 275/1210 [03:39<12:26,  1.25it/s, v_num=fdj2, val_auc=0.000]Epoch 1:  23%|██▎       | 276/1210 [03:39<12:24,  1.26it/s, v_num=fdj2, val_auc=0.000]Epoch 1:  23%|██▎       | 276/1210 [03:39<12:24,  1.26it/s, v_num=fdj2, val_auc=0.000]Epoch 1:  23%|██▎       | 277/1210 [03:40<12:21,  1.26it/s, v_num=fdj2, val_auc=0.000]Epoch 1:  23%|██▎       | 277/1210 [03:40<12:21,  1.26it/s, v_num=fdj2, val_auc=0.000]Epoch 1:  23%|██▎       | 278/1210 [03:40<12:19,  1.26it/s, v_num=fdj2, val_auc=0.000]Epoch 1:  23%|██▎       | 278/1210 [03:40<12:19,  1.26it/s, v_num=fdj2, val_auc=0.000]Epoch 1:  23%|██▎       | 279/1210 [03:41<12:17,  1.26it/s, v_num=fdj2, val_auc=0.000]Epoch 1:  23%|██▎       | 279/1210 [03:41<12:17,  1.26it/s, v_num=fdj2, val_auc=0.000]Epoch 1:  23%|██▎       | 280/1210 [03:41<12:15,  1.26it/s, v_num=fdj2, val_auc=0.000]Epoch 1:  23%|██▎       | 280/1210 [03:41<12:15,  1.26it/s, v_num=fdj2, val_auc=0.000]Epoch 1:  23%|██▎       | 281/1210 [03:41<12:13,  1.27it/s, v_num=fdj2, val_auc=0.000]Epoch 1:  23%|██▎       | 281/1210 [03:41<12:13,  1.27it/s, v_num=fdj2, val_auc=0.000]Epoch 1:  23%|██▎       | 282/1210 [03:42<12:11,  1.27it/s, v_num=fdj2, val_auc=0.000]Epoch 1:  23%|██▎       | 282/1210 [03:42<12:11,  1.27it/s, v_num=fdj2, val_auc=0.000]Epoch 1:  23%|██▎       | 283/1210 [03:42<12:09,  1.27it/s, v_num=fdj2, val_auc=0.000]Epoch 1:  23%|██▎       | 283/1210 [03:42<12:09,  1.27it/s, v_num=fdj2, val_auc=0.000]Epoch 1:  23%|██▎       | 284/1210 [03:43<12:07,  1.27it/s, v_num=fdj2, val_auc=0.000]Epoch 1:  23%|██▎       | 284/1210 [03:43<12:07,  1.27it/s, v_num=fdj2, val_auc=0.000]Epoch 1:  24%|██▎       | 285/1210 [03:43<12:05,  1.28it/s, v_num=fdj2, val_auc=0.000]Epoch 1:  24%|██▎       | 285/1210 [03:43<12:05,  1.28it/s, v_num=fdj2, val_auc=0.000]Epoch 1:  24%|██▎       | 286/1210 [03:43<12:03,  1.28it/s, v_num=fdj2, val_auc=0.000]Epoch 1:  24%|██▎       | 286/1210 [03:43<12:03,  1.28it/s, v_num=fdj2, val_auc=0.000]Epoch 1:  24%|██▎       | 287/1210 [03:44<12:01,  1.28it/s, v_num=fdj2, val_auc=0.000]Epoch 1:  24%|██▎       | 287/1210 [03:44<12:01,  1.28it/s, v_num=fdj2, val_auc=0.000]Epoch 1:  24%|██▍       | 288/1210 [03:44<11:59,  1.28it/s, v_num=fdj2, val_auc=0.000]Epoch 1:  24%|██▍       | 288/1210 [03:44<11:59,  1.28it/s, v_num=fdj2, val_auc=0.000]Epoch 1:  24%|██▍       | 289/1210 [03:44<11:57,  1.28it/s, v_num=fdj2, val_auc=0.000]Epoch 1:  24%|██▍       | 289/1210 [03:44<11:57,  1.28it/s, v_num=fdj2, val_auc=0.000]Epoch 1:  24%|██▍       | 290/1210 [03:45<11:54,  1.29it/s, v_num=fdj2, val_auc=0.000]Epoch 1:  24%|██▍       | 290/1210 [03:45<11:55,  1.29it/s, v_num=fdj2, val_auc=0.000]Epoch 1:  24%|██▍       | 291/1210 [03:45<11:53,  1.29it/s, v_num=fdj2, val_auc=0.000]Epoch 1:  24%|██▍       | 291/1210 [03:45<11:53,  1.29it/s, v_num=fdj2, val_auc=0.000]Epoch 1:  24%|██▍       | 292/1210 [03:46<11:51,  1.29it/s, v_num=fdj2, val_auc=0.000]Epoch 1:  24%|██▍       | 292/1210 [03:46<11:51,  1.29it/s, v_num=fdj2, val_auc=0.000]Epoch 1:  24%|██▍       | 293/1210 [03:46<11:49,  1.29it/s, v_num=fdj2, val_auc=0.000]Epoch 1:  24%|██▍       | 293/1210 [03:46<11:49,  1.29it/s, v_num=fdj2, val_auc=0.000]Epoch 1:  24%|██▍       | 294/1210 [03:46<11:47,  1.30it/s, v_num=fdj2, val_auc=0.000]Epoch 1:  24%|██▍       | 294/1210 [03:46<11:47,  1.30it/s, v_num=fdj2, val_auc=0.000]Epoch 1:  24%|██▍       | 295/1210 [03:47<11:45,  1.30it/s, v_num=fdj2, val_auc=0.000]Epoch 1:  24%|██▍       | 295/1210 [03:47<11:45,  1.30it/s, v_num=fdj2, val_auc=0.000]Epoch 1:  24%|██▍       | 296/1210 [03:47<11:43,  1.30it/s, v_num=fdj2, val_auc=0.000]Epoch 1:  24%|██▍       | 296/1210 [03:47<11:43,  1.30it/s, v_num=fdj2, val_auc=0.000]Epoch 1:  25%|██▍       | 297/1210 [03:48<11:41,  1.30it/s, v_num=fdj2, val_auc=0.000]Epoch 1:  25%|██▍       | 297/1210 [03:48<11:41,  1.30it/s, v_num=fdj2, val_auc=0.000]Epoch 1:  25%|██▍       | 298/1210 [03:48<11:39,  1.30it/s, v_num=fdj2, val_auc=0.000]Epoch 1:  25%|██▍       | 298/1210 [03:48<11:39,  1.30it/s, v_num=fdj2, val_auc=0.000]Epoch 1:  25%|██▍       | 299/1210 [03:48<11:37,  1.31it/s, v_num=fdj2, val_auc=0.000]Epoch 1:  25%|██▍       | 299/1210 [03:48<11:37,  1.31it/s, v_num=fdj2, val_auc=0.000]Epoch 1:  25%|██▍       | 300/1210 [03:49<11:35,  1.31it/s, v_num=fdj2, val_auc=0.000]Epoch 1:  25%|██▍       | 300/1210 [03:49<11:35,  1.31it/s, v_num=fdj2, val_auc=0.000]Epoch 1:  25%|██▍       | 301/1210 [03:49<11:33,  1.31it/s, v_num=fdj2, val_auc=0.000]Epoch 1:  25%|██▍       | 301/1210 [03:49<11:33,  1.31it/s, v_num=fdj2, val_auc=0.000]Epoch 1:  25%|██▍       | 302/1210 [03:50<11:31,  1.31it/s, v_num=fdj2, val_auc=0.000]Epoch 1:  25%|██▍       | 302/1210 [03:50<11:31,  1.31it/s, v_num=fdj2, val_auc=0.000]Epoch 1:  25%|██▌       | 303/1210 [03:50<11:29,  1.31it/s, v_num=fdj2, val_auc=0.000]Epoch 1:  25%|██▌       | 303/1210 [03:50<11:29,  1.31it/s, v_num=fdj2, val_auc=0.000]Epoch 1:  25%|██▌       | 304/1210 [03:50<11:28,  1.32it/s, v_num=fdj2, val_auc=0.000]Epoch 1:  25%|██▌       | 304/1210 [03:50<11:28,  1.32it/s, v_num=fdj2, val_auc=0.000]Epoch 1:  25%|██▌       | 305/1210 [03:51<11:26,  1.32it/s, v_num=fdj2, val_auc=0.000]Epoch 1:  25%|██▌       | 305/1210 [03:51<11:26,  1.32it/s, v_num=fdj2, val_auc=0.000]Epoch 1:  25%|██▌       | 306/1210 [03:51<11:24,  1.32it/s, v_num=fdj2, val_auc=0.000]Epoch 1:  25%|██▌       | 306/1210 [03:51<11:24,  1.32it/s, v_num=fdj2, val_auc=0.000]Epoch 1:  25%|██▌       | 307/1210 [03:52<11:22,  1.32it/s, v_num=fdj2, val_auc=0.000]Epoch 1:  25%|██▌       | 307/1210 [03:52<11:22,  1.32it/s, v_num=fdj2, val_auc=0.000]Epoch 1:  25%|██▌       | 308/1210 [03:52<11:20,  1.33it/s, v_num=fdj2, val_auc=0.000]Epoch 1:  25%|██▌       | 308/1210 [03:52<11:20,  1.33it/s, v_num=fdj2, val_auc=0.000]Epoch 1:  26%|██▌       | 309/1210 [03:52<11:18,  1.33it/s, v_num=fdj2, val_auc=0.000]Epoch 1:  26%|██▌       | 309/1210 [03:52<11:18,  1.33it/s, v_num=fdj2, val_auc=0.000]Epoch 1:  26%|██▌       | 310/1210 [03:53<11:17,  1.33it/s, v_num=fdj2, val_auc=0.000]Epoch 1:  26%|██▌       | 310/1210 [03:53<11:17,  1.33it/s, v_num=fdj2, val_auc=0.000]Epoch 1:  26%|██▌       | 311/1210 [03:53<11:15,  1.33it/s, v_num=fdj2, val_auc=0.000]Epoch 1:  26%|██▌       | 311/1210 [03:53<11:15,  1.33it/s, v_num=fdj2, val_auc=0.000]Epoch 1:  26%|██▌       | 312/1210 [03:54<11:13,  1.33it/s, v_num=fdj2, val_auc=0.000]Epoch 1:  26%|██▌       | 312/1210 [03:54<11:13,  1.33it/s, v_num=fdj2, val_auc=0.000]Epoch 1:  26%|██▌       | 313/1210 [03:54<11:11,  1.34it/s, v_num=fdj2, val_auc=0.000]Epoch 1:  26%|██▌       | 313/1210 [03:54<11:11,  1.34it/s, v_num=fdj2, val_auc=0.000]Epoch 1:  26%|██▌       | 314/1210 [03:54<11:10,  1.34it/s, v_num=fdj2, val_auc=0.000]Epoch 1:  26%|██▌       | 314/1210 [03:54<11:10,  1.34it/s, v_num=fdj2, val_auc=0.000]Epoch 1:  26%|██▌       | 315/1210 [03:55<11:08,  1.34it/s, v_num=fdj2, val_auc=0.000]Epoch 1:  26%|██▌       | 315/1210 [03:55<11:08,  1.34it/s, v_num=fdj2, val_auc=0.000]Epoch 1:  26%|██▌       | 316/1210 [03:55<11:06,  1.34it/s, v_num=fdj2, val_auc=0.000]Epoch 1:  26%|██▌       | 316/1210 [03:55<11:06,  1.34it/s, v_num=fdj2, val_auc=0.000]Epoch 1:  26%|██▌       | 317/1210 [03:55<11:04,  1.34it/s, v_num=fdj2, val_auc=0.000]Epoch 1:  26%|██▌       | 317/1210 [03:55<11:04,  1.34it/s, v_num=fdj2, val_auc=0.000]Epoch 1:  26%|██▋       | 318/1210 [03:56<11:03,  1.35it/s, v_num=fdj2, val_auc=0.000]Epoch 1:  26%|██▋       | 318/1210 [03:56<11:03,  1.35it/s, v_num=fdj2, val_auc=0.000]Epoch 1:  26%|██▋       | 319/1210 [03:56<11:01,  1.35it/s, v_num=fdj2, val_auc=0.000]Epoch 1:  26%|██▋       | 319/1210 [03:56<11:01,  1.35it/s, v_num=fdj2, val_auc=0.000]Epoch 1:  26%|██▋       | 320/1210 [03:57<10:59,  1.35it/s, v_num=fdj2, val_auc=0.000]Epoch 1:  26%|██▋       | 320/1210 [03:57<10:59,  1.35it/s, v_num=fdj2, val_auc=0.000]Epoch 1:  27%|██▋       | 321/1210 [03:57<10:57,  1.35it/s, v_num=fdj2, val_auc=0.000]Epoch 1:  27%|██▋       | 321/1210 [03:57<10:57,  1.35it/s, v_num=fdj2, val_auc=0.000]Epoch 1:  27%|██▋       | 322/1210 [03:57<10:56,  1.35it/s, v_num=fdj2, val_auc=0.000]Epoch 1:  27%|██▋       | 322/1210 [03:57<10:56,  1.35it/s, v_num=fdj2, val_auc=0.000]Epoch 1:  27%|██▋       | 323/1210 [03:58<10:54,  1.36it/s, v_num=fdj2, val_auc=0.000]Epoch 1:  27%|██▋       | 323/1210 [03:58<10:54,  1.36it/s, v_num=fdj2, val_auc=0.000]Epoch 1:  27%|██▋       | 324/1210 [03:58<10:52,  1.36it/s, v_num=fdj2, val_auc=0.000]Epoch 1:  27%|██▋       | 324/1210 [03:58<10:52,  1.36it/s, v_num=fdj2, val_auc=0.000]Epoch 1:  27%|██▋       | 325/1210 [03:59<10:51,  1.36it/s, v_num=fdj2, val_auc=0.000]Epoch 1:  27%|██▋       | 325/1210 [03:59<10:51,  1.36it/s, v_num=fdj2, val_auc=0.000]Epoch 1:  27%|██▋       | 326/1210 [03:59<10:49,  1.36it/s, v_num=fdj2, val_auc=0.000]Epoch 1:  27%|██▋       | 326/1210 [03:59<10:49,  1.36it/s, v_num=fdj2, val_auc=0.000]Epoch 1:  27%|██▋       | 327/1210 [03:59<10:47,  1.36it/s, v_num=fdj2, val_auc=0.000]Epoch 1:  27%|██▋       | 327/1210 [03:59<10:47,  1.36it/s, v_num=fdj2, val_auc=0.000]Epoch 1:  27%|██▋       | 328/1210 [04:00<10:46,  1.36it/s, v_num=fdj2, val_auc=0.000]Epoch 1:  27%|██▋       | 328/1210 [04:00<10:46,  1.36it/s, v_num=fdj2, val_auc=0.000]Epoch 1:  27%|██▋       | 329/1210 [04:00<10:44,  1.37it/s, v_num=fdj2, val_auc=0.000]Epoch 1:  27%|██▋       | 329/1210 [04:00<10:44,  1.37it/s, v_num=fdj2, val_auc=0.000]Epoch 1:  27%|██▋       | 330/1210 [04:01<10:42,  1.37it/s, v_num=fdj2, val_auc=0.000]Epoch 1:  27%|██▋       | 330/1210 [04:01<10:42,  1.37it/s, v_num=fdj2, val_auc=0.000]Epoch 1:  27%|██▋       | 331/1210 [04:01<10:41,  1.37it/s, v_num=fdj2, val_auc=0.000]Epoch 1:  27%|██▋       | 331/1210 [04:01<10:41,  1.37it/s, v_num=fdj2, val_auc=0.000]Epoch 1:  27%|██▋       | 332/1210 [04:01<10:39,  1.37it/s, v_num=fdj2, val_auc=0.000]Epoch 1:  27%|██▋       | 332/1210 [04:01<10:39,  1.37it/s, v_num=fdj2, val_auc=0.000]Epoch 1:  28%|██▊       | 333/1210 [04:02<10:38,  1.37it/s, v_num=fdj2, val_auc=0.000]Epoch 1:  28%|██▊       | 333/1210 [04:02<10:38,  1.37it/s, v_num=fdj2, val_auc=0.000]Epoch 1:  28%|██▊       | 334/1210 [04:02<10:36,  1.38it/s, v_num=fdj2, val_auc=0.000]Epoch 1:  28%|██▊       | 334/1210 [04:02<10:36,  1.38it/s, v_num=fdj2, val_auc=0.000]Epoch 1:  28%|██▊       | 335/1210 [04:03<10:34,  1.38it/s, v_num=fdj2, val_auc=0.000]Epoch 1:  28%|██▊       | 335/1210 [04:03<10:34,  1.38it/s, v_num=fdj2, val_auc=0.000]Epoch 1:  28%|██▊       | 336/1210 [04:03<10:33,  1.38it/s, v_num=fdj2, val_auc=0.000]Epoch 1:  28%|██▊       | 336/1210 [04:03<10:33,  1.38it/s, v_num=fdj2, val_auc=0.000]Epoch 1:  28%|██▊       | 337/1210 [04:03<10:31,  1.38it/s, v_num=fdj2, val_auc=0.000]Epoch 1:  28%|██▊       | 337/1210 [04:03<10:31,  1.38it/s, v_num=fdj2, val_auc=0.000]Epoch 1:  28%|██▊       | 338/1210 [04:04<10:30,  1.38it/s, v_num=fdj2, val_auc=0.000]Epoch 1:  28%|██▊       | 338/1210 [04:04<10:30,  1.38it/s, v_num=fdj2, val_auc=0.000]Epoch 1:  28%|██▊       | 339/1210 [04:04<10:28,  1.39it/s, v_num=fdj2, val_auc=0.000]Epoch 1:  28%|██▊       | 339/1210 [04:04<10:28,  1.39it/s, v_num=fdj2, val_auc=0.000]Epoch 1:  28%|██▊       | 340/1210 [04:05<10:26,  1.39it/s, v_num=fdj2, val_auc=0.000]Epoch 1:  28%|██▊       | 340/1210 [04:05<10:26,  1.39it/s, v_num=fdj2, val_auc=0.000]Epoch 1:  28%|██▊       | 341/1210 [04:05<10:25,  1.39it/s, v_num=fdj2, val_auc=0.000]Epoch 1:  28%|██▊       | 341/1210 [04:05<10:25,  1.39it/s, v_num=fdj2, val_auc=0.000]Epoch 1:  28%|██▊       | 342/1210 [04:05<10:23,  1.39it/s, v_num=fdj2, val_auc=0.000]Epoch 1:  28%|██▊       | 342/1210 [04:05<10:23,  1.39it/s, v_num=fdj2, val_auc=0.000]Epoch 1:  28%|██▊       | 343/1210 [04:06<10:22,  1.39it/s, v_num=fdj2, val_auc=0.000]Epoch 1:  28%|██▊       | 343/1210 [04:06<10:22,  1.39it/s, v_num=fdj2, val_auc=0.000]Epoch 1:  28%|██▊       | 344/1210 [04:06<10:20,  1.40it/s, v_num=fdj2, val_auc=0.000]Epoch 1:  28%|██▊       | 344/1210 [04:06<10:20,  1.40it/s, v_num=fdj2, val_auc=0.000]Epoch 1:  29%|██▊       | 345/1210 [04:06<10:19,  1.40it/s, v_num=fdj2, val_auc=0.000]Epoch 1:  29%|██▊       | 345/1210 [04:06<10:19,  1.40it/s, v_num=fdj2, val_auc=0.000]Epoch 1:  29%|██▊       | 346/1210 [04:07<10:17,  1.40it/s, v_num=fdj2, val_auc=0.000]Epoch 1:  29%|██▊       | 346/1210 [04:07<10:17,  1.40it/s, v_num=fdj2, val_auc=0.000]Epoch 1:  29%|██▊       | 347/1210 [04:07<10:16,  1.40it/s, v_num=fdj2, val_auc=0.000]Epoch 1:  29%|██▊       | 347/1210 [04:07<10:16,  1.40it/s, v_num=fdj2, val_auc=0.000]Epoch 1:  29%|██▉       | 348/1210 [04:08<10:14,  1.40it/s, v_num=fdj2, val_auc=0.000]Epoch 1:  29%|██▉       | 348/1210 [04:08<10:14,  1.40it/s, v_num=fdj2, val_auc=0.000]Epoch 1:  29%|██▉       | 349/1210 [04:08<10:13,  1.40it/s, v_num=fdj2, val_auc=0.000]Epoch 1:  29%|██▉       | 349/1210 [04:08<10:13,  1.40it/s, v_num=fdj2, val_auc=0.000]Epoch 1:  29%|██▉       | 350/1210 [04:08<10:11,  1.41it/s, v_num=fdj2, val_auc=0.000]Epoch 1:  29%|██▉       | 350/1210 [04:08<10:11,  1.41it/s, v_num=fdj2, val_auc=0.000]Epoch 1:  29%|██▉       | 351/1210 [04:09<10:10,  1.41it/s, v_num=fdj2, val_auc=0.000]Epoch 1:  29%|██▉       | 351/1210 [04:09<10:10,  1.41it/s, v_num=fdj2, val_auc=0.000]Epoch 1:  29%|██▉       | 352/1210 [04:09<10:08,  1.41it/s, v_num=fdj2, val_auc=0.000]Epoch 1:  29%|██▉       | 352/1210 [04:09<10:08,  1.41it/s, v_num=fdj2, val_auc=0.000]Epoch 1:  29%|██▉       | 353/1210 [04:10<10:07,  1.41it/s, v_num=fdj2, val_auc=0.000]Epoch 1:  29%|██▉       | 353/1210 [04:10<10:07,  1.41it/s, v_num=fdj2, val_auc=0.000]Epoch 1:  29%|██▉       | 354/1210 [04:10<10:05,  1.41it/s, v_num=fdj2, val_auc=0.000]Epoch 1:  29%|██▉       | 354/1210 [04:10<10:05,  1.41it/s, v_num=fdj2, val_auc=0.000]Epoch 1:  29%|██▉       | 355/1210 [04:10<10:04,  1.41it/s, v_num=fdj2, val_auc=0.000]Epoch 1:  29%|██▉       | 355/1210 [04:10<10:04,  1.41it/s, v_num=fdj2, val_auc=0.000]Epoch 1:  29%|██▉       | 356/1210 [04:11<10:02,  1.42it/s, v_num=fdj2, val_auc=0.000]Epoch 1:  29%|██▉       | 356/1210 [04:11<10:02,  1.42it/s, v_num=fdj2, val_auc=0.000]Epoch 1:  30%|██▉       | 357/1210 [04:11<10:01,  1.42it/s, v_num=fdj2, val_auc=0.000]Epoch 1:  30%|██▉       | 357/1210 [04:11<10:01,  1.42it/s, v_num=fdj2, val_auc=0.000]Epoch 1:  30%|██▉       | 358/1210 [04:12<09:59,  1.42it/s, v_num=fdj2, val_auc=0.000]Epoch 1:  30%|██▉       | 358/1210 [04:12<09:59,  1.42it/s, v_num=fdj2, val_auc=0.000]Epoch 1:  30%|██▉       | 359/1210 [04:12<09:58,  1.42it/s, v_num=fdj2, val_auc=0.000]Epoch 1:  30%|██▉       | 359/1210 [04:12<09:58,  1.42it/s, v_num=fdj2, val_auc=0.000]Epoch 1:  30%|██▉       | 360/1210 [04:12<09:57,  1.42it/s, v_num=fdj2, val_auc=0.000]Epoch 1:  30%|██▉       | 360/1210 [04:12<09:57,  1.42it/s, v_num=fdj2, val_auc=0.000]Epoch 1:  30%|██▉       | 361/1210 [04:13<09:55,  1.43it/s, v_num=fdj2, val_auc=0.000]Epoch 1:  30%|██▉       | 361/1210 [04:13<09:55,  1.43it/s, v_num=fdj2, val_auc=0.000]Epoch 1:  30%|██▉       | 362/1210 [04:13<09:54,  1.43it/s, v_num=fdj2, val_auc=0.000]Epoch 1:  30%|██▉       | 362/1210 [04:13<09:54,  1.43it/s, v_num=fdj2, val_auc=0.000]Epoch 1:  30%|███       | 363/1210 [04:14<09:52,  1.43it/s, v_num=fdj2, val_auc=0.000]Epoch 1:  30%|███       | 363/1210 [04:14<09:52,  1.43it/s, v_num=fdj2, val_auc=0.000]Epoch 1:  30%|███       | 364/1210 [04:14<09:51,  1.43it/s, v_num=fdj2, val_auc=0.000]Epoch 1:  30%|███       | 364/1210 [04:14<09:51,  1.43it/s, v_num=fdj2, val_auc=0.000]Epoch 1:  30%|███       | 365/1210 [04:14<09:49,  1.43it/s, v_num=fdj2, val_auc=0.000]Epoch 1:  30%|███       | 365/1210 [04:14<09:49,  1.43it/s, v_num=fdj2, val_auc=0.000]Epoch 1:  30%|███       | 366/1210 [04:15<09:48,  1.43it/s, v_num=fdj2, val_auc=0.000]Epoch 1:  30%|███       | 366/1210 [04:15<09:48,  1.43it/s, v_num=fdj2, val_auc=0.000]Epoch 1:  30%|███       | 367/1210 [04:15<09:47,  1.44it/s, v_num=fdj2, val_auc=0.000]Epoch 1:  30%|███       | 367/1210 [04:15<09:47,  1.44it/s, v_num=fdj2, val_auc=0.000]Epoch 1:  30%|███       | 368/1210 [04:16<09:45,  1.44it/s, v_num=fdj2, val_auc=0.000]Epoch 1:  30%|███       | 368/1210 [04:16<09:45,  1.44it/s, v_num=fdj2, val_auc=0.000]Epoch 1:  30%|███       | 369/1210 [04:16<09:44,  1.44it/s, v_num=fdj2, val_auc=0.000]Epoch 1:  30%|███       | 369/1210 [04:16<09:44,  1.44it/s, v_num=fdj2, val_auc=0.000]Epoch 1:  31%|███       | 370/1210 [04:16<09:42,  1.44it/s, v_num=fdj2, val_auc=0.000]Epoch 1:  31%|███       | 370/1210 [04:16<09:42,  1.44it/s, v_num=fdj2, val_auc=0.000]Epoch 1:  31%|███       | 371/1210 [04:17<09:41,  1.44it/s, v_num=fdj2, val_auc=0.000]Epoch 1:  31%|███       | 371/1210 [04:17<09:41,  1.44it/s, v_num=fdj2, val_auc=0.000]Epoch 1:  31%|███       | 372/1210 [04:17<09:40,  1.44it/s, v_num=fdj2, val_auc=0.000]Epoch 1:  31%|███       | 372/1210 [04:17<09:40,  1.44it/s, v_num=fdj2, val_auc=0.000]Epoch 1:  31%|███       | 373/1210 [04:17<09:38,  1.45it/s, v_num=fdj2, val_auc=0.000]Epoch 1:  31%|███       | 373/1210 [04:17<09:38,  1.45it/s, v_num=fdj2, val_auc=0.000]Epoch 1:  31%|███       | 374/1210 [04:18<09:37,  1.45it/s, v_num=fdj2, val_auc=0.000]Epoch 1:  31%|███       | 374/1210 [04:18<09:37,  1.45it/s, v_num=fdj2, val_auc=0.000]Epoch 1:  31%|███       | 375/1210 [04:18<09:36,  1.45it/s, v_num=fdj2, val_auc=0.000]Epoch 1:  31%|███       | 375/1210 [04:18<09:36,  1.45it/s, v_num=fdj2, val_auc=0.000]Epoch 1:  31%|███       | 376/1210 [04:19<09:34,  1.45it/s, v_num=fdj2, val_auc=0.000]Epoch 1:  31%|███       | 376/1210 [04:19<09:34,  1.45it/s, v_num=fdj2, val_auc=0.000]Epoch 1:  31%|███       | 377/1210 [04:19<09:33,  1.45it/s, v_num=fdj2, val_auc=0.000]Epoch 1:  31%|███       | 377/1210 [04:19<09:33,  1.45it/s, v_num=fdj2, val_auc=0.000]Epoch 1:  31%|███       | 378/1210 [04:19<09:32,  1.45it/s, v_num=fdj2, val_auc=0.000]Epoch 1:  31%|███       | 378/1210 [04:19<09:32,  1.45it/s, v_num=fdj2, val_auc=0.000]Epoch 1:  31%|███▏      | 379/1210 [04:20<09:30,  1.46it/s, v_num=fdj2, val_auc=0.000]Epoch 1:  31%|███▏      | 379/1210 [04:20<09:30,  1.46it/s, v_num=fdj2, val_auc=0.000]Epoch 1:  31%|███▏      | 380/1210 [04:20<09:29,  1.46it/s, v_num=fdj2, val_auc=0.000]Epoch 1:  31%|███▏      | 380/1210 [04:20<09:29,  1.46it/s, v_num=fdj2, val_auc=0.000]Epoch 1:  31%|███▏      | 381/1210 [04:21<09:28,  1.46it/s, v_num=fdj2, val_auc=0.000]Epoch 1:  31%|███▏      | 381/1210 [04:21<09:28,  1.46it/s, v_num=fdj2, val_auc=0.000]Epoch 1:  32%|███▏      | 382/1210 [04:21<09:26,  1.46it/s, v_num=fdj2, val_auc=0.000]Epoch 1:  32%|███▏      | 382/1210 [04:21<09:26,  1.46it/s, v_num=fdj2, val_auc=0.000]Epoch 1:  32%|███▏      | 383/1210 [04:21<09:25,  1.46it/s, v_num=fdj2, val_auc=0.000]Epoch 1:  32%|███▏      | 383/1210 [04:21<09:25,  1.46it/s, v_num=fdj2, val_auc=0.000]Epoch 1:  32%|███▏      | 384/1210 [04:22<09:24,  1.46it/s, v_num=fdj2, val_auc=0.000]Epoch 1:  32%|███▏      | 384/1210 [04:22<09:24,  1.46it/s, v_num=fdj2, val_auc=0.000]Epoch 1:  32%|███▏      | 385/1210 [04:22<09:22,  1.47it/s, v_num=fdj2, val_auc=0.000]Epoch 1:  32%|███▏      | 385/1210 [04:22<09:22,  1.47it/s, v_num=fdj2, val_auc=0.000]Epoch 1:  32%|███▏      | 386/1210 [04:23<09:21,  1.47it/s, v_num=fdj2, val_auc=0.000]Epoch 1:  32%|███▏      | 386/1210 [04:23<09:21,  1.47it/s, v_num=fdj2, val_auc=0.000]Epoch 1:  32%|███▏      | 387/1210 [04:23<09:20,  1.47it/s, v_num=fdj2, val_auc=0.000]Epoch 1:  32%|███▏      | 387/1210 [04:23<09:20,  1.47it/s, v_num=fdj2, val_auc=0.000]Epoch 1:  32%|███▏      | 388/1210 [04:23<09:19,  1.47it/s, v_num=fdj2, val_auc=0.000]Epoch 1:  32%|███▏      | 388/1210 [04:23<09:19,  1.47it/s, v_num=fdj2, val_auc=0.000]Epoch 1:  32%|███▏      | 389/1210 [04:24<09:17,  1.47it/s, v_num=fdj2, val_auc=0.000]Epoch 1:  32%|███▏      | 389/1210 [04:24<09:17,  1.47it/s, v_num=fdj2, val_auc=0.000]Epoch 1:  32%|███▏      | 390/1210 [04:24<09:16,  1.47it/s, v_num=fdj2, val_auc=0.000]Epoch 1:  32%|███▏      | 390/1210 [04:24<09:16,  1.47it/s, v_num=fdj2, val_auc=0.000]Epoch 1:  32%|███▏      | 391/1210 [04:25<09:15,  1.48it/s, v_num=fdj2, val_auc=0.000]Epoch 1:  32%|███▏      | 391/1210 [04:25<09:15,  1.48it/s, v_num=fdj2, val_auc=0.000]Epoch 1:  32%|███▏      | 392/1210 [04:25<09:13,  1.48it/s, v_num=fdj2, val_auc=0.000]Epoch 1:  32%|███▏      | 392/1210 [04:25<09:13,  1.48it/s, v_num=fdj2, val_auc=0.000]Epoch 1:  32%|███▏      | 393/1210 [04:25<09:12,  1.48it/s, v_num=fdj2, val_auc=0.000]Epoch 1:  32%|███▏      | 393/1210 [04:25<09:12,  1.48it/s, v_num=fdj2, val_auc=0.000]Epoch 1:  33%|███▎      | 394/1210 [04:26<09:11,  1.48it/s, v_num=fdj2, val_auc=0.000]Epoch 1:  33%|███▎      | 394/1210 [04:26<09:11,  1.48it/s, v_num=fdj2, val_auc=0.000]Epoch 1:  33%|███▎      | 395/1210 [04:26<09:10,  1.48it/s, v_num=fdj2, val_auc=0.000]Epoch 1:  33%|███▎      | 395/1210 [04:26<09:10,  1.48it/s, v_num=fdj2, val_auc=0.000]Epoch 1:  33%|███▎      | 396/1210 [04:26<09:08,  1.48it/s, v_num=fdj2, val_auc=0.000]Epoch 1:  33%|███▎      | 396/1210 [04:26<09:08,  1.48it/s, v_num=fdj2, val_auc=0.000]Epoch 1:  33%|███▎      | 397/1210 [04:27<09:07,  1.48it/s, v_num=fdj2, val_auc=0.000]Epoch 1:  33%|███▎      | 397/1210 [04:27<09:07,  1.48it/s, v_num=fdj2, val_auc=0.000]Epoch 1:  33%|███▎      | 398/1210 [04:27<09:06,  1.49it/s, v_num=fdj2, val_auc=0.000]Epoch 1:  33%|███▎      | 398/1210 [04:27<09:06,  1.49it/s, v_num=fdj2, val_auc=0.000]Epoch 1:  33%|███▎      | 399/1210 [04:28<09:05,  1.49it/s, v_num=fdj2, val_auc=0.000]Epoch 1:  33%|███▎      | 399/1210 [04:28<09:05,  1.49it/s, v_num=fdj2, val_auc=0.000]Epoch 1:  33%|███▎      | 400/1210 [04:28<09:03,  1.49it/s, v_num=fdj2, val_auc=0.000]Epoch 1:  33%|███▎      | 400/1210 [04:28<09:03,  1.49it/s, v_num=fdj2, val_auc=0.000]Epoch 1:  33%|███▎      | 401/1210 [04:28<09:02,  1.49it/s, v_num=fdj2, val_auc=0.000]Epoch 1:  33%|███▎      | 401/1210 [04:28<09:02,  1.49it/s, v_num=fdj2, val_auc=0.000]Epoch 1:  33%|███▎      | 402/1210 [04:29<09:01,  1.49it/s, v_num=fdj2, val_auc=0.000]Epoch 1:  33%|███▎      | 402/1210 [04:29<09:01,  1.49it/s, v_num=fdj2, val_auc=0.000]Epoch 1:  33%|███▎      | 403/1210 [04:29<09:00,  1.49it/s, v_num=fdj2, val_auc=0.000]Epoch 1:  33%|███▎      | 403/1210 [04:29<09:00,  1.49it/s, v_num=fdj2, val_auc=0.000]Epoch 1:  33%|███▎      | 404/1210 [04:30<08:58,  1.50it/s, v_num=fdj2, val_auc=0.000]Epoch 1:  33%|███▎      | 404/1210 [04:30<08:58,  1.50it/s, v_num=fdj2, val_auc=0.000]Epoch 1:  33%|███▎      | 405/1210 [04:30<08:57,  1.50it/s, v_num=fdj2, val_auc=0.000]Epoch 1:  33%|███▎      | 405/1210 [04:30<08:57,  1.50it/s, v_num=fdj2, val_auc=0.000]Epoch 1:  34%|███▎      | 406/1210 [04:30<08:56,  1.50it/s, v_num=fdj2, val_auc=0.000]Epoch 1:  34%|███▎      | 406/1210 [04:30<08:56,  1.50it/s, v_num=fdj2, val_auc=0.000]Epoch 1:  34%|███▎      | 407/1210 [04:31<08:55,  1.50it/s, v_num=fdj2, val_auc=0.000]Epoch 1:  34%|███▎      | 407/1210 [04:31<08:55,  1.50it/s, v_num=fdj2, val_auc=0.000]Epoch 1:  34%|███▎      | 408/1210 [04:31<08:54,  1.50it/s, v_num=fdj2, val_auc=0.000]Epoch 1:  34%|███▎      | 408/1210 [04:31<08:54,  1.50it/s, v_num=fdj2, val_auc=0.000]Epoch 1:  34%|███▍      | 409/1210 [04:32<08:52,  1.50it/s, v_num=fdj2, val_auc=0.000]Epoch 1:  34%|███▍      | 409/1210 [04:32<08:52,  1.50it/s, v_num=fdj2, val_auc=0.000]Epoch 1:  34%|███▍      | 410/1210 [04:32<08:51,  1.50it/s, v_num=fdj2, val_auc=0.000]Epoch 1:  34%|███▍      | 410/1210 [04:32<08:51,  1.50it/s, v_num=fdj2, val_auc=0.000]Epoch 1:  34%|███▍      | 411/1210 [04:32<08:50,  1.51it/s, v_num=fdj2, val_auc=0.000]Epoch 1:  34%|███▍      | 411/1210 [04:32<08:50,  1.51it/s, v_num=fdj2, val_auc=0.000]Epoch 1:  34%|███▍      | 412/1210 [04:33<08:49,  1.51it/s, v_num=fdj2, val_auc=0.000]Epoch 1:  34%|███▍      | 412/1210 [04:33<08:49,  1.51it/s, v_num=fdj2, val_auc=0.000]Epoch 1:  34%|███▍      | 413/1210 [04:33<08:48,  1.51it/s, v_num=fdj2, val_auc=0.000]Epoch 1:  34%|███▍      | 413/1210 [04:33<08:48,  1.51it/s, v_num=fdj2, val_auc=0.000]Epoch 1:  34%|███▍      | 414/1210 [04:34<08:46,  1.51it/s, v_num=fdj2, val_auc=0.000]Epoch 1:  34%|███▍      | 414/1210 [04:34<08:46,  1.51it/s, v_num=fdj2, val_auc=0.000]Epoch 1:  34%|███▍      | 415/1210 [04:34<08:45,  1.51it/s, v_num=fdj2, val_auc=0.000]Epoch 1:  34%|███▍      | 415/1210 [04:34<08:45,  1.51it/s, v_num=fdj2, val_auc=0.000]Epoch 1:  34%|███▍      | 416/1210 [04:34<08:44,  1.51it/s, v_num=fdj2, val_auc=0.000]Epoch 1:  34%|███▍      | 416/1210 [04:34<08:44,  1.51it/s, v_num=fdj2, val_auc=0.000]Epoch 1:  34%|███▍      | 417/1210 [04:35<08:43,  1.52it/s, v_num=fdj2, val_auc=0.000]Epoch 1:  34%|███▍      | 417/1210 [04:35<08:43,  1.52it/s, v_num=fdj2, val_auc=0.000]Epoch 1:  35%|███▍      | 418/1210 [04:35<08:42,  1.52it/s, v_num=fdj2, val_auc=0.000]Epoch 1:  35%|███▍      | 418/1210 [04:35<08:42,  1.52it/s, v_num=fdj2, val_auc=0.000]Epoch 1:  35%|███▍      | 419/1210 [04:36<08:41,  1.52it/s, v_num=fdj2, val_auc=0.000]Epoch 1:  35%|███▍      | 419/1210 [04:36<08:41,  1.52it/s, v_num=fdj2, val_auc=0.000]Epoch 1:  35%|███▍      | 420/1210 [04:36<08:39,  1.52it/s, v_num=fdj2, val_auc=0.000]Epoch 1:  35%|███▍      | 420/1210 [04:36<08:39,  1.52it/s, v_num=fdj2, val_auc=0.000]Epoch 1:  35%|███▍      | 421/1210 [04:36<08:38,  1.52it/s, v_num=fdj2, val_auc=0.000]Epoch 1:  35%|███▍      | 421/1210 [04:36<08:38,  1.52it/s, v_num=fdj2, val_auc=0.000]Epoch 1:  35%|███▍      | 422/1210 [04:37<08:37,  1.52it/s, v_num=fdj2, val_auc=0.000]Epoch 1:  35%|███▍      | 422/1210 [04:37<08:37,  1.52it/s, v_num=fdj2, val_auc=0.000]Epoch 1:  35%|███▍      | 423/1210 [04:37<08:36,  1.52it/s, v_num=fdj2, val_auc=0.000]Epoch 1:  35%|███▍      | 423/1210 [04:37<08:36,  1.52it/s, v_num=fdj2, val_auc=0.000]Epoch 1:  35%|███▌      | 424/1210 [04:37<08:35,  1.53it/s, v_num=fdj2, val_auc=0.000]Epoch 1:  35%|███▌      | 424/1210 [04:37<08:35,  1.53it/s, v_num=fdj2, val_auc=0.000]Epoch 1:  35%|███▌      | 425/1210 [04:38<08:34,  1.53it/s, v_num=fdj2, val_auc=0.000]Epoch 1:  35%|███▌      | 425/1210 [04:38<08:34,  1.53it/s, v_num=fdj2, val_auc=0.000]Epoch 1:  35%|███▌      | 426/1210 [04:38<08:33,  1.53it/s, v_num=fdj2, val_auc=0.000]Epoch 1:  35%|███▌      | 426/1210 [04:38<08:33,  1.53it/s, v_num=fdj2, val_auc=0.000]Epoch 1:  35%|███▌      | 427/1210 [04:39<08:31,  1.53it/s, v_num=fdj2, val_auc=0.000]Epoch 1:  35%|███▌      | 427/1210 [04:39<08:31,  1.53it/s, v_num=fdj2, val_auc=0.000]Epoch 1:  35%|███▌      | 428/1210 [04:39<08:30,  1.53it/s, v_num=fdj2, val_auc=0.000]Epoch 1:  35%|███▌      | 428/1210 [04:39<08:30,  1.53it/s, v_num=fdj2, val_auc=0.000]Epoch 1:  35%|███▌      | 429/1210 [04:39<08:29,  1.53it/s, v_num=fdj2, val_auc=0.000]Epoch 1:  35%|███▌      | 429/1210 [04:39<08:29,  1.53it/s, v_num=fdj2, val_auc=0.000]Epoch 1:  36%|███▌      | 430/1210 [04:40<08:28,  1.53it/s, v_num=fdj2, val_auc=0.000]Epoch 1:  36%|███▌      | 430/1210 [04:40<08:28,  1.53it/s, v_num=fdj2, val_auc=0.000]Epoch 1:  36%|███▌      | 431/1210 [04:40<08:27,  1.54it/s, v_num=fdj2, val_auc=0.000]Epoch 1:  36%|███▌      | 431/1210 [04:40<08:27,  1.54it/s, v_num=fdj2, val_auc=0.000]Epoch 1:  36%|███▌      | 432/1210 [04:41<08:26,  1.54it/s, v_num=fdj2, val_auc=0.000]Epoch 1:  36%|███▌      | 432/1210 [04:41<08:26,  1.54it/s, v_num=fdj2, val_auc=0.000]Epoch 1:  36%|███▌      | 433/1210 [04:41<08:25,  1.54it/s, v_num=fdj2, val_auc=0.000]Epoch 1:  36%|███▌      | 433/1210 [04:41<08:25,  1.54it/s, v_num=fdj2, val_auc=0.000]Epoch 1:  36%|███▌      | 434/1210 [04:41<08:24,  1.54it/s, v_num=fdj2, val_auc=0.000]Epoch 1:  36%|███▌      | 434/1210 [04:41<08:24,  1.54it/s, v_num=fdj2, val_auc=0.000]Epoch 1:  36%|███▌      | 435/1210 [04:42<08:22,  1.54it/s, v_num=fdj2, val_auc=0.000]Epoch 1:  36%|███▌      | 435/1210 [04:42<08:22,  1.54it/s, v_num=fdj2, val_auc=0.000]Epoch 1:  36%|███▌      | 436/1210 [04:42<08:21,  1.54it/s, v_num=fdj2, val_auc=0.000]Epoch 1:  36%|███▌      | 436/1210 [04:42<08:21,  1.54it/s, v_num=fdj2, val_auc=0.000]Epoch 1:  36%|███▌      | 437/1210 [04:43<08:20,  1.54it/s, v_num=fdj2, val_auc=0.000]Epoch 1:  36%|███▌      | 437/1210 [04:43<08:20,  1.54it/s, v_num=fdj2, val_auc=0.000]Epoch 1:  36%|███▌      | 438/1210 [04:43<08:19,  1.55it/s, v_num=fdj2, val_auc=0.000]Epoch 1:  36%|███▌      | 438/1210 [04:43<08:19,  1.55it/s, v_num=fdj2, val_auc=0.000]Epoch 1:  36%|███▋      | 439/1210 [04:43<08:18,  1.55it/s, v_num=fdj2, val_auc=0.000]Epoch 1:  36%|███▋      | 439/1210 [04:43<08:18,  1.55it/s, v_num=fdj2, val_auc=0.000]Epoch 1:  36%|███▋      | 440/1210 [04:44<08:17,  1.55it/s, v_num=fdj2, val_auc=0.000]Epoch 1:  36%|███▋      | 440/1210 [04:44<08:17,  1.55it/s, v_num=fdj2, val_auc=0.000]Epoch 1:  36%|███▋      | 441/1210 [04:44<08:16,  1.55it/s, v_num=fdj2, val_auc=0.000]Epoch 1:  36%|███▋      | 441/1210 [04:44<08:16,  1.55it/s, v_num=fdj2, val_auc=0.000]Epoch 1:  37%|███▋      | 442/1210 [04:45<08:15,  1.55it/s, v_num=fdj2, val_auc=0.000]Epoch 1:  37%|███▋      | 442/1210 [04:45<08:15,  1.55it/s, v_num=fdj2, val_auc=0.000]Epoch 1:  37%|███▋      | 443/1210 [04:45<08:14,  1.55it/s, v_num=fdj2, val_auc=0.000]Epoch 1:  37%|███▋      | 443/1210 [04:45<08:14,  1.55it/s, v_num=fdj2, val_auc=0.000]Epoch 1:  37%|███▋      | 444/1210 [04:45<08:13,  1.55it/s, v_num=fdj2, val_auc=0.000]Epoch 1:  37%|███▋      | 444/1210 [04:45<08:13,  1.55it/s, v_num=fdj2, val_auc=0.000]Epoch 1:  37%|███▋      | 445/1210 [04:46<08:12,  1.55it/s, v_num=fdj2, val_auc=0.000]Epoch 1:  37%|███▋      | 445/1210 [04:46<08:12,  1.55it/s, v_num=fdj2, val_auc=0.000]Epoch 1:  37%|███▋      | 446/1210 [04:46<08:11,  1.56it/s, v_num=fdj2, val_auc=0.000]Epoch 1:  37%|███▋      | 446/1210 [04:46<08:11,  1.56it/s, v_num=fdj2, val_auc=0.000]Epoch 1:  37%|███▋      | 447/1210 [04:47<08:09,  1.56it/s, v_num=fdj2, val_auc=0.000]Epoch 1:  37%|███▋      | 447/1210 [04:47<08:09,  1.56it/s, v_num=fdj2, val_auc=0.000]Epoch 1:  37%|███▋      | 448/1210 [04:47<08:08,  1.56it/s, v_num=fdj2, val_auc=0.000]Epoch 1:  37%|███▋      | 448/1210 [04:47<08:08,  1.56it/s, v_num=fdj2, val_auc=0.000]Epoch 1:  37%|███▋      | 449/1210 [04:47<08:07,  1.56it/s, v_num=fdj2, val_auc=0.000]Epoch 1:  37%|███▋      | 449/1210 [04:47<08:07,  1.56it/s, v_num=fdj2, val_auc=0.000]Epoch 1:  37%|███▋      | 450/1210 [04:48<08:06,  1.56it/s, v_num=fdj2, val_auc=0.000]Epoch 1:  37%|███▋      | 450/1210 [04:48<08:06,  1.56it/s, v_num=fdj2, val_auc=0.000]Epoch 1:  37%|███▋      | 451/1210 [04:48<08:05,  1.56it/s, v_num=fdj2, val_auc=0.000]Epoch 1:  37%|███▋      | 451/1210 [04:48<08:05,  1.56it/s, v_num=fdj2, val_auc=0.000]Epoch 1:  37%|███▋      | 452/1210 [04:48<08:04,  1.56it/s, v_num=fdj2, val_auc=0.000]Epoch 1:  37%|███▋      | 452/1210 [04:48<08:04,  1.56it/s, v_num=fdj2, val_auc=0.000]Epoch 1:  37%|███▋      | 453/1210 [04:49<08:03,  1.57it/s, v_num=fdj2, val_auc=0.000]Epoch 1:  37%|███▋      | 453/1210 [04:49<08:03,  1.57it/s, v_num=fdj2, val_auc=0.000]Epoch 1:  38%|███▊      | 454/1210 [04:49<08:02,  1.57it/s, v_num=fdj2, val_auc=0.000]Epoch 1:  38%|███▊      | 454/1210 [04:49<08:02,  1.57it/s, v_num=fdj2, val_auc=0.000]Epoch 1:  38%|███▊      | 455/1210 [04:50<08:01,  1.57it/s, v_num=fdj2, val_auc=0.000]Epoch 1:  38%|███▊      | 455/1210 [04:50<08:01,  1.57it/s, v_num=fdj2, val_auc=0.000]Epoch 1:  38%|███▊      | 456/1210 [04:50<08:00,  1.57it/s, v_num=fdj2, val_auc=0.000]Epoch 1:  38%|███▊      | 456/1210 [04:50<08:00,  1.57it/s, v_num=fdj2, val_auc=0.000]Epoch 1:  38%|███▊      | 457/1210 [04:50<07:59,  1.57it/s, v_num=fdj2, val_auc=0.000]Epoch 1:  38%|███▊      | 457/1210 [04:50<07:59,  1.57it/s, v_num=fdj2, val_auc=0.000]Epoch 1:  38%|███▊      | 458/1210 [04:51<07:58,  1.57it/s, v_num=fdj2, val_auc=0.000]Epoch 1:  38%|███▊      | 458/1210 [04:51<07:58,  1.57it/s, v_num=fdj2, val_auc=0.000]Epoch 1:  38%|███▊      | 459/1210 [04:51<07:57,  1.57it/s, v_num=fdj2, val_auc=0.000]Epoch 1:  38%|███▊      | 459/1210 [04:51<07:57,  1.57it/s, v_num=fdj2, val_auc=0.000]Epoch 1:  38%|███▊      | 460/1210 [04:52<07:56,  1.57it/s, v_num=fdj2, val_auc=0.000]Epoch 1:  38%|███▊      | 460/1210 [04:52<07:56,  1.57it/s, v_num=fdj2, val_auc=0.000]Epoch 1:  38%|███▊      | 461/1210 [04:52<07:55,  1.58it/s, v_num=fdj2, val_auc=0.000]Epoch 1:  38%|███▊      | 461/1210 [04:52<07:55,  1.58it/s, v_num=fdj2, val_auc=0.000]Epoch 1:  38%|███▊      | 462/1210 [04:52<07:54,  1.58it/s, v_num=fdj2, val_auc=0.000]Epoch 1:  38%|███▊      | 462/1210 [04:52<07:54,  1.58it/s, v_num=fdj2, val_auc=0.000]Epoch 1:  38%|███▊      | 463/1210 [04:53<07:53,  1.58it/s, v_num=fdj2, val_auc=0.000]Epoch 1:  38%|███▊      | 463/1210 [04:53<07:53,  1.58it/s, v_num=fdj2, val_auc=0.000]Epoch 1:  38%|███▊      | 464/1210 [04:53<07:52,  1.58it/s, v_num=fdj2, val_auc=0.000]Epoch 1:  38%|███▊      | 464/1210 [04:53<07:52,  1.58it/s, v_num=fdj2, val_auc=0.000]Epoch 1:  38%|███▊      | 465/1210 [04:54<07:51,  1.58it/s, v_num=fdj2, val_auc=0.000]Epoch 1:  38%|███▊      | 465/1210 [04:54<07:51,  1.58it/s, v_num=fdj2, val_auc=0.000]Epoch 1:  39%|███▊      | 466/1210 [04:54<07:50,  1.58it/s, v_num=fdj2, val_auc=0.000]Epoch 1:  39%|███▊      | 466/1210 [04:54<07:50,  1.58it/s, v_num=fdj2, val_auc=0.000]Epoch 1:  39%|███▊      | 467/1210 [04:54<07:49,  1.58it/s, v_num=fdj2, val_auc=0.000]Epoch 1:  39%|███▊      | 467/1210 [04:54<07:49,  1.58it/s, v_num=fdj2, val_auc=0.000]Epoch 1:  39%|███▊      | 468/1210 [04:55<07:48,  1.59it/s, v_num=fdj2, val_auc=0.000]Epoch 1:  39%|███▊      | 468/1210 [04:55<07:48,  1.59it/s, v_num=fdj2, val_auc=0.000]Epoch 1:  39%|███▉      | 469/1210 [04:55<07:47,  1.59it/s, v_num=fdj2, val_auc=0.000]Epoch 1:  39%|███▉      | 469/1210 [04:55<07:47,  1.59it/s, v_num=fdj2, val_auc=0.000]Epoch 1:  39%|███▉      | 470/1210 [04:56<07:46,  1.59it/s, v_num=fdj2, val_auc=0.000]Epoch 1:  39%|███▉      | 470/1210 [04:56<07:46,  1.59it/s, v_num=fdj2, val_auc=0.000]Epoch 1:  39%|███▉      | 471/1210 [04:56<07:45,  1.59it/s, v_num=fdj2, val_auc=0.000]Epoch 1:  39%|███▉      | 471/1210 [04:56<07:45,  1.59it/s, v_num=fdj2, val_auc=0.000]Epoch 1:  39%|███▉      | 472/1210 [04:56<07:44,  1.59it/s, v_num=fdj2, val_auc=0.000]Epoch 1:  39%|███▉      | 472/1210 [04:56<07:44,  1.59it/s, v_num=fdj2, val_auc=0.000]Epoch 1:  39%|███▉      | 473/1210 [04:57<07:43,  1.59it/s, v_num=fdj2, val_auc=0.000]Epoch 1:  39%|███▉      | 473/1210 [04:57<07:43,  1.59it/s, v_num=fdj2, val_auc=0.000]Epoch 1:  39%|███▉      | 474/1210 [04:57<07:42,  1.59it/s, v_num=fdj2, val_auc=0.000]Epoch 1:  39%|███▉      | 474/1210 [04:57<07:42,  1.59it/s, v_num=fdj2, val_auc=0.000]Epoch 1:  39%|███▉      | 475/1210 [04:58<07:41,  1.59it/s, v_num=fdj2, val_auc=0.000]Epoch 1:  39%|███▉      | 475/1210 [04:58<07:41,  1.59it/s, v_num=fdj2, val_auc=0.000]Epoch 1:  39%|███▉      | 476/1210 [04:58<07:40,  1.60it/s, v_num=fdj2, val_auc=0.000]Epoch 1:  39%|███▉      | 476/1210 [04:58<07:40,  1.60it/s, v_num=fdj2, val_auc=0.000]Epoch 1:  39%|███▉      | 477/1210 [04:58<07:39,  1.60it/s, v_num=fdj2, val_auc=0.000]Epoch 1:  39%|███▉      | 477/1210 [04:58<07:39,  1.60it/s, v_num=fdj2, val_auc=0.000]Epoch 1:  40%|███▉      | 478/1210 [04:59<07:38,  1.60it/s, v_num=fdj2, val_auc=0.000]Epoch 1:  40%|███▉      | 478/1210 [04:59<07:38,  1.60it/s, v_num=fdj2, val_auc=0.000]Epoch 1:  40%|███▉      | 479/1210 [04:59<07:37,  1.60it/s, v_num=fdj2, val_auc=0.000]Epoch 1:  40%|███▉      | 479/1210 [04:59<07:37,  1.60it/s, v_num=fdj2, val_auc=0.000]Epoch 1:  40%|███▉      | 480/1210 [04:59<07:36,  1.60it/s, v_num=fdj2, val_auc=0.000]Epoch 1:  40%|███▉      | 480/1210 [04:59<07:36,  1.60it/s, v_num=fdj2, val_auc=0.000]Epoch 1:  40%|███▉      | 481/1210 [05:00<07:35,  1.60it/s, v_num=fdj2, val_auc=0.000]Epoch 1:  40%|███▉      | 481/1210 [05:00<07:35,  1.60it/s, v_num=fdj2, val_auc=0.000]Epoch 1:  40%|███▉      | 482/1210 [05:00<07:34,  1.60it/s, v_num=fdj2, val_auc=0.000]Epoch 1:  40%|███▉      | 482/1210 [05:00<07:34,  1.60it/s, v_num=fdj2, val_auc=0.000]Epoch 1:  40%|███▉      | 483/1210 [05:01<07:33,  1.60it/s, v_num=fdj2, val_auc=0.000]Epoch 1:  40%|███▉      | 483/1210 [05:01<07:33,  1.60it/s, v_num=fdj2, val_auc=0.000]Epoch 1:  40%|████      | 484/1210 [05:01<07:32,  1.61it/s, v_num=fdj2, val_auc=0.000]Epoch 1:  40%|████      | 484/1210 [05:01<07:32,  1.61it/s, v_num=fdj2, val_auc=0.000]Epoch 1:  40%|████      | 485/1210 [05:01<07:31,  1.61it/s, v_num=fdj2, val_auc=0.000]Epoch 1:  40%|████      | 485/1210 [05:01<07:31,  1.61it/s, v_num=fdj2, val_auc=0.000]Epoch 1:  40%|████      | 486/1210 [05:02<07:30,  1.61it/s, v_num=fdj2, val_auc=0.000]Epoch 1:  40%|████      | 486/1210 [05:02<07:30,  1.61it/s, v_num=fdj2, val_auc=0.000]Epoch 1:  40%|████      | 487/1210 [05:02<07:29,  1.61it/s, v_num=fdj2, val_auc=0.000]Epoch 1:  40%|████      | 487/1210 [05:02<07:29,  1.61it/s, v_num=fdj2, val_auc=0.000]Epoch 1:  40%|████      | 488/1210 [05:03<07:28,  1.61it/s, v_num=fdj2, val_auc=0.000]Epoch 1:  40%|████      | 488/1210 [05:03<07:28,  1.61it/s, v_num=fdj2, val_auc=0.000]Epoch 1:  40%|████      | 489/1210 [05:03<07:27,  1.61it/s, v_num=fdj2, val_auc=0.000]Epoch 1:  40%|████      | 489/1210 [05:03<07:27,  1.61it/s, v_num=fdj2, val_auc=0.000]Epoch 1:  40%|████      | 490/1210 [05:03<07:26,  1.61it/s, v_num=fdj2, val_auc=0.000]Epoch 1:  40%|████      | 490/1210 [05:03<07:26,  1.61it/s, v_num=fdj2, val_auc=0.000]Epoch 1:  41%|████      | 491/1210 [05:04<07:25,  1.61it/s, v_num=fdj2, val_auc=0.000]Epoch 1:  41%|████      | 491/1210 [05:04<07:25,  1.61it/s, v_num=fdj2, val_auc=0.000]Epoch 1:  41%|████      | 492/1210 [05:04<07:24,  1.61it/s, v_num=fdj2, val_auc=0.000]Epoch 1:  41%|████      | 492/1210 [05:04<07:24,  1.61it/s, v_num=fdj2, val_auc=0.000]Epoch 1:  41%|████      | 493/1210 [05:05<07:23,  1.62it/s, v_num=fdj2, val_auc=0.000]Epoch 1:  41%|████      | 493/1210 [05:05<07:23,  1.62it/s, v_num=fdj2, val_auc=0.000]Epoch 1:  41%|████      | 494/1210 [05:05<07:22,  1.62it/s, v_num=fdj2, val_auc=0.000]Epoch 1:  41%|████      | 494/1210 [05:05<07:22,  1.62it/s, v_num=fdj2, val_auc=0.000]Epoch 1:  41%|████      | 495/1210 [05:05<07:21,  1.62it/s, v_num=fdj2, val_auc=0.000]Epoch 1:  41%|████      | 495/1210 [05:05<07:21,  1.62it/s, v_num=fdj2, val_auc=0.000]Epoch 1:  41%|████      | 496/1210 [05:06<07:20,  1.62it/s, v_num=fdj2, val_auc=0.000]Epoch 1:  41%|████      | 496/1210 [05:06<07:20,  1.62it/s, v_num=fdj2, val_auc=0.000]Epoch 1:  41%|████      | 497/1210 [05:06<07:19,  1.62it/s, v_num=fdj2, val_auc=0.000]Epoch 1:  41%|████      | 497/1210 [05:06<07:19,  1.62it/s, v_num=fdj2, val_auc=0.000]Epoch 1:  41%|████      | 498/1210 [05:07<07:18,  1.62it/s, v_num=fdj2, val_auc=0.000]Epoch 1:  41%|████      | 498/1210 [05:07<07:18,  1.62it/s, v_num=fdj2, val_auc=0.000]Epoch 1:  41%|████      | 499/1210 [05:07<07:18,  1.62it/s, v_num=fdj2, val_auc=0.000]Epoch 1:  41%|████      | 499/1210 [05:07<07:18,  1.62it/s, v_num=fdj2, val_auc=0.000]Epoch 1:  41%|████▏     | 500/1210 [05:07<07:17,  1.62it/s, v_num=fdj2, val_auc=0.000]Epoch 1:  41%|████▏     | 500/1210 [05:07<07:17,  1.62it/s, v_num=fdj2, val_auc=0.000]Epoch 1:  41%|████▏     | 501/1210 [05:08<07:16,  1.63it/s, v_num=fdj2, val_auc=0.000]Epoch 1:  41%|████▏     | 501/1210 [05:08<07:16,  1.63it/s, v_num=fdj2, val_auc=0.000]Epoch 1:  41%|████▏     | 502/1210 [05:08<07:15,  1.63it/s, v_num=fdj2, val_auc=0.000]Epoch 1:  41%|████▏     | 502/1210 [05:08<07:15,  1.63it/s, v_num=fdj2, val_auc=0.000]Epoch 1:  42%|████▏     | 503/1210 [05:09<07:14,  1.63it/s, v_num=fdj2, val_auc=0.000]Epoch 1:  42%|████▏     | 503/1210 [05:09<07:14,  1.63it/s, v_num=fdj2, val_auc=0.000]Epoch 1:  42%|████▏     | 504/1210 [05:09<07:13,  1.63it/s, v_num=fdj2, val_auc=0.000]Epoch 1:  42%|████▏     | 504/1210 [05:09<07:13,  1.63it/s, v_num=fdj2, val_auc=0.000]Epoch 1:  42%|████▏     | 505/1210 [05:09<07:12,  1.63it/s, v_num=fdj2, val_auc=0.000]Epoch 1:  42%|████▏     | 505/1210 [05:09<07:12,  1.63it/s, v_num=fdj2, val_auc=0.000]Epoch 1:  42%|████▏     | 506/1210 [05:10<07:11,  1.63it/s, v_num=fdj2, val_auc=0.000]Epoch 1:  42%|████▏     | 506/1210 [05:10<07:11,  1.63it/s, v_num=fdj2, val_auc=0.000]Epoch 1:  42%|████▏     | 507/1210 [05:10<07:10,  1.63it/s, v_num=fdj2, val_auc=0.000]Epoch 1:  42%|████▏     | 507/1210 [05:10<07:10,  1.63it/s, v_num=fdj2, val_auc=0.000]Epoch 1:  42%|████▏     | 508/1210 [05:10<07:09,  1.63it/s, v_num=fdj2, val_auc=0.000]Epoch 1:  42%|████▏     | 508/1210 [05:10<07:09,  1.63it/s, v_num=fdj2, val_auc=0.000]Epoch 1:  42%|████▏     | 509/1210 [05:11<07:08,  1.63it/s, v_num=fdj2, val_auc=0.000]Epoch 1:  42%|████▏     | 509/1210 [05:11<07:08,  1.63it/s, v_num=fdj2, val_auc=0.000]Epoch 1:  42%|████▏     | 510/1210 [05:11<07:07,  1.64it/s, v_num=fdj2, val_auc=0.000]Epoch 1:  42%|████▏     | 510/1210 [05:11<07:07,  1.64it/s, v_num=fdj2, val_auc=0.000]Epoch 1:  42%|████▏     | 511/1210 [05:12<07:06,  1.64it/s, v_num=fdj2, val_auc=0.000]Epoch 1:  42%|████▏     | 511/1210 [05:12<07:06,  1.64it/s, v_num=fdj2, val_auc=0.000]Epoch 1:  42%|████▏     | 512/1210 [05:12<07:06,  1.64it/s, v_num=fdj2, val_auc=0.000]Epoch 1:  42%|████▏     | 512/1210 [05:12<07:06,  1.64it/s, v_num=fdj2, val_auc=0.000]Epoch 1:  42%|████▏     | 513/1210 [05:12<07:05,  1.64it/s, v_num=fdj2, val_auc=0.000]Epoch 1:  42%|████▏     | 513/1210 [05:12<07:05,  1.64it/s, v_num=fdj2, val_auc=0.000]Epoch 1:  42%|████▏     | 514/1210 [05:13<07:04,  1.64it/s, v_num=fdj2, val_auc=0.000]Epoch 1:  42%|████▏     | 514/1210 [05:13<07:04,  1.64it/s, v_num=fdj2, val_auc=0.000]Epoch 1:  43%|████▎     | 515/1210 [05:13<07:03,  1.64it/s, v_num=fdj2, val_auc=0.000]Epoch 1:  43%|████▎     | 515/1210 [05:13<07:03,  1.64it/s, v_num=fdj2, val_auc=0.000]Epoch 1:  43%|████▎     | 516/1210 [05:14<07:02,  1.64it/s, v_num=fdj2, val_auc=0.000]Epoch 1:  43%|████▎     | 516/1210 [05:14<07:02,  1.64it/s, v_num=fdj2, val_auc=0.000]Epoch 1:  43%|████▎     | 517/1210 [05:14<07:01,  1.64it/s, v_num=fdj2, val_auc=0.000]Epoch 1:  43%|████▎     | 517/1210 [05:14<07:01,  1.64it/s, v_num=fdj2, val_auc=0.000]Epoch 1:  43%|████▎     | 518/1210 [05:14<07:00,  1.64it/s, v_num=fdj2, val_auc=0.000]Epoch 1:  43%|████▎     | 518/1210 [05:14<07:00,  1.64it/s, v_num=fdj2, val_auc=0.000]Epoch 1:  43%|████▎     | 519/1210 [05:15<06:59,  1.65it/s, v_num=fdj2, val_auc=0.000]Epoch 1:  43%|████▎     | 519/1210 [05:15<06:59,  1.65it/s, v_num=fdj2, val_auc=0.000]Epoch 1:  43%|████▎     | 520/1210 [05:15<06:58,  1.65it/s, v_num=fdj2, val_auc=0.000]Epoch 1:  43%|████▎     | 520/1210 [05:15<06:58,  1.65it/s, v_num=fdj2, val_auc=0.000]Epoch 1:  43%|████▎     | 521/1210 [05:16<06:57,  1.65it/s, v_num=fdj2, val_auc=0.000]Epoch 1:  43%|████▎     | 521/1210 [05:16<06:57,  1.65it/s, v_num=fdj2, val_auc=0.000]Epoch 1:  43%|████▎     | 522/1210 [05:16<06:57,  1.65it/s, v_num=fdj2, val_auc=0.000]Epoch 1:  43%|████▎     | 522/1210 [05:16<06:57,  1.65it/s, v_num=fdj2, val_auc=0.000]Epoch 1:  43%|████▎     | 523/1210 [05:16<06:56,  1.65it/s, v_num=fdj2, val_auc=0.000]Epoch 1:  43%|████▎     | 523/1210 [05:16<06:56,  1.65it/s, v_num=fdj2, val_auc=0.000]Epoch 1:  43%|████▎     | 524/1210 [05:17<06:55,  1.65it/s, v_num=fdj2, val_auc=0.000]Epoch 1:  43%|████▎     | 524/1210 [05:17<06:55,  1.65it/s, v_num=fdj2, val_auc=0.000]Epoch 1:  43%|████▎     | 525/1210 [05:17<06:54,  1.65it/s, v_num=fdj2, val_auc=0.000]Epoch 1:  43%|████▎     | 525/1210 [05:17<06:54,  1.65it/s, v_num=fdj2, val_auc=0.000]Epoch 1:  43%|████▎     | 526/1210 [05:18<06:53,  1.65it/s, v_num=fdj2, val_auc=0.000]Epoch 1:  43%|████▎     | 526/1210 [05:18<06:53,  1.65it/s, v_num=fdj2, val_auc=0.000]Epoch 1:  44%|████▎     | 527/1210 [05:18<06:52,  1.66it/s, v_num=fdj2, val_auc=0.000]Epoch 1:  44%|████▎     | 527/1210 [05:18<06:52,  1.65it/s, v_num=fdj2, val_auc=0.000]Epoch 1:  44%|████▎     | 528/1210 [05:18<06:51,  1.66it/s, v_num=fdj2, val_auc=0.000]Epoch 1:  44%|████▎     | 528/1210 [05:18<06:51,  1.66it/s, v_num=fdj2, val_auc=0.000]Epoch 1:  44%|████▎     | 529/1210 [05:19<06:50,  1.66it/s, v_num=fdj2, val_auc=0.000]Epoch 1:  44%|████▎     | 529/1210 [05:19<06:50,  1.66it/s, v_num=fdj2, val_auc=0.000]Epoch 1:  44%|████▍     | 530/1210 [05:19<06:50,  1.66it/s, v_num=fdj2, val_auc=0.000]Epoch 1:  44%|████▍     | 530/1210 [05:19<06:50,  1.66it/s, v_num=fdj2, val_auc=0.000]Epoch 1:  44%|████▍     | 531/1210 [05:20<06:49,  1.66it/s, v_num=fdj2, val_auc=0.000]Epoch 1:  44%|████▍     | 531/1210 [05:20<06:49,  1.66it/s, v_num=fdj2, val_auc=0.000]Epoch 1:  44%|████▍     | 532/1210 [05:20<06:48,  1.66it/s, v_num=fdj2, val_auc=0.000]Epoch 1:  44%|████▍     | 532/1210 [05:20<06:48,  1.66it/s, v_num=fdj2, val_auc=0.000]Epoch 1:  44%|████▍     | 533/1210 [05:20<06:47,  1.66it/s, v_num=fdj2, val_auc=0.000]Epoch 1:  44%|████▍     | 533/1210 [05:20<06:47,  1.66it/s, v_num=fdj2, val_auc=0.000]Epoch 1:  44%|████▍     | 534/1210 [05:21<06:46,  1.66it/s, v_num=fdj2, val_auc=0.000]Epoch 1:  44%|████▍     | 534/1210 [05:21<06:46,  1.66it/s, v_num=fdj2, val_auc=0.000]Epoch 1:  44%|████▍     | 535/1210 [05:21<06:45,  1.66it/s, v_num=fdj2, val_auc=0.000]Epoch 1:  44%|████▍     | 535/1210 [05:21<06:45,  1.66it/s, v_num=fdj2, val_auc=0.000]Epoch 1:  44%|████▍     | 536/1210 [05:21<06:44,  1.66it/s, v_num=fdj2, val_auc=0.000]Epoch 1:  44%|████▍     | 536/1210 [05:21<06:44,  1.66it/s, v_num=fdj2, val_auc=0.000]Epoch 1:  44%|████▍     | 537/1210 [05:22<06:43,  1.67it/s, v_num=fdj2, val_auc=0.000]Epoch 1:  44%|████▍     | 537/1210 [05:22<06:43,  1.67it/s, v_num=fdj2, val_auc=0.000]Epoch 1:  44%|████▍     | 538/1210 [05:22<06:43,  1.67it/s, v_num=fdj2, val_auc=0.000]Epoch 1:  44%|████▍     | 538/1210 [05:22<06:43,  1.67it/s, v_num=fdj2, val_auc=0.000]Epoch 1:  45%|████▍     | 539/1210 [05:23<06:42,  1.67it/s, v_num=fdj2, val_auc=0.000]Epoch 1:  45%|████▍     | 539/1210 [05:23<06:42,  1.67it/s, v_num=fdj2, val_auc=0.000]Epoch 1:  45%|████▍     | 540/1210 [05:23<06:41,  1.67it/s, v_num=fdj2, val_auc=0.000]Epoch 1:  45%|████▍     | 540/1210 [05:23<06:41,  1.67it/s, v_num=fdj2, val_auc=0.000]Epoch 1:  45%|████▍     | 541/1210 [05:23<06:40,  1.67it/s, v_num=fdj2, val_auc=0.000]Epoch 1:  45%|████▍     | 541/1210 [05:23<06:40,  1.67it/s, v_num=fdj2, val_auc=0.000]Epoch 1:  45%|████▍     | 542/1210 [05:24<06:39,  1.67it/s, v_num=fdj2, val_auc=0.000]Epoch 1:  45%|████▍     | 542/1210 [05:24<06:39,  1.67it/s, v_num=fdj2, val_auc=0.000]Epoch 1:  45%|████▍     | 543/1210 [05:24<06:38,  1.67it/s, v_num=fdj2, val_auc=0.000]Epoch 1:  45%|████▍     | 543/1210 [05:24<06:38,  1.67it/s, v_num=fdj2, val_auc=0.000]Epoch 1:  45%|████▍     | 544/1210 [05:25<06:38,  1.67it/s, v_num=fdj2, val_auc=0.000]Epoch 1:  45%|████▍     | 544/1210 [05:25<06:38,  1.67it/s, v_num=fdj2, val_auc=0.000]Epoch 1:  45%|████▌     | 545/1210 [05:25<06:37,  1.67it/s, v_num=fdj2, val_auc=0.000]Epoch 1:  45%|████▌     | 545/1210 [05:25<06:37,  1.67it/s, v_num=fdj2, val_auc=0.000]Epoch 1:  45%|████▌     | 546/1210 [05:25<06:36,  1.68it/s, v_num=fdj2, val_auc=0.000]Epoch 1:  45%|████▌     | 546/1210 [05:25<06:36,  1.68it/s, v_num=fdj2, val_auc=0.000]Epoch 1:  45%|████▌     | 547/1210 [05:26<06:35,  1.68it/s, v_num=fdj2, val_auc=0.000]Epoch 1:  45%|████▌     | 547/1210 [05:26<06:35,  1.68it/s, v_num=fdj2, val_auc=0.000]Epoch 1:  45%|████▌     | 548/1210 [05:26<06:34,  1.68it/s, v_num=fdj2, val_auc=0.000]Epoch 1:  45%|████▌     | 548/1210 [05:26<06:34,  1.68it/s, v_num=fdj2, val_auc=0.000]Epoch 1:  45%|████▌     | 549/1210 [05:27<06:33,  1.68it/s, v_num=fdj2, val_auc=0.000]Epoch 1:  45%|████▌     | 549/1210 [05:27<06:33,  1.68it/s, v_num=fdj2, val_auc=0.000]Epoch 1:  45%|████▌     | 550/1210 [05:27<06:32,  1.68it/s, v_num=fdj2, val_auc=0.000]Epoch 1:  45%|████▌     | 550/1210 [05:27<06:32,  1.68it/s, v_num=fdj2, val_auc=0.000]Epoch 1:  46%|████▌     | 551/1210 [05:27<06:32,  1.68it/s, v_num=fdj2, val_auc=0.000]Epoch 1:  46%|████▌     | 551/1210 [05:27<06:32,  1.68it/s, v_num=fdj2, val_auc=0.000]Epoch 1:  46%|████▌     | 552/1210 [05:28<06:31,  1.68it/s, v_num=fdj2, val_auc=0.000]Epoch 1:  46%|████▌     | 552/1210 [05:28<06:31,  1.68it/s, v_num=fdj2, val_auc=0.000]Epoch 1:  46%|████▌     | 553/1210 [05:28<06:30,  1.68it/s, v_num=fdj2, val_auc=0.000]Epoch 1:  46%|████▌     | 553/1210 [05:28<06:30,  1.68it/s, v_num=fdj2, val_auc=0.000]Epoch 1:  46%|████▌     | 554/1210 [05:29<06:29,  1.68it/s, v_num=fdj2, val_auc=0.000]Epoch 1:  46%|████▌     | 554/1210 [05:29<06:29,  1.68it/s, v_num=fdj2, val_auc=0.000]Epoch 1:  46%|████▌     | 555/1210 [05:29<06:28,  1.68it/s, v_num=fdj2, val_auc=0.000]Epoch 1:  46%|████▌     | 555/1210 [05:29<06:28,  1.68it/s, v_num=fdj2, val_auc=0.000]Epoch 1:  46%|████▌     | 556/1210 [05:29<06:27,  1.69it/s, v_num=fdj2, val_auc=0.000]Epoch 1:  46%|████▌     | 556/1210 [05:29<06:27,  1.69it/s, v_num=fdj2, val_auc=0.000]Epoch 1:  46%|████▌     | 557/1210 [05:30<06:27,  1.69it/s, v_num=fdj2, val_auc=0.000]Epoch 1:  46%|████▌     | 557/1210 [05:30<06:27,  1.69it/s, v_num=fdj2, val_auc=0.000]Epoch 1:  46%|████▌     | 558/1210 [05:30<06:26,  1.69it/s, v_num=fdj2, val_auc=0.000]Epoch 1:  46%|████▌     | 558/1210 [05:30<06:26,  1.69it/s, v_num=fdj2, val_auc=0.000]Epoch 1:  46%|████▌     | 559/1210 [05:30<06:25,  1.69it/s, v_num=fdj2, val_auc=0.000]Epoch 1:  46%|████▌     | 559/1210 [05:30<06:25,  1.69it/s, v_num=fdj2, val_auc=0.000]Epoch 1:  46%|████▋     | 560/1210 [05:31<06:24,  1.69it/s, v_num=fdj2, val_auc=0.000]Epoch 1:  46%|████▋     | 560/1210 [05:31<06:24,  1.69it/s, v_num=fdj2, val_auc=0.000]Epoch 1:  46%|████▋     | 561/1210 [05:31<06:23,  1.69it/s, v_num=fdj2, val_auc=0.000]Epoch 1:  46%|████▋     | 561/1210 [05:31<06:23,  1.69it/s, v_num=fdj2, val_auc=0.000]Epoch 1:  46%|████▋     | 562/1210 [05:32<06:22,  1.69it/s, v_num=fdj2, val_auc=0.000]Epoch 1:  46%|████▋     | 562/1210 [05:32<06:22,  1.69it/s, v_num=fdj2, val_auc=0.000]Epoch 1:  47%|████▋     | 563/1210 [05:32<06:22,  1.69it/s, v_num=fdj2, val_auc=0.000]Epoch 1:  47%|████▋     | 563/1210 [05:32<06:22,  1.69it/s, v_num=fdj2, val_auc=0.000]Epoch 1:  47%|████▋     | 564/1210 [05:32<06:21,  1.69it/s, v_num=fdj2, val_auc=0.000]Epoch 1:  47%|████▋     | 564/1210 [05:32<06:21,  1.69it/s, v_num=fdj2, val_auc=0.000]Epoch 1:  47%|████▋     | 565/1210 [05:33<06:20,  1.69it/s, v_num=fdj2, val_auc=0.000]Epoch 1:  47%|████▋     | 565/1210 [05:33<06:20,  1.69it/s, v_num=fdj2, val_auc=0.000]Epoch 1:  47%|████▋     | 566/1210 [05:33<06:19,  1.70it/s, v_num=fdj2, val_auc=0.000]Epoch 1:  47%|████▋     | 566/1210 [05:33<06:19,  1.70it/s, v_num=fdj2, val_auc=0.000]Epoch 1:  47%|████▋     | 567/1210 [05:34<06:18,  1.70it/s, v_num=fdj2, val_auc=0.000]Epoch 1:  47%|████▋     | 567/1210 [05:34<06:18,  1.70it/s, v_num=fdj2, val_auc=0.000]Epoch 1:  47%|████▋     | 568/1210 [05:34<06:18,  1.70it/s, v_num=fdj2, val_auc=0.000]Epoch 1:  47%|████▋     | 568/1210 [05:34<06:18,  1.70it/s, v_num=fdj2, val_auc=0.000]Epoch 1:  47%|████▋     | 569/1210 [05:34<06:17,  1.70it/s, v_num=fdj2, val_auc=0.000]Epoch 1:  47%|████▋     | 569/1210 [05:34<06:17,  1.70it/s, v_num=fdj2, val_auc=0.000]Epoch 1:  47%|████▋     | 570/1210 [05:35<06:16,  1.70it/s, v_num=fdj2, val_auc=0.000]Epoch 1:  47%|████▋     | 570/1210 [05:35<06:16,  1.70it/s, v_num=fdj2, val_auc=0.000]Epoch 1:  47%|████▋     | 571/1210 [05:35<06:15,  1.70it/s, v_num=fdj2, val_auc=0.000]Epoch 1:  47%|████▋     | 571/1210 [05:35<06:15,  1.70it/s, v_num=fdj2, val_auc=0.000]Epoch 1:  47%|████▋     | 572/1210 [05:36<06:14,  1.70it/s, v_num=fdj2, val_auc=0.000]Epoch 1:  47%|████▋     | 572/1210 [05:36<06:14,  1.70it/s, v_num=fdj2, val_auc=0.000]Epoch 1:  47%|████▋     | 573/1210 [05:36<06:14,  1.70it/s, v_num=fdj2, val_auc=0.000]Epoch 1:  47%|████▋     | 573/1210 [05:36<06:14,  1.70it/s, v_num=fdj2, val_auc=0.000]Epoch 1:  47%|████▋     | 574/1210 [05:36<06:13,  1.70it/s, v_num=fdj2, val_auc=0.000]Epoch 1:  47%|████▋     | 574/1210 [05:36<06:13,  1.70it/s, v_num=fdj2, val_auc=0.000]Epoch 1:  48%|████▊     | 575/1210 [05:37<06:12,  1.70it/s, v_num=fdj2, val_auc=0.000]Epoch 1:  48%|████▊     | 575/1210 [05:37<06:12,  1.70it/s, v_num=fdj2, val_auc=0.000]Epoch 1:  48%|████▊     | 576/1210 [05:37<06:11,  1.71it/s, v_num=fdj2, val_auc=0.000]Epoch 1:  48%|████▊     | 576/1210 [05:37<06:11,  1.71it/s, v_num=fdj2, val_auc=0.000]Epoch 1:  48%|████▊     | 577/1210 [05:38<06:10,  1.71it/s, v_num=fdj2, val_auc=0.000]Epoch 1:  48%|████▊     | 577/1210 [05:38<06:10,  1.71it/s, v_num=fdj2, val_auc=0.000]Epoch 1:  48%|████▊     | 578/1210 [05:38<06:10,  1.71it/s, v_num=fdj2, val_auc=0.000]Epoch 1:  48%|████▊     | 578/1210 [05:38<06:10,  1.71it/s, v_num=fdj2, val_auc=0.000]Epoch 1:  48%|████▊     | 579/1210 [05:38<06:09,  1.71it/s, v_num=fdj2, val_auc=0.000]Epoch 1:  48%|████▊     | 579/1210 [05:38<06:09,  1.71it/s, v_num=fdj2, val_auc=0.000]Epoch 1:  48%|████▊     | 580/1210 [05:39<06:08,  1.71it/s, v_num=fdj2, val_auc=0.000]Epoch 1:  48%|████▊     | 580/1210 [05:39<06:08,  1.71it/s, v_num=fdj2, val_auc=0.000]Epoch 1:  48%|████▊     | 581/1210 [05:39<06:07,  1.71it/s, v_num=fdj2, val_auc=0.000]Epoch 1:  48%|████▊     | 581/1210 [05:39<06:07,  1.71it/s, v_num=fdj2, val_auc=0.000]Epoch 1:  48%|████▊     | 582/1210 [05:39<06:06,  1.71it/s, v_num=fdj2, val_auc=0.000]Epoch 1:  48%|████▊     | 582/1210 [05:39<06:06,  1.71it/s, v_num=fdj2, val_auc=0.000]Epoch 1:  48%|████▊     | 583/1210 [05:40<06:06,  1.71it/s, v_num=fdj2, val_auc=0.000]Epoch 1:  48%|████▊     | 583/1210 [05:40<06:06,  1.71it/s, v_num=fdj2, val_auc=0.000]Epoch 1:  48%|████▊     | 584/1210 [05:40<06:05,  1.71it/s, v_num=fdj2, val_auc=0.000]Epoch 1:  48%|████▊     | 584/1210 [05:40<06:05,  1.71it/s, v_num=fdj2, val_auc=0.000]Epoch 1:  48%|████▊     | 585/1210 [05:41<06:04,  1.71it/s, v_num=fdj2, val_auc=0.000]Epoch 1:  48%|████▊     | 585/1210 [05:41<06:04,  1.71it/s, v_num=fdj2, val_auc=0.000]Epoch 1:  48%|████▊     | 586/1210 [05:41<06:03,  1.72it/s, v_num=fdj2, val_auc=0.000]Epoch 1:  48%|████▊     | 586/1210 [05:41<06:03,  1.72it/s, v_num=fdj2, val_auc=0.000]Epoch 1:  49%|████▊     | 587/1210 [05:41<06:02,  1.72it/s, v_num=fdj2, val_auc=0.000]Epoch 1:  49%|████▊     | 587/1210 [05:41<06:02,  1.72it/s, v_num=fdj2, val_auc=0.000]Epoch 1:  49%|████▊     | 588/1210 [05:42<06:02,  1.72it/s, v_num=fdj2, val_auc=0.000]Epoch 1:  49%|████▊     | 588/1210 [05:42<06:02,  1.72it/s, v_num=fdj2, val_auc=0.000]Epoch 1:  49%|████▊     | 589/1210 [05:42<06:01,  1.72it/s, v_num=fdj2, val_auc=0.000]Epoch 1:  49%|████▊     | 589/1210 [05:42<06:01,  1.72it/s, v_num=fdj2, val_auc=0.000]Epoch 1:  49%|████▉     | 590/1210 [05:43<06:00,  1.72it/s, v_num=fdj2, val_auc=0.000]Epoch 1:  49%|████▉     | 590/1210 [05:43<06:00,  1.72it/s, v_num=fdj2, val_auc=0.000]Epoch 1:  49%|████▉     | 591/1210 [05:43<05:59,  1.72it/s, v_num=fdj2, val_auc=0.000]Epoch 1:  49%|████▉     | 591/1210 [05:43<05:59,  1.72it/s, v_num=fdj2, val_auc=0.000]Epoch 1:  49%|████▉     | 592/1210 [05:43<05:59,  1.72it/s, v_num=fdj2, val_auc=0.000]Epoch 1:  49%|████▉     | 592/1210 [05:43<05:59,  1.72it/s, v_num=fdj2, val_auc=0.000]Epoch 1:  49%|████▉     | 593/1210 [05:44<05:58,  1.72it/s, v_num=fdj2, val_auc=0.000]Epoch 1:  49%|████▉     | 593/1210 [05:44<05:58,  1.72it/s, v_num=fdj2, val_auc=0.000]Epoch 1:  49%|████▉     | 594/1210 [05:44<05:57,  1.72it/s, v_num=fdj2, val_auc=0.000]Epoch 1:  49%|████▉     | 594/1210 [05:44<05:57,  1.72it/s, v_num=fdj2, val_auc=0.000]Epoch 1:  49%|████▉     | 595/1210 [05:45<05:56,  1.72it/s, v_num=fdj2, val_auc=0.000]Epoch 1:  49%|████▉     | 595/1210 [05:45<05:56,  1.72it/s, v_num=fdj2, val_auc=0.000]Epoch 1:  49%|████▉     | 596/1210 [05:45<05:55,  1.73it/s, v_num=fdj2, val_auc=0.000]Epoch 1:  49%|████▉     | 596/1210 [05:45<05:55,  1.73it/s, v_num=fdj2, val_auc=0.000]Epoch 1:  49%|████▉     | 597/1210 [05:45<05:55,  1.73it/s, v_num=fdj2, val_auc=0.000]Epoch 1:  49%|████▉     | 597/1210 [05:45<05:55,  1.73it/s, v_num=fdj2, val_auc=0.000]Epoch 1:  49%|████▉     | 598/1210 [05:46<05:54,  1.73it/s, v_num=fdj2, val_auc=0.000]Epoch 1:  49%|████▉     | 598/1210 [05:46<05:54,  1.73it/s, v_num=fdj2, val_auc=0.000]Epoch 1:  50%|████▉     | 599/1210 [05:46<05:53,  1.73it/s, v_num=fdj2, val_auc=0.000]Epoch 1:  50%|████▉     | 599/1210 [05:46<05:53,  1.73it/s, v_num=fdj2, val_auc=0.000]Epoch 1:  50%|████▉     | 600/1210 [05:47<05:52,  1.73it/s, v_num=fdj2, val_auc=0.000]Epoch 1:  50%|████▉     | 600/1210 [05:47<05:52,  1.73it/s, v_num=fdj2, val_auc=0.000]Epoch 1:  50%|████▉     | 601/1210 [05:47<05:52,  1.73it/s, v_num=fdj2, val_auc=0.000]Epoch 1:  50%|████▉     | 601/1210 [05:47<05:52,  1.73it/s, v_num=fdj2, val_auc=0.000]Epoch 1:  50%|████▉     | 602/1210 [05:47<05:51,  1.73it/s, v_num=fdj2, val_auc=0.000]Epoch 1:  50%|████▉     | 602/1210 [05:47<05:51,  1.73it/s, v_num=fdj2, val_auc=0.000]Epoch 1:  50%|████▉     | 603/1210 [05:48<05:50,  1.73it/s, v_num=fdj2, val_auc=0.000]Epoch 1:  50%|████▉     | 603/1210 [05:48<05:50,  1.73it/s, v_num=fdj2, val_auc=0.000]Epoch 1:  50%|████▉     | 604/1210 [05:48<05:49,  1.73it/s, v_num=fdj2, val_auc=0.000]Epoch 1:  50%|████▉     | 604/1210 [05:48<05:49,  1.73it/s, v_num=fdj2, val_auc=0.000]Epoch 1:  50%|█████     | 605/1210 [05:49<05:49,  1.73it/s, v_num=fdj2, val_auc=0.000]Epoch 1:  50%|█████     | 605/1210 [05:49<05:49,  1.73it/s, v_num=fdj2, val_auc=0.000]Epoch 1:  50%|█████     | 606/1210 [05:49<05:48,  1.73it/s, v_num=fdj2, val_auc=0.000]Epoch 1:  50%|█████     | 606/1210 [05:49<05:48,  1.73it/s, v_num=fdj2, val_auc=0.000]Epoch 1:  50%|█████     | 607/1210 [05:49<05:47,  1.74it/s, v_num=fdj2, val_auc=0.000]Epoch 1:  50%|█████     | 607/1210 [05:49<05:47,  1.74it/s, v_num=fdj2, val_auc=0.000]Epoch 1:  50%|█████     | 608/1210 [05:50<05:46,  1.74it/s, v_num=fdj2, val_auc=0.000]Epoch 1:  50%|█████     | 608/1210 [05:50<05:46,  1.74it/s, v_num=fdj2, val_auc=0.000]Epoch 1:  50%|█████     | 609/1210 [05:50<05:45,  1.74it/s, v_num=fdj2, val_auc=0.000]Epoch 1:  50%|█████     | 609/1210 [05:50<05:45,  1.74it/s, v_num=fdj2, val_auc=0.000]Epoch 1:  50%|█████     | 610/1210 [05:50<05:45,  1.74it/s, v_num=fdj2, val_auc=0.000]Epoch 1:  50%|█████     | 610/1210 [05:50<05:45,  1.74it/s, v_num=fdj2, val_auc=0.000]Epoch 1:  50%|█████     | 611/1210 [05:51<05:44,  1.74it/s, v_num=fdj2, val_auc=0.000]Epoch 1:  50%|█████     | 611/1210 [05:51<05:44,  1.74it/s, v_num=fdj2, val_auc=0.000]Epoch 1:  51%|█████     | 612/1210 [05:51<05:43,  1.74it/s, v_num=fdj2, val_auc=0.000]Epoch 1:  51%|█████     | 612/1210 [05:51<05:43,  1.74it/s, v_num=fdj2, val_auc=0.000]Epoch 1:  51%|█████     | 613/1210 [05:52<05:42,  1.74it/s, v_num=fdj2, val_auc=0.000]Epoch 1:  51%|█████     | 613/1210 [05:52<05:42,  1.74it/s, v_num=fdj2, val_auc=0.000]Epoch 1:  51%|█████     | 614/1210 [05:52<05:42,  1.74it/s, v_num=fdj2, val_auc=0.000]Epoch 1:  51%|█████     | 614/1210 [05:52<05:42,  1.74it/s, v_num=fdj2, val_auc=0.000]Epoch 1:  51%|█████     | 615/1210 [05:52<05:41,  1.74it/s, v_num=fdj2, val_auc=0.000]Epoch 1:  51%|█████     | 615/1210 [05:52<05:41,  1.74it/s, v_num=fdj2, val_auc=0.000]Epoch 1:  51%|█████     | 616/1210 [05:53<05:40,  1.74it/s, v_num=fdj2, val_auc=0.000]Epoch 1:  51%|█████     | 616/1210 [05:53<05:40,  1.74it/s, v_num=fdj2, val_auc=0.000]Epoch 1:  51%|█████     | 617/1210 [05:53<05:39,  1.74it/s, v_num=fdj2, val_auc=0.000]Epoch 1:  51%|█████     | 617/1210 [05:53<05:39,  1.74it/s, v_num=fdj2, val_auc=0.000]Epoch 1:  51%|█████     | 618/1210 [05:54<05:39,  1.75it/s, v_num=fdj2, val_auc=0.000]Epoch 1:  51%|█████     | 618/1210 [05:54<05:39,  1.75it/s, v_num=fdj2, val_auc=0.000]Epoch 1:  51%|█████     | 619/1210 [05:54<05:38,  1.75it/s, v_num=fdj2, val_auc=0.000]Epoch 1:  51%|█████     | 619/1210 [05:54<05:38,  1.75it/s, v_num=fdj2, val_auc=0.000]Epoch 1:  51%|█████     | 620/1210 [05:54<05:37,  1.75it/s, v_num=fdj2, val_auc=0.000]Epoch 1:  51%|█████     | 620/1210 [05:54<05:37,  1.75it/s, v_num=fdj2, val_auc=0.000]Epoch 1:  51%|█████▏    | 621/1210 [05:55<05:37,  1.75it/s, v_num=fdj2, val_auc=0.000]Epoch 1:  51%|█████▏    | 621/1210 [05:55<05:37,  1.75it/s, v_num=fdj2, val_auc=0.000]Epoch 1:  51%|█████▏    | 622/1210 [05:55<05:36,  1.75it/s, v_num=fdj2, val_auc=0.000]Epoch 1:  51%|█████▏    | 622/1210 [05:55<05:36,  1.75it/s, v_num=fdj2, val_auc=0.000]Epoch 1:  51%|█████▏    | 623/1210 [05:56<05:35,  1.75it/s, v_num=fdj2, val_auc=0.000]Epoch 1:  51%|█████▏    | 623/1210 [05:56<05:35,  1.75it/s, v_num=fdj2, val_auc=0.000]Epoch 1:  52%|█████▏    | 624/1210 [05:56<05:34,  1.75it/s, v_num=fdj2, val_auc=0.000]Epoch 1:  52%|█████▏    | 624/1210 [05:56<05:34,  1.75it/s, v_num=fdj2, val_auc=0.000]Epoch 1:  52%|█████▏    | 625/1210 [05:56<05:34,  1.75it/s, v_num=fdj2, val_auc=0.000]Epoch 1:  52%|█████▏    | 625/1210 [05:56<05:34,  1.75it/s, v_num=fdj2, val_auc=0.000]Epoch 1:  52%|█████▏    | 626/1210 [05:57<05:33,  1.75it/s, v_num=fdj2, val_auc=0.000]Epoch 1:  52%|█████▏    | 626/1210 [05:57<05:33,  1.75it/s, v_num=fdj2, val_auc=0.000]Epoch 1:  52%|█████▏    | 627/1210 [05:57<05:32,  1.75it/s, v_num=fdj2, val_auc=0.000]Epoch 1:  52%|█████▏    | 627/1210 [05:57<05:32,  1.75it/s, v_num=fdj2, val_auc=0.000]Epoch 1:  52%|█████▏    | 628/1210 [05:58<05:31,  1.75it/s, v_num=fdj2, val_auc=0.000]Epoch 1:  52%|█████▏    | 628/1210 [05:58<05:31,  1.75it/s, v_num=fdj2, val_auc=0.000]Epoch 1:  52%|█████▏    | 629/1210 [05:58<05:31,  1.75it/s, v_num=fdj2, val_auc=0.000]Epoch 1:  52%|█████▏    | 629/1210 [05:58<05:31,  1.75it/s, v_num=fdj2, val_auc=0.000]Epoch 1:  52%|█████▏    | 630/1210 [05:58<05:30,  1.76it/s, v_num=fdj2, val_auc=0.000]Epoch 1:  52%|█████▏    | 630/1210 [05:58<05:30,  1.76it/s, v_num=fdj2, val_auc=0.000]Epoch 1:  52%|█████▏    | 631/1210 [05:59<05:29,  1.76it/s, v_num=fdj2, val_auc=0.000]Epoch 1:  52%|█████▏    | 631/1210 [05:59<05:29,  1.76it/s, v_num=fdj2, val_auc=0.000]Epoch 1:  52%|█████▏    | 632/1210 [05:59<05:28,  1.76it/s, v_num=fdj2, val_auc=0.000]Epoch 1:  52%|█████▏    | 632/1210 [05:59<05:28,  1.76it/s, v_num=fdj2, val_auc=0.000]Epoch 1:  52%|█████▏    | 633/1210 [06:00<05:28,  1.76it/s, v_num=fdj2, val_auc=0.000]Epoch 1:  52%|█████▏    | 633/1210 [06:00<05:28,  1.76it/s, v_num=fdj2, val_auc=0.000]Epoch 1:  52%|█████▏    | 634/1210 [06:00<05:27,  1.76it/s, v_num=fdj2, val_auc=0.000]Epoch 1:  52%|█████▏    | 634/1210 [06:00<05:27,  1.76it/s, v_num=fdj2, val_auc=0.000]Epoch 1:  52%|█████▏    | 635/1210 [06:00<05:26,  1.76it/s, v_num=fdj2, val_auc=0.000]Epoch 1:  52%|█████▏    | 635/1210 [06:00<05:26,  1.76it/s, v_num=fdj2, val_auc=0.000]Epoch 1:  53%|█████▎    | 636/1210 [06:01<05:26,  1.76it/s, v_num=fdj2, val_auc=0.000]Epoch 1:  53%|█████▎    | 636/1210 [06:01<05:26,  1.76it/s, v_num=fdj2, val_auc=0.000]Epoch 1:  53%|█████▎    | 637/1210 [06:01<05:25,  1.76it/s, v_num=fdj2, val_auc=0.000]Epoch 1:  53%|█████▎    | 637/1210 [06:01<05:25,  1.76it/s, v_num=fdj2, val_auc=0.000]Epoch 1:  53%|█████▎    | 638/1210 [06:02<05:24,  1.76it/s, v_num=fdj2, val_auc=0.000]Epoch 1:  53%|█████▎    | 638/1210 [06:02<05:24,  1.76it/s, v_num=fdj2, val_auc=0.000]Epoch 1:  53%|█████▎    | 639/1210 [06:02<05:23,  1.76it/s, v_num=fdj2, val_auc=0.000]Epoch 1:  53%|█████▎    | 639/1210 [06:02<05:23,  1.76it/s, v_num=fdj2, val_auc=0.000]Epoch 1:  53%|█████▎    | 640/1210 [06:02<05:23,  1.76it/s, v_num=fdj2, val_auc=0.000]Epoch 1:  53%|█████▎    | 640/1210 [06:02<05:23,  1.76it/s, v_num=fdj2, val_auc=0.000]Epoch 1:  53%|█████▎    | 641/1210 [06:03<05:22,  1.76it/s, v_num=fdj2, val_auc=0.000]Epoch 1:  53%|█████▎    | 641/1210 [06:03<05:22,  1.76it/s, v_num=fdj2, val_auc=0.000]Epoch 1:  53%|█████▎    | 642/1210 [06:03<05:21,  1.77it/s, v_num=fdj2, val_auc=0.000]Epoch 1:  53%|█████▎    | 642/1210 [06:03<05:21,  1.77it/s, v_num=fdj2, val_auc=0.000]Epoch 1:  53%|█████▎    | 643/1210 [06:03<05:20,  1.77it/s, v_num=fdj2, val_auc=0.000]Epoch 1:  53%|█████▎    | 643/1210 [06:03<05:20,  1.77it/s, v_num=fdj2, val_auc=0.000]Epoch 1:  53%|█████▎    | 644/1210 [06:04<05:20,  1.77it/s, v_num=fdj2, val_auc=0.000]Epoch 1:  53%|█████▎    | 644/1210 [06:04<05:20,  1.77it/s, v_num=fdj2, val_auc=0.000]Epoch 1:  53%|█████▎    | 645/1210 [06:04<05:19,  1.77it/s, v_num=fdj2, val_auc=0.000]Epoch 1:  53%|█████▎    | 645/1210 [06:04<05:19,  1.77it/s, v_num=fdj2, val_auc=0.000]Epoch 1:  53%|█████▎    | 646/1210 [06:05<05:18,  1.77it/s, v_num=fdj2, val_auc=0.000]Epoch 1:  53%|█████▎    | 646/1210 [06:05<05:18,  1.77it/s, v_num=fdj2, val_auc=0.000]Epoch 1:  53%|█████▎    | 647/1210 [06:05<05:18,  1.77it/s, v_num=fdj2, val_auc=0.000]Epoch 1:  53%|█████▎    | 647/1210 [06:05<05:18,  1.77it/s, v_num=fdj2, val_auc=0.000]Epoch 1:  54%|█████▎    | 648/1210 [06:05<05:17,  1.77it/s, v_num=fdj2, val_auc=0.000]Epoch 1:  54%|█████▎    | 648/1210 [06:05<05:17,  1.77it/s, v_num=fdj2, val_auc=0.000]Epoch 1:  54%|█████▎    | 649/1210 [06:06<05:16,  1.77it/s, v_num=fdj2, val_auc=0.000]Epoch 1:  54%|█████▎    | 649/1210 [06:06<05:16,  1.77it/s, v_num=fdj2, val_auc=0.000]Epoch 1:  54%|█████▎    | 650/1210 [06:06<05:15,  1.77it/s, v_num=fdj2, val_auc=0.000]Epoch 1:  54%|█████▎    | 650/1210 [06:06<05:15,  1.77it/s, v_num=fdj2, val_auc=0.000]Epoch 1:  54%|█████▍    | 651/1210 [06:07<05:15,  1.77it/s, v_num=fdj2, val_auc=0.000]Epoch 1:  54%|█████▍    | 651/1210 [06:07<05:15,  1.77it/s, v_num=fdj2, val_auc=0.000]Epoch 1:  54%|█████▍    | 652/1210 [06:07<05:14,  1.77it/s, v_num=fdj2, val_auc=0.000]Epoch 1:  54%|█████▍    | 652/1210 [06:07<05:14,  1.77it/s, v_num=fdj2, val_auc=0.000]Epoch 1:  54%|█████▍    | 653/1210 [06:07<05:13,  1.77it/s, v_num=fdj2, val_auc=0.000]Epoch 1:  54%|█████▍    | 653/1210 [06:07<05:13,  1.77it/s, v_num=fdj2, val_auc=0.000]Epoch 1:  54%|█████▍    | 654/1210 [06:08<05:13,  1.78it/s, v_num=fdj2, val_auc=0.000]Epoch 1:  54%|█████▍    | 654/1210 [06:08<05:13,  1.78it/s, v_num=fdj2, val_auc=0.000]Epoch 1:  54%|█████▍    | 655/1210 [06:08<05:12,  1.78it/s, v_num=fdj2, val_auc=0.000]Epoch 1:  54%|█████▍    | 655/1210 [06:08<05:12,  1.78it/s, v_num=fdj2, val_auc=0.000]Epoch 1:  54%|█████▍    | 656/1210 [06:09<05:11,  1.78it/s, v_num=fdj2, val_auc=0.000]Epoch 1:  54%|█████▍    | 656/1210 [06:09<05:11,  1.78it/s, v_num=fdj2, val_auc=0.000]Epoch 1:  54%|█████▍    | 657/1210 [06:09<05:10,  1.78it/s, v_num=fdj2, val_auc=0.000]Epoch 1:  54%|█████▍    | 657/1210 [06:09<05:10,  1.78it/s, v_num=fdj2, val_auc=0.000]Epoch 1:  54%|█████▍    | 658/1210 [06:09<05:10,  1.78it/s, v_num=fdj2, val_auc=0.000]Epoch 1:  54%|█████▍    | 658/1210 [06:09<05:10,  1.78it/s, v_num=fdj2, val_auc=0.000]Epoch 1:  54%|█████▍    | 659/1210 [06:10<05:09,  1.78it/s, v_num=fdj2, val_auc=0.000]Epoch 1:  54%|█████▍    | 659/1210 [06:10<05:09,  1.78it/s, v_num=fdj2, val_auc=0.000]Epoch 1:  55%|█████▍    | 660/1210 [06:10<05:08,  1.78it/s, v_num=fdj2, val_auc=0.000]Epoch 1:  55%|█████▍    | 660/1210 [06:10<05:08,  1.78it/s, v_num=fdj2, val_auc=0.000]Epoch 1:  55%|█████▍    | 661/1210 [06:11<05:08,  1.78it/s, v_num=fdj2, val_auc=0.000]Epoch 1:  55%|█████▍    | 661/1210 [06:11<05:08,  1.78it/s, v_num=fdj2, val_auc=0.000]Epoch 1:  55%|█████▍    | 662/1210 [06:11<05:07,  1.78it/s, v_num=fdj2, val_auc=0.000]Epoch 1:  55%|█████▍    | 662/1210 [06:11<05:07,  1.78it/s, v_num=fdj2, val_auc=0.000]Epoch 1:  55%|█████▍    | 663/1210 [06:11<05:06,  1.78it/s, v_num=fdj2, val_auc=0.000]Epoch 1:  55%|█████▍    | 663/1210 [06:11<05:06,  1.78it/s, v_num=fdj2, val_auc=0.000]Epoch 1:  55%|█████▍    | 664/1210 [06:12<05:06,  1.78it/s, v_num=fdj2, val_auc=0.000]Epoch 1:  55%|█████▍    | 664/1210 [06:12<05:06,  1.78it/s, v_num=fdj2, val_auc=0.000]Epoch 1:  55%|█████▍    | 665/1210 [06:12<05:05,  1.78it/s, v_num=fdj2, val_auc=0.000]Epoch 1:  55%|█████▍    | 665/1210 [06:12<05:05,  1.78it/s, v_num=fdj2, val_auc=0.000]Epoch 1:  55%|█████▌    | 666/1210 [06:13<05:04,  1.79it/s, v_num=fdj2, val_auc=0.000]Epoch 1:  55%|█████▌    | 666/1210 [06:13<05:04,  1.79it/s, v_num=fdj2, val_auc=0.000]Epoch 1:  55%|█████▌    | 667/1210 [06:13<05:03,  1.79it/s, v_num=fdj2, val_auc=0.000]Epoch 1:  55%|█████▌    | 667/1210 [06:13<05:03,  1.79it/s, v_num=fdj2, val_auc=0.000]Epoch 1:  55%|█████▌    | 668/1210 [06:13<05:03,  1.79it/s, v_num=fdj2, val_auc=0.000]Epoch 1:  55%|█████▌    | 668/1210 [06:13<05:03,  1.79it/s, v_num=fdj2, val_auc=0.000]Epoch 1:  55%|█████▌    | 669/1210 [06:14<05:02,  1.79it/s, v_num=fdj2, val_auc=0.000]Epoch 1:  55%|█████▌    | 669/1210 [06:14<05:02,  1.79it/s, v_num=fdj2, val_auc=0.000]Epoch 1:  55%|█████▌    | 670/1210 [06:14<05:01,  1.79it/s, v_num=fdj2, val_auc=0.000]Epoch 1:  55%|█████▌    | 670/1210 [06:14<05:01,  1.79it/s, v_num=fdj2, val_auc=0.000]Epoch 1:  55%|█████▌    | 671/1210 [06:14<05:01,  1.79it/s, v_num=fdj2, val_auc=0.000]Epoch 1:  55%|█████▌    | 671/1210 [06:14<05:01,  1.79it/s, v_num=fdj2, val_auc=0.000]Epoch 1:  56%|█████▌    | 672/1210 [06:15<05:00,  1.79it/s, v_num=fdj2, val_auc=0.000]Epoch 1:  56%|█████▌    | 672/1210 [06:15<05:00,  1.79it/s, v_num=fdj2, val_auc=0.000]Epoch 1:  56%|█████▌    | 673/1210 [06:15<04:59,  1.79it/s, v_num=fdj2, val_auc=0.000]Epoch 1:  56%|█████▌    | 673/1210 [06:15<04:59,  1.79it/s, v_num=fdj2, val_auc=0.000]Epoch 1:  56%|█████▌    | 674/1210 [06:16<04:59,  1.79it/s, v_num=fdj2, val_auc=0.000]Epoch 1:  56%|█████▌    | 674/1210 [06:16<04:59,  1.79it/s, v_num=fdj2, val_auc=0.000]Epoch 1:  56%|█████▌    | 675/1210 [06:16<04:58,  1.79it/s, v_num=fdj2, val_auc=0.000]Epoch 1:  56%|█████▌    | 675/1210 [06:16<04:58,  1.79it/s, v_num=fdj2, val_auc=0.000]Epoch 1:  56%|█████▌    | 676/1210 [06:16<04:57,  1.79it/s, v_num=fdj2, val_auc=0.000]Epoch 1:  56%|█████▌    | 676/1210 [06:16<04:57,  1.79it/s, v_num=fdj2, val_auc=0.000]Epoch 1:  56%|█████▌    | 677/1210 [06:17<04:57,  1.79it/s, v_num=fdj2, val_auc=0.000]Epoch 1:  56%|█████▌    | 677/1210 [06:17<04:57,  1.79it/s, v_num=fdj2, val_auc=0.000]Epoch 1:  56%|█████▌    | 678/1210 [06:17<04:56,  1.80it/s, v_num=fdj2, val_auc=0.000]Epoch 1:  56%|█████▌    | 678/1210 [06:17<04:56,  1.80it/s, v_num=fdj2, val_auc=0.000]Epoch 1:  56%|█████▌    | 679/1210 [06:18<04:55,  1.80it/s, v_num=fdj2, val_auc=0.000]Epoch 1:  56%|█████▌    | 679/1210 [06:18<04:55,  1.80it/s, v_num=fdj2, val_auc=0.000]Epoch 1:  56%|█████▌    | 680/1210 [06:18<04:54,  1.80it/s, v_num=fdj2, val_auc=0.000]Epoch 1:  56%|█████▌    | 680/1210 [06:18<04:54,  1.80it/s, v_num=fdj2, val_auc=0.000]Epoch 1:  56%|█████▋    | 681/1210 [06:18<04:54,  1.80it/s, v_num=fdj2, val_auc=0.000]Epoch 1:  56%|█████▋    | 681/1210 [06:18<04:54,  1.80it/s, v_num=fdj2, val_auc=0.000]Epoch 1:  56%|█████▋    | 682/1210 [06:19<04:53,  1.80it/s, v_num=fdj2, val_auc=0.000]Epoch 1:  56%|█████▋    | 682/1210 [06:19<04:53,  1.80it/s, v_num=fdj2, val_auc=0.000]Epoch 1:  56%|█████▋    | 683/1210 [06:19<04:52,  1.80it/s, v_num=fdj2, val_auc=0.000]Epoch 1:  56%|█████▋    | 683/1210 [06:19<04:52,  1.80it/s, v_num=fdj2, val_auc=0.000]Epoch 1:  57%|█████▋    | 684/1210 [06:20<04:52,  1.80it/s, v_num=fdj2, val_auc=0.000]Epoch 1:  57%|█████▋    | 684/1210 [06:20<04:52,  1.80it/s, v_num=fdj2, val_auc=0.000]Epoch 1:  57%|█████▋    | 685/1210 [06:20<04:51,  1.80it/s, v_num=fdj2, val_auc=0.000]Epoch 1:  57%|█████▋    | 685/1210 [06:20<04:51,  1.80it/s, v_num=fdj2, val_auc=0.000]Epoch 1:  57%|█████▋    | 686/1210 [06:20<04:50,  1.80it/s, v_num=fdj2, val_auc=0.000]Epoch 1:  57%|█████▋    | 686/1210 [06:20<04:50,  1.80it/s, v_num=fdj2, val_auc=0.000]Epoch 1:  57%|█████▋    | 687/1210 [06:21<04:50,  1.80it/s, v_num=fdj2, val_auc=0.000]Epoch 1:  57%|█████▋    | 687/1210 [06:21<04:50,  1.80it/s, v_num=fdj2, val_auc=0.000]Epoch 1:  57%|█████▋    | 688/1210 [06:21<04:49,  1.80it/s, v_num=fdj2, val_auc=0.000]Epoch 1:  57%|█████▋    | 688/1210 [06:21<04:49,  1.80it/s, v_num=fdj2, val_auc=0.000]Epoch 1:  57%|█████▋    | 689/1210 [06:22<04:48,  1.80it/s, v_num=fdj2, val_auc=0.000]Epoch 1:  57%|█████▋    | 689/1210 [06:22<04:48,  1.80it/s, v_num=fdj2, val_auc=0.000]Epoch 1:  57%|█████▋    | 690/1210 [06:22<04:48,  1.80it/s, v_num=fdj2, val_auc=0.000]Epoch 1:  57%|█████▋    | 690/1210 [06:22<04:48,  1.80it/s, v_num=fdj2, val_auc=0.000]